{"type": "FeatureCollection", "generatedAt": "2026-06-19T07:40:32.193981+00:00", "features": [{"type": "Feature", "geometry": {"type": "Point", "coordinates": [-3.3657186, 40.4813159]}, "properties": {"id": "alcala-henares-proy-639331ed1e3a45", "municipio": "Alcalá de Henares", "titulo": "UE-19 UNIDAD DE EJECUCION. PLAN ESPECIAL DE REFORMA INTERIOR ESTACION DE AUTOBUSES INTERURBANOS EN VIA COMPLUTENSE 132 A.D. 19-05-2026", "fecha": "2026-05-22", "tipo": "planeamiento", "url": "https://urbanismo.ayto-alcaladehenares.es/ue-19-unidad-de-ejecucion-plan-especial-de-reforma-interior-estacion-de-autobuses-interurbanos-en-via-complutense-132-a-d-19-05-2026/", "coordSource": "municipio_centroid_jitter", "sectorKey": "alcala-de-henares", "catalogSource": "ayuntamiento-portal"}}, {"type": "Feature", "geometry": {"type": "Point", "coordinates": [-3.3644183, 40.4818417]}, "properties": {"id": "alcala-henares-proy-6f992b408f213f", "municipio": "Alcalá de Henares", "titulo": "APROBACIÓN DEFINITIVA PLAN ESPECIAL DE LA ESTACIÓN DE AUTOBUSES INTERURBANOS EN VÍA COMPLUTENSE, Nº 132.", "fecha": "2026-05-21", "tipo": "planeamiento", "url": "https://urbanismo.ayto-alcaladehenares.es/aprobacion-definitiva-plan-especial-de-la-estacion-de-autobuses-interurbanos-en-via-complutense-no-132/", "coordSource": "municipio_centroid_jitter", "sectorKey": "alcala-de-henares", "catalogSource": "ayuntamiento-portal"}}, {"type": "Feature", "geometry": {"type": "Point", "coordinates": [-3.3647169, 40.4817989]}, "properties": {"id": "alcala-henares-proy-f2569ce277c132", "municipio": "Alcalá de Henares", "titulo": "Rectificación de corrección de errores materiales advertidos en el Plan Parcial del Sector 33-D", "fecha": "2026-04-17", "tipo": "planeamiento", "url": "https://urbanismo.ayto-alcaladehenares.es/rectificacion-de-correccion-de-errores-materiales-advertidos-en-el-plan-parcial-del-sector-33-d/", "coordSource": "municipio_centroid_jitter", "sectorKey": "alcala-de-henares", "catalogSource": "ayuntamiento-portal"}}, {"type": "Feature", "geometry": {"type": "Point", "coordinates": [-3.365434, 40.4816813]}, "properties": {"id": "alcala-henares-proy-9c9261cd341fe9", "municipio": "Alcalá de Henares", "titulo": "APROBACIÓN DEFINITIVA DE LA MODIFICACIÓN PUNTUAL Nº 6 DEL PLAN PARCIAL DEL SECTOR 36 DEL P.G.O.U.", "fecha": "2026-04-16", "tipo": "planeamiento", "url": "https://urbanismo.ayto-alcaladehenares.es/aprobacion-definitiva-de-la-modificacion-puntual-no-6-del-plan-parcial-del-sector-36-del-p-g-o-u/", "coordSource": "municipio_centroid_jitter", "sectorKey": "alcala-de-henares", "catalogSource": "ayuntamiento-portal"}}, {"type": "Feature", "geometry": {"type": "Point", "coordinates": [-3.3660585, 40.4806524]}, "properties": {"id": "alcala-henares-proy-84cbf480e39ea6", "municipio": "Alcalá de Henares", "titulo": "Aprobación Inicial de la Disolución de la Junta de Compensación del Sector 107 del P.G.O.U.", "fecha": "2025-12-03", "tipo": "urbanismo", "url": "https://urbanismo.ayto-alcaladehenares.es/aprobacion-inicial-de-la-disolucion-de-la-junta-de-compensacion-del-sector-107-del-p-g-o-u/", "coordSource": "municipio_centroid_jitter", "sectorKey": "alcala-de-henares", "catalogSource": "ayuntamiento-portal"}}, {"type": "Feature", "geometry": {"type": "Point", "coordinates": [-3.3658898, 40.483001]}, "properties": {"id": "alcala-henares-proy-0399ed16ed4ceb", "municipio": "Alcalá de Henares", "titulo": "APROBACIÓN INICIAL DEL PLAN ESPECIAL DE ORDENACIÓN DEL SOLAR SITUADO EN EL SECTOR 26, POLÍGONO INDUSTRIAL LAS MATILLAS,", "fecha": "2025-10-01", "tipo": "planeamiento", "url": "https://urbanismo.ayto-alcaladehenares.es/aprobacion-inicial-del-plan-especial-de-ordenacion-del-solar-situado-en-el-sector-26-poligono-industrial-las-matillas-avda-de-madrid-no-15/", "coordSource": "municipio_centroid_jitter", "sectorKey": "alcala-de-henares", "catalogSource": "ayuntamiento-portal"}}, {"type": "Feature", "geometry": {"type": "Point", "coordinates": [-3.3647521, 40.4815182]}, "properties": {"id": "alcala-henares-proy-241d3a5cb170b4", "municipio": "Alcalá de Henares", "titulo": "Aprobación Definitiva del Plan Especial de Mejora para la Modificación de usos en parcelas de la Zona de Ordenanza Comercial Exento Parcelas 39, 40 y 41 del Sector 114 «Espartales Sur»", "fecha": "2025-09-30", "tipo": "planeamiento", "url": "https://urbanismo.ayto-alcaladehenares.es/aprobacion-definitiva-del-plan-especial-de-mejora-para-la-modificacion-de-usos-en-parcelas-de-la-zona-de-ordenanza-comercial-exento-parcelas-39-40-y-41-del-sector-114-espartales-sur/", "coordSource": "municipio_centroid_jitter", "sectorKey": "alcala-de-henares", "catalogSource": "ayuntamiento-portal"}}, {"type": "Feature", "geometry": {"type": "Point", "coordinates": [-3.3647, 40.4812583]}, "properties": {"id": "alcala-henares-proy-2b3caf49ac5547", "municipio": "Alcalá de Henares", "titulo": "114 SECTOR. PLAN ESPECIAL DE USOS  PARC ZONA ORDENANZA COMERCIAL EXENTO ( 39-40-41).-A.D. 15-07-25", "fecha": "2025-09-30", "tipo": "planeamiento", "url": "https://urbanismo.ayto-alcaladehenares.es/114-sector-plan-especial-de-usos-parc-zona-ordenanza-comercial-exento-39-40-41/", "coordSource": "municipio_centroid_jitter", "sectorKey": "alcala-de-henares", "catalogSource": "ayuntamiento-portal"}}, {"type": "Feature", "geometry": {"type": "Point", "coordinates": [-3.3649008, 40.4830438]}, "properties": {"id": "alcala-henares-proy-4fd5bf42f8cde0", "municipio": "Alcalá de Henares", "titulo": "Proyecto de Modificación Puntual del P.G.O.U. y Estudio Ambiental Estratégico para la delimitación del nuevo Sector 119 «LA CONDESA».", "fecha": "2025-09-10", "tipo": "planeamiento", "url": "https://urbanismo.ayto-alcaladehenares.es/proyecto-de-modificacion-puntual-del-p-g-o-u-y-estudio-ambiental-estrategico-para-la-delimitacion-del-nuevo-sector-119-la-condesa/", "coordSource": "municipio_centroid_jitter", "sectorKey": "alcala-de-henares", "catalogSource": "ayuntamiento-portal"}}, {"type": "Feature", "geometry": {"type": "Point", "coordinates": [-3.3656031, 40.4819586]}, "properties": {"id": "alcala-henares-proy-befc70056c5ae4", "municipio": "Alcalá de Henares", "titulo": "TEXTO DEFINITIVO CONVENIO URBANÍSTICO CON EL INSTITUTO DE VIVIENDA, INFRAESTRUCTURA Y EQUIPAMIENTO DE LA DEFENSA PARA FORMALIZACIÓN DE LAS CESIONES PREVISTAS EN LA MODIFICACIÓN PUNTUAL DEL PGOU EN EL ÁMBITO DE LA COLONIA DE VIVIENDAS MILITARES «PRIMO DE RIVERA»", "fecha": "2025-06-18", "tipo": "convenio urbanístico", "url": "https://urbanismo.ayto-alcaladehenares.es/texto-definitivo-convenio-urbanistico-con-el-instituto-de-vivienda-infraestructura-y-equipamiento-de-la-defensa-para-formalizacion-de-las-cesiones-previstas-en-la-modificacion-puntual-del-pgou-en-el/", "coordSource": "municipio_centroid_jitter", "sectorKey": "alcala-de-henares", "catalogSource": "ayuntamiento-portal"}}, {"type": "Feature", "geometry": {"type": "Point", "coordinates": [-3.363497, 40.4812928]}, "properties": {"id": "alcala-henares-proy-8270c808c36bf6", "municipio": "Alcalá de Henares", "titulo": "", "fecha": "2025-06-17", "tipo": "urbanismo", "url": "https://urbanismo.ayto-alcaladehenares.es/23100-2/", "coordSource": "municipio_centroid_jitter", "sectorKey": "alcala-de-henares", "catalogSource": "ayuntamiento-portal"}}, {"type": "Feature", "geometry": {"type": "Point", "coordinates": [-3.3644498, 40.4817867]}, "properties": {"id": "alcala-henares-proy-0781f09550d62d", "municipio": "Alcalá de Henares", "titulo": "", "fecha": "2025-04-16", "tipo": "urbanismo", "url": "https://urbanismo.ayto-alcaladehenares.es/aprobacion-inicial-del-plan-especial-de-modificacion-parcial-de-la-ordenacion-pormenorizada-del-sgtr-32-c-y-del-sgeq-r-del-p-g-o-u-2/", "coordSource": "municipio_centroid_jitter", "sectorKey": "alcala-de-henares", "catalogSource": "ayuntamiento-portal"}}, {"type": "Feature", "geometry": {"type": "Point", "coordinates": [-3.3641304, 40.4808709]}, "properties": {"id": "alcala-henares-proy-35c318a837fd52", "municipio": "Alcalá de Henares", "titulo": "7-A POLIGONO. PLAN ESPECIAL PARA REGULACION DE REG USOS COMPATIBLES A.D. 20-05-25", "fecha": "2025-04-16", "tipo": "planeamiento", "url": "https://urbanismo.ayto-alcaladehenares.es/7-a-poligono-plan-especial-para-regulacion-de-reg-usos-compatibles/", "coordSource": "municipio_centroid_jitter", "sectorKey": "alcala-de-henares", "catalogSource": "ayuntamiento-portal"}}, {"type": "Feature", "geometry": {"type": "Point", "coordinates": [-3.364061, 40.4818255]}, "properties": {"id": "alcala-henares-proy-908117ca5d75ab", "municipio": "Alcalá de Henares", "titulo": "Consulta de Expedientes", "fecha": "2025-03-25", "tipo": "urbanismo", "url": "https://urbanismo.ayto-alcaladehenares.es/ocu-consulta/", "coordSource": "municipio_centroid_jitter", "sectorKey": "alcala-de-henares", "catalogSource": "ayuntamiento-portal"}}, {"type": "Feature", "geometry": {"type": "Point", "coordinates": [-3.3644158, 40.4810462]}, "properties": {"id": "alcala-henares-proy-4891db28cb0fc0", "municipio": "Alcalá de Henares", "titulo": "Oficina de Atención Urbanística", "fecha": "2025-02-20", "tipo": "urbanismo", "url": "https://urbanismo.ayto-alcaladehenares.es/oficina-de-atencion-urbanistica/", "coordSource": "municipio_centroid_jitter", "sectorKey": "alcala-de-henares", "catalogSource": "ayuntamiento-portal"}}, {"type": "Feature", "geometry": {"type": "Point", "coordinates": [-3.3653207, 40.4816466]}, "properties": {"id": "alcala-henares-proy-4f4f61a3a4f254", "municipio": "Alcalá de Henares", "titulo": "PLAN ESPECIAL DE INFRAESTRUCTURAS DE LINEA ELECTRICA 132 Kv DOBLE CIRCUITO ES EN ST CISNEROS DE L/132 Kv MECO ALCALA Y NUEVA ESTACION TRANSFORMADORA ST CISNEROS DE 132/20 Kv ALCALA DE HENARES A.D. 17/12/2024", "fecha": "2025-02-07", "tipo": "planeamiento", "url": "https://urbanismo.ayto-alcaladehenares.es/plan-especial-de-infraestructuras-de-linea-electrica-132-kv-doble-circuito-es-en-st-cisneros-de-l-132-kv-meco-alcala-y-nueva-estacion-transformadora-st-cisneros-de-132-20-kv-alcala-de-henares/", "coordSource": "municipio_centroid_jitter", "sectorKey": "alcala-de-henares", "catalogSource": "ayuntamiento-portal"}}, {"type": "Feature", "geometry": {"type": "Point", "coordinates": [-3.3645451, 40.4816318]}, "properties": {"id": "alcala-henares-proy-4909ed0a5bbb32", "municipio": "Alcalá de Henares", "titulo": "PLANOS CALIFICACION SUELO NO URBANIZABLE", "fecha": "2025-01-20", "tipo": "urbanismo", "url": "https://urbanismo.ayto-alcaladehenares.es/planos-calificacion-suelo-no-urbanizable/", "coordSource": "municipio_centroid_jitter", "sectorKey": "alcala-de-henares", "catalogSource": "ayuntamiento-portal"}}, {"type": "Feature", "geometry": {"type": "Point", "coordinates": [-3.3650995, 40.4816246]}, "properties": {"id": "alcala-henares-proy-08f62b172db270", "municipio": "Alcalá de Henares", "titulo": "UE-2B UNIDAD DE EJECUCION  A.D. 03-05-2006", "fecha": "2025-01-15", "tipo": "planeamiento", "url": "https://urbanismo.ayto-alcaladehenares.es/ue-2b-unidad-de-ejecucion-a-d-03-05-2006/", "coordSource": "municipio_centroid_jitter", "sectorKey": "alcala-de-henares", "catalogSource": "ayuntamiento-portal"}}, {"type": "Feature", "geometry": {"type": "Point", "coordinates": [-3.3646065, 40.4815345]}, "properties": {"id": "alcala-henares-proy-16d7143823bb3c", "municipio": "Alcalá de Henares", "titulo": "ESTUDIO ECONOMICO Y FINANCIERO PGOU", "fecha": "2025-01-15", "tipo": "urbanismo", "url": "https://urbanismo.ayto-alcaladehenares.es/estudio-economico-y-financiero-pgou/", "coordSource": "municipio_centroid_jitter", "sectorKey": "alcala-de-henares", "catalogSource": "ayuntamiento-portal"}}, {"type": "Feature", "geometry": {"type": "Point", "coordinates": [-3.3646438, 40.4805767]}, "properties": {"id": "alcala-henares-proy-29870757deee18", "municipio": "Alcalá de Henares", "titulo": "PUBLICACION ACUERDO PLAN GENERAL DE ORDENACION URBANA ALCALÁ DE HENARES", "fecha": "2025-01-15", "tipo": "urbanismo", "url": "https://urbanismo.ayto-alcaladehenares.es/publicacion-acuerdo-plan-general-de-ordenacion-urbana-alcala-de-henares/", "coordSource": "municipio_centroid_jitter", "sectorKey": "alcala-de-henares", "catalogSource": "ayuntamiento-portal"}}, {"type": "Feature", "geometry": {"type": "Point", "coordinates": [-3.3649501, 40.4815733]}, "properties": {"id": "alcala-henares-proy-4044fe821d2341", "municipio": "Alcalá de Henares", "titulo": "TITULO II REGIMEN URBANISTICO DEL SUELO", "fecha": "2025-01-15", "tipo": "urbanismo", "url": "https://urbanismo.ayto-alcaladehenares.es/titulo-ii-regimen-urbanistico-del-suelo/", "coordSource": "municipio_centroid_jitter", "sectorKey": "alcala-de-henares", "catalogSource": "ayuntamiento-portal"}}, {"type": "Feature", "geometry": {"type": "Point", "coordinates": [-3.3630099, 40.4825422]}, "properties": {"id": "alcala-henares-proy-dcb80a23ca094d", "municipio": "Alcalá de Henares", "titulo": "MEMORIA Y ANEJOS PGOU", "fecha": "2025-01-15", "tipo": "urbanismo", "url": "https://urbanismo.ayto-alcaladehenares.es/memoria-y-anejos-pgou/", "coordSource": "municipio_centroid_jitter", "sectorKey": "alcala-de-henares", "catalogSource": "ayuntamiento-portal"}}, {"type": "Feature", "geometry": {"type": "Point", "coordinates": [-3.3642742, 40.481649]}, "properties": {"id": "alcala-henares-proy-0b448952775c16", "municipio": "Alcalá de Henares", "titulo": "CORRECCION ERRORES MATERIALES Nº 2 PGOU A.D. 19-11-2024", "fecha": "2025-01-14", "tipo": "urbanismo", "url": "https://urbanismo.ayto-alcaladehenares.es/correccion-errores-materiales-no-2-pgou/", "coordSource": "municipio_centroid_jitter", "sectorKey": "alcala-de-henares", "catalogSource": "ayuntamiento-portal"}}, {"type": "Feature", "geometry": {"type": "Point", "coordinates": [-3.3639464, 40.4827928]}, "properties": {"id": "alcala-henares-proy-1bf23ddb834cda", "municipio": "Alcalá de Henares", "titulo": "UE-28 UNIDAD DE EJECUCION EL VAL SITUADA AL ESTE DEL CAMINO DE LOS AFLIGIDOS A.D. 15-11-2007", "fecha": "2025-01-14", "tipo": "planeamiento", "url": "https://urbanismo.ayto-alcaladehenares.es/ue-28-unidad-de-ejecucion-el-val-situada-al-este-del-camino-de-los-afligidos/", "coordSource": "municipio_centroid_jitter", "sectorKey": "alcala-de-henares", "catalogSource": "ayuntamiento-portal"}}, {"type": "Feature", "geometry": {"type": "Point", "coordinates": [-3.363814, 40.4821583]}, "properties": {"id": "alcala-henares-proy-26fe9225bdcb14", "municipio": "Alcalá de Henares", "titulo": "FINCA EL ENCIN 3º MODIFICACION SENTENCIA RECURSO CASACION A.D. 20-03-2013", "fecha": "2025-01-14", "tipo": "planeamiento", "url": "https://urbanismo.ayto-alcaladehenares.es/finca-el-encin-3o-modificacion-sentencia-recurso-casacion/", "coordSource": "municipio_centroid_jitter", "sectorKey": "alcala-de-henares", "catalogSource": "ayuntamiento-portal"}}, {"type": "Feature", "geometry": {"type": "Point", "coordinates": [-3.3646993, 40.4818291]}, "properties": {"id": "alcala-henares-proy-591483cc5461aa", "municipio": "Alcalá de Henares", "titulo": "UE-26 UNIDAD DE EJECUCION POLIGONO 108 A.D. 13-10-2006", "fecha": "2025-01-14", "tipo": "planeamiento", "url": "https://urbanismo.ayto-alcaladehenares.es/ue-26-unidad-de-ejecucion-poligono-108/", "coordSource": "municipio_centroid_jitter", "sectorKey": "alcala-de-henares", "catalogSource": "ayuntamiento-portal"}}, {"type": "Feature", "geometry": {"type": "Point", "coordinates": [-3.3649381, 40.4813517]}, "properties": {"id": "alcala-henares-proy-5bc2b77b6dcbe0", "municipio": "Alcalá de Henares", "titulo": "ART 5.1.31, ART 6.7.8 Y ART 6.8.8 DE LAS NORMAS URBANISTICAS MODIFICACION A.D. 12-01-2001", "fecha": "2025-01-14", "tipo": "planeamiento", "url": "https://urbanismo.ayto-alcaladehenares.es/art-5-1-31-art-6-7-8-y-art-6-8-8-de-las-normas-urbanisticas-modificacion/", "coordSource": "municipio_centroid_jitter", "sectorKey": "alcala-de-henares", "catalogSource": "ayuntamiento-portal"}}, {"type": "Feature", "geometry": {"type": "Point", "coordinates": [-3.3652778, 40.4833326]}, "properties": {"id": "alcala-henares-proy-64dbea3f11231c", "municipio": "Alcalá de Henares", "titulo": "UE-26 BIS UNIDAD DE EJECUCION POLIGONO 55  A.D. 15-11-2007", "fecha": "2025-01-14", "tipo": "planeamiento", "url": "https://urbanismo.ayto-alcaladehenares.es/ue-26-bis-unidad-de-ejecucion-poligono-55/", "coordSource": "municipio_centroid_jitter", "sectorKey": "alcala-de-henares", "catalogSource": "ayuntamiento-portal"}}, {"type": "Feature", "geometry": {"type": "Point", "coordinates": [-3.3648812, 40.4816522]}, "properties": {"id": "alcala-henares-proy-93f7349abf8b8a", "municipio": "Alcalá de Henares", "titulo": "CLAVE 12 INDUSTRIA EXENTA 2º MODIFICACION  A.D. 15-03-2012", "fecha": "2025-01-14", "tipo": "planeamiento", "url": "https://urbanismo.ayto-alcaladehenares.es/clave-12-industria-exenta-2o-modificacion/", "coordSource": "municipio_centroid_jitter", "sectorKey": "alcala-de-henares", "catalogSource": "ayuntamiento-portal"}}, {"type": "Feature", "geometry": {"type": "Point", "coordinates": [-3.3636506, 40.4813933]}, "properties": {"id": "alcala-henares-proy-9b6fc5cd84d5d8", "municipio": "Alcalá de Henares", "titulo": "ART 5.14.5, ART 6.22.9 Y ART 6.23.9 MODIFICACION A.D. 21-04-2005", "fecha": "2025-01-14", "tipo": "planeamiento", "url": "https://urbanismo.ayto-alcaladehenares.es/art-5-14-5-art-6-22-9-y-art-6-23-9-modificacion/", "coordSource": "municipio_centroid_jitter", "sectorKey": "alcala-de-henares", "catalogSource": "ayuntamiento-portal"}}, {"type": "Feature", "geometry": {"type": "Point", "coordinates": [-3.3629472, 40.482259]}, "properties": {"id": "alcala-henares-proy-c3e90e3ddc840b", "municipio": "Alcalá de Henares", "titulo": "UE-24 UNIDAD DE EJECUCION CUESTA DE TEATINOS 2º MODIFICACION  A.D. 05-10-2001", "fecha": "2025-01-14", "tipo": "planeamiento", "url": "https://urbanismo.ayto-alcaladehenares.es/ue-24-unidad-de-ejecucion-cuesta-de-teatinos-2o-modificacion/", "coordSource": "municipio_centroid_jitter", "sectorKey": "alcala-de-henares", "catalogSource": "ayuntamiento-portal"}}, {"type": "Feature", "geometry": {"type": "Point", "coordinates": [-3.3646632, 40.4817838]}, "properties": {"id": "alcala-henares-proy-c719a68c7652d3", "municipio": "Alcalá de Henares", "titulo": "UE-20 UNIDAD DE EJECUCION POLIGONO 29 POLISEDA  A.D. 31-01-2007", "fecha": "2025-01-14", "tipo": "planeamiento", "url": "https://urbanismo.ayto-alcaladehenares.es/ue-20-unidad-de-ejecucion-poligono-29-poliseda/", "coordSource": "municipio_centroid_jitter", "sectorKey": "alcala-de-henares", "catalogSource": "ayuntamiento-portal"}}, {"type": "Feature", "geometry": {"type": "Point", "coordinates": [-3.3653713, 40.4805362]}, "properties": {"id": "alcala-henares-proy-cd9b38b46089a5", "municipio": "Alcalá de Henares", "titulo": "UE-27 UNIDAD DE EJECUCION POLIGONO 42-A COINTRA A.D. 15-11-2007", "fecha": "2025-01-14", "tipo": "planeamiento", "url": "https://urbanismo.ayto-alcaladehenares.es/ue-27-unidad-de-ejecucion-poligono-42-a-cointra/", "coordSource": "municipio_centroid_jitter", "sectorKey": "alcala-de-henares", "catalogSource": "ayuntamiento-portal"}}, {"type": "Feature", "geometry": {"type": "Point", "coordinates": [-3.3657211, 40.4817593]}, "properties": {"id": "alcala-henares-proy-d5a94a584a54ae", "municipio": "Alcalá de Henares", "titulo": "UE-2B UNIDAD DE EJECUCION  A.D. 03-05-2006", "fecha": "2025-01-14", "tipo": "planeamiento", "url": "https://urbanismo.ayto-alcaladehenares.es/ue-2b-unidad-de-ejecucion/", "coordSource": "municipio_centroid_jitter", "sectorKey": "alcala-de-henares", "catalogSource": "ayuntamiento-portal"}}, {"type": "Feature", "geometry": {"type": "Point", "coordinates": [-3.365322, 40.4829709]}, "properties": {"id": "alcala-henares-proy-ec00c816ef412d", "municipio": "Alcalá de Henares", "titulo": "UE-2A UNIDAD DE EJECUCION PUERTA MADRID A.D. 03-05-2006", "fecha": "2025-01-14", "tipo": "planeamiento", "url": "https://urbanismo.ayto-alcaladehenares.es/ue-2a-unidad-de-ejecucion-puerta-madrid/", "coordSource": "municipio_centroid_jitter", "sectorKey": "alcala-de-henares", "catalogSource": "ayuntamiento-portal"}}, {"type": "Feature", "geometry": {"type": "Point", "coordinates": [-3.3647, 40.4818728]}, "properties": {"id": "alcala-henares-proy-f0d23629cc6d85", "municipio": "Alcalá de Henares", "titulo": "UE-11 UNIDAD DE EJECUCION  MAZZONI  A.D.31-07-2007", "fecha": "2025-01-14", "tipo": "planeamiento", "url": "https://urbanismo.ayto-alcaladehenares.es/ue-11-unidad-de-ejecucion-mazzoni/", "coordSource": "municipio_centroid_jitter", "sectorKey": "alcala-de-henares", "catalogSource": "ayuntamiento-portal"}}, {"type": "Feature", "geometry": {"type": "Point", "coordinates": [-3.3633981, 40.4821801]}, "properties": {"id": "alcala-henares-proy-fa2dcdb6df9796", "municipio": "Alcalá de Henares", "titulo": "UE-3A UNIDAD DE EJECUCION AREA GAL ROCA A.D. 05-02-2004", "fecha": "2025-01-14", "tipo": "planeamiento", "url": "https://urbanismo.ayto-alcaladehenares.es/ue-3a-unidad-de-ejecucion-area-gal-roca/", "coordSource": "municipio_centroid_jitter", "sectorKey": "alcala-de-henares", "catalogSource": "ayuntamiento-portal"}}, {"type": "Feature", "geometry": {"type": "Point", "coordinates": [-3.3635573, 40.4809895]}, "properties": {"id": "alcala-henares-proy-6efb0fbdbf5c15", "municipio": "Alcalá de Henares", "titulo": "101 SECTOR LA GARENA 2º MODIFICACION  A.D. 09-07-1996", "fecha": "2025-01-13", "tipo": "planeamiento", "url": "https://urbanismo.ayto-alcaladehenares.es/101-sector-2o-modificacion/", "coordSource": "municipio_centroid_jitter", "sectorKey": "alcala-de-henares", "catalogSource": "ayuntamiento-portal"}}, {"type": "Feature", "geometry": {"type": "Point", "coordinates": [-3.3649305, 40.4816726]}, "properties": {"id": "alcala-henares-proy-97bf9f96834299", "municipio": "Alcalá de Henares", "titulo": "114 SECTOR ESPARTALES SUR 3º MODIFICACION  A.D. 29-07-1997", "fecha": "2025-01-13", "tipo": "planeamiento", "url": "https://urbanismo.ayto-alcaladehenares.es/114-sector-espartales-sur-3o-modificacion/", "coordSource": "municipio_centroid_jitter", "sectorKey": "alcala-de-henares", "catalogSource": "ayuntamiento-portal"}}, {"type": "Feature", "geometry": {"type": "Point", "coordinates": [-3.364816, 40.4817491]}, "properties": {"id": "alcala-henares-proy-bbf4dd975c9660", "municipio": "Alcalá de Henares", "titulo": "101 SECTOR LA GARENA 3º MODIFICACION  A.D. 16-11-2000", "fecha": "2025-01-13", "tipo": "planeamiento", "url": "https://urbanismo.ayto-alcaladehenares.es/101-sector-la-garena-3o-modificacion/", "coordSource": "municipio_centroid_jitter", "sectorKey": "alcala-de-henares", "catalogSource": "ayuntamiento-portal"}}, {"type": "Feature", "geometry": {"type": "Point", "coordinates": [-3.3646992, 40.4817887]}, "properties": {"id": "alcala-henares-proy-bc6c5f66a90964", "municipio": "Alcalá de Henares", "titulo": "CLAVES 10, 11, 12 Y 13  USO INDUSTRIAL  MODIFICACION A.D. 20-10-1997", "fecha": "2025-01-13", "tipo": "planeamiento", "url": "https://urbanismo.ayto-alcaladehenares.es/claves-10-11-12-y-13-uso-industrial-modificacion/", "coordSource": "municipio_centroid_jitter", "sectorKey": "alcala-de-henares", "catalogSource": "ayuntamiento-portal"}}, {"type": "Feature", "geometry": {"type": "Point", "coordinates": [-3.3658487, 40.481482]}, "properties": {"id": "alcala-henares-proy-e1797986b2d200", "municipio": "Alcalá de Henares", "titulo": "114 SECTOR ESPARTALES SUR 2º MODIFICACION A.D. 05-06-1995", "fecha": "2025-01-13", "tipo": "planeamiento", "url": "https://urbanismo.ayto-alcaladehenares.es/114-sector-espartales-sur-2o-modificacion/", "coordSource": "municipio_centroid_jitter", "sectorKey": "alcala-de-henares", "catalogSource": "ayuntamiento-portal"}}, {"type": "Feature", "geometry": {"type": "Point", "coordinates": [-3.3647191, 40.4819383]}, "properties": {"id": "alcala-henares-proy-83e12634e1158b", "municipio": "Alcalá de Henares", "titulo": "CORRECION DE ERRORES Nº 1 TEXTO REFUNDIDO PGOU A.D. 05-05-1994", "fecha": "2025-01-10", "tipo": "urbanismo", "url": "https://urbanismo.ayto-alcaladehenares.es/correcion-de-errores-no-1-texto-refundido-pgou/", "coordSource": "municipio_centroid_jitter", "sectorKey": "alcala-de-henares", "catalogSource": "ayuntamiento-portal"}}, {"type": "Feature", "geometry": {"type": "Point", "coordinates": [-3.3628966, 40.4824396]}, "properties": {"id": "alcala-henares-proy-895f6b2ecffc6f", "municipio": "Alcalá de Henares", "titulo": "UE-25 UNIDAD DE EJECUCION ANTIGUA PLAZA DE TOROS  A.D. 20-04-1995", "fecha": "2025-01-10", "tipo": "planeamiento", "url": "https://urbanismo.ayto-alcaladehenares.es/ue-25-unidad-de-ejecucion-antigua-plaza-de-toros/", "coordSource": "municipio_centroid_jitter", "sectorKey": "alcala-de-henares", "catalogSource": "ayuntamiento-portal"}}, {"type": "Feature", "geometry": {"type": "Point", "coordinates": [-3.3638813, 40.4825163]}, "properties": {"id": "alcala-henares-proy-d578b3c1434ff2", "municipio": "Alcalá de Henares", "titulo": "UE-24 UNIDAD DE EJECUCION A.D. 14-04-94", "fecha": "2025-01-10", "tipo": "planeamiento", "url": "https://urbanismo.ayto-alcaladehenares.es/ue-24-unidad-de-ejecucion/", "coordSource": "municipio_centroid_jitter", "sectorKey": "alcala-de-henares", "catalogSource": "ayuntamiento-portal"}}, {"type": "Feature", "geometry": {"type": "Point", "coordinates": [-3.3644587, 40.4815279]}, "properties": {"id": "alcala-henares-proy-6f3744da6eddfa", "municipio": "Alcalá de Henares", "titulo": "PLAN ESPECIAL DE CONEXION DE RAMAL DE CONEXION MECO-LOS SANTOS DE LA HUMOSA A.D. 17-06-14", "fecha": "2024-12-27", "tipo": "planeamiento", "url": "https://urbanismo.ayto-alcaladehenares.es/plan-especial-de-conexion-de-ramal-de-conexion-meco-los-santos-de-la-humosa/", "coordSource": "municipio_centroid_jitter", "sectorKey": "alcala-de-henares", "catalogSource": "ayuntamiento-portal"}}, {"type": "Feature", "geometry": {"type": "Point", "coordinates": [-3.3643612, 40.4816512]}, "properties": {"id": "alcala-henares-proy-247e8f4f536c5e", "municipio": "Alcalá de Henares", "titulo": "PLAN ESPECIAL DE INFRAESTRUCTURAS GASEODUCTO RIVAS LOECHES ARGANDA A.D. 21-12-00", "fecha": "2024-12-23", "tipo": "planeamiento", "url": "https://urbanismo.ayto-alcaladehenares.es/plan-especial-de-infraestructuras-gaseoducto-rivas-loeches-arganda/", "coordSource": "municipio_centroid_jitter", "sectorKey": "alcala-de-henares", "catalogSource": "ayuntamiento-portal"}}, {"type": "Feature", "geometry": {"type": "Point", "coordinates": [-3.3647016, 40.481797]}, "properties": {"id": "alcala-henares-proy-594ae34ef6e71c", "municipio": "Alcalá de Henares", "titulo": "PLAN ESPECIAL DE INFRAESTRUCTURAS GASEODUCTO ALGETE YELA A.D. 30-09-10", "fecha": "2024-12-23", "tipo": "planeamiento", "url": "https://urbanismo.ayto-alcaladehenares.es/plan-especial-de-infraestructuras-gaseoducto-algete-yela/", "coordSource": "municipio_centroid_jitter", "sectorKey": "alcala-de-henares", "catalogSource": "ayuntamiento-portal"}}, {"type": "Feature", "geometry": {"type": "Point", "coordinates": [-3.3640587, 40.4806509]}, "properties": {"id": "alcala-henares-proy-63d42f889df640", "municipio": "Alcalá de Henares", "titulo": "PLAN ESPECIAL DE INFRAESTRUCTURAS DE EMISARIO DE CAMARMA DE ESTERUELAS A ALCALA DE HENARES A.D. 18-12-07", "fecha": "2024-12-23", "tipo": "planeamiento", "url": "https://urbanismo.ayto-alcaladehenares.es/plan-especial-de-infraestructuras-de-emisario-de-camarma-de-esteruelas-a-alcala-de-henares/", "coordSource": "municipio_centroid_jitter", "sectorKey": "alcala-de-henares", "catalogSource": "ayuntamiento-portal"}}, {"type": "Feature", "geometry": {"type": "Point", "coordinates": [-3.3640582, 40.4802975]}, "properties": {"id": "alcala-henares-proy-e72521b8d512b0", "municipio": "Alcalá de Henares", "titulo": "PLAN ESPECIAL DE INFRAESTRUCTURAS DE PROY DE ARTERIA DE REFUERZO Y ADUCCION AL CORREDOR DEL HENARES Y DEPOSITO DEL VISO A.D. 26-07-94", "fecha": "2024-12-23", "tipo": "planeamiento", "url": "https://urbanismo.ayto-alcaladehenares.es/plan-especial-de-infraestructuras-de-proy-de-arteria-de-refuerzo-y-aduccion-al-corredor-del-henares-y-deposito-del-viso/", "coordSource": "municipio_centroid_jitter", "sectorKey": "alcala-de-henares", "catalogSource": "ayuntamiento-portal"}}, {"type": "Feature", "geometry": {"type": "Point", "coordinates": [-3.3642519, 40.4823248]}, "properties": {"id": "alcala-henares-proy-5546906c041ae3", "municipio": "Alcalá de Henares", "titulo": "PLAN ESPECIAL DE INFRAESTRUCTURAS DE CONSTRUCCION DEL COLECTOR  INTERCEPTOR Y E.D.A.R. DE MECO A.D. 02-10-03", "fecha": "2024-12-19", "tipo": "planeamiento", "url": "https://urbanismo.ayto-alcaladehenares.es/plan-especial-de-infraestructuras-de-construccion-del-colector-interceptor-y-e-d-a-r-de-meco/", "coordSource": "municipio_centroid_jitter", "sectorKey": "alcala-de-henares", "catalogSource": "ayuntamiento-portal"}}, {"type": "Feature", "geometry": {"type": "Point", "coordinates": [-3.3646333, 40.4817456]}, "properties": {"id": "alcala-henares-proy-0dcb76caf3c745", "municipio": "Alcalá de Henares", "titulo": "UE-13 UNIDAD DE EJECUCION. ESTUDIO DE DETALLE «CAMINO DEL JUNCAL» A.D. 15-09-92", "fecha": "2024-12-18", "tipo": "planeamiento", "url": "https://urbanismo.ayto-alcaladehenares.es/ue-13-unidad-de-ejecucion-estudio-de-detalle-camino-del-juncal/", "coordSource": "municipio_centroid_jitter", "sectorKey": "alcala-de-henares", "catalogSource": "ayuntamiento-portal"}}, {"type": "Feature", "geometry": {"type": "Point", "coordinates": [-3.3652691, 40.4829276]}, "properties": {"id": "alcala-henares-proy-40ee39ce323784", "municipio": "Alcalá de Henares", "titulo": "UE-9 UNIDAD DE EJECUCION. ESTUDIO DE DETALLE «JUAN DE AUSTRIA C/V FELIPE II » A.D. 21-11-95", "fecha": "2024-12-18", "tipo": "planeamiento", "url": "https://urbanismo.ayto-alcaladehenares.es/ue-9-unidad-de-ejecucion-estudio-de-detalle-juan-de-austria-c-v-felipe-ii/", "coordSource": "municipio_centroid_jitter", "sectorKey": "alcala-de-henares", "catalogSource": "ayuntamiento-portal"}}, {"type": "Feature", "geometry": {"type": "Point", "coordinates": [-3.3642959, 40.4831313]}, "properties": {"id": "alcala-henares-proy-4ae5e694f88e02", "municipio": "Alcalá de Henares", "titulo": "SGSE-A SISTEMA GENERAL. PLAN ESPECIAL  «AREA DE SERVICIOS DE PESADOS» A.D. 17-01-05 Y MOD", "fecha": "2024-12-18", "tipo": "planeamiento", "url": "https://urbanismo.ayto-alcaladehenares.es/sgse-a-sistema-general-plan-especial-area-de-servicios-de-pesados/", "coordSource": "municipio_centroid_jitter", "sectorKey": "alcala-de-henares", "catalogSource": "ayuntamiento-portal"}}, {"type": "Feature", "geometry": {"type": "Point", "coordinates": [-3.3634759, 40.4817021]}, "properties": {"id": "alcala-henares-proy-52e40eed7a2990", "municipio": "Alcalá de Henares", "titulo": "UE-10 UNIDAD DE EJECUCION. ESTUDIO DE DETALLE «MOLINO DE LA ESGARAVITA» A.D. 21-03-00", "fecha": "2024-12-18", "tipo": "planeamiento", "url": "https://urbanismo.ayto-alcaladehenares.es/ue-10-unidad-de-ejecucion-estudio-de-detalle-molino-de-la-esgaravita/", "coordSource": "municipio_centroid_jitter", "sectorKey": "alcala-de-henares", "catalogSource": "ayuntamiento-portal"}}, {"type": "Feature", "geometry": {"type": "Point", "coordinates": [-3.3650087, 40.4826762]}, "properties": {"id": "alcala-henares-proy-5c6176066948e9", "municipio": "Alcalá de Henares", "titulo": "UE-12 UNIDAD DE EJECUCION POLIGONO 18. PLAN ESPECIAL DE REFORMA INTERIOR  A.D. 19-10-93", "fecha": "2024-12-18", "tipo": "planeamiento", "url": "https://urbanismo.ayto-alcaladehenares.es/ue-12-unidad-de-ejecucion-poligono-18-plan-especial-de-reforma-interior/", "coordSource": "municipio_centroid_jitter", "sectorKey": "alcala-de-henares", "catalogSource": "ayuntamiento-portal"}}, {"type": "Feature", "geometry": {"type": "Point", "coordinates": [-3.3638417, 40.4830278]}, "properties": {"id": "alcala-henares-proy-9070893f21c422", "municipio": "Alcalá de Henares", "titulo": "UE-7 UNIDAD DE EJECUCION. ESTUDIO DE DETALLE «LUIS VIVES» A.D. 15-03-22", "fecha": "2024-12-18", "tipo": "planeamiento", "url": "https://urbanismo.ayto-alcaladehenares.es/ue-7-unidad-de-ejecucion-estudio-de-detalle-luis-vives/", "coordSource": "municipio_centroid_jitter", "sectorKey": "alcala-de-henares", "catalogSource": "ayuntamiento-portal"}}, {"type": "Feature", "geometry": {"type": "Point", "coordinates": [-3.3636198, 40.4821488]}, "properties": {"id": "alcala-henares-proy-a30a0f5d116be6", "municipio": "Alcalá de Henares", "titulo": "UE-8 UNIDAD DE EJECUCION. ESTUDIO DE DETALLE «HUERTA DE SEMENTALES» A.D. 12-07-94 Y MOD", "fecha": "2024-12-18", "tipo": "planeamiento", "url": "https://urbanismo.ayto-alcaladehenares.es/ue-8-unidad-de-ejecucion-estudio-de-detalle-huerta-de-sementales/", "coordSource": "municipio_centroid_jitter", "sectorKey": "alcala-de-henares", "catalogSource": "ayuntamiento-portal"}}, {"type": "Feature", "geometry": {"type": "Point", "coordinates": [-3.364233, 40.4812927]}, "properties": {"id": "alcala-henares-proy-af0fec4baefc7e", "municipio": "Alcalá de Henares", "titulo": "PLAN ESPECIAL DE MEJORA DE LA INFRAESTRUCTURA RELATIVO AL PROYECTO DE CONSTRUCCION DE SOTERRAMIENTO DE TRAMO AEREO Y AMPLIACION DEL PARQUE DE LA SUBESTACION ALCALA II A.D. 16-07-24", "fecha": "2024-12-18", "tipo": "planeamiento", "url": "https://urbanismo.ayto-alcaladehenares.es/plan-especial-de-mejora-de-la-infraestructura-relativo-al-proyecto-de-construccion-de-soterramiento-de-tramo-aereo-y-ampliacion-del-parque-de-la-subestacion-alcala-ii-2/", "coordSource": "municipio_centroid_jitter", "sectorKey": "alcala-de-henares", "catalogSource": "ayuntamiento-portal"}}, {"type": "Feature", "geometry": {"type": "Point", "coordinates": [-3.3651912, 40.4812021]}, "properties": {"id": "alcala-henares-proy-b9198e7f4e4412", "municipio": "Alcalá de Henares", "titulo": "PLAN ESPECIAL DE INFRAESTRUCTURAS DE ACCESOS M-300 VERTEDERO UTG-1 A.D. 03-07-09", "fecha": "2024-12-18", "tipo": "planeamiento", "url": "https://urbanismo.ayto-alcaladehenares.es/plan-especial-de-infraestructuras-de-accesos-m-300-vertedero-utg-1/", "coordSource": "municipio_centroid_jitter", "sectorKey": "alcala-de-henares", "catalogSource": "ayuntamiento-portal"}}, {"type": "Feature", "geometry": {"type": "Point", "coordinates": [-3.3663814, 40.4811762]}, "properties": {"id": "alcala-henares-proy-d6e51cb8b6a8fd", "municipio": "Alcalá de Henares", "titulo": "PLAN ESPECIAL DE INFRAESTRUCTURAS DE AMPLIACION DEL VERTEDERO UTG-1 DE RESIDUOS URBANOS A.D. 02-03-06", "fecha": "2024-12-18", "tipo": "planeamiento", "url": "https://urbanismo.ayto-alcaladehenares.es/plan-especial-de-infraestructuras-de-ampliacion-del-vertedero-utg-1-de-residuos-urbanos/", "coordSource": "municipio_centroid_jitter", "sectorKey": "alcala-de-henares", "catalogSource": "ayuntamiento-portal"}}, {"type": "Feature", "geometry": {"type": "Point", "coordinates": [-3.3645405, 40.4811121]}, "properties": {"id": "alcala-henares-proy-187ac81d7c69c4", "municipio": "Alcalá de Henares", "titulo": "PLAN ESPECIAL DE UBICACION DE USOS FINCA «LA MAGDALENA» A.D. 21-05-13", "fecha": "2024-12-17", "tipo": "planeamiento", "url": "https://urbanismo.ayto-alcaladehenares.es/plan-especial-de-ubicacion-de-usos-finca-la-magdalena/", "coordSource": "municipio_centroid_jitter", "sectorKey": "alcala-de-henares", "catalogSource": "ayuntamiento-portal"}}, {"type": "Feature", "geometry": {"type": "Point", "coordinates": [-3.3635712, 40.4826006]}, "properties": {"id": "alcala-henares-proy-2d426b59013280", "municipio": "Alcalá de Henares", "titulo": "PLAN ESPECIAL DE INSTALACIONES DE SUMINISTRO DE COMBUSTIBLES PARA VEHICULOS EN ALCALA DE HENARES  A.D. 19-03-19", "fecha": "2024-12-17", "tipo": "planeamiento", "url": "https://urbanismo.ayto-alcaladehenares.es/plan-especial-de-instalaciones-de-suministro-de-combustibles-para-vehiculos-en-alcala-de-henares/", "coordSource": "municipio_centroid_jitter", "sectorKey": "alcala-de-henares", "catalogSource": "ayuntamiento-portal"}}, {"type": "Feature", "geometry": {"type": "Point", "coordinates": [-3.3648506, 40.480985]}, "properties": {"id": "alcala-henares-proy-564c5bd1a63876", "municipio": "Alcalá de Henares", "titulo": "PLAN ESPECIAL DE ADECUACION DE USOS DE LOCALES DE JUEGO A.D. 21-09-21", "fecha": "2024-12-17", "tipo": "planeamiento", "url": "https://urbanismo.ayto-alcaladehenares.es/plan-especial-de-adecuacion-de-usos-de-locales-de-juego/", "coordSource": "municipio_centroid_jitter", "sectorKey": "alcala-de-henares", "catalogSource": "ayuntamiento-portal"}}, {"type": "Feature", "geometry": {"type": "Point", "coordinates": [-3.3641896, 40.4829949]}, "properties": {"id": "alcala-henares-proy-854554fd4b6707", "municipio": "Alcalá de Henares", "titulo": "PLAN ESPECIAL DE UBICACION DE USOS FINCA «LA ORUGA» A.D. 21-09-04", "fecha": "2024-12-17", "tipo": "planeamiento", "url": "https://urbanismo.ayto-alcaladehenares.es/plan-especial-de-ubicacion-de-usos-finca-la-oruga/", "coordSource": "municipio_centroid_jitter", "sectorKey": "alcala-de-henares", "catalogSource": "ayuntamiento-portal"}}, {"type": "Feature", "geometry": {"type": "Point", "coordinates": [-3.3648545, 40.4816866]}, "properties": {"id": "alcala-henares-proy-c24fb5c39ae504", "municipio": "Alcalá de Henares", "titulo": "30-A SECTOR. PLAN ESPECIAL DE MEJORA DE LA INFRAESTRUCTURA VIARIA DE LA PARCELA SITA EN AVDA. DE DAGANZO Nº 33 A.D. 20-02-24", "fecha": "2024-12-17", "tipo": "planeamiento", "url": "https://urbanismo.ayto-alcaladehenares.es/30-a-sector-plan-especial-de-mejora-de-la-infraestructura-viaria-de-la-parcela-sita-en-avda-de-daganzo-no-33/", "coordSource": "municipio_centroid_jitter", "sectorKey": "alcala-de-henares", "catalogSource": "ayuntamiento-portal"}}, {"type": "Feature", "geometry": {"type": "Point", "coordinates": [-3.3646273, 40.4816481]}, "properties": {"id": "alcala-henares-proy-cee2d0c1e49bc0", "municipio": "Alcalá de Henares", "titulo": "PLAN ESPECIAL DE ADECUACION DE USOS PARA DEPOSITOS DE AGUA DE CIUDAD DE ALCALA DE HENARES A.D. 11-05-07", "fecha": "2024-12-17", "tipo": "planeamiento", "url": "https://urbanismo.ayto-alcaladehenares.es/plan-especial-de-adecuacion-de-usos-para-depositos-de-agua-de-ciudad-de-alcala-de-henares/", "coordSource": "municipio_centroid_jitter", "sectorKey": "alcala-de-henares", "catalogSource": "ayuntamiento-portal"}}, {"type": "Feature", "geometry": {"type": "Point", "coordinates": [-3.3640053, 40.4818185]}, "properties": {"id": "alcala-henares-proy-99042eb941d25a", "municipio": "Alcalá de Henares", "titulo": "114 SECTOR. PLAN ESPECIAL III CIUDAD DEPORTIVA ESPARTALES SGEQ-R A.D. 19-09-06 Y MOD", "fecha": "2024-12-13", "tipo": "planeamiento", "url": "https://urbanismo.ayto-alcaladehenares.es/114-sector-plan-especial-iii-ciudad-deportiva-espartales-sgeq-r/", "coordSource": "municipio_centroid_jitter", "sectorKey": "alcala-de-henares", "catalogSource": "ayuntamiento-portal"}}, {"type": "Feature", "geometry": {"type": "Point", "coordinates": [-3.3647335, 40.4832599]}, "properties": {"id": "alcala-henares-proy-9ec99fb86b4aa9", "municipio": "Alcalá de Henares", "titulo": "114 SECTOR. PLAN PARCIAL  TEXTO REFUNDIDO «ESPARTALES SUR» A.D. 15-07-2025", "fecha": "2024-12-13", "tipo": "planeamiento", "url": "https://urbanismo.ayto-alcaladehenares.es/114-sector-plan-parcial-texto-refundido-espartales-sur/", "coordSource": "municipio_centroid_jitter", "sectorKey": "alcala-de-henares", "catalogSource": "ayuntamiento-portal"}}, {"type": "Feature", "geometry": {"type": "Point", "coordinates": [-3.3647233, 40.4818417]}, "properties": {"id": "alcala-henares-proy-adb62c351455a9", "municipio": "Alcalá de Henares", "titulo": "115-A SECTOR. PLAN ESPECIAL DE REDES SUPRAMUNICIPALES  «ESPARTALES NORTE»  A.D. 28-01-10", "fecha": "2024-12-13", "tipo": "planeamiento", "url": "https://urbanismo.ayto-alcaladehenares.es/115-a-sector-plan-especial-de-redes-supramunicipales-espartales-norte/", "coordSource": "municipio_centroid_jitter", "sectorKey": "alcala-de-henares", "catalogSource": "ayuntamiento-portal"}}, {"type": "Feature", "geometry": {"type": "Point", "coordinates": [-3.3662343, 40.4810988]}, "properties": {"id": "alcala-henares-proy-b2012723e84a2b", "municipio": "Alcalá de Henares", "titulo": "114 SECTOR. PLAN ESPECIAL DE USOS PARCELAS 39-40-41 A.D.", "fecha": "2024-12-13", "tipo": "planeamiento", "url": "https://urbanismo.ayto-alcaladehenares.es/114-sector-plan-especial-de-usos-parcelas-39-40-41/", "coordSource": "municipio_centroid_jitter", "sectorKey": "alcala-de-henares", "catalogSource": "ayuntamiento-portal"}}, {"type": "Feature", "geometry": {"type": "Point", "coordinates": [-3.3633787, 40.482805]}, "properties": {"id": "alcala-henares-proy-cb3b3ea14d0894", "municipio": "Alcalá de Henares", "titulo": "UE-6 UNIDAD DE EJECUCION . POLIGONO 16-A ESTUDIO DE DETALLE «ZANUSSI» A.D. 15-10-91", "fecha": "2024-12-13", "tipo": "planeamiento", "url": "https://urbanismo.ayto-alcaladehenares.es/ue-6-unidad-de-ejecucion-poligono-16-a-estudio-de-detalle-zanussi/", "coordSource": "municipio_centroid_jitter", "sectorKey": "alcala-de-henares", "catalogSource": "ayuntamiento-portal"}}, {"type": "Feature", "geometry": {"type": "Point", "coordinates": [-3.3658268, 40.4809125]}, "properties": {"id": "alcala-henares-proy-d2677517344ae3", "municipio": "Alcalá de Henares", "titulo": "115-B SECTOR. PLAN PARCIAL A.D. 25-05-95", "fecha": "2024-12-13", "tipo": "planeamiento", "url": "https://urbanismo.ayto-alcaladehenares.es/115-b-sector-plan-parcial/", "coordSource": "municipio_centroid_jitter", "sectorKey": "alcala-de-henares", "catalogSource": "ayuntamiento-portal"}}, {"type": "Feature", "geometry": {"type": "Point", "coordinates": [-3.363891, 40.4810667]}, "properties": {"id": "alcala-henares-proy-d4633edbf8b4c7", "municipio": "Alcalá de Henares", "titulo": "116 SECTOR. PLAN PARCIAL  A.D. 22-11-95", "fecha": "2024-12-13", "tipo": "planeamiento", "url": "https://urbanismo.ayto-alcaladehenares.es/116-sector-plan-parcial/", "coordSource": "municipio_centroid_jitter", "sectorKey": "alcala-de-henares", "catalogSource": "ayuntamiento-portal"}}, {"type": "Feature", "geometry": {"type": "Point", "coordinates": [-3.3645522, 40.4828694]}, "properties": {"id": "alcala-henares-proy-23ec30e56afec5", "municipio": "Alcalá de Henares", "titulo": "101 SECTOR. PLAN ESPECIAL DE REDES DE EQUIPAMIENTO PARCELA 37.2 C/ ARTURO SORIA 5 A.D. 18-07-23", "fecha": "2024-12-12", "tipo": "planeamiento", "url": "https://urbanismo.ayto-alcaladehenares.es/101-sector-plan-especial-de-redes-equipamiento-parcela-37-2-c-arturo-soria-5/", "coordSource": "municipio_centroid_jitter", "sectorKey": "alcala-de-henares", "catalogSource": "ayuntamiento-portal"}}, {"type": "Feature", "geometry": {"type": "Point", "coordinates": [-3.3647572, 40.4816662]}, "properties": {"id": "alcala-henares-proy-342b6267a8a54b", "municipio": "Alcalá de Henares", "titulo": "101 SECTOR. PLAN PARCIAL «LA GARENA» A.D. 19-10-93 Y MOD", "fecha": "2024-12-12", "tipo": "planeamiento", "url": "https://urbanismo.ayto-alcaladehenares.es/101-sector-plan-parcial-la-garena/", "coordSource": "municipio_centroid_jitter", "sectorKey": "alcala-de-henares", "catalogSource": "ayuntamiento-portal"}}, {"type": "Feature", "geometry": {"type": "Point", "coordinates": [-3.3630129, 40.4816651]}, "properties": {"id": "alcala-henares-proy-6e9e867ab441bc", "municipio": "Alcalá de Henares", "titulo": "113 SECTOR. PLAN PARCIAL A.D. 17-04-07 Y MOD", "fecha": "2024-12-12", "tipo": "planeamiento", "url": "https://urbanismo.ayto-alcaladehenares.es/113-sector-plan-parcial/", "coordSource": "municipio_centroid_jitter", "sectorKey": "alcala-de-henares", "catalogSource": "ayuntamiento-portal"}}, {"type": "Feature", "geometry": {"type": "Point", "coordinates": [-3.3646104, 40.4817428]}, "properties": {"id": "alcala-henares-proy-8d72babd3791c6", "municipio": "Alcalá de Henares", "titulo": "103 SECTOR. PLAN PARCIAL A.D. 21-09-93 Y MOD", "fecha": "2024-12-12", "tipo": "planeamiento", "url": "https://urbanismo.ayto-alcaladehenares.es/103-sector-plan-parcial/", "coordSource": "municipio_centroid_jitter", "sectorKey": "alcala-de-henares", "catalogSource": "ayuntamiento-portal"}}, {"type": "Feature", "geometry": {"type": "Point", "coordinates": [-3.3656019, 40.4825618]}, "properties": {"id": "alcala-henares-proy-08cf71c72c32f2", "municipio": "Alcalá de Henares", "titulo": "108 SECTOR. PLAN PARCIAL A.D. 20-11-01 Y MOD", "fecha": "2024-12-11", "tipo": "planeamiento", "url": "https://urbanismo.ayto-alcaladehenares.es/108-sector-plan-parcial/", "coordSource": "municipio_centroid_jitter", "sectorKey": "alcala-de-henares", "catalogSource": "ayuntamiento-portal"}}, {"type": "Feature", "geometry": {"type": "Point", "coordinates": [-3.3632926, 40.4812546]}, "properties": {"id": "alcala-henares-proy-40f7347a6fd7b2", "municipio": "Alcalá de Henares", "titulo": "46 SECTOR. PLAN PARCIAL «AZQUE II» TEXTO REFUNDIDO A.D. 20-12-22", "fecha": "2024-12-11", "tipo": "planeamiento", "url": "https://urbanismo.ayto-alcaladehenares.es/46-sector-plan-parcial-azque-ii-texto-refundido/", "coordSource": "municipio_centroid_jitter", "sectorKey": "alcala-de-henares", "catalogSource": "ayuntamiento-portal"}}, {"type": "Feature", "geometry": {"type": "Point", "coordinates": [-3.3648356, 40.4818201]}, "properties": {"id": "alcala-henares-proy-78ca02e868b246", "municipio": "Alcalá de Henares", "titulo": "42-B POLIGONO. PLAN PARCIAL A.D. 16-05-89 Y MOD", "fecha": "2024-12-11", "tipo": "planeamiento", "url": "https://urbanismo.ayto-alcaladehenares.es/42-b-poligono-plan-parcial/", "coordSource": "municipio_centroid_jitter", "sectorKey": "alcala-de-henares", "catalogSource": "ayuntamiento-portal"}}, {"type": "Feature", "geometry": {"type": "Point", "coordinates": [-3.3647135, 40.481778]}, "properties": {"id": "alcala-henares-proy-7a96a88c847f94", "municipio": "Alcalá de Henares", "titulo": "42-D SECTOR. PLAN PARCIAL A.D. 30-04-91", "fecha": "2024-12-11", "tipo": "planeamiento", "url": "https://urbanismo.ayto-alcaladehenares.es/42-d-sector-plan-parcial/", "coordSource": "municipio_centroid_jitter", "sectorKey": "alcala-de-henares", "catalogSource": "ayuntamiento-portal"}}, {"type": "Feature", "geometry": {"type": "Point", "coordinates": [-3.3643281, 40.481579]}, "properties": {"id": "alcala-henares-proy-86ccd28b3d234d", "municipio": "Alcalá de Henares", "titulo": "112 SECTOR. PLAN PARCIAL A.D. 21-12-97", "fecha": "2024-12-11", "tipo": "planeamiento", "url": "https://urbanismo.ayto-alcaladehenares.es/112-sector-plan-parcial/", "coordSource": "municipio_centroid_jitter", "sectorKey": "alcala-de-henares", "catalogSource": "ayuntamiento-portal"}}, {"type": "Feature", "geometry": {"type": "Point", "coordinates": [-3.3638642, 40.4818893]}, "properties": {"id": "alcala-henares-proy-c71379780b69d5", "municipio": "Alcalá de Henares", "titulo": "107 SECTOR. PLAN PARCIAL TEXTO REFUNDIDO A.D. 20-10-20", "fecha": "2024-12-11", "tipo": "planeamiento", "url": "https://urbanismo.ayto-alcaladehenares.es/107-sector-plan-parcial-texto-refundido/", "coordSource": "municipio_centroid_jitter", "sectorKey": "alcala-de-henares", "catalogSource": "ayuntamiento-portal"}}, {"type": "Feature", "geometry": {"type": "Point", "coordinates": [-3.3628982, 40.4824684]}, "properties": {"id": "alcala-henares-proy-d934568951e814", "municipio": "Alcalá de Henares", "titulo": "41 POLIGONO. PLAN PARCIAL «CAMPO DEL ANGEL» A.D. 20-03-90 Y MOD", "fecha": "2024-12-11", "tipo": "planeamiento", "url": "https://urbanismo.ayto-alcaladehenares.es/41-poligono-plan-parcial-campo-del-angel/", "coordSource": "municipio_centroid_jitter", "sectorKey": "alcala-de-henares", "catalogSource": "ayuntamiento-portal"}}, {"type": "Feature", "geometry": {"type": "Point", "coordinates": [-3.3659666, 40.4830784]}, "properties": {"id": "alcala-henares-proy-23353421d191d3", "municipio": "Alcalá de Henares", "titulo": "35 SECTOR. PLAN PARCIAL A.D. 16-01-90 Y MOD", "fecha": "2024-12-10", "tipo": "planeamiento", "url": "https://urbanismo.ayto-alcaladehenares.es/35-sector-plan-parcial/", "coordSource": "municipio_centroid_jitter", "sectorKey": "alcala-de-henares", "catalogSource": "ayuntamiento-portal"}}, {"type": "Feature", "geometry": {"type": "Point", "coordinates": [-3.3632643, 40.4818764]}, "properties": {"id": "alcala-henares-proy-2648a15b9a179f", "municipio": "Alcalá de Henares", "titulo": "UE-25 UNIDAD DE EJECUCION. ESTUDIO DE DETALLE «ANTIGUA PLAZA DE TOROS» A.D. 15-10-96", "fecha": "2024-12-10", "tipo": "planeamiento", "url": "https://urbanismo.ayto-alcaladehenares.es/ue-25-unidad-de-ejecucion-estudio-de-detalle-antigua-plaza-de-toros/", "coordSource": "municipio_centroid_jitter", "sectorKey": "alcala-de-henares", "catalogSource": "ayuntamiento-portal"}}, {"type": "Feature", "geometry": {"type": "Point", "coordinates": [-3.3642288, 40.4826051]}, "properties": {"id": "alcala-henares-proy-4247f6a80af823", "municipio": "Alcalá de Henares", "titulo": "UE-23  UNIDAD DE EJECUCION.-ESTUDIO DE DETALLE A.D. 15-12-92", "fecha": "2024-12-10", "tipo": "planeamiento", "url": "https://urbanismo.ayto-alcaladehenares.es/ue-23-unidad-de-ejecucion-estudio-de-detalle/", "coordSource": "municipio_centroid_jitter", "sectorKey": "alcala-de-henares", "catalogSource": "ayuntamiento-portal"}}, {"type": "Feature", "geometry": {"type": "Point", "coordinates": [-3.3632304, 40.4822745]}, "properties": {"id": "alcala-henares-proy-4a8a0f2a9b7bed", "municipio": "Alcalá de Henares", "titulo": "32-C SECTOR. PLAN PARCIAL TEXTO REFUNDIDO A.D. 21-12-21", "fecha": "2024-12-10", "tipo": "planeamiento", "url": "https://urbanismo.ayto-alcaladehenares.es/32-c-sector-plan-parcial-texto-refundido/", "coordSource": "municipio_centroid_jitter", "sectorKey": "alcala-de-henares", "catalogSource": "ayuntamiento-portal"}}, {"type": "Feature", "geometry": {"type": "Point", "coordinates": [-3.3643671, 40.4815188]}, "properties": {"id": "alcala-henares-proy-4b84a569bb5b29", "municipio": "Alcalá de Henares", "titulo": "34-A SECTOR. PLAN PARCIAL A.D. 16-01-90 Y MOD", "fecha": "2024-12-10", "tipo": "planeamiento", "url": "https://urbanismo.ayto-alcaladehenares.es/34-a-sector-plan-parcial/", "coordSource": "municipio_centroid_jitter", "sectorKey": "alcala-de-henares", "catalogSource": "ayuntamiento-portal"}}, {"type": "Feature", "geometry": {"type": "Point", "coordinates": [-3.3651716, 40.4818697]}, "properties": {"id": "alcala-henares-proy-57c52b3607ca1b", "municipio": "Alcalá de Henares", "titulo": "33-D SECTOR. PLAN PARCIAL «CUADERNILLOS» A.D. 21-04-98 Y MOD", "fecha": "2024-12-10", "tipo": "planeamiento", "url": "https://urbanismo.ayto-alcaladehenares.es/33-d-sector-plan-parcial-cuadernillos/", "coordSource": "municipio_centroid_jitter", "sectorKey": "alcala-de-henares", "catalogSource": "ayuntamiento-portal"}}, {"type": "Feature", "geometry": {"type": "Point", "coordinates": [-3.3662144, 40.4812629]}, "properties": {"id": "alcala-henares-proy-6772d62c603b3f", "municipio": "Alcalá de Henares", "titulo": "UE-16  UNIDAD DE EJECUCION.POLIGONO 39-A .-PLAN ESPECIAL DE REFORMA INTERIOR «LA SERNA» A.D. 16-06-92", "fecha": "2024-12-10", "tipo": "planeamiento", "url": "https://urbanismo.ayto-alcaladehenares.es/ue-16-unidad-de-ejecucion-poligono-39-a-plan-especial-de-reforma-interior-la-serna/", "coordSource": "municipio_centroid_jitter", "sectorKey": "alcala-de-henares", "catalogSource": "ayuntamiento-portal"}}, {"type": "Feature", "geometry": {"type": "Point", "coordinates": [-3.3640791, 40.4816823]}, "properties": {"id": "alcala-henares-proy-a1055fcf5af6ed", "municipio": "Alcalá de Henares", "titulo": "32-A POLIGONO. PLAN ESPECIAL DE REFORMA INTERIOR PARCELA 19 A.D. 16-10-07", "fecha": "2024-12-10", "tipo": "planeamiento", "url": "https://urbanismo.ayto-alcaladehenares.es/32-a-poligono-plan-especial-de-reforma-interior-parcela-19/", "coordSource": "municipio_centroid_jitter", "sectorKey": "alcala-de-henares", "catalogSource": "ayuntamiento-portal"}}, {"type": "Feature", "geometry": {"type": "Point", "coordinates": [-3.3657342, 40.4819387]}, "properties": {"id": "alcala-henares-proy-a17e0ac23839cd", "municipio": "Alcalá de Henares", "titulo": "UE-21  UNIDAD DE EJECUCION.-ESTUDIO DE DETALLE A.D. 17-10-95", "fecha": "2024-12-10", "tipo": "planeamiento", "url": "https://urbanismo.ayto-alcaladehenares.es/ue-21-unidad-de-ejecucion-estudio-de-detalle/", "coordSource": "municipio_centroid_jitter", "sectorKey": "alcala-de-henares", "catalogSource": "ayuntamiento-portal"}}, {"type": "Feature", "geometry": {"type": "Point", "coordinates": [-3.3656005, 40.4809837]}, "properties": {"id": "alcala-henares-proy-c532dc5dfe0818", "municipio": "Alcalá de Henares", "titulo": "34-A SECTOR. PLAN ESPECIAL  PARCELA 16 B-2 A.D. 18-02-14", "fecha": "2024-12-10", "tipo": "planeamiento", "url": "https://urbanismo.ayto-alcaladehenares.es/34-a-sector-plan-especial-parcela-16-b-2/", "coordSource": "municipio_centroid_jitter", "sectorKey": "alcala-de-henares", "catalogSource": "ayuntamiento-portal"}}, {"type": "Feature", "geometry": {"type": "Point", "coordinates": [-3.3646406, 40.4820564]}, "properties": {"id": "alcala-henares-proy-e285c743616213", "municipio": "Alcalá de Henares", "titulo": "36 SECTOR. PLAN PARCIAL A.D. 21-03-95 Y MOD", "fecha": "2024-12-10", "tipo": "planeamiento", "url": "https://urbanismo.ayto-alcaladehenares.es/36-sector-plan-parcial/", "coordSource": "municipio_centroid_jitter", "sectorKey": "alcala-de-henares", "catalogSource": "ayuntamiento-portal"}}, {"type": "Feature", "geometry": {"type": "Point", "coordinates": [-3.3658804, 40.4831311]}, "properties": {"id": "alcala-henares-proy-e4108ce3c2617e", "municipio": "Alcalá de Henares", "titulo": "31-E POLIGONO. PLAN ESPECIAL DE REFORMA INTERIOR A.D. 18-03-86", "fecha": "2024-12-10", "tipo": "planeamiento", "url": "https://urbanismo.ayto-alcaladehenares.es/31-e-poligono-plan-especial-de-reforma-interior/", "coordSource": "municipio_centroid_jitter", "sectorKey": "alcala-de-henares", "catalogSource": "ayuntamiento-portal"}}, {"type": "Feature", "geometry": {"type": "Point", "coordinates": [-3.3646889, 40.4818478]}, "properties": {"id": "alcala-henares-proy-18a5fdcb572ed8", "municipio": "Alcalá de Henares", "titulo": "31-A SECTOR. PLAN PARCIAL  A.D. 27-08-90 Y MOD", "fecha": "2024-12-04", "tipo": "planeamiento", "url": "https://urbanismo.ayto-alcaladehenares.es/31-a-sector-plan-parcial/", "coordSource": "municipio_centroid_jitter", "sectorKey": "alcala-de-henares", "catalogSource": "ayuntamiento-portal"}}, {"type": "Feature", "geometry": {"type": "Point", "coordinates": [-3.3667931, 40.4816887]}, "properties": {"id": "alcala-henares-proy-2ffa58ff5a59bf", "municipio": "Alcalá de Henares", "titulo": "30-B SECTOR. PLAN PARCIAL TEXTO REFUNDIDO A.D. 16-11-21", "fecha": "2024-12-04", "tipo": "planeamiento", "url": "https://urbanismo.ayto-alcaladehenares.es/30-b-sector-plan-parcial-texto-refundido/", "coordSource": "municipio_centroid_jitter", "sectorKey": "alcala-de-henares", "catalogSource": "ayuntamiento-portal"}}, {"type": "Feature", "geometry": {"type": "Point", "coordinates": [-3.3644304, 40.4815375]}, "properties": {"id": "alcala-henares-proy-3dee4f9e1f8505", "municipio": "Alcalá de Henares", "titulo": "31-D POLIGONO. PLAN PARCIAL «AZQUE» A.D. 27-11-68", "fecha": "2024-12-04", "tipo": "planeamiento", "url": "https://urbanismo.ayto-alcaladehenares.es/31-d-poligono-plan-parcial-azque/", "coordSource": "municipio_centroid_jitter", "sectorKey": "alcala-de-henares", "catalogSource": "ayuntamiento-portal"}}, {"type": "Feature", "geometry": {"type": "Point", "coordinates": [-3.364095, 40.4803837]}, "properties": {"id": "alcala-henares-proy-7fcf3f863a9bfb", "municipio": "Alcalá de Henares", "titulo": "30-C SECTOR. PLAN ESPECIAL DE EQUIPAMIENTOS PARCELA C-1  A.D. 17-10-23", "fecha": "2024-12-04", "tipo": "planeamiento", "url": "https://urbanismo.ayto-alcaladehenares.es/30-c-sector-plan-especial-de-equipamientos-parcela-c-1/", "coordSource": "municipio_centroid_jitter", "sectorKey": "alcala-de-henares", "catalogSource": "ayuntamiento-portal"}}, {"type": "Feature", "geometry": {"type": "Point", "coordinates": [-3.3644756, 40.4820437]}, "properties": {"id": "alcala-henares-proy-984772b7e9c617", "municipio": "Alcalá de Henares", "titulo": "30-C SECTOR. PLAN PARCIAL  A.D. 17-10-89 Y MOD", "fecha": "2024-12-04", "tipo": "planeamiento", "url": "https://urbanismo.ayto-alcaladehenares.es/30-c-sector-plan-parcial/", "coordSource": "municipio_centroid_jitter", "sectorKey": "alcala-de-henares", "catalogSource": "ayuntamiento-portal"}}, {"type": "Feature", "geometry": {"type": "Point", "coordinates": [-3.3641138, 40.4827141]}, "properties": {"id": "alcala-henares-proy-c262809d8c78c9", "municipio": "Alcalá de Henares", "titulo": "31-A SECTOR.PLAN ESPECIAL DE EQUIPAMIENTOS PARCELA 34 A.D. 23-11-23", "fecha": "2024-12-04", "tipo": "planeamiento", "url": "https://urbanismo.ayto-alcaladehenares.es/31-a-sector-plan-especial-de-equipamientos-parcela-34/", "coordSource": "municipio_centroid_jitter", "sectorKey": "alcala-de-henares", "catalogSource": "ayuntamiento-portal"}}, {"type": "Feature", "geometry": {"type": "Point", "coordinates": [-3.3653359, 40.4819117]}, "properties": {"id": "alcala-henares-proy-ff08fa4d518718", "municipio": "Alcalá de Henares", "titulo": "30-D POLIGONO. PLAN PARCIAL  A.D. 19-02-91", "fecha": "2024-12-04", "tipo": "planeamiento", "url": "https://urbanismo.ayto-alcaladehenares.es/30-d-poligono-plan-parcial/", "coordSource": "municipio_centroid_jitter", "sectorKey": "alcala-de-henares", "catalogSource": "ayuntamiento-portal"}}, {"type": "Feature", "geometry": {"type": "Point", "coordinates": [-3.3654856, 40.4830251]}, "properties": {"id": "alcala-henares-proy-21681f34695852", "municipio": "Alcalá de Henares", "titulo": "28-C SECTOR. PLAN PARCIAL A.D. 16-04-24", "fecha": "2024-11-29", "tipo": "planeamiento", "url": "https://urbanismo.ayto-alcaladehenares.es/28-c-sector-plan-parcial/", "coordSource": "municipio_centroid_jitter", "sectorKey": "alcala-de-henares", "catalogSource": "ayuntamiento-portal"}}, {"type": "Feature", "geometry": {"type": "Point", "coordinates": [-3.3653542, 40.4811855]}, "properties": {"id": "alcala-henares-proy-30f7eceaa495ff", "municipio": "Alcalá de Henares", "titulo": "UE-28 UNIDAD DE EJECUCION. PLAN PARCIAL «EL VAL» A.D. 17-11-09", "fecha": "2024-11-29", "tipo": "planeamiento", "url": "https://urbanismo.ayto-alcaladehenares.es/ue-28-unidad-de-ejecucion-plan-parcial-el-val/", "coordSource": "municipio_centroid_jitter", "sectorKey": "alcala-de-henares", "catalogSource": "ayuntamiento-portal"}}, {"type": "Feature", "geometry": {"type": "Point", "coordinates": [-3.3644837, 40.4808669]}, "properties": {"id": "alcala-henares-proy-38ab2ef2d467c8", "municipio": "Alcalá de Henares", "titulo": "25 SECTOR. PLAN ESPECIAL DE AMBITOS PARCELAS A Y B  A.D. 16-05-95", "fecha": "2024-11-29", "tipo": "planeamiento", "url": "https://urbanismo.ayto-alcaladehenares.es/25-sector-plan-especial-de-ambitos-parcelas-a-y-b/", "coordSource": "municipio_centroid_jitter", "sectorKey": "alcala-de-henares", "catalogSource": "ayuntamiento-portal"}}, {"type": "Feature", "geometry": {"type": "Point", "coordinates": [-3.3647976, 40.4815844]}, "properties": {"id": "alcala-henares-proy-4e54330d18138e", "municipio": "Alcalá de Henares", "titulo": "25 SECTOR. PLAN ESPECIAL DE USOS AMBITO 1B TERCIARIO 2 Y 3B COMERCIAL 1 A.D. 16-02-21", "fecha": "2024-11-29", "tipo": "planeamiento", "url": "https://urbanismo.ayto-alcaladehenares.es/25-sector-plan-especial-de-usos-ambito-1b-terciario-2-y-3b-comercial-1/", "coordSource": "municipio_centroid_jitter", "sectorKey": "alcala-de-henares", "catalogSource": "ayuntamiento-portal"}}, {"type": "Feature", "geometry": {"type": "Point", "coordinates": [-3.3645412, 40.4817584]}, "properties": {"id": "alcala-henares-proy-64bc4ca518171a", "municipio": "Alcalá de Henares", "titulo": "26 POLIGONO. PLAN PARCIAL «MATILLAS» A.D. 22-04-90", "fecha": "2024-11-29", "tipo": "planeamiento", "url": "https://urbanismo.ayto-alcaladehenares.es/26-poligono-plan-parcial-matillas/", "coordSource": "municipio_centroid_jitter", "sectorKey": "alcala-de-henares", "catalogSource": "ayuntamiento-portal"}}, {"type": "Feature", "geometry": {"type": "Point", "coordinates": [-3.3645905, 40.4817075]}, "properties": {"id": "alcala-henares-proy-6b5574785eff18", "municipio": "Alcalá de Henares", "titulo": "UE-26 UNIDAD DE EJECUCION SECTOR 108. PLAN PARCIAL A.D. 17-04-07", "fecha": "2024-11-29", "tipo": "planeamiento", "url": "https://urbanismo.ayto-alcaladehenares.es/ue-26-unidad-de-ejecucion-sector-108-plan-parcial/", "coordSource": "municipio_centroid_jitter", "sectorKey": "alcala-de-henares", "catalogSource": "ayuntamiento-portal"}}, {"type": "Feature", "geometry": {"type": "Point", "coordinates": [-3.3643201, 40.4821977]}, "properties": {"id": "alcala-henares-proy-80abb5d86598e0", "municipio": "Alcalá de Henares", "titulo": "27 UNIDAD DE EJECUCIÓN. SECTOR 42-A. PLAN PARCIAL A.D. 21-09-10", "fecha": "2024-11-29", "tipo": "planeamiento", "url": "https://urbanismo.ayto-alcaladehenares.es/27-unidad-de-ejecucion-sector-42-a-plan-parcial/", "coordSource": "municipio_centroid_jitter", "sectorKey": "alcala-de-henares", "catalogSource": "ayuntamiento-portal"}}, {"type": "Feature", "geometry": {"type": "Point", "coordinates": [-3.3635769, 40.4825426]}, "properties": {"id": "alcala-henares-proy-9b8e699be1950b", "municipio": "Alcalá de Henares", "titulo": "25 SECTOR. MOD PGOU PARCELAS B PORCIONES  E,F,G  A.D. 20-05-10", "fecha": "2024-11-29", "tipo": "urbanismo", "url": "https://urbanismo.ayto-alcaladehenares.es/25-sector-mod-pgou-parcelas-b-porciones-efg/", "coordSource": "municipio_centroid_jitter", "sectorKey": "alcala-de-henares", "catalogSource": "ayuntamiento-portal"}}, {"type": "Feature", "geometry": {"type": "Point", "coordinates": [-3.3652141, 40.4807258]}, "properties": {"id": "alcala-henares-proy-a27d4c78c0a9a3", "municipio": "Alcalá de Henares", "titulo": "AA»LAS MORERAS» AMBITO DE ACTUACION. PLAN ESPECIAL DE REFORMA INTERIOR  A.D. 11-05-07", "fecha": "2024-11-29", "tipo": "planeamiento", "url": "https://urbanismo.ayto-alcaladehenares.es/ambito-de-actuacion-las-moreras-plan-especial-de-reforma-interior/", "coordSource": "municipio_centroid_jitter", "sectorKey": "alcala-de-henares", "catalogSource": "ayuntamiento-portal"}}, {"type": "Feature", "geometry": {"type": "Point", "coordinates": [-3.3643466, 40.4825385]}, "properties": {"id": "alcala-henares-proy-bbed315bfa2192", "municipio": "Alcalá de Henares", "titulo": "UE-26-BIS UNIDAD DE EJECUCION POLIGONO 55. PLAN PARCIAL «ALARCOS»  A.D. 19-05-20", "fecha": "2024-11-29", "tipo": "planeamiento", "url": "https://urbanismo.ayto-alcaladehenares.es/ue-26-bis-unidad-de-ejecucion-poligono-55-plan-parcial-alarcos/", "coordSource": "municipio_centroid_jitter", "sectorKey": "alcala-de-henares", "catalogSource": "ayuntamiento-portal"}}, {"type": "Feature", "geometry": {"type": "Point", "coordinates": [-3.3646659, 40.4815036]}, "properties": {"id": "alcala-henares-proy-e2c993ec9c2095", "municipio": "Alcalá de Henares", "titulo": "25 SECTOR. PLAN PARCIAL A.D. 30-03-90", "fecha": "2024-11-29", "tipo": "planeamiento", "url": "https://urbanismo.ayto-alcaladehenares.es/25-sector-plan-parcial/", "coordSource": "municipio_centroid_jitter", "sectorKey": "alcala-de-henares", "catalogSource": "ayuntamiento-portal"}}, {"type": "Feature", "geometry": {"type": "Point", "coordinates": [-3.36526, 40.4806905]}, "properties": {"id": "alcala-henares-proy-6dfa8f0c089a7d", "municipio": "Alcalá de Henares", "titulo": "21-E SECTOR. PLAN PARCIAL A.D. 30-04-91", "fecha": "2024-11-28", "tipo": "planeamiento", "url": "https://urbanismo.ayto-alcaladehenares.es/21-e-sector-plan-parcial/", "coordSource": "municipio_centroid_jitter", "sectorKey": "alcala-de-henares", "catalogSource": "ayuntamiento-portal"}}, {"type": "Feature", "geometry": {"type": "Point", "coordinates": [-3.3662279, 40.4825547]}, "properties": {"id": "alcala-henares-proy-80163f299a46c3", "municipio": "Alcalá de Henares", "titulo": "21-A SECTOR. PLAN PARCIAL TEXTO REFUNDIDO  A.D. 18-02-2025", "fecha": "2024-11-28", "tipo": "planeamiento", "url": "https://urbanismo.ayto-alcaladehenares.es/21-a-sector-plan-parcial-texto-refundido/", "coordSource": "municipio_centroid_jitter", "sectorKey": "alcala-de-henares", "catalogSource": "ayuntamiento-portal"}}, {"type": "Feature", "geometry": {"type": "Point", "coordinates": [-3.3662788, 40.4822852]}, "properties": {"id": "alcala-henares-proy-9013d2fbed9462", "municipio": "Alcalá de Henares", "titulo": "20-B SECTOR. PLAN ESPECIAL PARA LA ADEC DE LAS PARC E-3 Y E-4 BILBIOTECA NACIONAL A.D. 15-06-21", "fecha": "2024-11-28", "tipo": "planeamiento", "url": "https://urbanismo.ayto-alcaladehenares.es/20-b-sector-plan-especial-para-la-adec-de-las-parc-e-3-y-e-4-bilbioteca-nacional/", "coordSource": "municipio_centroid_jitter", "sectorKey": "alcala-de-henares", "catalogSource": "ayuntamiento-portal"}}, {"type": "Feature", "geometry": {"type": "Point", "coordinates": [-3.3647694, 40.4813699]}, "properties": {"id": "alcala-henares-proy-b027c0c83b5b51", "municipio": "Alcalá de Henares", "titulo": "20-B SECTOR . PLAN PARCIAL «UNIVERSIDAD» A.D. 26-05-93 Y MOD", "fecha": "2024-11-28", "tipo": "planeamiento", "url": "https://urbanismo.ayto-alcaladehenares.es/20-b-sector-plan-parcial-universidad/", "coordSource": "municipio_centroid_jitter", "sectorKey": "alcala-de-henares", "catalogSource": "ayuntamiento-portal"}}, {"type": "Feature", "geometry": {"type": "Point", "coordinates": [-3.3646676, 40.4803886]}, "properties": {"id": "alcala-henares-proy-d5019e35260b7f", "municipio": "Alcalá de Henares", "titulo": "UE-24 UNIDAD DE EJECUCION. PLAN PARCIAL A.D. 17-12-02 Y MOD", "fecha": "2024-11-28", "tipo": "planeamiento", "url": "https://urbanismo.ayto-alcaladehenares.es/ue-24-unidad-de-ejecucion-plan-parcial/", "coordSource": "municipio_centroid_jitter", "sectorKey": "alcala-de-henares", "catalogSource": "ayuntamiento-portal"}}, {"type": "Feature", "geometry": {"type": "Point", "coordinates": [-3.3657077, 40.4821574]}, "properties": {"id": "alcala-henares-proy-db51bd86c27418", "municipio": "Alcalá de Henares", "titulo": "20-B SECTOR.- PLAN ESPECIAL CONEXION EXTERIOR ELECTRICA SUBPARCELA 7 PARQUE CIENTIFICO TECNOLOGICO A.D. 19-11-13", "fecha": "2024-11-28", "tipo": "planeamiento", "url": "https://urbanismo.ayto-alcaladehenares.es/20-b-sector-plan-especial-conexion-exterior-electrica-subparcela-7-parque-cientifico-tecnologico/", "coordSource": "municipio_centroid_jitter", "sectorKey": "alcala-de-henares", "catalogSource": "ayuntamiento-portal"}}, {"type": "Feature", "geometry": {"type": "Point", "coordinates": [-3.3637014, 40.4813436]}, "properties": {"id": "alcala-henares-proy-08350707fed488", "municipio": "Alcalá de Henares", "titulo": "UE-20 UNIDAD DE EJECUCION POLIGONO 29. PLAN PARCIAL «POLISEDA» A.D. 20-05-2008", "fecha": "2024-11-26", "tipo": "planeamiento", "url": "https://urbanismo.ayto-alcaladehenares.es/ue-20-unidad-de-ejecucion-poligono-29-plan-parcial-poliseda/", "coordSource": "municipio_centroid_jitter", "sectorKey": "alcala-de-henares", "catalogSource": "ayuntamiento-portal"}}, {"type": "Feature", "geometry": {"type": "Point", "coordinates": [-3.3648802, 40.4804958]}, "properties": {"id": "alcala-henares-proy-2b0b1e8f8f9e27", "municipio": "Alcalá de Henares", "titulo": "19-D POLIGONO. PLAN ESPECIAL DE REFORMA INTERIOR A.D. 15-09-87", "fecha": "2024-11-26", "tipo": "planeamiento", "url": "https://urbanismo.ayto-alcaladehenares.es/19-d-poligono-plan-especial-de-reforma-interior/", "coordSource": "municipio_centroid_jitter", "sectorKey": "alcala-de-henares", "catalogSource": "ayuntamiento-portal"}}, {"type": "Feature", "geometry": {"type": "Point", "coordinates": [-3.3641627, 40.4823424]}, "properties": {"id": "alcala-henares-proy-afbbecd46838ba", "municipio": "Alcalá de Henares", "titulo": "19-C POLIGONO. PLAN ESPECIAL DE REFORMA INTERIOR A.D. 07-05-89", "fecha": "2024-11-26", "tipo": "planeamiento", "url": "https://urbanismo.ayto-alcaladehenares.es/19-c-poligono-plan-especial-de-reforma-interior/", "coordSource": "municipio_centroid_jitter", "sectorKey": "alcala-de-henares", "catalogSource": "ayuntamiento-portal"}}, {"type": "Feature", "geometry": {"type": "Point", "coordinates": [-3.3651274, 40.4804962]}, "properties": {"id": "alcala-henares-proy-347760e019fac1", "municipio": "Alcalá de Henares", "titulo": "UE- 17 UNIDAD DE EJECUCION. PLAN ESPECIAL DE REFORMA INTERIOR A.D. 21-03-00", "fecha": "2024-11-20", "tipo": "planeamiento", "url": "https://urbanismo.ayto-alcaladehenares.es/ue-17-unidad-de-ejecucion-plan-especial-de-reforma-interior/", "coordSource": "municipio_centroid_jitter", "sectorKey": "alcala-de-henares", "catalogSource": "ayuntamiento-portal"}}, {"type": "Feature", "geometry": {"type": "Point", "coordinates": [-3.3630136, 40.4820726]}, "properties": {"id": "alcala-henares-proy-687b87ff704cf8", "municipio": "Alcalá de Henares", "titulo": "19-B POLIGONO. PLAN ESPECIAL DE REFORMA INTERIOR A.D. 15-10-85", "fecha": "2024-11-20", "tipo": "planeamiento", "url": "https://urbanismo.ayto-alcaladehenares.es/19-b-poligono-plan-especial-de-reforma-interior/", "coordSource": "municipio_centroid_jitter", "sectorKey": "alcala-de-henares", "catalogSource": "ayuntamiento-portal"}}, {"type": "Feature", "geometry": {"type": "Point", "coordinates": [-3.3653459, 40.4817828]}, "properties": {"id": "alcala-henares-proy-6e946c6c424101", "municipio": "Alcalá de Henares", "titulo": "19-A POLIGONO. PLAN ESPECIAL DE REFORMA INTERIOR A.D. 20-10-92", "fecha": "2024-11-20", "tipo": "planeamiento", "url": "https://urbanismo.ayto-alcaladehenares.es/19-a-poligono-plan-especial-de-reforma-interior/", "coordSource": "municipio_centroid_jitter", "sectorKey": "alcala-de-henares", "catalogSource": "ayuntamiento-portal"}}, {"type": "Feature", "geometry": {"type": "Point", "coordinates": [-3.3642534, 40.481866]}, "properties": {"id": "alcala-henares-proy-d34443f7a1b0c0", "municipio": "Alcalá de Henares", "titulo": "UE-18 UNIDAD DE EJECUCION. PLAN ESPECIAL DE REFORMA INTERIOR A.D. 16-07-96 Y MOD", "fecha": "2024-11-20", "tipo": "planeamiento", "url": "https://urbanismo.ayto-alcaladehenares.es/ue-18-unidad-de-ejecucion-plan-especial-de-reforma-interior/", "coordSource": "municipio_centroid_jitter", "sectorKey": "alcala-de-henares", "catalogSource": "ayuntamiento-portal"}}, {"type": "Feature", "geometry": {"type": "Point", "coordinates": [-3.364418, 40.4807909]}, "properties": {"id": "alcala-henares-proy-3744839ce25b19", "municipio": "Alcalá de Henares", "titulo": "UE-15 UNIDAD DE EJECUCION. PLAN ESPECIAL DE REFORMA INTERIOR A.D. 20-12-94", "fecha": "2024-11-19", "tipo": "planeamiento", "url": "https://urbanismo.ayto-alcaladehenares.es/ue-15-unidad-de-ejecucion-plan-especial-de-reforma-interior/", "coordSource": "municipio_centroid_jitter", "sectorKey": "alcala-de-henares", "catalogSource": "ayuntamiento-portal"}}, {"type": "Feature", "geometry": {"type": "Point", "coordinates": [-3.3635137, 40.4816571]}, "properties": {"id": "alcala-henares-proy-41cca02cf01d5f", "municipio": "Alcalá de Henares", "titulo": "MEDIDAS URBANÍSTICAS PARA LA PROMOCIÓN DE VIVIENDA PROTEGIDA PREVISTA EN EL ART. 2 DE LA LEY 3/2024", "fecha": "2024-11-19", "tipo": "urbanismo", "url": "https://urbanismo.ayto-alcaladehenares.es/medidas-urbanisticas-para-la-promocion-de-vivienda-protegida-prevista-en-el-art-2-de-la-ley-3-2024/", "coordSource": "municipio_centroid_jitter", "sectorKey": "alcala-de-henares", "catalogSource": "ayuntamiento-portal"}}, {"type": "Feature", "geometry": {"type": "Point", "coordinates": [-3.3645021, 40.4808498]}, "properties": {"id": "alcala-henares-proy-686cc3a3dd994d", "municipio": "Alcalá de Henares", "titulo": "13-C POLIGONO PLAN PARCIAL. FASE II A.D. 15-04-08", "fecha": "2024-11-19", "tipo": "planeamiento", "url": "https://urbanismo.ayto-alcaladehenares.es/13-c-poligono-plan-parcial-fase-ii/", "coordSource": "municipio_centroid_jitter", "sectorKey": "alcala-de-henares", "catalogSource": "ayuntamiento-portal"}}, {"type": "Feature", "geometry": {"type": "Point", "coordinates": [-3.365306, 40.4802924]}, "properties": {"id": "alcala-henares-proy-6c2006c4cb5d86", "municipio": "Alcalá de Henares", "titulo": "14-B POLIGONO. PLAN ESPECIAL DE RENOVACION Y MEJORA A.D. 19-07-11", "fecha": "2024-11-19", "tipo": "planeamiento", "url": "https://urbanismo.ayto-alcaladehenares.es/14-b-poligono-plan-especial-de-renovacion-y-mejora/", "coordSource": "municipio_centroid_jitter", "sectorKey": "alcala-de-henares", "catalogSource": "ayuntamiento-portal"}}, {"type": "Feature", "geometry": {"type": "Point", "coordinates": [-3.3655926, 40.481019]}, "properties": {"id": "alcala-henares-proy-7e7483b0e2239d", "municipio": "Alcalá de Henares", "titulo": "12 POLIGONO. PLAN ESPECIAL DE MEJORA DE LA INFRAESTRUCTURA VIARIA, ACCESOS Y ORDENACIÓN DE LA PARCELA SITUADA EN AVENIDA DE MADRID Nº 42. A.D. 18-01-22", "fecha": "2024-11-19", "tipo": "planeamiento", "url": "https://urbanismo.ayto-alcaladehenares.es/12-poligono-plan-especial-de-mejora-de-la-infraestructura-viaria-accesos-y-ordenacion-de-la-parcela-situada-en-avenida-de-madrid-no-42/", "coordSource": "municipio_centroid_jitter", "sectorKey": "alcala-de-henares", "catalogSource": "ayuntamiento-portal"}}, {"type": "Feature", "geometry": {"type": "Point", "coordinates": [-3.364698, 40.4818005]}, "properties": {"id": "alcala-henares-proy-7ffe1bb50f76fe", "municipio": "Alcalá de Henares", "titulo": "15-C SECTOR. PLAN PARCIAL A.D. 15-12-87 Y MOD", "fecha": "2024-11-19", "tipo": "planeamiento", "url": "https://urbanismo.ayto-alcaladehenares.es/15-c-sector-plan-parcial/", "coordSource": "municipio_centroid_jitter", "sectorKey": "alcala-de-henares", "catalogSource": "ayuntamiento-portal"}}, {"type": "Feature", "geometry": {"type": "Point", "coordinates": [-3.3645453, 40.4829192]}, "properties": {"id": "alcala-henares-proy-a77114ca4b1108", "municipio": "Alcalá de Henares", "titulo": "13-B SECTOR PLAN PARCIAL «LOS PINOS DE ALCALA». A.D. 18-08-87", "fecha": "2024-11-19", "tipo": "planeamiento", "url": "https://urbanismo.ayto-alcaladehenares.es/13-b-sector-plan-parcial-los-pinos-de-alcala/", "coordSource": "municipio_centroid_jitter", "sectorKey": "alcala-de-henares", "catalogSource": "ayuntamiento-portal"}}, {"type": "Feature", "geometry": {"type": "Point", "coordinates": [-3.3642697, 40.4822853]}, "properties": {"id": "alcala-henares-proy-cf5f892e18a9d5", "municipio": "Alcalá de Henares", "titulo": "UE-19 UNIDAD DE EJECUCION POLIGONO 13-A. PLAN ESPECIAL DE REFORMA INTERIOR. TEXTO REFUNDIDO A.D. 19-05-2026", "fecha": "2024-11-19", "tipo": "planeamiento", "url": "https://urbanismo.ayto-alcaladehenares.es/ue-19-unidad-de-ejecucion-poligono-13-a-plan-especial-de-reforma-interior/", "coordSource": "municipio_centroid_jitter", "sectorKey": "alcala-de-henares", "catalogSource": "ayuntamiento-portal"}}, {"type": "Feature", "geometry": {"type": "Point", "coordinates": [-3.3645064, 40.4824928]}, "properties": {"id": "alcala-henares-proy-e1fbc72d26c488", "municipio": "Alcalá de Henares", "titulo": "13-C POLIGONO PLAN ESPECIAL REFORMA INTERIOR. FASE I A.D. 19-09-89", "fecha": "2024-11-19", "tipo": "planeamiento", "url": "https://urbanismo.ayto-alcaladehenares.es/13-c-poligono-plan-especial-reforma-interior-fase-i/", "coordSource": "municipio_centroid_jitter", "sectorKey": "alcala-de-henares", "catalogSource": "ayuntamiento-portal"}}, {"type": "Feature", "geometry": {"type": "Point", "coordinates": [-3.3655801, 40.4825178]}, "properties": {"id": "alcala-henares-proy-6b951e9097a91e", "municipio": "Alcalá de Henares", "titulo": "UE-3A UNIDAD DE EJECUCIÓN. PLAN PARCIAL DE REFORMA INTERIOR A.D. 20-12-05", "fecha": "2024-11-18", "tipo": "planeamiento", "url": "https://urbanismo.ayto-alcaladehenares.es/ue-3a-unidad-de-ejecucion-plan-parcial-de-reforma-interior/", "coordSource": "municipio_centroid_jitter", "sectorKey": "alcala-de-henares", "catalogSource": "ayuntamiento-portal"}}, {"type": "Feature", "geometry": {"type": "Point", "coordinates": [-3.3655637, 40.4821347]}, "properties": {"id": "alcala-henares-proy-8e7e7238d772f9", "municipio": "Alcalá de Henares", "titulo": "UE-1A.-UNIDAD DE EJECUCION.- ESTUDIO DE DETALLE. A.D. 19-12-95", "fecha": "2024-11-18", "tipo": "planeamiento", "url": "https://urbanismo.ayto-alcaladehenares.es/ue-1a-unidad-de-ejecucion-estudio-de-detalle/", "coordSource": "municipio_centroid_jitter", "sectorKey": "alcala-de-henares", "catalogSource": "ayuntamiento-portal"}}, {"type": "Feature", "geometry": {"type": "Point", "coordinates": [-3.3644691, 40.4824124]}, "properties": {"id": "alcala-henares-proy-a69f4c8d2e0668", "municipio": "Alcalá de Henares", "titulo": "5-B Y 5-E POLIGONO. PLAN ESPECIAL DE REFORMA INTERIOR. A.D. 19-04-88 Y MOD", "fecha": "2024-11-18", "tipo": "planeamiento", "url": "https://urbanismo.ayto-alcaladehenares.es/5-b-y-5-e-poligono-plan-especial-de-reforma-interior/", "coordSource": "municipio_centroid_jitter", "sectorKey": "alcala-de-henares", "catalogSource": "ayuntamiento-portal"}}, {"type": "Feature", "geometry": {"type": "Point", "coordinates": [-3.3661224, 40.4817433]}, "properties": {"id": "alcala-henares-proy-aa68ba51e59d2d", "municipio": "Alcalá de Henares", "titulo": "6B POLIGONO PLAN ESPECIAL DE REFORMA INTERIOR. A.D. 21-06-88 Y MOD", "fecha": "2024-11-18", "tipo": "planeamiento", "url": "https://urbanismo.ayto-alcaladehenares.es/6b-poligono-plan-especial-de-reforma-interior/", "coordSource": "municipio_centroid_jitter", "sectorKey": "alcala-de-henares", "catalogSource": "ayuntamiento-portal"}}, {"type": "Feature", "geometry": {"type": "Point", "coordinates": [-3.3634336, 40.4819012]}, "properties": {"id": "alcala-henares-proy-d24dc46733f8d3", "municipio": "Alcalá de Henares", "titulo": "UE-5.UNIDAD DE EJECUCION.PLAN PARCIAL CASILLA DE LA CLARA A.D. 16-10-18", "fecha": "2024-11-18", "tipo": "planeamiento", "url": "https://urbanismo.ayto-alcaladehenares.es/ue-5-unidad-de-ejecucion-plan-parcial-casilla-de-la-clara/", "coordSource": "municipio_centroid_jitter", "sectorKey": "alcala-de-henares", "catalogSource": "ayuntamiento-portal"}}, {"type": "Feature", "geometry": {"type": "Point", "coordinates": [-3.3628704, 40.482147]}, "properties": {"id": "alcala-henares-proy-1ea90203d42dac", "municipio": "Alcalá de Henares", "titulo": "4-G POLIGONO. PLAN ESPECIAL DE REFORMA INTERIOR A.D. 10/10/89 Y MOD", "fecha": "2024-11-15", "tipo": "planeamiento", "url": "https://urbanismo.ayto-alcaladehenares.es/4-g-poligono-plan-especial-de-reforma-interior/", "coordSource": "municipio_centroid_jitter", "sectorKey": "alcala-de-henares", "catalogSource": "ayuntamiento-portal"}}, {"type": "Feature", "geometry": {"type": "Point", "coordinates": [-3.3646089, 40.4818416]}, "properties": {"id": "alcala-henares-proy-24596683f7e1e7", "municipio": "Alcalá de Henares", "titulo": "2-A POLIGONO PLAN ESPECIAL DE REFORMA INTERIOR. A.D. 20/06/89 Y MOD", "fecha": "2024-11-15", "tipo": "planeamiento", "url": "https://urbanismo.ayto-alcaladehenares.es/2-a-poligono-plan-especial-de-reforma-interior/", "coordSource": "municipio_centroid_jitter", "sectorKey": "alcala-de-henares", "catalogSource": "ayuntamiento-portal"}}, {"type": "Feature", "geometry": {"type": "Point", "coordinates": [-3.3640548, 40.4812738]}, "properties": {"id": "alcala-henares-proy-68ebf456b280a8", "municipio": "Alcalá de Henares", "titulo": "UE-2A.-UNIDAD DE EJECUCION.- PLAN PARCIAL.-A.D. 17/04/07", "fecha": "2024-11-15", "tipo": "planeamiento", "url": "https://urbanismo.ayto-alcaladehenares.es/ue-2a-unidad-de-ejecucion-plan-parcial/", "coordSource": "municipio_centroid_jitter", "sectorKey": "alcala-de-henares", "catalogSource": "ayuntamiento-portal"}}, {"type": "Feature", "geometry": {"type": "Point", "coordinates": [-3.3639552, 40.4817304]}, "properties": {"id": "alcala-henares-proy-ec38cec8fb2a7b", "municipio": "Alcalá de Henares", "titulo": "2-C POLIGONO. PLAN ESPECIAL DE REFORMA INTERIOR A.D. 15/05/88 Y MOD", "fecha": "2024-11-15", "tipo": "planeamiento", "url": "https://urbanismo.ayto-alcaladehenares.es/2-c-poligono-plan-especial-de-reforma-interior/", "coordSource": "municipio_centroid_jitter", "sectorKey": "alcala-de-henares", "catalogSource": "ayuntamiento-portal"}}, {"type": "Feature", "geometry": {"type": "Point", "coordinates": [-3.3641497, 40.4815485]}, "properties": {"id": "alcala-henares-proy-f062234f410bcd", "municipio": "Alcalá de Henares", "titulo": "4-E, 8-B, 9 Y BORDE DEL CASCO HISTORICO EN LOS POLIGONOS 8-A            Y 8-C . PLAN ESPECIAL DE REFORMA INTERIOR A.D. 20/06/89 Y      MOD", "fecha": "2024-11-15", "tipo": "planeamiento", "url": "https://urbanismo.ayto-alcaladehenares.es/4-e-8-b-9-y-borde-del-casco-historico-en-los-poligonos-8-a-y-8-c-plan-especial-de-reforma-interior/", "coordSource": "municipio_centroid_jitter", "sectorKey": "alcala-de-henares", "catalogSource": "ayuntamiento-portal"}}, {"type": "Feature", "geometry": {"type": "Point", "coordinates": [-3.3659209, 40.4813471]}, "properties": {"id": "alcala-henares-proy-53efc1b2b413d6", "municipio": "Alcalá de Henares", "titulo": "UE-2B UNIDAD DE EJECUCIÓN. PLAN PARCIAL. A.D.15/07/08", "fecha": "2024-11-14", "tipo": "planeamiento", "url": "https://urbanismo.ayto-alcaladehenares.es/ue-2b-unidad-de-ejecucion-plan-parcial/", "coordSource": "municipio_centroid_jitter", "sectorKey": "alcala-de-henares", "catalogSource": "ayuntamiento-portal"}}, {"type": "Feature", "geometry": {"type": "Point", "coordinates": [-3.3636051, 40.4826042]}, "properties": {"id": "alcala-henares-proy-fa5491c8d8a104", "municipio": "Alcalá de Henares", "titulo": "Plano guía", "fecha": "2024-11-14", "tipo": "urbanismo", "url": "https://urbanismo.ayto-alcaladehenares.es/plano-guia/", "coordSource": "municipio_centroid_jitter", "sectorKey": "alcala-de-henares", "catalogSource": "ayuntamiento-portal"}}, {"type": "Feature", "geometry": {"type": "Point", "coordinates": [-3.3646608, 40.4816115]}, "properties": {"id": "alcala-henares-proy-3b49f38d8ce6d0", "municipio": "Alcalá de Henares", "titulo": "Callejero con Sectores del PGOU", "fecha": "2024-06-19", "tipo": "urbanismo", "url": "https://urbanismo.ayto-alcaladehenares.es/wp-content/uploads/2026/06/CALLEJERO-SECTORES-PLAN-GENERAL.pdf", "coordSource": "municipio_centroid_jitter", "sectorKey": "alcala-de-henares", "catalogSource": "ayuntamiento-portal"}}, {"type": "Feature", "geometry": {"type": "Point", "coordinates": [-3.3663621, 40.4827527]}, "properties": {"id": "alcala-henares-proy-ff2b8a592731b0", "municipio": "Alcalá de Henares", "titulo": "TEXTO DEFINITIVO DE CONVENIO URBANÍSTICO PARA LA EJECUCIÓN DEL PLAN ESPECIAL DE INFRAESTRUCTURA VIARIA EN LA PARCELA 15-A DEL PROYECTO DE COMPENSACIÓN DEL SECTOR 30-D, SITUADA EN LA AVDA. DE DAGANZO Nº 33", "fecha": "2024-04-23", "tipo": "convenio urbanístico", "url": "https://urbanismo.ayto-alcaladehenares.es/texto-definitivo-de-convenio-urbanistico-para-la-ejecucion-del-plan-especial-de-infraestructura-viaria-en-la-parcela-15-a-del-proyecto-de-compensacion-del-sector-30-d-situada-en-la-avda-de-daganzo-n/", "coordSource": "municipio_centroid_jitter", "sectorKey": "alcala-de-henares", "catalogSource": "ayuntamiento-portal"}}, {"type": "Feature", "geometry": {"type": "Point", "coordinates": [-3.3656387, 40.4815259]}, "properties": {"id": "alcala-henares-proy-2c7a7cc9a7a2b4", "municipio": "Alcalá de Henares", "titulo": "TEXTO REFUNDIDO DE LAS NN.UU. DEL PLAN GENERAL DE ORDENACIÓN URBANA", "fecha": "2023-11-20", "tipo": "urbanismo", "url": "https://urbanismo.ayto-alcaladehenares.es/texto-refundido-de-las-nn-uu-del-plan-general-de-ordenacion-urbana/", "coordSource": "municipio_centroid_jitter", "sectorKey": "alcala-de-henares", "catalogSource": "ayuntamiento-portal"}}, {"type": "Feature", "geometry": {"type": "Point", "coordinates": [-3.3660731, 40.4818182]}, "properties": {"id": "alcala-henares-proy-730c243273581a", "municipio": "Alcalá de Henares", "titulo": "Inspección Técnica de Edificios (ITE)", "fecha": "2023-10-31", "tipo": "urbanismo", "url": "https://urbanismo.ayto-alcaladehenares.es/inspeccion-tecnica-de-edificios/", "coordSource": "municipio_centroid_jitter", "sectorKey": "alcala-de-henares", "catalogSource": "ayuntamiento-portal"}}, {"type": "Feature", "geometry": {"type": "Point", "coordinates": [-3.3644497, 40.4816716]}, "properties": {"id": "alcala-henares-proy-13a1b6f20e2000", "municipio": "Alcalá de Henares", "titulo": "TEXTO DEFINITIVO DE CONVENIO URBANÍSTICO DE EJECUCIÓN DEL PLANEAMIENTO. ÁMBITO UE 20-B PARA ESTABLECIMIENTO DE LAS FASES DE LA URBANIZACIÓN Y REFUERZO DE INFRAESTRUCTURAS.", "fecha": "2023-09-25", "tipo": "convenio urbanístico", "url": "https://urbanismo.ayto-alcaladehenares.es/texto-definitivo-de-convenio-urbanistico-de-ejecucion-del-planeamiento-ambito-ue-20-b-para-establecimiento-de-las-fases-de-la-urbanizacion-y-refuerzo-de-infraestructuras/", "coordSource": "municipio_centroid_jitter", "sectorKey": "alcala-de-henares", "catalogSource": "ayuntamiento-portal"}}, {"type": "Feature", "geometry": {"type": "Point", "coordinates": [-3.3645833, 40.4821844]}, "properties": {"id": "alcala-henares-proy-d5410a3354b1af", "municipio": "Alcalá de Henares", "titulo": "TEXTO DEFINITIVO DEL CONVENIO URBANÍSTICO A SUSCRIBIR ENTRE EL EXCMO. AYUNTAMIENTO DE ALCALÁ DE HENARES Y LAS JUNTAS DE COMPENSACIÓN  UE 20-B «POLISEDA» Y SECTOR 28-C.", "fecha": "2023-07-10", "tipo": "convenio urbanístico", "url": "https://urbanismo.ayto-alcaladehenares.es/texto-definitivo-del-convenio-urbanistico-a-suscribir-entre-el-excmo-ayuntamiento-de-alcala-de-henares-y-las-juntas-de-compensacion-ue-20-b-poliseda-y-sector-28-c/", "coordSource": "municipio_centroid_jitter", "sectorKey": "alcala-de-henares", "catalogSource": "ayuntamiento-portal"}}, {"type": "Feature", "geometry": {"type": "Point", "coordinates": [-3.3654648, 40.482035]}, "properties": {"id": "alcala-henares-proy-568d0806bb1520", "municipio": "Alcalá de Henares", "titulo": "APROBACIÓN INICIAL DEL PLAN ESPECIAL DE EQUIPAMIENTO DE LA PARCELA P-34 DEL SECTOR 31-A DEL P.G.O.U.", "fecha": "2023-06-08", "tipo": "planeamiento", "url": "https://urbanismo.ayto-alcaladehenares.es/18745-2/", "coordSource": "municipio_centroid_jitter", "sectorKey": "alcala-de-henares", "catalogSource": "ayuntamiento-portal"}}, {"type": "Feature", "geometry": {"type": "Point", "coordinates": [-3.3663412, 40.4818]}, "properties": {"id": "alcala-henares-proy-a7f7ef5b020324", "municipio": "Alcalá de Henares", "titulo": "Aprobación Definitiva de la Disolución de la Junta de Compensación de la UE-1 Sector 108 del P.G.O.U", "fecha": "2023-06-07", "tipo": "aprobación definitiva", "url": "https://urbanismo.ayto-alcaladehenares.es/aprobacion-definitiva-de-la-disolucion-de-la-junta-de-compensacion-de-la-ue-1-sector-108-del-p-g-o-u-2/", "coordSource": "municipio_centroid_jitter", "sectorKey": "alcala-de-henares", "catalogSource": "ayuntamiento-portal"}}, {"type": "Feature", "geometry": {"type": "Point", "coordinates": [-3.3645428, 40.4820565]}, "properties": {"id": "alcala-henares-proy-273bfac774cea9", "municipio": "Alcalá de Henares", "titulo": "APROBACIÓN INICIAL DE LA DISOLUCIÓN DE LA JUNTA DE COMPENSACIÓN DE LA UE-1 SECTOR 108 DEL P.G.O.U.", "fecha": "2023-06-06", "tipo": "urbanismo", "url": "https://urbanismo.ayto-alcaladehenares.es/aprobacion-inicial-de-la-disolucion-de-la-junta-de-compensacion-de-la-ue-1-sector-108-del-p-g-o-u/", "coordSource": "municipio_centroid_jitter", "sectorKey": "alcala-de-henares", "catalogSource": "ayuntamiento-portal"}}, {"type": "Feature", "geometry": {"type": "Point", "coordinates": [-3.3651566, 40.4821127]}, "properties": {"id": "alcala-henares-proy-56f79e2aa776ec", "municipio": "Alcalá de Henares", "titulo": "APROBACIÓN DEFINITIVA DE LA DISOLUCIÓN DE LA JUNTA DE COMP", "fecha": "2023-06-06", "tipo": "aprobación definitiva", "url": "https://urbanismo.ayto-alcaladehenares.es/aprobacion-definitiva-de-la-disolucion-de-la-junta-de-comp/", "coordSource": "municipio_centroid_jitter", "sectorKey": "alcala-de-henares", "catalogSource": "ayuntamiento-portal"}}, {"type": "Feature", "geometry": {"type": "Point", "coordinates": [-3.3650922, 40.4808243]}, "properties": {"id": "alcala-henares-proy-c5b77c1173ebd8", "municipio": "Alcalá de Henares", "titulo": "APROBACIÓN DEFINITIVA DE LA DISOLUCIÓN DE LA JUNTA DE COMPENSACIÓN DE LA UE-1 SECTOR 108 DEL P.G.O.U.", "fecha": "2023-06-06", "tipo": "aprobación definitiva", "url": "https://urbanismo.ayto-alcaladehenares.es/aprobacion-definitiva-de-la-disolucion-de-la-junta-de-compensacion-de-la-ue-1-sector-108-del-p-g-o-u/", "coordSource": "municipio_centroid_jitter", "sectorKey": "alcala-de-henares", "catalogSource": "ayuntamiento-portal"}}, {"type": "Feature", "geometry": {"type": "Point", "coordinates": [-3.3642939, 40.4825646]}, "properties": {"id": "alcala-henares-proy-070f5f326828af", "municipio": "Alcalá de Henares", "titulo": "APROBACIÓN DEFINITIVA DISOLUCIÓN DE LA JUNTA DE COMPENSACIÓN DE LA UE-1 DEL SECTOR 108 DEL PGOU", "fecha": "2023-06-05", "tipo": "aprobación definitiva", "url": "https://urbanismo.ayto-alcaladehenares.es/aprobacion-definitiva-disolucion-de-la-junta-de-compensacion-de-la-ue-1-del-sector-108-del-pgou/", "coordSource": "municipio_centroid_jitter", "sectorKey": "alcala-de-henares", "catalogSource": "ayuntamiento-portal"}}, {"type": "Feature", "geometry": {"type": "Point", "coordinates": [-3.36303, 40.4813377]}, "properties": {"id": "alcala-henares-proy-9763283f747891", "municipio": "Alcalá de Henares", "titulo": "PLAN ESPECIAL DE INFRAESTRUCTURA VIARIA DE LA PARCELA SITA EN AVDA. DE DAGANZO Nº 33", "fecha": "2023-04-21", "tipo": "planeamiento", "url": "https://urbanismo.ayto-alcaladehenares.es/plan-especial-de-infraestructura-viaria-de-la-parcela-sita-en-avda-de-daganzo-no-33/", "coordSource": "municipio_centroid_jitter", "sectorKey": "alcala-de-henares", "catalogSource": "ayuntamiento-portal"}}, {"type": "Feature", "geometry": {"type": "Point", "coordinates": [-3.3648684, 40.4828432]}, "properties": {"id": "alcala-henares-proy-7550b5a5a9039b", "municipio": "Alcalá de Henares", "titulo": "Informe de Evaluación del Edificio (IEE)", "fecha": "2023-04-17", "tipo": "urbanismo", "url": "https://urbanismo.ayto-alcaladehenares.es/informe-de-evaluacion-del-edificio/", "coordSource": "municipio_centroid_jitter", "sectorKey": "alcala-de-henares", "catalogSource": "ayuntamiento-portal"}}, {"type": "Feature", "geometry": {"type": "Point", "coordinates": [-3.365149, 40.4830745]}, "properties": {"id": "alcala-henares-proy-edabd610369113", "municipio": "Alcalá de Henares", "titulo": "PROPUESTA DE CONVENIO URBANÍSTICO ENTRE ESTE AYUNTAMIENTO Y LAS JUNTAS DE COMPENSACIÓN DE LA U.E. 20-B «POLISEDA» Y S.28-C.", "fecha": "2023-02-14", "tipo": "convenio urbanístico", "url": "https://urbanismo.ayto-alcaladehenares.es/propuesta-de-convenio-urbanistico-entre-este-ayuntamiento-y-las-juntas-de-compensacion-de-la-u-e-20-b-poliseda-y-s-28-c/", "coordSource": "municipio_centroid_jitter", "sectorKey": "alcala-de-henares", "catalogSource": "ayuntamiento-portal"}}, {"type": "Feature", "geometry": {"type": "Point", "coordinates": [-3.3648578, 40.4817563]}, "properties": {"id": "alcala-henares-proy-883aff490d237e", "municipio": "Alcalá de Henares", "titulo": "TEXTO DEFINITIVO CONVENIO URBANÍSTICO PARA LA EJECUCIÓN DEL PLAN ESPECIAL DE MEJORA DE LA INFRAESTRUCTURA VIARIA, ACCESOS Y ORDENACIÓN DE LA PARCELA SITUADA EN LA AVDA. DE MADRID", "fecha": "2022-09-09", "tipo": "convenio urbanístico", "url": "https://urbanismo.ayto-alcaladehenares.es/texto-definitivo-convenio-urbanistico-para-la-ejecucion-del-plan-especial-de-mejora-de-la-infraestructura-viaria-accesos-y-ordenacion-de-la-parcela-situada-en-la-avda-de-madrid/", "coordSource": "municipio_centroid_jitter", "sectorKey": "alcala-de-henares", "catalogSource": "ayuntamiento-portal"}}, {"type": "Feature", "geometry": {"type": "Point", "coordinates": [-3.3651889, 40.4818927]}, "properties": {"id": "alcala-henares-proy-335dc933b7e203", "municipio": "Alcalá de Henares", "titulo": "TEXTO DEFINITIVO DE CONVENIO URBANÍSTICO CON LA SOCIEDAD CAMPORROSSO, S.L.U. PARA LA EJECUCIÓN Y DESARROLLO DE LA U.E. Nº 7 DEL P.G.O.U.", "fecha": "2022-05-10", "tipo": "convenio urbanístico", "url": "https://urbanismo.ayto-alcaladehenares.es/texto-definitivo-de-convenio-urbanistico-con-la-sociedad-camporrosso-s-l-u-para-la-ejecucion-y-desarrollo-de-la-u-e-no-7-del-p-g-o-u/", "coordSource": "municipio_centroid_jitter", "sectorKey": "alcala-de-henares", "catalogSource": "ayuntamiento-portal"}}, {"type": "Feature", "geometry": {"type": "Point", "coordinates": [-3.364429, 40.4804984]}, "properties": {"id": "alcala-henares-proy-6a58dbfcddbcdc", "municipio": "Alcalá de Henares", "titulo": "Apertura Trámite Información Pública P. de Reparcelación Sector 30-B del P.G.O.U.", "fecha": "2022-03-23", "tipo": "información pública", "url": "https://urbanismo.ayto-alcaladehenares.es/apertura-tramite-informacion-publica-p-de-reparcelacion-sector-30-b-del-p-g-o-u/", "coordSource": "municipio_centroid_jitter", "sectorKey": "alcala-de-henares", "catalogSource": "ayuntamiento-portal"}}, {"type": "Feature", "geometry": {"type": "Point", "coordinates": [-3.363417, 40.4818682]}, "properties": {"id": "alcala-henares-proy-514bcdd0e10bb3", "municipio": "Alcalá de Henares", "titulo": "MODIFICACIÓN Nº 2 DEL PLAN DE SECTORIZACIÓN SECTOR 115-A", "fecha": "2022-03-21", "tipo": "planeamiento", "url": "https://urbanismo.ayto-alcaladehenares.es/modificacion-no-2-del-plan-de-sectorizacion-sector-115-a/", "coordSource": "municipio_centroid_jitter", "sectorKey": "alcala-de-henares", "catalogSource": "ayuntamiento-portal"}}, {"type": "Feature", "geometry": {"type": "Point", "coordinates": [-3.3653938, 40.4815868]}, "properties": {"id": "alcala-henares-proy-e4350a8d95b39d", "municipio": "Alcalá de Henares", "titulo": "TEXTO REFUNDIDO DE LA MODIFICACIÓN PUNTUAL DEL PLAN PARCIAL DEL SECTOR 30-B DEL P.G.O.U.", "fecha": "2021-12-09", "tipo": "planeamiento", "url": "https://urbanismo.ayto-alcaladehenares.es/texto-refundido-de-la-modificacion-puntual-del-plan-parcial-del-sector-30-b-del-p-g-o-u/", "coordSource": "municipio_centroid_jitter", "sectorKey": "alcala-de-henares", "catalogSource": "ayuntamiento-portal"}}, {"type": "Feature", "geometry": {"type": "Point", "coordinates": [-3.3644838, 40.4816108]}, "properties": {"id": "alcala-henares-proy-9e821dfdc8d485", "municipio": "Alcalá de Henares", "titulo": "A. Inicial Modificación Puntual del Plan Parcial de Mejora del Polígono 21-A «Ciudad del Aire» del P.G.O.U.", "fecha": "2021-09-21", "tipo": "planeamiento", "url": "https://urbanismo.ayto-alcaladehenares.es/a-inicial-modificacion-puntual-del-plan-parcial-de-mejora-del-poligono-21-a-ciudad-del-aire-del-p-g-o-u/", "coordSource": "municipio_centroid_jitter", "sectorKey": "alcala-de-henares", "catalogSource": "ayuntamiento-portal"}}, {"type": "Feature", "geometry": {"type": "Point", "coordinates": [-3.3644877, 40.4822437]}, "properties": {"id": "alcala-henares-proy-236840fe656b89", "municipio": "Alcalá de Henares", "titulo": "Plan Municipal de Aparcamientos", "fecha": "2021-07-06", "tipo": "urbanismo", "url": "https://inscripciones.ayto-alcaladehenares.es/plan-municipal-de-aparcamientos/", "coordSource": "municipio_centroid_jitter", "sectorKey": "alcala-de-henares", "catalogSource": "ayuntamiento-portal"}}, {"type": "Feature", "geometry": {"type": "Point", "coordinates": [-3.3647441, 40.4815614]}, "properties": {"id": "alcala-henares-proy-c25f182f4bd5c1", "municipio": "Alcalá de Henares", "titulo": "TEXTO DEFINITIVO CONVENIO URBANÍSTICO DE EJECUCIÓN DEL PLANEAMIENTO SECTOR 30-B DEL P.G.O.U.", "fecha": "2021-03-23", "tipo": "convenio urbanístico", "url": "https://urbanismo.ayto-alcaladehenares.es/texto-definitivo-convenio-urbanistico-de-ejecucion-del-planeamiento-sector-30-b-del-p-g-o-u/", "coordSource": "municipio_centroid_jitter", "sectorKey": "alcala-de-henares", "catalogSource": "ayuntamiento-portal"}}, {"type": "Feature", "geometry": {"type": "Point", "coordinates": [-3.3651201, 40.4816004]}, "properties": {"id": "alcala-henares-proy-7e6e1fdfe41809", "municipio": "Alcalá de Henares", "titulo": "Avance de la Revisión del Plan General de Ordenación Urbana", "fecha": "2020-09-29", "tipo": "urbanismo", "url": "https://pgou.ayto-alcaladehenares.es/", "coordSource": "municipio_centroid_jitter", "sectorKey": "alcala-de-henares", "catalogSource": "ayuntamiento-portal"}}, {"type": "Feature", "geometry": {"type": "Point", "coordinates": [-3.3641115, 40.481887]}, "properties": {"id": "alcala-henares-proy-021b5491b3d148", "municipio": "Alcalá de Henares", "titulo": "CONVENIO DE EJECUCIÓN CON LOS PROPIETARIOS DE LA RED GENERAL SGVE-E PARA LA CAPTACIÓN DE LA FASE II «ISLA DEL COLEGIO»", "fecha": "2020-09-23", "tipo": "convenio urbanístico", "url": "https://urbanismo.ayto-alcaladehenares.es/convenio-de-ejecucion-con-los-propietarios-de-la-red-general-sgve-e-para-la-captacion-de-la-fase-ii-isla-del-colegio/", "coordSource": "municipio_centroid_jitter", "sectorKey": "alcala-de-henares", "catalogSource": "ayuntamiento-portal"}}, {"type": "Feature", "geometry": {"type": "Point", "coordinates": [-3.3646059, 40.4823092]}, "properties": {"id": "alcala-henares-proy-9fb53ab0ec4a72", "municipio": "Alcalá de Henares", "titulo": "Convenio Urbanístico U.E. nº 26 bis", "fecha": "2020-07-24", "tipo": "convenio urbanístico", "url": "https://urbanismo.ayto-alcaladehenares.es/convenio-urbanistico-u-e-no-26-bis/", "coordSource": "municipio_centroid_jitter", "sectorKey": "alcala-de-henares", "catalogSource": "ayuntamiento-portal"}}, {"type": "Feature", "geometry": {"type": "Point", "coordinates": [-3.3646725, 40.4817798]}, "properties": {"id": "alcala-henares-proy-103af85ba0de49", "municipio": "Alcalá de Henares", "titulo": "Planeamiento y Gestión Urbanística", "fecha": "2020-07-07", "tipo": "urbanismo", "url": "https://urbanismo.ayto-alcaladehenares.es/planeamiento-y-gestion-urbanistica/", "coordSource": "municipio_centroid_jitter", "sectorKey": "alcala-de-henares", "catalogSource": "ayuntamiento-portal"}}, {"type": "Feature", "geometry": {"type": "Point", "coordinates": [-3.364908, 40.4811146]}, "properties": {"id": "alcala-henares-proy-77aa47ebeb4808", "municipio": "Alcalá de Henares", "titulo": "Licencias Urbanísticas y de Actividades", "fecha": "2020-07-07", "tipo": "urbanismo", "url": "https://urbanismo.ayto-alcaladehenares.es/licencias-urbanisticas-y-de-actividades/", "coordSource": "municipio_centroid_jitter", "sectorKey": "alcala-de-henares", "catalogSource": "ayuntamiento-portal"}}, {"type": "Feature", "geometry": {"type": "Point", "coordinates": [-3.3635437, 40.4824158]}, "properties": {"id": "alcala-henares-proy-f26c384bd1fe62", "municipio": "Alcalá de Henares", "titulo": "Disciplina Urbanística y Actividades", "fecha": "2020-07-07", "tipo": "urbanismo", "url": "https://urbanismo.ayto-alcaladehenares.es/disciplina-urbanistica-y-actividades/", "coordSource": "municipio_centroid_jitter", "sectorKey": "alcala-de-henares", "catalogSource": "ayuntamiento-portal"}}, {"type": "Feature", "geometry": {"type": "Point", "coordinates": [-3.3645893, 40.4822777]}, "properties": {"id": "alcala-henares-proy-5f66f9f3068f24", "municipio": "Alcalá de Henares", "titulo": "Actos no sujetos a título habilitante de carácter urbanístico", "fecha": "2020-06-29", "tipo": "urbanismo", "url": "https://urbanismo.ayto-alcaladehenares.es/comunicacion-de-obras/", "coordSource": "municipio_centroid_jitter", "sectorKey": "alcala-de-henares", "catalogSource": "ayuntamiento-portal"}}, {"type": "Feature", "geometry": {"type": "Point", "coordinates": [-3.3636968, 40.4825368]}, "properties": {"id": "alcala-henares-proy-155cd3ba562203", "municipio": "Alcalá de Henares", "titulo": "Licencias Urbanísticas", "fecha": "2020-06-27", "tipo": "urbanismo", "url": "https://urbanismo.ayto-alcaladehenares.es/licencias-urbanisticas/", "coordSource": "municipio_centroid_jitter", "sectorKey": "alcala-de-henares", "catalogSource": "ayuntamiento-portal"}}, {"type": "Feature", "geometry": {"type": "Point", "coordinates": [-3.363814, 40.4821583]}, "properties": {"id": "alcala-henares-proy-e50bdddaf02918", "municipio": "Alcalá de Henares", "titulo": "CRITERIOS INSTALACIÓN DE VELADORES EN LA VÍA PÚBLICA", "fecha": "2020-06-02", "tipo": "urbanismo", "url": "https://urbanismo.ayto-alcaladehenares.es/criterios-instalacion-veladores-via-publica/", "coordSource": "municipio_centroid_jitter", "sectorKey": "alcala-de-henares", "catalogSource": "ayuntamiento-portal"}}, {"type": "Feature", "geometry": {"type": "Point", "coordinates": [-3.3647366, 40.4818195]}, "properties": {"id": "alcala-henares-proy-af936768932720", "municipio": "Alcalá de Henares", "titulo": "Plan General de Ordenación Urbana (P.G.O.U.)", "fecha": "2020-03-11", "tipo": "urbanismo", "url": "https://urbanismo.ayto-alcaladehenares.es/plan-general-de-ordenacion-urbana-p-g-o-u/", "coordSource": "municipio_centroid_jitter", "sectorKey": "alcala-de-henares", "catalogSource": "ayuntamiento-portal"}}, {"type": "Feature", "geometry": {"type": "Point", "coordinates": [-3.366003, 40.4818173]}, "properties": {"id": "alcala-henares-proy-a25170d04ae5f0", "municipio": "Alcalá de Henares", "titulo": "Modificaciones del Plan General de Ordenación Urbana (P.G.O.U.)", "fecha": "2020-03-09", "tipo": "planeamiento", "url": "https://urbanismo.ayto-alcaladehenares.es/modificaciones-del-plan-general-de-ordenacion-urbana-p-g-o-u/", "coordSource": "municipio_centroid_jitter", "sectorKey": "alcala-de-henares", "catalogSource": "ayuntamiento-portal"}}, {"type": "Feature", "geometry": {"type": "Point", "coordinates": [-3.3649197, 40.4812171]}, "properties": {"id": "alcala-henares-proy-b6ec0fd4177e91", "municipio": "Alcalá de Henares", "titulo": "Normas Subsidiarias", "fecha": "2020-03-09", "tipo": "urbanismo", "url": "https://urbanismo.ayto-alcaladehenares.es/normas-subsidiarias/", "coordSource": "municipio_centroid_jitter", "sectorKey": "alcala-de-henares", "catalogSource": "ayuntamiento-portal"}}, {"type": "Feature", "geometry": {"type": "Point", "coordinates": [-3.3650286, 40.482025]}, "properties": {"id": "alcala-henares-proy-da45e1e410c475", "municipio": "Alcalá de Henares", "titulo": "Planeamiento de Desarrollo", "fecha": "2020-03-08", "tipo": "urbanismo", "url": "https://urbanismo.ayto-alcaladehenares.es/planeamiento-de-desarrollo/", "coordSource": "municipio_centroid_jitter", "sectorKey": "alcala-de-henares", "catalogSource": "ayuntamiento-portal"}}, {"type": "Feature", "geometry": {"type": "Point", "coordinates": [-3.3643358, 40.4818389]}, "properties": {"id": "alcala-henares-proy-893858b50c646a", "municipio": "Alcalá de Henares", "titulo": "Convenios Urbanísticos", "fecha": "2020-03-07", "tipo": "convenio urbanístico", "url": "https://urbanismo.ayto-alcaladehenares.es/convenios-urbanisticos/", "coordSource": "municipio_centroid_jitter", "sectorKey": "alcala-de-henares", "catalogSource": "ayuntamiento-portal"}}, {"type": "Feature", "geometry": {"type": "Point", "coordinates": [-3.3647255, 40.4829123]}, "properties": {"id": "alcala-henares-proy-ded532124a644d", "municipio": "Alcalá de Henares", "titulo": "Plan Especial de Protección del Casco Histórico", "fecha": "2020-03-07", "tipo": "planeamiento", "url": "https://urbanismo.ayto-alcaladehenares.es/plan-especial-de-proteccion-del-casco-historico/", "coordSource": "municipio_centroid_jitter", "sectorKey": "alcala-de-henares", "catalogSource": "ayuntamiento-portal"}}, {"type": "Feature", "geometry": {"type": "Point", "coordinates": [-3.3632293, 40.4820789]}, "properties": {"id": "alcala-henares-proy-791784684a438a", "municipio": "Alcalá de Henares", "titulo": "Información Pública", "fecha": "2020-03-02", "tipo": "información pública", "url": "https://urbanismo.ayto-alcaladehenares.es/publicaciones/", "coordSource": "municipio_centroid_jitter", "sectorKey": "alcala-de-henares", "catalogSource": "ayuntamiento-portal"}}, {"type": "Feature", "geometry": {"type": "Point", "coordinates": [-3.3646449, 40.4817551]}, "properties": {"id": "alcala-henares-proy-1367591f3659d3", "municipio": "Alcalá de Henares", "titulo": "Convenio Urbanístico de ejecucion del Planeamiento del Sector 104 del P.G.O.U.", "fecha": "2020-02-24", "tipo": "convenio urbanístico", "url": "https://urbanismo.ayto-alcaladehenares.es/s-convenio-urbanistico-de-ejecucion-del-planeamiento-del-sector-104-del-p-g-o-u/", "coordSource": "municipio_centroid_jitter", "sectorKey": "alcala-de-henares", "catalogSource": "ayuntamiento-portal"}}, {"type": "Feature", "geometry": {"type": "Point", "coordinates": [-3.3634069, 40.4830589]}, "properties": {"id": "alcala-henares-proy-49eef8dee75d4e", "municipio": "Alcalá de Henares", "titulo": "CONVENIO TEXTO DEFINITIVO DEL INVIED AÑO 2011", "fecha": "2020-02-24", "tipo": "convenio urbanístico", "url": "https://urbanismo.ayto-alcaladehenares.es/s-convenio-texto-definitivo-del-invied-ano-2011/", "coordSource": "municipio_centroid_jitter", "sectorKey": "alcala-de-henares", "catalogSource": "ayuntamiento-portal"}}, {"type": "Feature", "geometry": {"type": "Point", "coordinates": [-3.3657419, 40.4818693]}, "properties": {"id": "alcala-henares-proy-6aca6e8f655019", "municipio": "Alcalá de Henares", "titulo": "Texto Definitivo del Convenio del Sector 117 del P.G.O.U suscrito el 21-11-18", "fecha": "2020-02-24", "tipo": "convenio urbanístico", "url": "https://urbanismo.ayto-alcaladehenares.es/s-texto-definitivo-del-convenio-del-sector-117-del-p-g-o-u-suscrito-el-21-11-18/", "coordSource": "municipio_centroid_jitter", "sectorKey": "alcala-de-henares", "catalogSource": "ayuntamiento-portal"}}, {"type": "Feature", "geometry": {"type": "Point", "coordinates": [-3.3640696, 40.4821357]}, "properties": {"id": "alcala-henares-proy-a073a4b5f8843f", "municipio": "Alcalá de Henares", "titulo": "Convenio Urbanístico Sector 25", "fecha": "2020-02-24", "tipo": "convenio urbanístico", "url": "https://urbanismo.ayto-alcaladehenares.es/s-convenio-urbanistico-sector/", "coordSource": "municipio_centroid_jitter", "sectorKey": "alcala-de-henares", "catalogSource": "ayuntamiento-portal"}}, {"type": "Feature", "geometry": {"type": "Point", "coordinates": [-3.3658888, 40.4815062]}, "properties": {"id": "alcala-henares-proy-c7ac12b66e290c", "municipio": "Alcalá de Henares", "titulo": "CONVENIO TEXTO DEFINITVO DE LA U.E 27 DEL P.G.O.U.", "fecha": "2020-02-24", "tipo": "convenio urbanístico", "url": "https://urbanismo.ayto-alcaladehenares.es/s-convenio-texto-definitvo-de-la-u-e-27-del-p-g-o-u/", "coordSource": "municipio_centroid_jitter", "sectorKey": "alcala-de-henares", "catalogSource": "ayuntamiento-portal"}}, {"type": "Feature", "geometry": {"type": "Point", "coordinates": [-3.3660075, 40.4805271]}, "properties": {"id": "alcala-henares-proy-ccdfa6fb736b28", "municipio": "Alcalá de Henares", "titulo": "Convenio Ayuntamiento y Goodman Real State (Spain)SL", "fecha": "2020-02-24", "tipo": "convenio urbanístico", "url": "https://urbanismo.ayto-alcaladehenares.es/s-convenio-ayuntamiento-y-goodman-real-state-spainsl/", "coordSource": "municipio_centroid_jitter", "sectorKey": "alcala-de-henares", "catalogSource": "ayuntamiento-portal"}}, {"type": "Feature", "geometry": {"type": "Point", "coordinates": [-3.3647845, 40.4817658]}, "properties": {"id": "alcala-henares-proy-e1f9766f52c001", "municipio": "Alcalá de Henares", "titulo": "CONVENIO TEXTO DEFINITIVO DE LA SOCIEDAD ALTAMIRA SANTANDER REAL ESTATE, S.A.", "fecha": "2020-02-24", "tipo": "convenio urbanístico", "url": "https://urbanismo.ayto-alcaladehenares.es/s-convenio-texto-definitivo-de-la-sociedad-altamira-santander-real-estate-s-a/", "coordSource": "municipio_centroid_jitter", "sectorKey": "alcala-de-henares", "catalogSource": "ayuntamiento-portal"}}, {"type": "Feature", "geometry": {"type": "Point", "coordinates": [-3.3645295, 40.4810643]}, "properties": {"id": "alcala-henares-proy-e9f42c3c2c180b", "municipio": "Alcalá de Henares", "titulo": "CONVENIO TEXTO DEFINITIVO DE LA U.E.28", "fecha": "2020-02-24", "tipo": "convenio urbanístico", "url": "https://urbanismo.ayto-alcaladehenares.es/s-convenio-texto-definitivo-de-la-u-e-28/", "coordSource": "municipio_centroid_jitter", "sectorKey": "alcala-de-henares", "catalogSource": "ayuntamiento-portal"}}, {"type": "Feature", "geometry": {"type": "Point", "coordinates": [-3.3647, 40.4807506]}, "properties": {"id": "alcala-henares-proy-4d09f52e79fc39", "municipio": "Alcalá de Henares", "titulo": "Registro Municipal de Transferencias de Aprovechamiento Urbanístico. Censo de Instalaciones y Emplazamientos con Amianto.", "fecha": "2019-10-23", "tipo": "urbanismo", "url": "https://urbanismo.ayto-alcaladehenares.es/registro-municipal-de-transferencias-de-aprovechamiento-urbanistico-censo-de-instalaciones-y-emplazamientos-con-amianto/", "coordSource": "municipio_centroid_jitter", "sectorKey": "alcala-de-henares", "catalogSource": "ayuntamiento-portal"}}, {"type": "Feature", "geometry": {"type": "Point", "coordinates": [-3.6441016, 40.5471698]}, "properties": {"id": "alcobendas-proy-e61748330a3680", "municipio": "Alcobendas", "titulo": "Plan especial de mejora de las actividades económicas reguladas por las normas zonales de uso terciario e industrial", "fecha": "2026-01-01", "tipo": "información pública", "url": "https://www.alcobendas.org/es/ayuntamiento/informacion-administrativa/acuerdos-informacion-publica?buscar=&field_departamento_target_id=2466", "coordSource": "municipio_centroid_jitter", "sectorKey": "alcobendas", "catalogSource": "ayuntamiento-portal"}}, {"type": "Feature", "geometry": {"type": "Point", "coordinates": [-3.6436637, 40.5471811]}, "properties": {"id": "alcobendas-proy-3f321f502c460d", "municipio": "Alcobendas", "titulo": "Aprobación inicial del Plan Parcial de Comillas", "fecha": "2025-09-01", "tipo": "información pública", "url": "https://www.alcobendas.org/es/ayuntamiento/informacion-administrativa/acuerdos-informacion-publica?buscar=&field_departamento_target_id=2466", "coordSource": "municipio_centroid_jitter", "sectorKey": "alcobendas", "catalogSource": "ayuntamiento-portal"}}, {"type": "Feature", "geometry": {"type": "Point", "coordinates": [-3.642626, 40.5469583]}, "properties": {"id": "alcobendas-proy-5474fa30f14dfd", "municipio": "Alcobendas", "titulo": "Aprobación definitiva de la disolución de la Entidad de Conservación Parque Empresarial La Moraleja", "fecha": "2025-09-01", "tipo": "información pública", "url": "https://www.alcobendas.org/es/ayuntamiento/informacion-administrativa/acuerdos-informacion-publica?buscar=&field_departamento_target_id=2466", "coordSource": "municipio_centroid_jitter", "sectorKey": "alcobendas", "catalogSource": "ayuntamiento-portal"}}, {"type": "Feature", "geometry": {"type": "Point", "coordinates": [-3.6434693, 40.5468474]}, "properties": {"id": "alcobendas-proy-23f7a249243568", "municipio": "Alcobendas", "titulo": "Aprobación inicial de la disolución de la Entidad de Conservación Parque Empresarial La Moraleja", "fecha": "2025-03-01", "tipo": "información pública", "url": "https://www.alcobendas.org/es/ayuntamiento/informacion-administrativa/acuerdos-informacion-publica?buscar=&field_departamento_target_id=2466", "coordSource": "municipio_centroid_jitter", "sectorKey": "alcobendas", "catalogSource": "ayuntamiento-portal"}}, {"type": "Feature", "geometry": {"type": "Point", "coordinates": [-3.6433211, 40.5465417]}, "properties": {"id": "alcobendas-proy-6df0a272fe7dd2", "municipio": "Alcobendas", "titulo": "Aprobación inicial del Plan Parcial del Sector S-2 Escobares", "fecha": "2024-09-01", "tipo": "información pública", "url": "https://www.alcobendas.org/es/ayuntamiento/informacion-administrativa/acuerdos-informacion-publica?buscar=&field_departamento_target_id=2466", "coordSource": "municipio_centroid_jitter", "sectorKey": "alcobendas", "catalogSource": "ayuntamiento-portal"}}, {"type": "Feature", "geometry": {"type": "Point", "coordinates": [-3.6437078, 40.5452605]}, "properties": {"id": "alcobendas-proy-8cdc83a5868821", "municipio": "Alcobendas", "titulo": "Aprobación inicial del Plan Parcial del Sector S-1 del PGOU", "fecha": "2024-07-01", "tipo": "información pública", "url": "https://www.alcobendas.org/es/ayuntamiento/informacion-administrativa/acuerdos-informacion-publica?buscar=&field_departamento_target_id=2466", "coordSource": "municipio_centroid_jitter", "sectorKey": "alcobendas", "catalogSource": "ayuntamiento-portal"}}, {"type": "Feature", "geometry": {"type": "Point", "coordinates": [-3.6444223, 40.5445678]}, "properties": {"id": "alcobendas-proy-d43be04a84acf2", "municipio": "Alcobendas", "titulo": "Convenio de colaboración para la implantación de una red de calefacción urbana mediante recursos renovables en Alcobendas (20-06-2022)", "fecha": "2022-01-01", "tipo": "convenio urbanístico", "url": "https://www.alcobendas.org/es/ayuntamiento/informacion-administrativa/convenios?buscar=&field_firmante_convenio_ayto_target_id=All&field_inicio_vi_value=&field_f_value=&field_area_tematica_target_id=1110", "coordSource": "municipio_centroid_jitter", "sectorKey": "alcobendas", "catalogSource": "ayuntamiento-portal"}}, {"type": "Feature", "geometry": {"type": "Point", "coordinates": [-3.6438045, 40.5448442]}, "properties": {"id": "alcobendas-proy-0ca32498d8eac3", "municipio": "Alcobendas", "titulo": "Nuevos%20desarrollos%20urban%C3%ADsticos.%20Escobares%20I.pdf", "fecha": "2021-07-01", "tipo": "documento urbanismo", "url": "https://www.alcobendas.org/es/temas/ciudad-sostenible/urbanismo/nuevos-desarrollos", "coordSource": "municipio_centroid_jitter", "sectorKey": "alcobendas", "catalogSource": "ayuntamiento-portal"}}, {"type": "Feature", "geometry": {"type": "Point", "coordinates": [-3.6418024, 40.5450752]}, "properties": {"id": "alcobendas-proy-2661f691e6d605", "municipio": "Alcobendas", "titulo": "Nuevos%20desarrollos%20urban%C3%ADsticos.%20Escobares%20II.pdf", "fecha": "2021-07-01", "tipo": "documento urbanismo", "url": "https://www.alcobendas.org/es/temas/ciudad-sostenible/urbanismo/nuevos-desarrollos", "coordSource": "municipio_centroid_jitter", "sectorKey": "alcobendas", "catalogSource": "ayuntamiento-portal"}}, {"type": "Feature", "geometry": {"type": "Point", "coordinates": [-3.6436609, 40.5461668]}, "properties": {"id": "alcobendas-proy-e2029de08159ae", "municipio": "Alcobendas", "titulo": "Convenio urbanístico de ejecución del sector Los Carriles y sus estatutos y bases de actuación (25-03-2021)", "fecha": "2021-01-01", "tipo": "convenio urbanístico", "url": "https://www.alcobendas.org/es/ayuntamiento/informacion-administrativa/convenios?buscar=&field_firmante_convenio_ayto_target_id=All&field_inicio_vi_value=&field_f_value=&field_area_tematica_target_id=1110", "coordSource": "municipio_centroid_jitter", "sectorKey": "alcobendas", "catalogSource": "ayuntamiento-portal"}}, {"type": "Feature", "geometry": {"type": "Point", "coordinates": [-3.644181, 40.5455156]}, "properties": {"id": "alcobendas-proy-8f96a045c9a91a", "municipio": "Alcobendas", "titulo": "Aprobación Definitiva de la Modificación Puntual nº 3 del PGOU de 2009 (Exp 2128)", "fecha": "2009-01-01", "tipo": "información pública", "url": "https://www.alcobendas.org/es/ayuntamiento/informacion-administrativa/acuerdos-informacion-publica?buscar=&field_departamento_target_id=2466", "coordSource": "municipio_centroid_jitter", "sectorKey": "alcobendas", "catalogSource": "ayuntamiento-portal"}}, {"type": "Feature", "geometry": {"type": "Point", "coordinates": [-3.644666, 40.5457967]}, "properties": {"id": "alcobendas-proy-586813c3659e68", "municipio": "Alcobendas", "titulo": "Aprobación definitiva Plan Especial cerramientos parcela zona 3, edif. Unifamiliar 3,4,5,6 y 7 (Expte. 2402)", "fecha": "", "tipo": "información pública", "url": "https://www.alcobendas.org/es/ayuntamiento/informacion-administrativa/acuerdos-informacion-publica?buscar=&field_departamento_target_id=2466", "coordSource": "municipio_centroid_jitter", "sectorKey": "alcobendas", "catalogSource": "ayuntamiento-portal"}}, {"type": "Feature", "geometry": {"type": "Point", "coordinates": [-3.6423379, 40.5455458]}, "properties": {"id": "alcobendas-proy-aa7e1a83dbbf57", "municipio": "Alcobendas", "titulo": "Aprobación definitiva del Plan Especial de Cerramientos de La Moraleja", "fecha": "", "tipo": "información pública", "url": "https://www.alcobendas.org/es/ayuntamiento/informacion-administrativa/acuerdos-informacion-publica?buscar=&field_departamento_target_id=2466", "coordSource": "municipio_centroid_jitter", "sectorKey": "alcobendas", "catalogSource": "ayuntamiento-portal"}}, {"type": "Feature", "geometry": {"type": "Point", "coordinates": [-3.6431794, 40.5462584]}, "properties": {"id": "alcobendas-proy-cdde0e741b275c", "municipio": "Alcobendas", "titulo": "Plan Parcial del Sector S1 &quot;Los Carriles&quot;. Exp. 2475", "fecha": "", "tipo": "información pública", "url": "https://www.alcobendas.org/es/ayuntamiento/informacion-administrativa/acuerdos-informacion-publica?buscar=&field_departamento_target_id=2466", "coordSource": "municipio_centroid_jitter", "sectorKey": "alcobendas", "catalogSource": "ayuntamiento-portal"}}, {"type": "Feature", "geometry": {"type": "Point", "coordinates": [-3.7946846, 40.2842217]}, "properties": {"id": "fuenlabrada-proy-cdc63c4bfad48d", "municipio": "Fuenlabrada", "titulo": "CONVENIO-Y-ACUERDOS-VECINALES_Censurado", "fecha": "2025-10-01", "tipo": "convenio urbanístico", "url": "https://transparencia.ayto-fuenlabrada.es/ordenacion-del-territorio-y-obras/convenios-urbanisticos/", "coordSource": "municipio_centroid_jitter", "sectorKey": "fuenlabrada", "catalogSource": "ayuntamiento-portal"}}, {"type": "Feature", "geometry": {"type": "Point", "coordinates": [-3.7935078, 40.2843577]}, "properties": {"id": "fuenlabrada-proy-23a9a721c69e5c", "municipio": "Fuenlabrada", "titulo": "a7abfbbb-223b-d46d-a871-9e9aa6453846", "fecha": "2025-01-30", "tipo": "modificación PGOU", "url": "https://transparencia.ayto-fuenlabrada.es/ordenacion-del-territorio-y-obras/modificaciones-plan-general-ordenacion-urbana/", "coordSource": "municipio_centroid_jitter", "sectorKey": "fuenlabrada", "catalogSource": "ayuntamiento-portal"}}, {"type": "Feature", "geometry": {"type": "Point", "coordinates": [-3.7949737, 40.2841273]}, "properties": {"id": "fuenlabrada-proy-db5bd17f124452", "municipio": "Fuenlabrada", "titulo": "7192ec24-b820-7d1b-0157-856dceb79f31", "fecha": "2025-01-30", "tipo": "modificación PGOU", "url": "https://transparencia.ayto-fuenlabrada.es/ordenacion-del-territorio-y-obras/modificaciones-plan-general-ordenacion-urbana/", "coordSource": "municipio_centroid_jitter", "sectorKey": "fuenlabrada", "catalogSource": "ayuntamiento-portal"}}, {"type": "Feature", "geometry": {"type": "Point", "coordinates": [-3.7941751, 40.2839242]}, "properties": {"id": "fuenlabrada-proy-e76f3e5429ec91", "municipio": "Fuenlabrada", "titulo": "e9584df2-c757-8940-0903-3c8351b769db", "fecha": "2025-01-30", "tipo": "modificación PGOU", "url": "https://transparencia.ayto-fuenlabrada.es/ordenacion-del-territorio-y-obras/modificaciones-plan-general-ordenacion-urbana/", "coordSource": "municipio_centroid_jitter", "sectorKey": "fuenlabrada", "catalogSource": "ayuntamiento-portal"}}, {"type": "Feature", "geometry": {"type": "Point", "coordinates": [-3.7953246, 40.2832111]}, "properties": {"id": "fuenlabrada-proy-ecf64149710384", "municipio": "Fuenlabrada", "titulo": "84aac12d-b087-8312-a96f-7e2e5a33d7c0", "fecha": "2025-01-30", "tipo": "modificación PGOU", "url": "https://transparencia.ayto-fuenlabrada.es/ordenacion-del-territorio-y-obras/modificaciones-plan-general-ordenacion-urbana/", "coordSource": "municipio_centroid_jitter", "sectorKey": "fuenlabrada", "catalogSource": "ayuntamiento-portal"}}, {"type": "Feature", "geometry": {"type": "Point", "coordinates": [-3.7942618, 40.2829843]}, "properties": {"id": "fuenlabrada-proy-a2b4e9e6d401f2", "municipio": "Fuenlabrada", "titulo": "2b6e07fb-9da7-921f-c3f6-ce9f50df1430", "fecha": "2025-01-29", "tipo": "modificación PGOU", "url": "https://transparencia.ayto-fuenlabrada.es/ordenacion-del-territorio-y-obras/modificaciones-plan-general-ordenacion-urbana/", "coordSource": "municipio_centroid_jitter", "sectorKey": "fuenlabrada", "catalogSource": "ayuntamiento-portal"}}, {"type": "Feature", "geometry": {"type": "Point", "coordinates": [-3.7958345, 40.2836491]}, "properties": {"id": "fuenlabrada-proy-039ecd21c12920", "municipio": "Fuenlabrada", "titulo": "Agosto.-Certificado-convenio-PI-Sonsoles", "fecha": "2024-08-01", "tipo": "convenio urbanístico", "url": "https://transparencia.ayto-fuenlabrada.es/ordenacion-del-territorio-y-obras/convenios-urbanisticos/", "coordSource": "municipio_centroid_jitter", "sectorKey": "fuenlabrada", "catalogSource": "ayuntamiento-portal"}}, {"type": "Feature", "geometry": {"type": "Point", "coordinates": [-3.7941622, 40.283458]}, "properties": {"id": "fuenlabrada-proy-09c180aeeb5d0a", "municipio": "Fuenlabrada", "titulo": "Agosto.-Certificado-convenio-PI-Verda-El-Tempranar", "fecha": "2024-08-01", "tipo": "convenio urbanístico", "url": "https://transparencia.ayto-fuenlabrada.es/ordenacion-del-territorio-y-obras/convenios-urbanisticos/", "coordSource": "municipio_centroid_jitter", "sectorKey": "fuenlabrada", "catalogSource": "ayuntamiento-portal"}}, {"type": "Feature", "geometry": {"type": "Point", "coordinates": [-3.7963527, 40.2845492]}, "properties": {"id": "fuenlabrada-proy-35e8a2f57c0c92", "municipio": "Fuenlabrada", "titulo": "Agosto.-Certificado-convenio-PI-El-Palomo", "fecha": "2024-08-01", "tipo": "convenio urbanístico", "url": "https://transparencia.ayto-fuenlabrada.es/ordenacion-del-territorio-y-obras/convenios-urbanisticos/", "coordSource": "municipio_centroid_jitter", "sectorKey": "fuenlabrada", "catalogSource": "ayuntamiento-portal"}}, {"type": "Feature", "geometry": {"type": "Point", "coordinates": [-3.7958815, 40.2851283]}, "properties": {"id": "fuenlabrada-proy-6e8a57a48b4c27", "municipio": "Fuenlabrada", "titulo": "Agosto.-Certificado-convenio-Acedinos", "fecha": "2024-08-01", "tipo": "convenio urbanístico", "url": "https://transparencia.ayto-fuenlabrada.es/ordenacion-del-territorio-y-obras/convenios-urbanisticos/", "coordSource": "municipio_centroid_jitter", "sectorKey": "fuenlabrada", "catalogSource": "ayuntamiento-portal"}}, {"type": "Feature", "geometry": {"type": "Point", "coordinates": [-3.7953025, 40.2825822]}, "properties": {"id": "fuenlabrada-proy-886e8bed5d2c79", "municipio": "Fuenlabrada", "titulo": "Agosto.-Certificado-convenio-PI-Cobo-Calleja", "fecha": "2024-08-01", "tipo": "convenio urbanístico", "url": "https://transparencia.ayto-fuenlabrada.es/ordenacion-del-territorio-y-obras/convenios-urbanisticos/", "coordSource": "municipio_centroid_jitter", "sectorKey": "fuenlabrada", "catalogSource": "ayuntamiento-portal"}}, {"type": "Feature", "geometry": {"type": "Point", "coordinates": [-3.795285, 40.2838604]}, "properties": {"id": "fuenlabrada-proy-9b09e017fd6723", "municipio": "Fuenlabrada", "titulo": "Febrero.-Certificado-Acuerdo-12", "fecha": "2024-08-01", "tipo": "convenio urbanístico", "url": "https://transparencia.ayto-fuenlabrada.es/ordenacion-del-territorio-y-obras/convenios-urbanisticos/", "coordSource": "municipio_centroid_jitter", "sectorKey": "fuenlabrada", "catalogSource": "ayuntamiento-portal"}}, {"type": "Feature", "geometry": {"type": "Point", "coordinates": [-3.7951229, 40.2825778]}, "properties": {"id": "fuenlabrada-proy-9f164807bf2a6f", "municipio": "Fuenlabrada", "titulo": "Octubre.-Certificado-convenio-plaza-brasil-y-paraguay", "fecha": "2024-08-01", "tipo": "convenio urbanístico", "url": "https://transparencia.ayto-fuenlabrada.es/ordenacion-del-territorio-y-obras/convenios-urbanisticos/", "coordSource": "municipio_centroid_jitter", "sectorKey": "fuenlabrada", "catalogSource": "ayuntamiento-portal"}}, {"type": "Feature", "geometry": {"type": "Point", "coordinates": [-3.7942277, 40.2842389]}, "properties": {"id": "fuenlabrada-proy-c3d8aca48c7151", "municipio": "Fuenlabrada", "titulo": "Agosto.-Certificado-convenio-Pozo-Blanco", "fecha": "2024-08-01", "tipo": "convenio urbanístico", "url": "https://transparencia.ayto-fuenlabrada.es/ordenacion-del-territorio-y-obras/convenios-urbanisticos/", "coordSource": "municipio_centroid_jitter", "sectorKey": "fuenlabrada", "catalogSource": "ayuntamiento-portal"}}, {"type": "Feature", "geometry": {"type": "Point", "coordinates": [-3.794708, 40.2830994]}, "properties": {"id": "fuenlabrada-proy-ce1a6098df88e0", "municipio": "Fuenlabrada", "titulo": "Marzo.-Certificado-convenio-comunidad-propietarios-Luxemburgo", "fecha": "2024-08-01", "tipo": "convenio urbanístico", "url": "https://transparencia.ayto-fuenlabrada.es/ordenacion-del-territorio-y-obras/convenios-urbanisticos/", "coordSource": "municipio_centroid_jitter", "sectorKey": "fuenlabrada", "catalogSource": "ayuntamiento-portal"}}, {"type": "Feature", "geometry": {"type": "Point", "coordinates": [-3.7939809, 40.2835023]}, "properties": {"id": "fuenlabrada-proy-d0c7a0f5d1d7de", "municipio": "Fuenlabrada", "titulo": "Agosto.-Certificado-convenio-PI-Los-Gallegos", "fecha": "2024-08-01", "tipo": "convenio urbanístico", "url": "https://transparencia.ayto-fuenlabrada.es/ordenacion-del-territorio-y-obras/convenios-urbanisticos/", "coordSource": "municipio_centroid_jitter", "sectorKey": "fuenlabrada", "catalogSource": "ayuntamiento-portal"}}, {"type": "Feature", "geometry": {"type": "Point", "coordinates": [-3.795221, 40.2837908]}, "properties": {"id": "fuenlabrada-proy-de900fad20d8de", "municipio": "Fuenlabrada", "titulo": "Agosto.-Certificado-convenio-PI-Sevilla", "fecha": "2024-08-01", "tipo": "convenio urbanístico", "url": "https://transparencia.ayto-fuenlabrada.es/ordenacion-del-territorio-y-obras/convenios-urbanisticos/", "coordSource": "municipio_centroid_jitter", "sectorKey": "fuenlabrada", "catalogSource": "ayuntamiento-portal"}}, {"type": "Feature", "geometry": {"type": "Point", "coordinates": [-3.7958424, 40.2840969]}, "properties": {"id": "fuenlabrada-proy-e538b6221e4e82", "municipio": "Fuenlabrada", "titulo": "Agosto.-Certificado-convenio-PI-La-Vega-II", "fecha": "2024-08-01", "tipo": "convenio urbanístico", "url": "https://transparencia.ayto-fuenlabrada.es/ordenacion-del-territorio-y-obras/convenios-urbanisticos/", "coordSource": "municipio_centroid_jitter", "sectorKey": "fuenlabrada", "catalogSource": "ayuntamiento-portal"}}, {"type": "Feature", "geometry": {"type": "Point", "coordinates": [-3.7942399, 40.2826142]}, "properties": {"id": "fuenlabrada-proy-e9c6941ed39a9c", "municipio": "Fuenlabrada", "titulo": "Agosto.-Certificado-convenio-PI-Pico-de-Mira", "fecha": "2024-08-01", "tipo": "convenio urbanístico", "url": "https://transparencia.ayto-fuenlabrada.es/ordenacion-del-territorio-y-obras/convenios-urbanisticos/", "coordSource": "municipio_centroid_jitter", "sectorKey": "fuenlabrada", "catalogSource": "ayuntamiento-portal"}}, {"type": "Feature", "geometry": {"type": "Point", "coordinates": [-3.7951029, 40.2831732]}, "properties": {"id": "fuenlabrada-proy-ee92b57d52d6e6", "municipio": "Fuenlabrada", "titulo": "Agosto.-Certificado-convenio-PI-La-Cantuena", "fecha": "2024-08-01", "tipo": "convenio urbanístico", "url": "https://transparencia.ayto-fuenlabrada.es/ordenacion-del-territorio-y-obras/convenios-urbanisticos/", "coordSource": "municipio_centroid_jitter", "sectorKey": "fuenlabrada", "catalogSource": "ayuntamiento-portal"}}, {"type": "Feature", "geometry": {"type": "Point", "coordinates": [-3.7949564, 40.2837498]}, "properties": {"id": "fuenlabrada-proy-f62ba89eaca3d0", "municipio": "Fuenlabrada", "titulo": "Agosto.-Certificado-convenio-PI-Sierra-Elvira", "fecha": "2024-08-01", "tipo": "convenio urbanístico", "url": "https://transparencia.ayto-fuenlabrada.es/ordenacion-del-territorio-y-obras/convenios-urbanisticos/", "coordSource": "municipio_centroid_jitter", "sectorKey": "fuenlabrada", "catalogSource": "ayuntamiento-portal"}}, {"type": "Feature", "geometry": {"type": "Point", "coordinates": [-3.7949301, 40.2824]}, "properties": {"id": "fuenlabrada-proy-032128865349a1", "municipio": "Fuenlabrada", "titulo": "3cc5378f-eefe-4674-f86f-4b9a76a33298", "fecha": "2023-10-04", "tipo": "planeamiento", "url": "https://transparencia.ayto-fuenlabrada.es/ordenacion-del-territorio-y-obras/plan-general-de-ordenacion-urbana-pgou/", "coordSource": "municipio_centroid_jitter", "sectorKey": "fuenlabrada", "catalogSource": "ayuntamiento-portal"}}, {"type": "Feature", "geometry": {"type": "Point", "coordinates": [-3.795725, 40.2851947]}, "properties": {"id": "fuenlabrada-proy-03a4367bc4c54f", "municipio": "Fuenlabrada", "titulo": "69ff1468-507e-09ed-7588-9d23aaead661", "fecha": "2023-10-04", "tipo": "planeamiento", "url": "https://transparencia.ayto-fuenlabrada.es/ordenacion-del-territorio-y-obras/plan-general-de-ordenacion-urbana-pgou/", "coordSource": "municipio_centroid_jitter", "sectorKey": "fuenlabrada", "catalogSource": "ayuntamiento-portal"}}, {"type": "Feature", "geometry": {"type": "Point", "coordinates": [-3.7965885, 40.2847968]}, "properties": {"id": "fuenlabrada-proy-24c955869142b8", "municipio": "Fuenlabrada", "titulo": "3f4c9398-298e-8059-2cfa-412f8079d117", "fecha": "2023-10-04", "tipo": "planeamiento", "url": "https://transparencia.ayto-fuenlabrada.es/ordenacion-del-territorio-y-obras/plan-general-de-ordenacion-urbana-pgou/", "coordSource": "municipio_centroid_jitter", "sectorKey": "fuenlabrada", "catalogSource": "ayuntamiento-portal"}}, {"type": "Feature", "geometry": {"type": "Point", "coordinates": [-3.796481, 40.2843592]}, "properties": {"id": "fuenlabrada-proy-2721107ea057bc", "municipio": "Fuenlabrada", "titulo": "dfda3a9a-1610-b857-14ae-f33bfe77f8c9", "fecha": "2023-10-04", "tipo": "planeamiento", "url": "https://transparencia.ayto-fuenlabrada.es/ordenacion-del-territorio-y-obras/plan-general-de-ordenacion-urbana-pgou/", "coordSource": "municipio_centroid_jitter", "sectorKey": "fuenlabrada", "catalogSource": "ayuntamiento-portal"}}, {"type": "Feature", "geometry": {"type": "Point", "coordinates": [-3.7953884, 40.2834947]}, "properties": {"id": "fuenlabrada-proy-346121b7731426", "municipio": "Fuenlabrada", "titulo": "9f8eb083-6c9d-c31b-d642-a6513453c83e", "fecha": "2023-10-04", "tipo": "planeamiento", "url": "https://transparencia.ayto-fuenlabrada.es/ordenacion-del-territorio-y-obras/plan-general-de-ordenacion-urbana-pgou/", "coordSource": "municipio_centroid_jitter", "sectorKey": "fuenlabrada", "catalogSource": "ayuntamiento-portal"}}, {"type": "Feature", "geometry": {"type": "Point", "coordinates": [-3.7955922, 40.284522]}, "properties": {"id": "fuenlabrada-proy-349ffd69f27e02", "municipio": "Fuenlabrada", "titulo": "6ee9e1c8-1e19-5211-0ec6-145d260c68cf", "fecha": "2023-10-04", "tipo": "planeamiento", "url": "https://transparencia.ayto-fuenlabrada.es/ordenacion-del-territorio-y-obras/plan-general-de-ordenacion-urbana-pgou/", "coordSource": "municipio_centroid_jitter", "sectorKey": "fuenlabrada", "catalogSource": "ayuntamiento-portal"}}, {"type": "Feature", "geometry": {"type": "Point", "coordinates": [-3.7941348, 40.284114]}, "properties": {"id": "fuenlabrada-proy-430d9d83f6a914", "municipio": "Fuenlabrada", "titulo": "0352a3cc-b2f8-b79b-82e4-d18a5f54debc", "fecha": "2023-10-04", "tipo": "planeamiento", "url": "https://transparencia.ayto-fuenlabrada.es/ordenacion-del-territorio-y-obras/plan-general-de-ordenacion-urbana-pgou/", "coordSource": "municipio_centroid_jitter", "sectorKey": "fuenlabrada", "catalogSource": "ayuntamiento-portal"}}, {"type": "Feature", "geometry": {"type": "Point", "coordinates": [-3.7953022, 40.2835752]}, "properties": {"id": "fuenlabrada-proy-530a1235b6e484", "municipio": "Fuenlabrada", "titulo": "01292161-33b9-5fbb-8661-60531191d43a", "fecha": "2023-10-04", "tipo": "planeamiento", "url": "https://transparencia.ayto-fuenlabrada.es/ordenacion-del-territorio-y-obras/plan-general-de-ordenacion-urbana-pgou/", "coordSource": "municipio_centroid_jitter", "sectorKey": "fuenlabrada", "catalogSource": "ayuntamiento-portal"}}, {"type": "Feature", "geometry": {"type": "Point", "coordinates": [-3.7966575, 40.2834637]}, "properties": {"id": "fuenlabrada-proy-68974d8caba27d", "municipio": "Fuenlabrada", "titulo": "7da7c6c9-95de-f101-084c-9c7ba14bc7a3", "fecha": "2023-10-04", "tipo": "planeamiento", "url": "https://transparencia.ayto-fuenlabrada.es/ordenacion-del-territorio-y-obras/plan-general-de-ordenacion-urbana-pgou/", "coordSource": "municipio_centroid_jitter", "sectorKey": "fuenlabrada", "catalogSource": "ayuntamiento-portal"}}, {"type": "Feature", "geometry": {"type": "Point", "coordinates": [-3.7961071, 40.2842028]}, "properties": {"id": "fuenlabrada-proy-6a53f9f90f0895", "municipio": "Fuenlabrada", "titulo": "5607c1bb-34ae-5a5f-7e7d-fefd06566b8f", "fecha": "2023-10-04", "tipo": "planeamiento", "url": "https://transparencia.ayto-fuenlabrada.es/ordenacion-del-territorio-y-obras/plan-general-de-ordenacion-urbana-pgou/", "coordSource": "municipio_centroid_jitter", "sectorKey": "fuenlabrada", "catalogSource": "ayuntamiento-portal"}}, {"type": "Feature", "geometry": {"type": "Point", "coordinates": [-3.7952674, 40.2842879]}, "properties": {"id": "fuenlabrada-proy-6a638abe38c43d", "municipio": "Fuenlabrada", "titulo": "47f30c7c-b6d5-7fa4-cb92-08ef37fc03f1", "fecha": "2023-10-04", "tipo": "planeamiento", "url": "https://transparencia.ayto-fuenlabrada.es/ordenacion-del-territorio-y-obras/plan-general-de-ordenacion-urbana-pgou/", "coordSource": "municipio_centroid_jitter", "sectorKey": "fuenlabrada", "catalogSource": "ayuntamiento-portal"}}, {"type": "Feature", "geometry": {"type": "Point", "coordinates": [-3.7952419, 40.2839274]}, "properties": {"id": "fuenlabrada-proy-77ef5da6823467", "municipio": "Fuenlabrada", "titulo": "7261a820-e038-f101-d1e0-a2c4ee4ac5e6", "fecha": "2023-10-04", "tipo": "planeamiento", "url": "https://transparencia.ayto-fuenlabrada.es/ordenacion-del-territorio-y-obras/plan-general-de-ordenacion-urbana-pgou/", "coordSource": "municipio_centroid_jitter", "sectorKey": "fuenlabrada", "catalogSource": "ayuntamiento-portal"}}, {"type": "Feature", "geometry": {"type": "Point", "coordinates": [-3.7950566, 40.2840368]}, "properties": {"id": "fuenlabrada-proy-7da664b2b9b182", "municipio": "Fuenlabrada", "titulo": "09515c98-b949-e997-d495-171688860f35", "fecha": "2023-10-04", "tipo": "planeamiento", "url": "https://transparencia.ayto-fuenlabrada.es/ordenacion-del-territorio-y-obras/plan-general-de-ordenacion-urbana-pgou/", "coordSource": "municipio_centroid_jitter", "sectorKey": "fuenlabrada", "catalogSource": "ayuntamiento-portal"}}, {"type": "Feature", "geometry": {"type": "Point", "coordinates": [-3.7953384, 40.283766]}, "properties": {"id": "fuenlabrada-proy-a878661dcdf5b7", "municipio": "Fuenlabrada", "titulo": "650e626b-d8e8-d3aa-f7cc-c414a018620f", "fecha": "2023-10-04", "tipo": "planeamiento", "url": "https://transparencia.ayto-fuenlabrada.es/ordenacion-del-territorio-y-obras/plan-general-de-ordenacion-urbana-pgou/", "coordSource": "municipio_centroid_jitter", "sectorKey": "fuenlabrada", "catalogSource": "ayuntamiento-portal"}}, {"type": "Feature", "geometry": {"type": "Point", "coordinates": [-3.7966079, 40.2830025]}, "properties": {"id": "fuenlabrada-proy-d8504fa23c67f1", "municipio": "Fuenlabrada", "titulo": "2caec8b6-5ca2-4f1e-d855-1f95579573ec", "fecha": "2023-10-04", "tipo": "planeamiento", "url": "https://transparencia.ayto-fuenlabrada.es/ordenacion-del-territorio-y-obras/plan-general-de-ordenacion-urbana-pgou/", "coordSource": "municipio_centroid_jitter", "sectorKey": "fuenlabrada", "catalogSource": "ayuntamiento-portal"}}, {"type": "Feature", "geometry": {"type": "Point", "coordinates": [-3.7948836, 40.2842421]}, "properties": {"id": "fuenlabrada-proy-e4771fe1de603a", "municipio": "Fuenlabrada", "titulo": "bdfb9633-b6b9-5a76-1c35-2f260a5d04a8", "fecha": "2023-10-04", "tipo": "planeamiento", "url": "https://transparencia.ayto-fuenlabrada.es/ordenacion-del-territorio-y-obras/plan-general-de-ordenacion-urbana-pgou/", "coordSource": "municipio_centroid_jitter", "sectorKey": "fuenlabrada", "catalogSource": "ayuntamiento-portal"}}, {"type": "Feature", "geometry": {"type": "Point", "coordinates": [-3.7943698, 40.2841113]}, "properties": {"id": "fuenlabrada-proy-f2b0da2627c30a", "municipio": "Fuenlabrada", "titulo": "cae3b2c5-5a41-a2af-f53c-4f6364e18ee4", "fecha": "2023-10-04", "tipo": "planeamiento", "url": "https://transparencia.ayto-fuenlabrada.es/ordenacion-del-territorio-y-obras/plan-general-de-ordenacion-urbana-pgou/", "coordSource": "municipio_centroid_jitter", "sectorKey": "fuenlabrada", "catalogSource": "ayuntamiento-portal"}}, {"type": "Feature", "geometry": {"type": "Point", "coordinates": [-3.7940345, 40.2839718]}, "properties": {"id": "fuenlabrada-proy-0e400196b58bee", "municipio": "Fuenlabrada", "titulo": "400e6e6e-b667-aa12-dee7-42d0916f7c82", "fecha": "2023-08-23", "tipo": "modificación PGOU", "url": "https://transparencia.ayto-fuenlabrada.es/ordenacion-del-territorio-y-obras/modificaciones-plan-general-ordenacion-urbana/", "coordSource": "municipio_centroid_jitter", "sectorKey": "fuenlabrada", "catalogSource": "ayuntamiento-portal"}}, {"type": "Feature", "geometry": {"type": "Point", "coordinates": [-3.7951763, 40.2836864]}, "properties": {"id": "fuenlabrada-proy-1b2eb9f9d3783b", "municipio": "Fuenlabrada", "titulo": "3502ff55-956b-5b8b-b6f0-a45401f91887", "fecha": "2023-08-23", "tipo": "modificación PGOU", "url": "https://transparencia.ayto-fuenlabrada.es/ordenacion-del-territorio-y-obras/modificaciones-plan-general-ordenacion-urbana/", "coordSource": "municipio_centroid_jitter", "sectorKey": "fuenlabrada", "catalogSource": "ayuntamiento-portal"}}, {"type": "Feature", "geometry": {"type": "Point", "coordinates": [-3.7951925, 40.2836943]}, "properties": {"id": "fuenlabrada-proy-264e0ffd101560", "municipio": "Fuenlabrada", "titulo": "1a4f21c9-921f-57ab-271d-a37037aedb4e", "fecha": "2023-08-23", "tipo": "modificación PGOU", "url": "https://transparencia.ayto-fuenlabrada.es/ordenacion-del-territorio-y-obras/modificaciones-plan-general-ordenacion-urbana/", "coordSource": "municipio_centroid_jitter", "sectorKey": "fuenlabrada", "catalogSource": "ayuntamiento-portal"}}, {"type": "Feature", "geometry": {"type": "Point", "coordinates": [-3.7942866, 40.2836513]}, "properties": {"id": "fuenlabrada-proy-3faad85b184e9e", "municipio": "Fuenlabrada", "titulo": "3e3747b1-dc59-5b4b-20a7-5c6ce9240960", "fecha": "2023-08-23", "tipo": "modificación PGOU", "url": "https://transparencia.ayto-fuenlabrada.es/ordenacion-del-territorio-y-obras/modificaciones-plan-general-ordenacion-urbana/", "coordSource": "municipio_centroid_jitter", "sectorKey": "fuenlabrada", "catalogSource": "ayuntamiento-portal"}}, {"type": "Feature", "geometry": {"type": "Point", "coordinates": [-3.7961845, 40.2823452]}, "properties": {"id": "fuenlabrada-proy-869a4596615687", "municipio": "Fuenlabrada", "titulo": "cc65fe7e-a981-8a12-1f09-c01e5ef20032", "fecha": "2023-08-23", "tipo": "modificación PGOU", "url": "https://transparencia.ayto-fuenlabrada.es/ordenacion-del-territorio-y-obras/modificaciones-plan-general-ordenacion-urbana/", "coordSource": "municipio_centroid_jitter", "sectorKey": "fuenlabrada", "catalogSource": "ayuntamiento-portal"}}, {"type": "Feature", "geometry": {"type": "Point", "coordinates": [-3.7957939, 40.2846716]}, "properties": {"id": "fuenlabrada-proy-94fa98ccb2409f", "municipio": "Fuenlabrada", "titulo": "94bde581-f4d1-7ce4-18b9-732e647f8e24", "fecha": "2023-08-23", "tipo": "modificación PGOU", "url": "https://transparencia.ayto-fuenlabrada.es/ordenacion-del-territorio-y-obras/modificaciones-plan-general-ordenacion-urbana/", "coordSource": "municipio_centroid_jitter", "sectorKey": "fuenlabrada", "catalogSource": "ayuntamiento-portal"}}, {"type": "Feature", "geometry": {"type": "Point", "coordinates": [-3.7962293, 40.2832825]}, "properties": {"id": "fuenlabrada-proy-a2bb451a2613b9", "municipio": "Fuenlabrada", "titulo": "bdc99be1-4af7-6d4a-976d-dbeb8e557c8b", "fecha": "2023-08-23", "tipo": "modificación PGOU", "url": "https://transparencia.ayto-fuenlabrada.es/ordenacion-del-territorio-y-obras/modificaciones-plan-general-ordenacion-urbana/", "coordSource": "municipio_centroid_jitter", "sectorKey": "fuenlabrada", "catalogSource": "ayuntamiento-portal"}}, {"type": "Feature", "geometry": {"type": "Point", "coordinates": [-3.7945737, 40.2841455]}, "properties": {"id": "fuenlabrada-proy-eac934053ed8d0", "municipio": "Fuenlabrada", "titulo": "058b7178-2b84-5839-2b1d-f50eb22e889d", "fecha": "2023-08-23", "tipo": "modificación PGOU", "url": "https://transparencia.ayto-fuenlabrada.es/ordenacion-del-territorio-y-obras/modificaciones-plan-general-ordenacion-urbana/", "coordSource": "municipio_centroid_jitter", "sectorKey": "fuenlabrada", "catalogSource": "ayuntamiento-portal"}}, {"type": "Feature", "geometry": {"type": "Point", "coordinates": [-3.7958153, 40.2835384]}, "properties": {"id": "fuenlabrada-proy-fd1e5f7b1cec2c", "municipio": "Fuenlabrada", "titulo": "7c6d5ceb-b9a5-c925-b6ca-592a531b0a1c", "fecha": "2023-08-23", "tipo": "modificación PGOU", "url": "https://transparencia.ayto-fuenlabrada.es/ordenacion-del-territorio-y-obras/modificaciones-plan-general-ordenacion-urbana/", "coordSource": "municipio_centroid_jitter", "sectorKey": "fuenlabrada", "catalogSource": "ayuntamiento-portal"}}, {"type": "Feature", "geometry": {"type": "Point", "coordinates": [-3.7963071, 40.2850005]}, "properties": {"id": "fuenlabrada-proy-0301f243a73424", "municipio": "Fuenlabrada", "titulo": "1b8d0adb-b17c-ceb7-3b7e-89f058c497d8", "fecha": "2023-05-05", "tipo": "modificación PGOU", "url": "https://transparencia.ayto-fuenlabrada.es/ordenacion-del-territorio-y-obras/modificaciones-plan-general-ordenacion-urbana/", "coordSource": "municipio_centroid_jitter", "sectorKey": "fuenlabrada", "catalogSource": "ayuntamiento-portal"}}, {"type": "Feature", "geometry": {"type": "Point", "coordinates": [-3.7963401, 40.2832179]}, "properties": {"id": "fuenlabrada-proy-2126be85d2dc2b", "municipio": "Fuenlabrada", "titulo": "9288cda3-ec13-be50-f6dd-60308c645d1a", "fecha": "2023-05-05", "tipo": "modificación PGOU", "url": "https://transparencia.ayto-fuenlabrada.es/ordenacion-del-territorio-y-obras/modificaciones-plan-general-ordenacion-urbana/", "coordSource": "municipio_centroid_jitter", "sectorKey": "fuenlabrada", "catalogSource": "ayuntamiento-portal"}}, {"type": "Feature", "geometry": {"type": "Point", "coordinates": [-3.7959813, 40.2831633]}, "properties": {"id": "fuenlabrada-proy-213e91ac9acd57", "municipio": "Fuenlabrada", "titulo": "a5f7b40f-9ee0-abfd-e8d5-a1a54020bdae", "fecha": "2023-05-05", "tipo": "modificación PGOU", "url": "https://transparencia.ayto-fuenlabrada.es/ordenacion-del-territorio-y-obras/modificaciones-plan-general-ordenacion-urbana/", "coordSource": "municipio_centroid_jitter", "sectorKey": "fuenlabrada", "catalogSource": "ayuntamiento-portal"}}, {"type": "Feature", "geometry": {"type": "Point", "coordinates": [-3.7952818, 40.2848901]}, "properties": {"id": "fuenlabrada-proy-318cae54b4bc96", "municipio": "Fuenlabrada", "titulo": "21c424e2-b678-5dac-f4de-66dcc5fb5ee2", "fecha": "2023-05-05", "tipo": "modificación PGOU", "url": "https://transparencia.ayto-fuenlabrada.es/ordenacion-del-territorio-y-obras/modificaciones-plan-general-ordenacion-urbana/", "coordSource": "municipio_centroid_jitter", "sectorKey": "fuenlabrada", "catalogSource": "ayuntamiento-portal"}}, {"type": "Feature", "geometry": {"type": "Point", "coordinates": [-3.7951591, 40.2837084]}, "properties": {"id": "fuenlabrada-proy-4b2fe4dd150001", "municipio": "Fuenlabrada", "titulo": "0c8aaf10-002b-fb7b-0b45-4e0fd5e4da06", "fecha": "2023-05-05", "tipo": "modificación PGOU", "url": "https://transparencia.ayto-fuenlabrada.es/ordenacion-del-territorio-y-obras/modificaciones-plan-general-ordenacion-urbana/", "coordSource": "municipio_centroid_jitter", "sectorKey": "fuenlabrada", "catalogSource": "ayuntamiento-portal"}}, {"type": "Feature", "geometry": {"type": "Point", "coordinates": [-3.7947123, 40.2834093]}, "properties": {"id": "fuenlabrada-proy-5a39749f94f8c3", "municipio": "Fuenlabrada", "titulo": "03ed9374-a4f4-7980-068f-04ea2131ad3c", "fecha": "2023-05-05", "tipo": "modificación PGOU", "url": "https://transparencia.ayto-fuenlabrada.es/ordenacion-del-territorio-y-obras/modificaciones-plan-general-ordenacion-urbana/", "coordSource": "municipio_centroid_jitter", "sectorKey": "fuenlabrada", "catalogSource": "ayuntamiento-portal"}}, {"type": "Feature", "geometry": {"type": "Point", "coordinates": [-3.7935614, 40.2838094]}, "properties": {"id": "fuenlabrada-proy-85b0b99c7280d8", "municipio": "Fuenlabrada", "titulo": "d61fe4d1-925b-3921-affb-a186e35f5ad8", "fecha": "2023-05-05", "tipo": "modificación PGOU", "url": "https://transparencia.ayto-fuenlabrada.es/ordenacion-del-territorio-y-obras/modificaciones-plan-general-ordenacion-urbana/", "coordSource": "municipio_centroid_jitter", "sectorKey": "fuenlabrada", "catalogSource": "ayuntamiento-portal"}}, {"type": "Feature", "geometry": {"type": "Point", "coordinates": [-3.7951117, 40.2838957]}, "properties": {"id": "fuenlabrada-proy-8cab1c4256bc0d", "municipio": "Fuenlabrada", "titulo": "b353e9fa-e0b5-6f0a-df1c-9f9f1b5cc213", "fecha": "2023-05-05", "tipo": "modificación PGOU", "url": "https://transparencia.ayto-fuenlabrada.es/ordenacion-del-territorio-y-obras/modificaciones-plan-general-ordenacion-urbana/", "coordSource": "municipio_centroid_jitter", "sectorKey": "fuenlabrada", "catalogSource": "ayuntamiento-portal"}}, {"type": "Feature", "geometry": {"type": "Point", "coordinates": [-3.7952669, 40.2832843]}, "properties": {"id": "fuenlabrada-proy-8d92c53da75621", "municipio": "Fuenlabrada", "titulo": "e826d992-421b-899d-f187-d11982044160", "fecha": "2023-05-05", "tipo": "modificación PGOU", "url": "https://transparencia.ayto-fuenlabrada.es/ordenacion-del-territorio-y-obras/modificaciones-plan-general-ordenacion-urbana/", "coordSource": "municipio_centroid_jitter", "sectorKey": "fuenlabrada", "catalogSource": "ayuntamiento-portal"}}, {"type": "Feature", "geometry": {"type": "Point", "coordinates": [-3.797213, 40.2836195]}, "properties": {"id": "fuenlabrada-proy-b63553dfb3332a", "municipio": "Fuenlabrada", "titulo": "53371e11-862e-3713-03ef-cae2960336a6", "fecha": "2023-05-05", "tipo": "modificación PGOU", "url": "https://transparencia.ayto-fuenlabrada.es/ordenacion-del-territorio-y-obras/modificaciones-plan-general-ordenacion-urbana/", "coordSource": "municipio_centroid_jitter", "sectorKey": "fuenlabrada", "catalogSource": "ayuntamiento-portal"}}, {"type": "Feature", "geometry": {"type": "Point", "coordinates": [-3.7969853, 40.2830936]}, "properties": {"id": "fuenlabrada-proy-b86a9f64e9aa7b", "municipio": "Fuenlabrada", "titulo": "c5e3a757-9db0-7257-9eae-245c3721b1d2", "fecha": "2023-05-05", "tipo": "modificación PGOU", "url": "https://transparencia.ayto-fuenlabrada.es/ordenacion-del-territorio-y-obras/modificaciones-plan-general-ordenacion-urbana/", "coordSource": "municipio_centroid_jitter", "sectorKey": "fuenlabrada", "catalogSource": "ayuntamiento-portal"}}, {"type": "Feature", "geometry": {"type": "Point", "coordinates": [-3.7953821, 40.283722]}, "properties": {"id": "fuenlabrada-proy-d582ec7d7d98fc", "municipio": "Fuenlabrada", "titulo": "fbf18db4-c02d-edb2-64d6-b45d24e32d08", "fecha": "2023-05-05", "tipo": "modificación PGOU", "url": "https://transparencia.ayto-fuenlabrada.es/ordenacion-del-territorio-y-obras/modificaciones-plan-general-ordenacion-urbana/", "coordSource": "municipio_centroid_jitter", "sectorKey": "fuenlabrada", "catalogSource": "ayuntamiento-portal"}}, {"type": "Feature", "geometry": {"type": "Point", "coordinates": [-3.7938472, 40.2833447]}, "properties": {"id": "fuenlabrada-proy-e0543053d2fe92", "municipio": "Fuenlabrada", "titulo": "7de3467a-90f8-81e1-469c-eb7677c353f8", "fecha": "2023-05-05", "tipo": "modificación PGOU", "url": "https://transparencia.ayto-fuenlabrada.es/ordenacion-del-territorio-y-obras/modificaciones-plan-general-ordenacion-urbana/", "coordSource": "municipio_centroid_jitter", "sectorKey": "fuenlabrada", "catalogSource": "ayuntamiento-portal"}}, {"type": "Feature", "geometry": {"type": "Point", "coordinates": [-3.796665, 40.2842451]}, "properties": {"id": "fuenlabrada-proy-ebec7262a38067", "municipio": "Fuenlabrada", "titulo": "7954af8d-5333-cbe7-a98e-e4c06b9a36e8", "fecha": "2023-05-05", "tipo": "modificación PGOU", "url": "https://transparencia.ayto-fuenlabrada.es/ordenacion-del-territorio-y-obras/modificaciones-plan-general-ordenacion-urbana/", "coordSource": "municipio_centroid_jitter", "sectorKey": "fuenlabrada", "catalogSource": "ayuntamiento-portal"}}, {"type": "Feature", "geometry": {"type": "Point", "coordinates": [-3.7954627, 40.2827574]}, "properties": {"id": "fuenlabrada-proy-512071b3fff94e", "municipio": "Fuenlabrada", "titulo": "695b2a5b-4c31-c9fe-4eda-092fc90bf1bc", "fecha": "2023-04-10", "tipo": "modificación PGOU", "url": "https://transparencia.ayto-fuenlabrada.es/ordenacion-del-territorio-y-obras/modificaciones-plan-general-ordenacion-urbana/", "coordSource": "municipio_centroid_jitter", "sectorKey": "fuenlabrada", "catalogSource": "ayuntamiento-portal"}}, {"type": "Feature", "geometry": {"type": "Point", "coordinates": [-3.7941757, 40.284737]}, "properties": {"id": "fuenlabrada-proy-82d9d4df524874", "municipio": "Fuenlabrada", "titulo": "a50ec807-cb10-3fbc-9643-0bda73416654", "fecha": "2023-04-10", "tipo": "modificación PGOU", "url": "https://transparencia.ayto-fuenlabrada.es/ordenacion-del-territorio-y-obras/modificaciones-plan-general-ordenacion-urbana/", "coordSource": "municipio_centroid_jitter", "sectorKey": "fuenlabrada", "catalogSource": "ayuntamiento-portal"}}, {"type": "Feature", "geometry": {"type": "Point", "coordinates": [-3.7948474, 40.2824347]}, "properties": {"id": "fuenlabrada-proy-af7ab4ddd82c00", "municipio": "Fuenlabrada", "titulo": "1c42f477-5d81-5de0-c2ec-3538e1d6043b", "fecha": "2023-04-10", "tipo": "modificación PGOU", "url": "https://transparencia.ayto-fuenlabrada.es/ordenacion-del-territorio-y-obras/modificaciones-plan-general-ordenacion-urbana/", "coordSource": "municipio_centroid_jitter", "sectorKey": "fuenlabrada", "catalogSource": "ayuntamiento-portal"}}, {"type": "Feature", "geometry": {"type": "Point", "coordinates": [-3.793691, 40.2842865]}, "properties": {"id": "fuenlabrada-proy-d1d9f5a9312d68", "municipio": "Fuenlabrada", "titulo": "170f42a8-0e3a-61bd-5704-0f409064317d", "fecha": "2023-04-10", "tipo": "modificación PGOU", "url": "https://transparencia.ayto-fuenlabrada.es/ordenacion-del-territorio-y-obras/modificaciones-plan-general-ordenacion-urbana/", "coordSource": "municipio_centroid_jitter", "sectorKey": "fuenlabrada", "catalogSource": "ayuntamiento-portal"}}, {"type": "Feature", "geometry": {"type": "Point", "coordinates": [-3.7952399, 40.2837419]}, "properties": {"id": "fuenlabrada-proy-6fe0fb2fd8a03c", "municipio": "Fuenlabrada", "titulo": "8cde722b-3fe3-1e25-052f-3676945b40db", "fecha": "2023-04-05", "tipo": "modificación PGOU", "url": "https://transparencia.ayto-fuenlabrada.es/ordenacion-del-territorio-y-obras/modificaciones-plan-general-ordenacion-urbana/", "coordSource": "municipio_centroid_jitter", "sectorKey": "fuenlabrada", "catalogSource": "ayuntamiento-portal"}}, {"type": "Feature", "geometry": {"type": "Point", "coordinates": [-3.7951642, 40.2836971]}, "properties": {"id": "fuenlabrada-proy-785095160d4601", "municipio": "Fuenlabrada", "titulo": "500ba7a0-656a-2ebf-3eca-af5256af4158", "fecha": "2023-04-05", "tipo": "modificación PGOU", "url": "https://transparencia.ayto-fuenlabrada.es/ordenacion-del-territorio-y-obras/modificaciones-plan-general-ordenacion-urbana/", "coordSource": "municipio_centroid_jitter", "sectorKey": "fuenlabrada", "catalogSource": "ayuntamiento-portal"}}, {"type": "Feature", "geometry": {"type": "Point", "coordinates": [-3.7956456, 40.2823366]}, "properties": {"id": "fuenlabrada-proy-0235b334f8c5b5", "municipio": "Fuenlabrada", "titulo": "Certificado-convenio-con-Comunidad-de-propietarios-del-PI-Pozo-Blanco-ejercicio-2021", "fecha": "2022-12-01", "tipo": "convenio urbanístico", "url": "https://transparencia.ayto-fuenlabrada.es/ordenacion-del-territorio-y-obras/convenios-urbanisticos/", "coordSource": "municipio_centroid_jitter", "sectorKey": "fuenlabrada", "catalogSource": "ayuntamiento-portal"}}, {"type": "Feature", "geometry": {"type": "Point", "coordinates": [-3.7942034, 40.2831676]}, "properties": {"id": "fuenlabrada-proy-02aa80e1ee6426", "municipio": "Fuenlabrada", "titulo": "Certificado-convenio-con-Comunidad-de-propietarios-del-PI-Vereda-del-Tempranar-ejercicio-2021", "fecha": "2022-12-01", "tipo": "convenio urbanístico", "url": "https://transparencia.ayto-fuenlabrada.es/ordenacion-del-territorio-y-obras/convenios-urbanisticos/", "coordSource": "municipio_centroid_jitter", "sectorKey": "fuenlabrada", "catalogSource": "ayuntamiento-portal"}}, {"type": "Feature", "geometry": {"type": "Point", "coordinates": [-3.7957298, 40.2838471]}, "properties": {"id": "fuenlabrada-proy-129159cd5e163c", "municipio": "Fuenlabrada", "titulo": "Certificado-convenio-con-entidad-urbanistica-El-Palomo-ejercicio-2022", "fecha": "2022-12-01", "tipo": "convenio urbanístico", "url": "https://transparencia.ayto-fuenlabrada.es/ordenacion-del-territorio-y-obras/convenios-urbanisticos/", "coordSource": "municipio_centroid_jitter", "sectorKey": "fuenlabrada", "catalogSource": "ayuntamiento-portal"}}, {"type": "Feature", "geometry": {"type": "Point", "coordinates": [-3.7958443, 40.282542]}, "properties": {"id": "fuenlabrada-proy-1454feb704de46", "municipio": "Fuenlabrada", "titulo": "Certificado-convenio-con-comunidad-de-propietarios-Sevilla-ejercicio-2022", "fecha": "2022-12-01", "tipo": "convenio urbanístico", "url": "https://transparencia.ayto-fuenlabrada.es/ordenacion-del-territorio-y-obras/convenios-urbanisticos/", "coordSource": "municipio_centroid_jitter", "sectorKey": "fuenlabrada", "catalogSource": "ayuntamiento-portal"}}, {"type": "Feature", "geometry": {"type": "Point", "coordinates": [-3.7954877, 40.283593]}, "properties": {"id": "fuenlabrada-proy-3cb2073940e092", "municipio": "Fuenlabrada", "titulo": "Certificado-convenio-con-Comunidad-de-propietarios-del-PI-Pico-de-la-Mira-ejercicio-2021", "fecha": "2022-12-01", "tipo": "convenio urbanístico", "url": "https://transparencia.ayto-fuenlabrada.es/ordenacion-del-territorio-y-obras/convenios-urbanisticos/", "coordSource": "municipio_centroid_jitter", "sectorKey": "fuenlabrada", "catalogSource": "ayuntamiento-portal"}}, {"type": "Feature", "geometry": {"type": "Point", "coordinates": [-3.7969151, 40.2828175]}, "properties": {"id": "fuenlabrada-proy-411dabaab156f9", "municipio": "Fuenlabrada", "titulo": "Certificado-convenio-con-comunidad-de-propietarios-Pico-de-la-Mira-ejercicio-2022", "fecha": "2022-12-01", "tipo": "convenio urbanístico", "url": "https://transparencia.ayto-fuenlabrada.es/ordenacion-del-territorio-y-obras/convenios-urbanisticos/", "coordSource": "municipio_centroid_jitter", "sectorKey": "fuenlabrada", "catalogSource": "ayuntamiento-portal"}}, {"type": "Feature", "geometry": {"type": "Point", "coordinates": [-3.7954003, 40.2839647]}, "properties": {"id": "fuenlabrada-proy-4f8462847ca448", "municipio": "Fuenlabrada", "titulo": "Certificado-convenio-con-entidad-urbanistica-Los-Gallegos-ejercicio-2022", "fecha": "2022-12-01", "tipo": "convenio urbanístico", "url": "https://transparencia.ayto-fuenlabrada.es/ordenacion-del-territorio-y-obras/convenios-urbanisticos/", "coordSource": "municipio_centroid_jitter", "sectorKey": "fuenlabrada", "catalogSource": "ayuntamiento-portal"}}, {"type": "Feature", "geometry": {"type": "Point", "coordinates": [-3.7963236, 40.284686]}, "properties": {"id": "fuenlabrada-proy-557d2a6ef3ddc9", "municipio": "Fuenlabrada", "titulo": "Certificado-convenio-con-entidad-urbanistica-Vereda-del-Tempranar-ejercicio-2022", "fecha": "2022-12-01", "tipo": "convenio urbanístico", "url": "https://transparencia.ayto-fuenlabrada.es/ordenacion-del-territorio-y-obras/convenios-urbanisticos/", "coordSource": "municipio_centroid_jitter", "sectorKey": "fuenlabrada", "catalogSource": "ayuntamiento-portal"}}, {"type": "Feature", "geometry": {"type": "Point", "coordinates": [-3.7951665, 40.2838449]}, "properties": {"id": "fuenlabrada-proy-5a1ab9c0978ea3", "municipio": "Fuenlabrada", "titulo": "Certificado-convenio-con-entidad-urbanistica-PI-Cobo-Calleja-ejercicio-2021", "fecha": "2022-12-01", "tipo": "convenio urbanístico", "url": "https://transparencia.ayto-fuenlabrada.es/ordenacion-del-territorio-y-obras/convenios-urbanisticos/", "coordSource": "municipio_centroid_jitter", "sectorKey": "fuenlabrada", "catalogSource": "ayuntamiento-portal"}}, {"type": "Feature", "geometry": {"type": "Point", "coordinates": [-3.7958435, 40.2837257]}, "properties": {"id": "fuenlabrada-proy-6295a6b461a513", "municipio": "Fuenlabrada", "titulo": "Certificado-convenio-con-entidad-urbanistica-La-Vega-II-ejercicio-2022", "fecha": "2022-12-01", "tipo": "convenio urbanístico", "url": "https://transparencia.ayto-fuenlabrada.es/ordenacion-del-territorio-y-obras/convenios-urbanisticos/", "coordSource": "municipio_centroid_jitter", "sectorKey": "fuenlabrada", "catalogSource": "ayuntamiento-portal"}}, {"type": "Feature", "geometry": {"type": "Point", "coordinates": [-3.7944816, 40.2825247]}, "properties": {"id": "fuenlabrada-proy-69a0cc54a49797", "municipio": "Fuenlabrada", "titulo": "Certificado-convenio-con-Comunidad-de-propietarios-del-PI-Los-Gallegos-ejercicio-2021", "fecha": "2022-12-01", "tipo": "convenio urbanístico", "url": "https://transparencia.ayto-fuenlabrada.es/ordenacion-del-territorio-y-obras/convenios-urbanisticos/", "coordSource": "municipio_centroid_jitter", "sectorKey": "fuenlabrada", "catalogSource": "ayuntamiento-portal"}}, {"type": "Feature", "geometry": {"type": "Point", "coordinates": [-3.7943659, 40.2840976]}, "properties": {"id": "fuenlabrada-proy-6d53712a2bbe0f", "municipio": "Fuenlabrada", "titulo": "Certificado-convenio-con-entidad-urbanistica-PI-Acedinos-ejercicio-2021", "fecha": "2022-12-01", "tipo": "convenio urbanístico", "url": "https://transparencia.ayto-fuenlabrada.es/ordenacion-del-territorio-y-obras/convenios-urbanisticos/", "coordSource": "municipio_centroid_jitter", "sectorKey": "fuenlabrada", "catalogSource": "ayuntamiento-portal"}}, {"type": "Feature", "geometry": {"type": "Point", "coordinates": [-3.795296, 40.2823032]}, "properties": {"id": "fuenlabrada-proy-6ddd0e38579150", "municipio": "Fuenlabrada", "titulo": "Certificado-convenio-con-Comunidad-de-propietarios-del-PI-Sevilla-ejercicio-2021", "fecha": "2022-12-01", "tipo": "convenio urbanístico", "url": "https://transparencia.ayto-fuenlabrada.es/ordenacion-del-territorio-y-obras/convenios-urbanisticos/", "coordSource": "municipio_centroid_jitter", "sectorKey": "fuenlabrada", "catalogSource": "ayuntamiento-portal"}}, {"type": "Feature", "geometry": {"type": "Point", "coordinates": [-3.7942156, 40.2827726]}, "properties": {"id": "fuenlabrada-proy-791db24cc27044", "municipio": "Fuenlabrada", "titulo": "Certificado-convenio-con-comunidad-de-propietarios-Pozo-Blanco-ejercicio-2022", "fecha": "2022-12-01", "tipo": "convenio urbanístico", "url": "https://transparencia.ayto-fuenlabrada.es/ordenacion-del-territorio-y-obras/convenios-urbanisticos/", "coordSource": "municipio_centroid_jitter", "sectorKey": "fuenlabrada", "catalogSource": "ayuntamiento-portal"}}, {"type": "Feature", "geometry": {"type": "Point", "coordinates": [-3.7958912, 40.2839687]}, "properties": {"id": "fuenlabrada-proy-807243d583968c", "municipio": "Fuenlabrada", "titulo": "Certificado-convenio-con-entidad-urbanistica-PI-El-Palomo-ejercicio-2021", "fecha": "2022-12-01", "tipo": "convenio urbanístico", "url": "https://transparencia.ayto-fuenlabrada.es/ordenacion-del-territorio-y-obras/convenios-urbanisticos/", "coordSource": "municipio_centroid_jitter", "sectorKey": "fuenlabrada", "catalogSource": "ayuntamiento-portal"}}, {"type": "Feature", "geometry": {"type": "Point", "coordinates": [-3.7963734, 40.284176]}, "properties": {"id": "fuenlabrada-proy-9898a6d371b6fb", "municipio": "Fuenlabrada", "titulo": "Certificado-convenio-con-Comunidad-de-propietarios-del-PI-Sonsoles-ejercicio-2021", "fecha": "2022-12-01", "tipo": "convenio urbanístico", "url": "https://transparencia.ayto-fuenlabrada.es/ordenacion-del-territorio-y-obras/convenios-urbanisticos/", "coordSource": "municipio_centroid_jitter", "sectorKey": "fuenlabrada", "catalogSource": "ayuntamiento-portal"}}, {"type": "Feature", "geometry": {"type": "Point", "coordinates": [-3.7968112, 40.2836141]}, "properties": {"id": "fuenlabrada-proy-9ec4f41a007d1f", "municipio": "Fuenlabrada", "titulo": "Certificado-convenio-con-Comunidad-de-propietarios-del-PI-La-Vega-II-ejercicio-2021", "fecha": "2022-12-01", "tipo": "convenio urbanístico", "url": "https://transparencia.ayto-fuenlabrada.es/ordenacion-del-territorio-y-obras/convenios-urbanisticos/", "coordSource": "municipio_centroid_jitter", "sectorKey": "fuenlabrada", "catalogSource": "ayuntamiento-portal"}}, {"type": "Feature", "geometry": {"type": "Point", "coordinates": [-3.7961719, 40.2826008]}, "properties": {"id": "fuenlabrada-proy-a4427681200971", "municipio": "Fuenlabrada", "titulo": "Certificado-convenio-con-Comunidad-de-propietarios-del-PI-Sierra-Elvira-ejercicio-2021", "fecha": "2022-12-01", "tipo": "convenio urbanístico", "url": "https://transparencia.ayto-fuenlabrada.es/ordenacion-del-territorio-y-obras/convenios-urbanisticos/", "coordSource": "municipio_centroid_jitter", "sectorKey": "fuenlabrada", "catalogSource": "ayuntamiento-portal"}}, {"type": "Feature", "geometry": {"type": "Point", "coordinates": [-3.7932546, 40.2839885]}, "properties": {"id": "fuenlabrada-proy-a5a40983da4c56", "municipio": "Fuenlabrada", "titulo": "Certificado-convenio-con-entidad-urbanistica-Cobo-Calleja-ejercicio-2022", "fecha": "2022-12-01", "tipo": "convenio urbanístico", "url": "https://transparencia.ayto-fuenlabrada.es/ordenacion-del-territorio-y-obras/convenios-urbanisticos/", "coordSource": "municipio_centroid_jitter", "sectorKey": "fuenlabrada", "catalogSource": "ayuntamiento-portal"}}, {"type": "Feature", "geometry": {"type": "Point", "coordinates": [-3.796783, 40.2846779]}, "properties": {"id": "fuenlabrada-proy-c201b6cd23a3bb", "municipio": "Fuenlabrada", "titulo": "Certificado-convenio-con-entidad-urbanistica-Sonsoles-ejercicio-2022", "fecha": "2022-12-01", "tipo": "convenio urbanístico", "url": "https://transparencia.ayto-fuenlabrada.es/ordenacion-del-territorio-y-obras/convenios-urbanisticos/", "coordSource": "municipio_centroid_jitter", "sectorKey": "fuenlabrada", "catalogSource": "ayuntamiento-portal"}}, {"type": "Feature", "geometry": {"type": "Point", "coordinates": [-3.7935901, 40.2835055]}, "properties": {"id": "fuenlabrada-proy-c2e2454064846f", "municipio": "Fuenlabrada", "titulo": "Certificado-convenio-con-entidad-urbanistica-Cantuena-ejercicio-2022", "fecha": "2022-12-01", "tipo": "convenio urbanístico", "url": "https://transparencia.ayto-fuenlabrada.es/ordenacion-del-territorio-y-obras/convenios-urbanisticos/", "coordSource": "municipio_centroid_jitter", "sectorKey": "fuenlabrada", "catalogSource": "ayuntamiento-portal"}}, {"type": "Feature", "geometry": {"type": "Point", "coordinates": [-3.7949308, 40.2840557]}, "properties": {"id": "fuenlabrada-proy-d062cffa3acdc8", "municipio": "Fuenlabrada", "titulo": "Certificado-convenio-con-entidad-urbanistica-PI-Cantuena-ejercicio-2021", "fecha": "2022-12-01", "tipo": "convenio urbanístico", "url": "https://transparencia.ayto-fuenlabrada.es/ordenacion-del-territorio-y-obras/convenios-urbanisticos/", "coordSource": "municipio_centroid_jitter", "sectorKey": "fuenlabrada", "catalogSource": "ayuntamiento-portal"}}, {"type": "Feature", "geometry": {"type": "Point", "coordinates": [-3.7947503, 40.2839778]}, "properties": {"id": "fuenlabrada-proy-d4eb089ef338b0", "municipio": "Fuenlabrada", "titulo": "Certificado-convenio-con-comunidad-de-propietarios-Sierra-Elvira-ejercicio-2022", "fecha": "2022-12-01", "tipo": "convenio urbanístico", "url": "https://transparencia.ayto-fuenlabrada.es/ordenacion-del-territorio-y-obras/convenios-urbanisticos/", "coordSource": "municipio_centroid_jitter", "sectorKey": "fuenlabrada", "catalogSource": "ayuntamiento-portal"}}, {"type": "Feature", "geometry": {"type": "Point", "coordinates": [-3.795179, 40.2837643]}, "properties": {"id": "fuenlabrada-proy-d58f6f9e493a84", "municipio": "Fuenlabrada", "titulo": "Certificado-convenio-con-entidad-urbanistica-Acedinos-ejercicio-2022", "fecha": "2022-12-01", "tipo": "convenio urbanístico", "url": "https://transparencia.ayto-fuenlabrada.es/ordenacion-del-territorio-y-obras/convenios-urbanisticos/", "coordSource": "municipio_centroid_jitter", "sectorKey": "fuenlabrada", "catalogSource": "ayuntamiento-portal"}}, {"type": "Feature", "geometry": {"type": "Point", "coordinates": [-3.7954862, 40.284372]}, "properties": {"id": "fuenlabrada-proy-2512e76612e47b", "municipio": "Fuenlabrada", "titulo": "Mayo-2020.-Convenio-urbanístico-con-la-sociedad-VGP", "fecha": "2020-05-01", "tipo": "convenio urbanístico", "url": "https://transparencia.ayto-fuenlabrada.es/ordenacion-del-territorio-y-obras/convenios-urbanisticos/", "coordSource": "municipio_centroid_jitter", "sectorKey": "fuenlabrada", "catalogSource": "ayuntamiento-portal"}}, {"type": "Feature", "geometry": {"type": "Point", "coordinates": [-3.7936409, 40.2843593]}, "properties": {"id": "fuenlabrada-proy-1ba35287a51777", "municipio": "Fuenlabrada", "titulo": "Convenio-de-colaboración-entre-el-Ayuntamiento-de-Fuenlabrada-y-la-entidad-El-Palomo-2019", "fecha": "2020-01-01", "tipo": "convenio urbanístico", "url": "https://transparencia.ayto-fuenlabrada.es/ordenacion-del-territorio-y-obras/convenios-urbanisticos/", "coordSource": "municipio_centroid_jitter", "sectorKey": "fuenlabrada", "catalogSource": "ayuntamiento-portal"}}, {"type": "Feature", "geometry": {"type": "Point", "coordinates": [-3.7958804, 40.2821925]}, "properties": {"id": "fuenlabrada-proy-282cc2cc1975d1", "municipio": "Fuenlabrada", "titulo": "Convenio-de-colaboración-entre-el-Ayuntamiento-de-Fuenlabrada-y-la-entidad-Sonsoles-2019", "fecha": "2020-01-01", "tipo": "convenio urbanístico", "url": "https://transparencia.ayto-fuenlabrada.es/ordenacion-del-territorio-y-obras/convenios-urbanisticos/", "coordSource": "municipio_centroid_jitter", "sectorKey": "fuenlabrada", "catalogSource": "ayuntamiento-portal"}}, {"type": "Feature", "geometry": {"type": "Point", "coordinates": [-3.7956809, 40.2831951]}, "properties": {"id": "fuenlabrada-proy-3aec4c19b5b9e1", "municipio": "Fuenlabrada", "titulo": "Convenio-de-colaboración-entre-el-Ayuntamiento-de-Fuenlabrada-y-el-PI-La-Vega-II-2019", "fecha": "2020-01-01", "tipo": "convenio urbanístico", "url": "https://transparencia.ayto-fuenlabrada.es/ordenacion-del-territorio-y-obras/convenios-urbanisticos/", "coordSource": "municipio_centroid_jitter", "sectorKey": "fuenlabrada", "catalogSource": "ayuntamiento-portal"}}, {"type": "Feature", "geometry": {"type": "Point", "coordinates": [-3.7943474, 40.2826175]}, "properties": {"id": "fuenlabrada-proy-41d5376b38f78e", "municipio": "Fuenlabrada", "titulo": "Convenio-de-colaboración-entre-el-Ayuntamiento-de-Fuenlabrada-y-la-entidad-Cantueña-2019", "fecha": "2020-01-01", "tipo": "convenio urbanístico", "url": "https://transparencia.ayto-fuenlabrada.es/ordenacion-del-territorio-y-obras/convenios-urbanisticos/", "coordSource": "municipio_centroid_jitter", "sectorKey": "fuenlabrada", "catalogSource": "ayuntamiento-portal"}}, {"type": "Feature", "geometry": {"type": "Point", "coordinates": [-3.7949434, 40.2842379]}, "properties": {"id": "fuenlabrada-proy-90d13a89bbf88a", "municipio": "Fuenlabrada", "titulo": "Convenio-de-colaboración-entre-el-Ayuntamiento-de-Fuenlabrada-y-el-PI-Vereda-del-Tempranar-2019", "fecha": "2020-01-01", "tipo": "convenio urbanístico", "url": "https://transparencia.ayto-fuenlabrada.es/ordenacion-del-territorio-y-obras/convenios-urbanisticos/", "coordSource": "municipio_centroid_jitter", "sectorKey": "fuenlabrada", "catalogSource": "ayuntamiento-portal"}}, {"type": "Feature", "geometry": {"type": "Point", "coordinates": [-3.7952205, 40.2836859]}, "properties": {"id": "fuenlabrada-proy-9963f4dada89d0", "municipio": "Fuenlabrada", "titulo": "Convenio-de-colaboración-entre-el-Ayuntamiento-de-Fuenlabrada-y-la-entidad-Cobo-Calleja-2019", "fecha": "2020-01-01", "tipo": "convenio urbanístico", "url": "https://transparencia.ayto-fuenlabrada.es/ordenacion-del-territorio-y-obras/convenios-urbanisticos/", "coordSource": "municipio_centroid_jitter", "sectorKey": "fuenlabrada", "catalogSource": "ayuntamiento-portal"}}, {"type": "Feature", "geometry": {"type": "Point", "coordinates": [-3.7958402, 40.2832446]}, "properties": {"id": "fuenlabrada-proy-bddac50eca713e", "municipio": "Fuenlabrada", "titulo": "Convenio-de-colaboración-entre-el-Ayuntamiento-de-Fuenlabrada-y-el-PI-Los-Gallegos-2019", "fecha": "2020-01-01", "tipo": "convenio urbanístico", "url": "https://transparencia.ayto-fuenlabrada.es/ordenacion-del-territorio-y-obras/convenios-urbanisticos/", "coordSource": "municipio_centroid_jitter", "sectorKey": "fuenlabrada", "catalogSource": "ayuntamiento-portal"}}, {"type": "Feature", "geometry": {"type": "Point", "coordinates": [-3.7953229, 40.2837033]}, "properties": {"id": "fuenlabrada-proy-d6a2e6ae0b425b", "municipio": "Fuenlabrada", "titulo": "Convenio-de-colaboración-entre-el-Ayuntamiento-de-Fuenlabrada-y-la-entidad-Acedinos-2019", "fecha": "2020-01-01", "tipo": "convenio urbanístico", "url": "https://transparencia.ayto-fuenlabrada.es/ordenacion-del-territorio-y-obras/convenios-urbanisticos/", "coordSource": "municipio_centroid_jitter", "sectorKey": "fuenlabrada", "catalogSource": "ayuntamiento-portal"}}, {"type": "Feature", "geometry": {"type": "Point", "coordinates": [-3.7952263, 40.2838032]}, "properties": {"id": "fuenlabrada-proy-d90fe0ccbcd870", "municipio": "Fuenlabrada", "titulo": "Convenio-de-colaboración-entre-el-Ayuntamiento-de-Fuenlabrada-y-PI-El-Palomo-2019", "fecha": "2020-01-01", "tipo": "convenio urbanístico", "url": "https://transparencia.ayto-fuenlabrada.es/ordenacion-del-territorio-y-obras/convenios-urbanisticos/", "coordSource": "municipio_centroid_jitter", "sectorKey": "fuenlabrada", "catalogSource": "ayuntamiento-portal"}}, {"type": "Feature", "geometry": {"type": "Point", "coordinates": [-3.7969723, 40.284578]}, "properties": {"id": "fuenlabrada-proy-35e78b536df248", "municipio": "Fuenlabrada", "titulo": "JGL-19-10-2018.-Convenio-PI-Los-Gallegos", "fecha": "2019-01-01", "tipo": "convenio urbanístico", "url": "https://transparencia.ayto-fuenlabrada.es/ordenacion-del-territorio-y-obras/convenios-urbanisticos/", "coordSource": "municipio_centroid_jitter", "sectorKey": "fuenlabrada", "catalogSource": "ayuntamiento-portal"}}, {"type": "Feature", "geometry": {"type": "Point", "coordinates": [-3.795543, 40.285046]}, "properties": {"id": "fuenlabrada-proy-37c8a5c65e6fba", "municipio": "Fuenlabrada", "titulo": "JGL-26-10-2018.-Convenio-PI-El-Palomo", "fecha": "2019-01-01", "tipo": "convenio urbanístico", "url": "https://transparencia.ayto-fuenlabrada.es/ordenacion-del-territorio-y-obras/convenios-urbanisticos/", "coordSource": "municipio_centroid_jitter", "sectorKey": "fuenlabrada", "catalogSource": "ayuntamiento-portal"}}, {"type": "Feature", "geometry": {"type": "Point", "coordinates": [-3.7944958, 40.2832952]}, "properties": {"id": "fuenlabrada-proy-be869866965328", "municipio": "Fuenlabrada", "titulo": "JGL-05-11-2018-Convenio-PI-La-Vega-II", "fecha": "2019-01-01", "tipo": "convenio urbanístico", "url": "https://transparencia.ayto-fuenlabrada.es/ordenacion-del-territorio-y-obras/convenios-urbanisticos/", "coordSource": "municipio_centroid_jitter", "sectorKey": "fuenlabrada", "catalogSource": "ayuntamiento-portal"}}, {"type": "Feature", "geometry": {"type": "Point", "coordinates": [-3.7937087, 40.2847609]}, "properties": {"id": "fuenlabrada-proy-cd6337d145a0bc", "municipio": "Fuenlabrada", "titulo": "JGL-03-08-2018.-Convenio-Comunidad-de-Propietarios-Calle-Sierra-Elvira", "fecha": "2019-01-01", "tipo": "convenio urbanístico", "url": "https://transparencia.ayto-fuenlabrada.es/ordenacion-del-territorio-y-obras/convenios-urbanisticos/", "coordSource": "municipio_centroid_jitter", "sectorKey": "fuenlabrada", "catalogSource": "ayuntamiento-portal"}}, {"type": "Feature", "geometry": {"type": "Point", "coordinates": [-3.7956741, 40.2826497]}, "properties": {"id": "fuenlabrada-proy-ce058601def328", "municipio": "Fuenlabrada", "titulo": "JGL-16-11-2018-Convenio-PI-Cobo-Calleja", "fecha": "2019-01-01", "tipo": "convenio urbanístico", "url": "https://transparencia.ayto-fuenlabrada.es/ordenacion-del-territorio-y-obras/convenios-urbanisticos/", "coordSource": "municipio_centroid_jitter", "sectorKey": "fuenlabrada", "catalogSource": "ayuntamiento-portal"}}, {"type": "Feature", "geometry": {"type": "Point", "coordinates": [-3.7943176, 40.283428]}, "properties": {"id": "fuenlabrada-proy-d38013838952f5", "municipio": "Fuenlabrada", "titulo": "JGL-19-10-2018.-Convenio-PI-Acedinos", "fecha": "2019-01-01", "tipo": "convenio urbanístico", "url": "https://transparencia.ayto-fuenlabrada.es/ordenacion-del-territorio-y-obras/convenios-urbanisticos/", "coordSource": "municipio_centroid_jitter", "sectorKey": "fuenlabrada", "catalogSource": "ayuntamiento-portal"}}, {"type": "Feature", "geometry": {"type": "Point", "coordinates": [-3.7946396, 40.2832082]}, "properties": {"id": "fuenlabrada-proy-d7a72e49b13f9e", "municipio": "Fuenlabrada", "titulo": "JGL-16-11-2018-Convenio-PI-Vereda-del-Tempranar", "fecha": "2019-01-01", "tipo": "convenio urbanístico", "url": "https://transparencia.ayto-fuenlabrada.es/ordenacion-del-territorio-y-obras/convenios-urbanisticos/", "coordSource": "municipio_centroid_jitter", "sectorKey": "fuenlabrada", "catalogSource": "ayuntamiento-portal"}}, {"type": "Feature", "geometry": {"type": "Point", "coordinates": [-3.7953294, 40.2836383]}, "properties": {"id": "fuenlabrada-proy-eebac790a7803f", "municipio": "Fuenlabrada", "titulo": "JGL-19-10-2018.-Convenio-PI-La-Cantueña", "fecha": "2019-01-01", "tipo": "convenio urbanístico", "url": "https://transparencia.ayto-fuenlabrada.es/ordenacion-del-territorio-y-obras/convenios-urbanisticos/", "coordSource": "municipio_centroid_jitter", "sectorKey": "fuenlabrada", "catalogSource": "ayuntamiento-portal"}}, {"type": "Feature", "geometry": {"type": "Point", "coordinates": [-3.7936015, 40.2839815]}, "properties": {"id": "fuenlabrada-proy-04f2c651dba562", "municipio": "Fuenlabrada", "titulo": "2016-Convenio-colaboración-entre-el-Ayuntamiento-de-Fuenlabrada-y-la-Entidad-Urbanistica-cobo-callej", "fecha": "2018-10-01", "tipo": "convenio urbanístico", "url": "https://transparencia.ayto-fuenlabrada.es/ordenacion-del-territorio-y-obras/convenios-urbanisticos/", "coordSource": "municipio_centroid_jitter", "sectorKey": "fuenlabrada", "catalogSource": "ayuntamiento-portal"}}, {"type": "Feature", "geometry": {"type": "Point", "coordinates": [-3.7935494, 40.2835677]}, "properties": {"id": "fuenlabrada-proy-123086cbec5779", "municipio": "Fuenlabrada", "titulo": "2016-Convenio-colaboración-entre-el-Ayuntamiento-de-Fuenlabrada-y-la-Entidad-Urbanistica-cantueña", "fecha": "2018-10-01", "tipo": "convenio urbanístico", "url": "https://transparencia.ayto-fuenlabrada.es/ordenacion-del-territorio-y-obras/convenios-urbanisticos/", "coordSource": "municipio_centroid_jitter", "sectorKey": "fuenlabrada", "catalogSource": "ayuntamiento-portal"}}, {"type": "Feature", "geometry": {"type": "Point", "coordinates": [-3.7952139, 40.2834982]}, "properties": {"id": "fuenlabrada-proy-230a25028c9149", "municipio": "Fuenlabrada", "titulo": "2015-Convenio-colaboración-entre-el-Ayuntamiento-de-Fuenlabrada-y-la-Entidad-Urbanistica-cobo-callej", "fecha": "2018-10-01", "tipo": "convenio urbanístico", "url": "https://transparencia.ayto-fuenlabrada.es/ordenacion-del-territorio-y-obras/convenios-urbanisticos/", "coordSource": "municipio_centroid_jitter", "sectorKey": "fuenlabrada", "catalogSource": "ayuntamiento-portal"}}, {"type": "Feature", "geometry": {"type": "Point", "coordinates": [-3.7935493, 40.2842345]}, "properties": {"id": "fuenlabrada-proy-45aa30ee926b09", "municipio": "Fuenlabrada", "titulo": "Convenio-Colaboración-EUC-P.I.-Los-Gallegos-2017", "fecha": "2018-10-01", "tipo": "convenio urbanístico", "url": "https://transparencia.ayto-fuenlabrada.es/ordenacion-del-territorio-y-obras/convenios-urbanisticos/", "coordSource": "municipio_centroid_jitter", "sectorKey": "fuenlabrada", "catalogSource": "ayuntamiento-portal"}}, {"type": "Feature", "geometry": {"type": "Point", "coordinates": [-3.7970015, 40.2836039]}, "properties": {"id": "fuenlabrada-proy-522167c3a75b30", "municipio": "Fuenlabrada", "titulo": "2015-Convenio-colaboración-entre-el-Ayuntamiento-de-Fuenlabrada-y-la-Entidad-Urbanistica-cantueña", "fecha": "2018-10-01", "tipo": "convenio urbanístico", "url": "https://transparencia.ayto-fuenlabrada.es/ordenacion-del-territorio-y-obras/convenios-urbanisticos/", "coordSource": "municipio_centroid_jitter", "sectorKey": "fuenlabrada", "catalogSource": "ayuntamiento-portal"}}, {"type": "Feature", "geometry": {"type": "Point", "coordinates": [-3.7954794, 40.2852164]}, "properties": {"id": "fuenlabrada-proy-6f7094952865c8", "municipio": "Fuenlabrada", "titulo": "2016-Convenio-colaboración-entre-el-Ayuntamiento-de-Fuenlabrada-y-la-Entidad-Urbanistica-los-gallego", "fecha": "2018-10-01", "tipo": "convenio urbanístico", "url": "https://transparencia.ayto-fuenlabrada.es/ordenacion-del-territorio-y-obras/convenios-urbanisticos/", "coordSource": "municipio_centroid_jitter", "sectorKey": "fuenlabrada", "catalogSource": "ayuntamiento-portal"}}, {"type": "Feature", "geometry": {"type": "Point", "coordinates": [-3.7948912, 40.2840364]}, "properties": {"id": "fuenlabrada-proy-75be548aa4b9d0", "municipio": "Fuenlabrada", "titulo": "Convenio-Colaboración-EUC-P.I.-Cobo-Calleja-2017", "fecha": "2018-10-01", "tipo": "convenio urbanístico", "url": "https://transparencia.ayto-fuenlabrada.es/ordenacion-del-territorio-y-obras/convenios-urbanisticos/", "coordSource": "municipio_centroid_jitter", "sectorKey": "fuenlabrada", "catalogSource": "ayuntamiento-portal"}}, {"type": "Feature", "geometry": {"type": "Point", "coordinates": [-3.7950116, 40.2841701]}, "properties": {"id": "fuenlabrada-proy-78873c4b09db5b", "municipio": "Fuenlabrada", "titulo": "2015-Convenio-colaboración-entre-el-Ayuntamiento-de-Fuenlabrada-y-la-Entidad-Urbanistica-el-palomo", "fecha": "2018-10-01", "tipo": "convenio urbanístico", "url": "https://transparencia.ayto-fuenlabrada.es/ordenacion-del-territorio-y-obras/convenios-urbanisticos/", "coordSource": "municipio_centroid_jitter", "sectorKey": "fuenlabrada", "catalogSource": "ayuntamiento-portal"}}, {"type": "Feature", "geometry": {"type": "Point", "coordinates": [-3.7957181, 40.2824836]}, "properties": {"id": "fuenlabrada-proy-87449297fd2130", "municipio": "Fuenlabrada", "titulo": "Convenio-Colaboración-EUC-P.I.-Cantueña-2017", "fecha": "2018-10-01", "tipo": "convenio urbanístico", "url": "https://transparencia.ayto-fuenlabrada.es/ordenacion-del-territorio-y-obras/convenios-urbanisticos/", "coordSource": "municipio_centroid_jitter", "sectorKey": "fuenlabrada", "catalogSource": "ayuntamiento-portal"}}, {"type": "Feature", "geometry": {"type": "Point", "coordinates": [-3.7953373, 40.284294]}, "properties": {"id": "fuenlabrada-proy-c9c03edafe17c6", "municipio": "Fuenlabrada", "titulo": "2016-Convenio-colaboración-entre-el-Ayuntamiento-de-Fuenlabrada-y-la-Entidad-Urbanistica-el-palomo", "fecha": "2018-10-01", "tipo": "convenio urbanístico", "url": "https://transparencia.ayto-fuenlabrada.es/ordenacion-del-territorio-y-obras/convenios-urbanisticos/", "coordSource": "municipio_centroid_jitter", "sectorKey": "fuenlabrada", "catalogSource": "ayuntamiento-portal"}}, {"type": "Feature", "geometry": {"type": "Point", "coordinates": [-3.7953303, 40.2846456]}, "properties": {"id": "fuenlabrada-proy-eec84cd12c20a3", "municipio": "Fuenlabrada", "titulo": "2016-Convenio-colaboración-entre-el-Ayuntamiento-de-Fuenlabrada-y-la-Entidad-Urbanistica-acedinos", "fecha": "2018-10-01", "tipo": "convenio urbanístico", "url": "https://transparencia.ayto-fuenlabrada.es/ordenacion-del-territorio-y-obras/convenios-urbanisticos/", "coordSource": "municipio_centroid_jitter", "sectorKey": "fuenlabrada", "catalogSource": "ayuntamiento-portal"}}, {"type": "Feature", "geometry": {"type": "Point", "coordinates": [-3.7947913, 40.2845121]}, "properties": {"id": "fuenlabrada-proy-f39a1b92ded656", "municipio": "Fuenlabrada", "titulo": "Convenio-Colaboración-EUC-P.I.-La-Vega-II-2017", "fecha": "2018-10-01", "tipo": "convenio urbanístico", "url": "https://transparencia.ayto-fuenlabrada.es/ordenacion-del-territorio-y-obras/convenios-urbanisticos/", "coordSource": "municipio_centroid_jitter", "sectorKey": "fuenlabrada", "catalogSource": "ayuntamiento-portal"}}, {"type": "Feature", "geometry": {"type": "Point", "coordinates": [-3.7956494, 40.2830272]}, "properties": {"id": "fuenlabrada-proy-fa1e351bbb8d49", "municipio": "Fuenlabrada", "titulo": "2015-Convenio-colaboración-entre-el-Ayuntamiento-de-Fuenlabrada-y-la-Entidad-Urbanistica-los-gallego", "fecha": "2018-10-01", "tipo": "convenio urbanístico", "url": "https://transparencia.ayto-fuenlabrada.es/ordenacion-del-territorio-y-obras/convenios-urbanisticos/", "coordSource": "municipio_centroid_jitter", "sectorKey": "fuenlabrada", "catalogSource": "ayuntamiento-portal"}}, {"type": "Feature", "geometry": {"type": "Point", "coordinates": [-3.7320643, 40.3041681]}, "properties": {"id": "getafe-proy-c2ca88e373fbb2", "municipio": "Getafe", "titulo": "Estudio de Detalle de la Manzana delimitada por las calles Ilustración, Nuñez de Balboa, Churruca y Jose María Peridis, para la mejora de ordenación de los terrenos del AA.-01 de Getafe,", "fecha": "2026-05-29", "tipo": "urbanismo", "url": "https://sede.getafe.es/sta/CarpetaPublic/doEvent?APP_CODE=STA&PAGE_CODE=PTS2_TABLON#dboid=3223201052000084607583", "coordSource": "municipio_centroid_jitter", "sectorKey": "getafe", "catalogSource": "ayuntamiento-portal"}}, {"type": "Feature", "geometry": {"type": "Point", "coordinates": [-3.7314631, 40.3045799]}, "properties": {"id": "getafe-proy-dd0129243fb5a2", "municipio": "Getafe", "titulo": "aprobación inicial para su publicación en el Boletín Oficial de la Comunidad de Madrid", "fecha": "2026-04-09", "tipo": "información pública", "url": "https://gobiernoabierto.getafe.es/s/portal-de-transparencia/documentos-municipales-sometidos-a-informacion-publica-en-legislacion-sectorial", "coordSource": "municipio_centroid_jitter", "sectorKey": "getafe", "catalogSource": "ayuntamiento-portal"}}, {"type": "Feature", "geometry": {"type": "Point", "coordinates": [-3.7329422, 40.3042776]}, "properties": {"id": "getafe-proy-2c8e8b96ba197f", "municipio": "Getafe", "titulo": "Convenio inicial Rosón", "fecha": "2026-04-08", "tipo": "información pública", "url": "https://gobiernoabierto.getafe.es/s/portal-de-transparencia/documentos-municipales-sometidos-a-informacion-publica-en-legislacion-sectorial", "coordSource": "municipio_centroid_jitter", "sectorKey": "getafe", "catalogSource": "ayuntamiento-portal"}}, {"type": "Feature", "geometry": {"type": "Point", "coordinates": [-3.7317762, 40.3038797]}, "properties": {"id": "getafe-proy-827ba5bdb2a20d", "municipio": "Getafe", "titulo": "Aprobación inicial del estudio de detalle de la manzan 9 del PERI de la unidad de ejecución UE-24 \"Kelvinator\"del PGOU de Getafe** Admisión a trámite la solicitud presentada por PROMOCIONES INMOBILIARIAS GONZÁL", "fecha": "2026-01-23", "tipo": "información pública", "url": "https://gobiernoabierto.getafe.es/s/portal-de-transparencia/documentos-municipales-sometidos-a-informacion-publica-en-legislacion-sectorial", "coordSource": "municipio_centroid_jitter", "sectorKey": "getafe", "catalogSource": "ayuntamiento-portal"}}, {"type": "Feature", "geometry": {"type": "Point", "coordinates": [-3.7332522, 40.3032531]}, "properties": {"id": "getafe-proy-d39d85d8741f4f", "municipio": "Getafe", "titulo": "Acuerdo de establecimiento de precio público para financiar el servicio de recogida, transporte y tratamiento de residuos asimilables a domiciliarios generados en actividades ubicadas fuera del casco urbano y grandes generadores de residuos.", "fecha": "2024-12-23", "tipo": "urbanismo", "url": "https://sede.getafe.es/sta/CarpetaPublic/doEvent?APP_CODE=STA&PAGE_CODE=PTS2_TABLON#dboid=3223201024625800407583", "coordSource": "municipio_centroid_jitter", "sectorKey": "getafe", "catalogSource": "ayuntamiento-portal"}}, {"type": "Feature", "geometry": {"type": "Point", "coordinates": [-3.7319263, 40.3053166]}, "properties": {"id": "getafe-proy-627edc1b1b00a2", "municipio": "Getafe", "titulo": "aprobación inicial para su publicación en el Boletín Oficial de la Comunidad de Madrid", "fecha": "2005-02-03", "tipo": "información pública", "url": "https://gobiernoabierto.getafe.es/s/portal-de-transparencia/documentos-municipales-sometidos-a-informacion-publica-en-legislacion-sectorial", "coordSource": "municipio_centroid_jitter", "sectorKey": "getafe", "catalogSource": "ayuntamiento-portal"}}, {"type": "Feature", "geometry": {"type": "Point", "coordinates": [-3.73288, 40.3057708]}, "properties": {"id": "getafe-proy-06d35183cc1c18", "municipio": "Getafe", "titulo": "Aprobación inicial del estudio de detalle Centro Deportivo Bercial", "fecha": "", "tipo": "información pública", "url": "https://gobiernoabierto.getafe.es/s/portal-de-transparencia/documentos-municipales-sometidos-a-informacion-publica-en-legislacion-sectorial", "coordSource": "municipio_centroid_jitter", "sectorKey": "getafe", "catalogSource": "ayuntamiento-portal"}}, {"type": "Feature", "geometry": {"type": "Point", "coordinates": [-3.7313378, 40.3036082]}, "properties": {"id": "getafe-proy-26bd25f0c5f4ae", "municipio": "Getafe", "titulo": "Aprobación inicial del expediente de modificación de crédito nº91/2025 del Presupuesto Municiapal vigente, transferencia de crédito entre distintas Áreas de Gasto", "fecha": "", "tipo": "información pública", "url": "https://gobiernoabierto.getafe.es/s/portal-de-transparencia/documentos-municipales-sometidos-a-informacion-publica-en-legislacion-sectorial", "coordSource": "municipio_centroid_jitter", "sectorKey": "getafe", "catalogSource": "ayuntamiento-portal"}}, {"type": "Feature", "geometry": {"type": "Point", "coordinates": [-3.7329579, 40.3032698]}, "properties": {"id": "getafe-proy-7bbfab257d4d3b", "municipio": "Getafe", "titulo": "expediente y el acto administrativo que da origen a la apertura del periodo de información pública", "fecha": "", "tipo": "información pública", "url": "https://gobiernoabierto.getafe.es/s/portal-de-transparencia/documentos-municipales-sometidos-a-informacion-publica-en-legislacion-sectorial", "coordSource": "municipio_centroid_jitter", "sectorKey": "getafe", "catalogSource": "ayuntamiento-portal"}}, {"type": "Feature", "geometry": {"type": "Point", "coordinates": [-3.7327692, 40.3050892]}, "properties": {"id": "getafe-proy-83293deeccacaf", "municipio": "Getafe", "titulo": "Aprobación inicial de la modificación de la base nº 22ª de las de ejecución del Presupuesto del Ayuntamiento de Getafe para el ejercício 2025", "fecha": "", "tipo": "información pública", "url": "https://gobiernoabierto.getafe.es/s/portal-de-transparencia/documentos-municipales-sometidos-a-informacion-publica-en-legislacion-sectorial", "coordSource": "municipio_centroid_jitter", "sectorKey": "getafe", "catalogSource": "ayuntamiento-portal"}}, {"type": "Feature", "geometry": {"type": "Point", "coordinates": [-3.7320018, 40.3042406]}, "properties": {"id": "getafe-proy-ea8315e4eda080", "municipio": "Getafe", "titulo": "expediente y el acto administrativo que da origen a la apertura del periodo de información pública", "fecha": "", "tipo": "información pública", "url": "https://gobiernoabierto.getafe.es/s/portal-de-transparencia/documentos-municipales-sometidos-a-informacion-publica-en-legislacion-sectorial", "coordSource": "municipio_centroid_jitter", "sectorKey": "getafe", "catalogSource": "ayuntamiento-portal"}}, {"type": "Feature", "geometry": {"type": "Point", "coordinates": [-3.7315565, 40.3042269]}, "properties": {"id": "getafe-proy-fd05fcdc87eeae", "municipio": "Getafe", "titulo": "expediente y el acto administrativo que da origen a la apertura del periodo de información pública", "fecha": "", "tipo": "información pública", "url": "https://gobiernoabierto.getafe.es/s/portal-de-transparencia/documentos-municipales-sometidos-a-informacion-publica-en-legislacion-sectorial", "coordSource": "municipio_centroid_jitter", "sectorKey": "getafe", "catalogSource": "ayuntamiento-portal"}}, {"type": "Feature", "geometry": {"type": "Point", "coordinates": [-3.8758292, 40.4915642]}, "properties": {"id": "las-rozas-proy-8d9da9d91ef6a7", "municipio": "Las Rozas de Madrid", "titulo": "MP-DOCUM.-TEXTO-REFUNDIDO-2021.pdf", "fecha": "2021-01-01", "tipo": "modificación PGOU", "url": "https://transparencia.lasrozas.es/obras-publicas-y-urbanismo/modificaciones/", "coordSource": "municipio_centroid_jitter", "sectorKey": "las-rozas-de-madrid", "catalogSource": "ayuntamiento-portal"}}, {"type": "Feature", "geometry": {"type": "Point", "coordinates": [-3.8747874, 40.4936963]}, "properties": {"id": "las-rozas-proy-5acfbb36141dfc", "municipio": "Las Rozas de Madrid", "titulo": "NUEVO PLAN GENERAL DE ORDENACIÓN URBANA: PI-04.02-Afecciones Territoriales. Red Natura 2000 (ZEC).pdf", "fecha": "2000-01-01", "tipo": "PGOU/NPGOU", "url": "https://www.lasrozas.es/urbanismo-conservacion-y-medio-ambiente/urbanismo/PGOU", "coordSource": "municipio_centroid_jitter", "sectorKey": "las-rozas-de-madrid", "catalogSource": "ayuntamiento-portal"}}, {"type": "Feature", "geometry": {"type": "Point", "coordinates": [-3.8773747, 40.492995]}, "properties": {"id": "las-rozas-proy-caa7358d9c49d6", "municipio": "Las Rozas de Madrid", "titulo": "NUEVO PLAN GENERAL DE ORDENACIÓN URBANA: PO-03.04-Legislación Ambiental. Red Natura 2000 (ZEC).pdf", "fecha": "2000-01-01", "tipo": "PGOU/NPGOU", "url": "https://www.lasrozas.es/urbanismo-conservacion-y-medio-ambiente/urbanismo/PGOU", "coordSource": "municipio_centroid_jitter", "sectorKey": "las-rozas-de-madrid", "catalogSource": "ayuntamiento-portal"}}, {"type": "Feature", "geometry": {"type": "Point", "coordinates": [-3.8760295, 40.4932373]}, "properties": {"id": "las-rozas-proy-d477bf516a28cc", "municipio": "Las Rozas de Madrid", "titulo": "NUEVO PLAN GENERAL DE ORDENACIÓN URBANA: P-03.01.03-Afecciones Territoriales Existentes. Red Natura 2000 (ZEC).pdf", "fecha": "2000-01-01", "tipo": "PGOU/NPGOU", "url": "https://www.lasrozas.es/urbanismo-conservacion-y-medio-ambiente/urbanismo/PGOU", "coordSource": "municipio_centroid_jitter", "sectorKey": "las-rozas-de-madrid", "catalogSource": "ayuntamiento-portal"}}, {"type": "Feature", "geometry": {"type": "Point", "coordinates": [-3.8768384, 40.4941201]}, "properties": {"id": "las-rozas-proy-d9dc3deceb80f5", "municipio": "Las Rozas de Madrid", "titulo": "NUEVO PLAN GENERAL DE ORDENACIÓN URBANA: PI-04.02_AFECCIONES TERRITORIALES. RED NATURA 2000.pdf", "fecha": "2000-01-01", "tipo": "PGOU/NPGOU", "url": "https://www.lasrozas.es/urbanismo-conservacion-y-medio-ambiente/urbanismo/PGOU", "coordSource": "municipio_centroid_jitter", "sectorKey": "las-rozas-de-madrid", "catalogSource": "ayuntamiento-portal"}}, {"type": "Feature", "geometry": {"type": "Point", "coordinates": [-3.8775046, 40.4930721]}, "properties": {"id": "las-rozas-proy-edc98f3a805194", "municipio": "Las Rozas de Madrid", "titulo": "NUEVO PLAN GENERAL DE ORDENACIÓN URBANA: EAE-06.03__VALORES AMBIENTALES_RED NATURA 2000 (ZEC).pdf", "fecha": "2000-01-01", "tipo": "PGOU/NPGOU", "url": "https://www.lasrozas.es/urbanismo-conservacion-y-medio-ambiente/urbanismo/PGOU", "coordSource": "municipio_centroid_jitter", "sectorKey": "las-rozas-de-madrid", "catalogSource": "ayuntamiento-portal"}}, {"type": "Feature", "geometry": {"type": "Point", "coordinates": [-3.8752767, 40.4939925]}, "properties": {"id": "las-rozas-proy-00b64d8b8c0cf9", "municipio": "Las Rozas de Madrid", "titulo": "NUEVO PLAN GENERAL DE ORDENACIÓN URBANA: 02.03_ESTUDIO CALIDAD SUELOS.pdf", "fecha": "", "tipo": "PGOU/NPGOU", "url": "https://www.lasrozas.es/urbanismo-conservacion-y-medio-ambiente/urbanismo/PGOU", "coordSource": "municipio_centroid_jitter", "sectorKey": "las-rozas-de-madrid", "catalogSource": "ayuntamiento-portal"}}, {"type": "Feature", "geometry": {"type": "Point", "coordinates": [-3.87497, 40.4933744]}, "properties": {"id": "las-rozas-proy-0173f3cc7e351c", "municipio": "Las Rozas de Madrid", "titulo": "NUEVO PLAN GENERAL DE ORDENACIÓN URBANA: PI-03.02_PLANEAMIENTO REMITIDO.pdf", "fecha": "", "tipo": "PGOU/NPGOU", "url": "https://www.lasrozas.es/urbanismo-conservacion-y-medio-ambiente/urbanismo/PGOU", "coordSource": "municipio_centroid_jitter", "sectorKey": "las-rozas-de-madrid", "catalogSource": "ayuntamiento-portal"}}, {"type": "Feature", "geometry": {"type": "Point", "coordinates": [-3.8764945, 40.4927119]}, "properties": {"id": "las-rozas-proy-01d899b9cc580a", "municipio": "Las Rozas de Madrid", "titulo": "TITULO_IV.pdf", "fecha": "", "tipo": "planeamiento", "url": "https://transparencia.lasrozas.es/obras-publicas-y-urbanismo/normas-pgou/", "coordSource": "municipio_centroid_jitter", "sectorKey": "las-rozas-de-madrid", "catalogSource": "ayuntamiento-portal"}}, {"type": "Feature", "geometry": {"type": "Point", "coordinates": [-3.8744433, 40.4929454]}, "properties": {"id": "las-rozas-proy-024496115d20ad", "municipio": "Las Rozas de Madrid", "titulo": "OrdenacionCasco5_D.pdf", "fecha": "", "tipo": "planeamiento", "url": "https://transparencia.lasrozas.es/ordenacion-del-territorio-y-obras/mapas-y-planos-pgou/", "coordSource": "municipio_centroid_jitter", "sectorKey": "las-rozas-de-madrid", "catalogSource": "ayuntamiento-portal"}}, {"type": "Feature", "geometry": {"type": "Point", "coordinates": [-3.8765471, 40.4938855]}, "properties": {"id": "las-rozas-proy-027465b3693710", "municipio": "Las Rozas de Madrid", "titulo": "NUEVO PLAN GENERAL DE ORDENACIÓN URBANA: PI-04.05-Afecciones Territoriales. Vías pecuarias.pdf", "fecha": "", "tipo": "PGOU/NPGOU", "url": "https://www.lasrozas.es/urbanismo-conservacion-y-medio-ambiente/urbanismo/PGOU", "coordSource": "municipio_centroid_jitter", "sectorKey": "las-rozas-de-madrid", "catalogSource": "ayuntamiento-portal"}}, {"type": "Feature", "geometry": {"type": "Point", "coordinates": [-3.8771594, 40.4924761]}, "properties": {"id": "las-rozas-proy-0476fe0fc276fb", "municipio": "Las Rozas de Madrid", "titulo": "Ordenacion_5_13.pdf", "fecha": "", "tipo": "planeamiento", "url": "https://transparencia.lasrozas.es/ordenacion-del-territorio-y-obras/mapas-y-planos-pgou/", "coordSource": "municipio_centroid_jitter", "sectorKey": "las-rozas-de-madrid", "catalogSource": "ayuntamiento-portal"}}, {"type": "Feature", "geometry": {"type": "Point", "coordinates": [-3.875036, 40.4930412]}, "properties": {"id": "las-rozas-proy-04ce4579d9ba31", "municipio": "Las Rozas de Madrid", "titulo": "NUEVO PLAN GENERAL DE ORDENACIÓN URBANA: VOLUMEN I. MEMORIA DE INFORMACION.pdf", "fecha": "", "tipo": "PGOU/NPGOU", "url": "https://www.lasrozas.es/urbanismo-conservacion-y-medio-ambiente/urbanismo/PGOU", "coordSource": "municipio_centroid_jitter", "sectorKey": "las-rozas-de-madrid", "catalogSource": "ayuntamiento-portal"}}, {"type": "Feature", "geometry": {"type": "Point", "coordinates": [-3.8748373, 40.4930776]}, "properties": {"id": "las-rozas-proy-068543e5121c20", "municipio": "Las Rozas de Madrid", "titulo": "Clasificacion_1_6.pdf", "fecha": "", "tipo": "planeamiento", "url": "https://transparencia.lasrozas.es/ordenacion-del-territorio-y-obras/mapas-y-planos-pgou/", "coordSource": "municipio_centroid_jitter", "sectorKey": "las-rozas-de-madrid", "catalogSource": "ayuntamiento-portal"}}, {"type": "Feature", "geometry": {"type": "Point", "coordinates": [-3.8752858, 40.4930499]}, "properties": {"id": "las-rozas-proy-07c6033bb57fdf", "municipio": "Las Rozas de Madrid", "titulo": "NUEVO PLAN GENERAL DE ORDENACIÓN URBANA: PO-12_CATEGORIAS DEL SNUZ.pdf", "fecha": "", "tipo": "PGOU/NPGOU", "url": "https://www.lasrozas.es/urbanismo-conservacion-y-medio-ambiente/urbanismo/PGOU", "coordSource": "municipio_centroid_jitter", "sectorKey": "las-rozas-de-madrid", "catalogSource": "ayuntamiento-portal"}}, {"type": "Feature", "geometry": {"type": "Point", "coordinates": [-3.8757339, 40.4941997]}, "properties": {"id": "las-rozas-proy-07d60e3842f402", "municipio": "Las Rozas de Madrid", "titulo": "NUEVO PLAN GENERAL DE ORDENACIÓN URBANA: P4.1_NIVEL SONORO ACTUALES. DIA.pdf", "fecha": "", "tipo": "PGOU/NPGOU", "url": "https://www.lasrozas.es/urbanismo-conservacion-y-medio-ambiente/urbanismo/PGOU", "coordSource": "municipio_centroid_jitter", "sectorKey": "las-rozas-de-madrid", "catalogSource": "ayuntamiento-portal"}}, {"type": "Feature", "geometry": {"type": "Point", "coordinates": [-3.8769792, 40.4929098]}, "properties": {"id": "las-rozas-proy-092e5840e353d1", "municipio": "Las Rozas de Madrid", "titulo": "TITULO_X_NORMA_ZONAL_REMITIDO_2.pdf", "fecha": "", "tipo": "planeamiento", "url": "https://transparencia.lasrozas.es/obras-publicas-y-urbanismo/normas-pgou/", "coordSource": "municipio_centroid_jitter", "sectorKey": "las-rozas-de-madrid", "catalogSource": "ayuntamiento-portal"}}, {"type": "Feature", "geometry": {"type": "Point", "coordinates": [-3.8760749, 40.4939214]}, "properties": {"id": "las-rozas-proy-0a37a29064e424", "municipio": "Las Rozas de Madrid", "titulo": "NUEVO PLAN GENERAL DE ORDENACIÓN URBANA: PO-05-AMBITOS Y AREAS HOMOGENEAS.pdf", "fecha": "", "tipo": "PGOU/NPGOU", "url": "https://www.lasrozas.es/urbanismo-conservacion-y-medio-ambiente/urbanismo/PGOU", "coordSource": "municipio_centroid_jitter", "sectorKey": "las-rozas-de-madrid", "catalogSource": "ayuntamiento-portal"}}, {"type": "Feature", "geometry": {"type": "Point", "coordinates": [-3.8760569, 40.4938994]}, "properties": {"id": "las-rozas-proy-0a7e1c3c3e8e14", "municipio": "Las Rozas de Madrid", "titulo": "BOE_4_JULIO_2013.pdf", "fecha": "", "tipo": "modificación PGOU", "url": "https://transparencia.lasrozas.es/obras-publicas-y-urbanismo/modificaciones/", "coordSource": "municipio_centroid_jitter", "sectorKey": "las-rozas-de-madrid", "catalogSource": "ayuntamiento-portal"}}, {"type": "Feature", "geometry": {"type": "Point", "coordinates": [-3.8759239, 40.4937376]}, "properties": {"id": "las-rozas-proy-0abd731fb58487", "municipio": "Las Rozas de Madrid", "titulo": "NUEVO PLAN GENERAL DE ORDENACIÓN URBANA: P-05-Usos Actuales del Suelo Urbano.pdf", "fecha": "", "tipo": "PGOU/NPGOU", "url": "https://www.lasrozas.es/urbanismo-conservacion-y-medio-ambiente/urbanismo/PGOU", "coordSource": "municipio_centroid_jitter", "sectorKey": "las-rozas-de-madrid", "catalogSource": "ayuntamiento-portal"}}, {"type": "Feature", "geometry": {"type": "Point", "coordinates": [-3.8743379, 40.4941718]}, "properties": {"id": "las-rozas-proy-0ac01c0d7ae3db", "municipio": "Las Rozas de Madrid", "titulo": "NUEVO PLAN GENERAL DE ORDENACIÓN URBANA: 0_INDICE PLANOS DE ORDENACION.pdf", "fecha": "", "tipo": "PGOU/NPGOU", "url": "https://www.lasrozas.es/urbanismo-conservacion-y-medio-ambiente/urbanismo/PGOU", "coordSource": "municipio_centroid_jitter", "sectorKey": "las-rozas-de-madrid", "catalogSource": "ayuntamiento-portal"}}, {"type": "Feature", "geometry": {"type": "Point", "coordinates": [-3.8763357, 40.494155]}, "properties": {"id": "las-rozas-proy-0bffa422476238", "municipio": "Las Rozas de Madrid", "titulo": "NUEVO PLAN GENERAL DE ORDENACIÓN URBANA: PO-09-CALIFICACIÓN DEL SUELO URBANO.CASCO HISTORICO 1000-(4).pdf", "fecha": "", "tipo": "PGOU/NPGOU", "url": "https://www.lasrozas.es/urbanismo-conservacion-y-medio-ambiente/urbanismo/PGOU", "coordSource": "municipio_centroid_jitter", "sectorKey": "las-rozas-de-madrid", "catalogSource": "ayuntamiento-portal"}}, {"type": "Feature", "geometry": {"type": "Point", "coordinates": [-3.875537, 40.4927111]}, "properties": {"id": "las-rozas-proy-0c37d678dc125b", "municipio": "Las Rozas de Madrid", "titulo": "NUEVO PLAN GENERAL DE ORDENACIÓN URBANA: BOCM-20241209-50.pdf", "fecha": "", "tipo": "PGOU/NPGOU", "url": "https://www.lasrozas.es/urbanismo-conservacion-y-medio-ambiente/urbanismo/PGOU", "coordSource": "municipio_centroid_jitter", "sectorKey": "las-rozas-de-madrid", "catalogSource": "ayuntamiento-portal"}}, {"type": "Feature", "geometry": {"type": "Point", "coordinates": [-3.8755451, 40.4926576]}, "properties": {"id": "las-rozas-proy-0c684ab9cedf55", "municipio": "Las Rozas de Madrid", "titulo": "TITULO_X_NORMA_ZONAL_REMITIDO_3_GRADO_1.pdf", "fecha": "", "tipo": "planeamiento", "url": "https://transparencia.lasrozas.es/obras-publicas-y-urbanismo/normas-pgou/", "coordSource": "municipio_centroid_jitter", "sectorKey": "las-rozas-de-madrid", "catalogSource": "ayuntamiento-portal"}}, {"type": "Feature", "geometry": {"type": "Point", "coordinates": [-3.8766843, 40.4934749]}, "properties": {"id": "las-rozas-proy-0ccb9c348f5c98", "municipio": "Las Rozas de Madrid", "titulo": "NUEVO PLAN GENERAL DE ORDENACIÓN URBANA: P-06-Esquema de Movilidad.pdf", "fecha": "", "tipo": "PGOU/NPGOU", "url": "https://www.lasrozas.es/urbanismo-conservacion-y-medio-ambiente/urbanismo/PGOU", "coordSource": "municipio_centroid_jitter", "sectorKey": "las-rozas-de-madrid", "catalogSource": "ayuntamiento-portal"}}, {"type": "Feature", "geometry": {"type": "Point", "coordinates": [-3.8744508, 40.4925945]}, "properties": {"id": "las-rozas-proy-0ce817f4dc1273", "municipio": "Las Rozas de Madrid", "titulo": "NUEVO PLAN GENERAL DE ORDENACIÓN URBANA: PI-07.01.-Usos actuales suelo. Conjunto Termino Municipal.pdf", "fecha": "", "tipo": "PGOU/NPGOU", "url": "https://www.lasrozas.es/urbanismo-conservacion-y-medio-ambiente/urbanismo/PGOU", "coordSource": "municipio_centroid_jitter", "sectorKey": "las-rozas-de-madrid", "catalogSource": "ayuntamiento-portal"}}, {"type": "Feature", "geometry": {"type": "Point", "coordinates": [-3.8764742, 40.492956]}, "properties": {"id": "las-rozas-proy-0d1276168eeae3", "municipio": "Las Rozas de Madrid", "titulo": "Ordenacion_5_21.pdf", "fecha": "", "tipo": "planeamiento", "url": "https://transparencia.lasrozas.es/ordenacion-del-territorio-y-obras/mapas-y-planos-pgou/", "coordSource": "municipio_centroid_jitter", "sectorKey": "las-rozas-de-madrid", "catalogSource": "ayuntamiento-portal"}}, {"type": "Feature", "geometry": {"type": "Point", "coordinates": [-3.8758333, 40.4933864]}, "properties": {"id": "las-rozas-proy-0d5496ccc815bb", "municipio": "Las Rozas de Madrid", "titulo": "Clasificacion_1_1.pdf", "fecha": "", "tipo": "planeamiento", "url": "https://transparencia.lasrozas.es/ordenacion-del-territorio-y-obras/mapas-y-planos-pgou/", "coordSource": "municipio_centroid_jitter", "sectorKey": "las-rozas-de-madrid", "catalogSource": "ayuntamiento-portal"}}, {"type": "Feature", "geometry": {"type": "Point", "coordinates": [-3.8768731, 40.4924532]}, "properties": {"id": "las-rozas-proy-0e2336f9a22ed1", "municipio": "Las Rozas de Madrid", "titulo": "Gestion_4_8.pdf", "fecha": "", "tipo": "planeamiento", "url": "https://transparencia.lasrozas.es/ordenacion-del-territorio-y-obras/mapas-y-planos-pgou/", "coordSource": "municipio_centroid_jitter", "sectorKey": "las-rozas-de-madrid", "catalogSource": "ayuntamiento-portal"}}, {"type": "Feature", "geometry": {"type": "Point", "coordinates": [-3.8750015, 40.4923105]}, "properties": {"id": "las-rozas-proy-0e505038aa4a45", "municipio": "Las Rozas de Madrid", "titulo": "NUEVO PLAN GENERAL DE ORDENACIÓN URBANA: P1_LOCALIZACION.pdf", "fecha": "", "tipo": "PGOU/NPGOU", "url": "https://www.lasrozas.es/urbanismo-conservacion-y-medio-ambiente/urbanismo/PGOU", "coordSource": "municipio_centroid_jitter", "sectorKey": "las-rozas-de-madrid", "catalogSource": "ayuntamiento-portal"}}, {"type": "Feature", "geometry": {"type": "Point", "coordinates": [-3.8768447, 40.4925641]}, "properties": {"id": "las-rozas-proy-0e6198e280a26d", "municipio": "Las Rozas de Madrid", "titulo": "NUEVO PLAN GENERAL DE ORDENACIÓN URBANA: PO-06-CATEGORIAS DEL SUELO NO URBANIZABLE.pdf", "fecha": "", "tipo": "PGOU/NPGOU", "url": "https://www.lasrozas.es/urbanismo-conservacion-y-medio-ambiente/urbanismo/PGOU", "coordSource": "municipio_centroid_jitter", "sectorKey": "las-rozas-de-madrid", "catalogSource": "ayuntamiento-portal"}}, {"type": "Feature", "geometry": {"type": "Point", "coordinates": [-3.8756814, 40.492512]}, "properties": {"id": "las-rozas-proy-0f884e8b8d0a37", "municipio": "Las Rozas de Madrid", "titulo": "NUEVO PLAN GENERAL DE ORDENACIÓN URBANA: EAE-06.02_VALORES AMBIENTALES_PARQUES NATURALES.pdf", "fecha": "", "tipo": "PGOU/NPGOU", "url": "https://www.lasrozas.es/urbanismo-conservacion-y-medio-ambiente/urbanismo/PGOU", "coordSource": "municipio_centroid_jitter", "sectorKey": "las-rozas-de-madrid", "catalogSource": "ayuntamiento-portal"}}, {"type": "Feature", "geometry": {"type": "Point", "coordinates": [-3.8752031, 40.4925777]}, "properties": {"id": "las-rozas-proy-0fa4f0e35712a8", "municipio": "Las Rozas de Madrid", "titulo": "NUEVO PLAN GENERAL DE ORDENACIÓN URBANA: PO-14.02_CBEP_ESPACIOS NATURALES DE PROTECCION MUNICIPAL.pdf", "fecha": "", "tipo": "PGOU/NPGOU", "url": "https://www.lasrozas.es/urbanismo-conservacion-y-medio-ambiente/urbanismo/PGOU", "coordSource": "municipio_centroid_jitter", "sectorKey": "las-rozas-de-madrid", "catalogSource": "ayuntamiento-portal"}}, {"type": "Feature", "geometry": {"type": "Point", "coordinates": [-3.8761634, 40.4939292]}, "properties": {"id": "las-rozas-proy-10dd2ad1ebe993", "municipio": "Las Rozas de Madrid", "titulo": "NUEVO PLAN GENERAL DE ORDENACIÓN URBANA: VOLUMEN VII_MEMORIA DE PARTICIPACIÓN CIUDADANA.pdf", "fecha": "", "tipo": "PGOU/NPGOU", "url": "https://www.lasrozas.es/urbanismo-conservacion-y-medio-ambiente/urbanismo/PGOU", "coordSource": "municipio_centroid_jitter", "sectorKey": "las-rozas-de-madrid", "catalogSource": "ayuntamiento-portal"}}, {"type": "Feature", "geometry": {"type": "Point", "coordinates": [-3.8741166, 40.4935551]}, "properties": {"id": "las-rozas-proy-1231d55b8d5e2a", "municipio": "Las Rozas de Madrid", "titulo": "ALEGACIONES_110_165.pdf", "fecha": "", "tipo": "planeamiento", "url": "https://transparencia.lasrozas.es/obras-publicas-y-urbanismo/normas-pgou/", "coordSource": "municipio_centroid_jitter", "sectorKey": "las-rozas-de-madrid", "catalogSource": "ayuntamiento-portal"}}, {"type": "Feature", "geometry": {"type": "Point", "coordinates": [-3.8752912, 40.4915208]}, "properties": {"id": "las-rozas-proy-1409045c4ffcc8", "municipio": "Las Rozas de Madrid", "titulo": "NUEVO PLAN GENERAL DE ORDENACIÓN URBANA: VOLUMEN 1_NORMTIVA URBANISTICA.pdf", "fecha": "", "tipo": "PGOU/NPGOU", "url": "https://www.lasrozas.es/urbanismo-conservacion-y-medio-ambiente/urbanismo/PGOU", "coordSource": "municipio_centroid_jitter", "sectorKey": "las-rozas-de-madrid", "catalogSource": "ayuntamiento-portal"}}, {"type": "Feature", "geometry": {"type": "Point", "coordinates": [-3.8732954, 40.4931279]}, "properties": {"id": "las-rozas-proy-140d9a5a1a1140", "municipio": "Las Rozas de Madrid", "titulo": "NUEVO PLAN GENERAL DE ORDENACIÓN URBANA: P5.3_NIVEL SONORO POSTOPERACIONALES.NOCHE.pdf", "fecha": "", "tipo": "PGOU/NPGOU", "url": "https://www.lasrozas.es/urbanismo-conservacion-y-medio-ambiente/urbanismo/PGOU", "coordSource": "municipio_centroid_jitter", "sectorKey": "las-rozas-de-madrid", "catalogSource": "ayuntamiento-portal"}}, {"type": "Feature", "geometry": {"type": "Point", "coordinates": [-3.8755181, 40.4930394]}, "properties": {"id": "las-rozas-proy-1536be8dfb6c96", "municipio": "Las Rozas de Madrid", "titulo": "NUEVO PLAN GENERAL DE ORDENACIÓN URBANA: PO-14.01.04_CBEP_BIENES PROTEGIDOS DE PROTECCION MUNICIPAL_LAS MATAS SUR.pdf", "fecha": "", "tipo": "PGOU/NPGOU", "url": "https://www.lasrozas.es/urbanismo-conservacion-y-medio-ambiente/urbanismo/PGOU", "coordSource": "municipio_centroid_jitter", "sectorKey": "las-rozas-de-madrid", "catalogSource": "ayuntamiento-portal"}}, {"type": "Feature", "geometry": {"type": "Point", "coordinates": [-3.8755062, 40.4931042]}, "properties": {"id": "las-rozas-proy-169f587d9199a3", "municipio": "Las Rozas de Madrid", "titulo": "NUEVO PLAN GENERAL DE ORDENACIÓN URBANA: PO-03.07-Afecciones sectoriales. Carreteras, ferrocarril y red eléctrica.pdf", "fecha": "", "tipo": "PGOU/NPGOU", "url": "https://www.lasrozas.es/urbanismo-conservacion-y-medio-ambiente/urbanismo/PGOU", "coordSource": "municipio_centroid_jitter", "sectorKey": "las-rozas-de-madrid", "catalogSource": "ayuntamiento-portal"}}, {"type": "Feature", "geometry": {"type": "Point", "coordinates": [-3.8748339, 40.4946015]}, "properties": {"id": "las-rozas-proy-16d8a079d0fa31", "municipio": "Las Rozas de Madrid", "titulo": "SANEAMIENTO.pdf", "fecha": "", "tipo": "planeamiento", "url": "https://transparencia.lasrozas.es/ordenacion-del-territorio-y-obras/mapas-y-planos-pgou/", "coordSource": "municipio_centroid_jitter", "sectorKey": "las-rozas-de-madrid", "catalogSource": "ayuntamiento-portal"}}, {"type": "Feature", "geometry": {"type": "Point", "coordinates": [-3.8768626, 40.4940333]}, "properties": {"id": "las-rozas-proy-1881b378339e39", "municipio": "Las Rozas de Madrid", "titulo": "Ordenacion_5_6.pdf", "fecha": "", "tipo": "planeamiento", "url": "https://transparencia.lasrozas.es/ordenacion-del-territorio-y-obras/mapas-y-planos-pgou/", "coordSource": "municipio_centroid_jitter", "sectorKey": "las-rozas-de-madrid", "catalogSource": "ayuntamiento-portal"}}, {"type": "Feature", "geometry": {"type": "Point", "coordinates": [-3.8756727, 40.4937024]}, "properties": {"id": "las-rozas-proy-19ae42a6a730f8", "municipio": "Las Rozas de Madrid", "titulo": "BOCM_22_-DIC_2014.pdf", "fecha": "", "tipo": "modificación PGOU", "url": "https://transparencia.lasrozas.es/obras-publicas-y-urbanismo/modificaciones/", "coordSource": "municipio_centroid_jitter", "sectorKey": "las-rozas-de-madrid", "catalogSource": "ayuntamiento-portal"}}, {"type": "Feature", "geometry": {"type": "Point", "coordinates": [-3.8766, 40.492461]}, "properties": {"id": "las-rozas-proy-19df5b8cbf5700", "municipio": "Las Rozas de Madrid", "titulo": "Mapas y Planos PGOU: 3_10.pdf", "fecha": "", "tipo": "planeamiento", "url": "https://transparencia.lasrozas.es/ordenacion-del-territorio-y-obras/mapas-y-planos-pgou/", "coordSource": "municipio_centroid_jitter", "sectorKey": "las-rozas-de-madrid", "catalogSource": "ayuntamiento-portal"}}, {"type": "Feature", "geometry": {"type": "Point", "coordinates": [-3.8755271, 40.4928723]}, "properties": {"id": "las-rozas-proy-1a78f4aee04fcb", "municipio": "Las Rozas de Madrid", "titulo": "NUEVO PLAN GENERAL DE ORDENACIÓN URBANA: PI-05.06_REDES PUBLICAS. INFRAESTRUCTURAS DE ENERGIA ELECTRICA.pdf", "fecha": "", "tipo": "PGOU/NPGOU", "url": "https://www.lasrozas.es/urbanismo-conservacion-y-medio-ambiente/urbanismo/PGOU", "coordSource": "municipio_centroid_jitter", "sectorKey": "las-rozas-de-madrid", "catalogSource": "ayuntamiento-portal"}}, {"type": "Feature", "geometry": {"type": "Point", "coordinates": [-3.8762572, 40.4917019]}, "properties": {"id": "las-rozas-proy-1caeae0ec50ada", "municipio": "Las Rozas de Madrid", "titulo": "NUEVO PLAN GENERAL DE ORDENACIÓN URBANA: PI-07.01_USOS DEL SUELO. TERMINO MUNICIPAL.pdf", "fecha": "", "tipo": "PGOU/NPGOU", "url": "https://www.lasrozas.es/urbanismo-conservacion-y-medio-ambiente/urbanismo/PGOU", "coordSource": "municipio_centroid_jitter", "sectorKey": "las-rozas-de-madrid", "catalogSource": "ayuntamiento-portal"}}, {"type": "Feature", "geometry": {"type": "Point", "coordinates": [-3.8751524, 40.4930531]}, "properties": {"id": "las-rozas-proy-1d0d12fcf7b7a2", "municipio": "Las Rozas de Madrid", "titulo": "TITULO_X_NORMA_ZONAL_REMITIDO_3_GRADO_4.pdf", "fecha": "", "tipo": "planeamiento", "url": "https://transparencia.lasrozas.es/obras-publicas-y-urbanismo/normas-pgou/", "coordSource": "municipio_centroid_jitter", "sectorKey": "las-rozas-de-madrid", "catalogSource": "ayuntamiento-portal"}}, {"type": "Feature", "geometry": {"type": "Point", "coordinates": [-3.8744049, 40.4933606]}, "properties": {"id": "las-rozas-proy-1d8c9fb1ba6c8e", "municipio": "Las Rozas de Madrid", "titulo": "NUEVO PLAN GENERAL DE ORDENACIÓN URBANA: P7.1_NIVEL SONORO POSTOPERACIONALES CON MEDIDAS CORRECTORAS.DIA.pdf", "fecha": "", "tipo": "PGOU/NPGOU", "url": "https://www.lasrozas.es/urbanismo-conservacion-y-medio-ambiente/urbanismo/PGOU", "coordSource": "municipio_centroid_jitter", "sectorKey": "las-rozas-de-madrid", "catalogSource": "ayuntamiento-portal"}}, {"type": "Feature", "geometry": {"type": "Point", "coordinates": [-3.8759987, 40.4935246]}, "properties": {"id": "las-rozas-proy-1e877f2fd8729d", "municipio": "Las Rozas de Madrid", "titulo": "NUEVO PLAN GENERAL DE ORDENACIÓN URBANA: PI-01.01-Encuadre Territorial.pdf", "fecha": "", "tipo": "PGOU/NPGOU", "url": "https://www.lasrozas.es/urbanismo-conservacion-y-medio-ambiente/urbanismo/PGOU", "coordSource": "municipio_centroid_jitter", "sectorKey": "las-rozas-de-madrid", "catalogSource": "ayuntamiento-portal"}}, {"type": "Feature", "geometry": {"type": "Point", "coordinates": [-3.8768678, 40.4930219]}, "properties": {"id": "las-rozas-proy-1f7944596ea1ef", "municipio": "Las Rozas de Madrid", "titulo": "NUEVO PLAN GENERAL DE ORDENACIÓN URBANA: P-03.04-Afecciones Territoriales Existentes. Carreteras, FFCC, Red Eléctrica.pdf", "fecha": "", "tipo": "PGOU/NPGOU", "url": "https://www.lasrozas.es/urbanismo-conservacion-y-medio-ambiente/urbanismo/PGOU", "coordSource": "municipio_centroid_jitter", "sectorKey": "las-rozas-de-madrid", "catalogSource": "ayuntamiento-portal"}}, {"type": "Feature", "geometry": {"type": "Point", "coordinates": [-3.8754593, 40.4930961]}, "properties": {"id": "las-rozas-proy-1f9d9ecf5a7534", "municipio": "Las Rozas de Madrid", "titulo": "NUEVO PLAN GENERAL DE ORDENACIÓN URBANA: PO-06_GESTION DEL SUELO URBANO.pdf", "fecha": "", "tipo": "PGOU/NPGOU", "url": "https://www.lasrozas.es/urbanismo-conservacion-y-medio-ambiente/urbanismo/PGOU", "coordSource": "municipio_centroid_jitter", "sectorKey": "las-rozas-de-madrid", "catalogSource": "ayuntamiento-portal"}}, {"type": "Feature", "geometry": {"type": "Point", "coordinates": [-3.8738756, 40.4932629]}, "properties": {"id": "las-rozas-proy-2316159117ff85", "municipio": "Las Rozas de Madrid", "titulo": "Ordenacion_5_1.pdf", "fecha": "", "tipo": "planeamiento", "url": "https://transparencia.lasrozas.es/ordenacion-del-territorio-y-obras/mapas-y-planos-pgou/", "coordSource": "municipio_centroid_jitter", "sectorKey": "las-rozas-de-madrid", "catalogSource": "ayuntamiento-portal"}}, {"type": "Feature", "geometry": {"type": "Point", "coordinates": [-3.8755477, 40.4933113]}, "properties": {"id": "las-rozas-proy-242dd4c44c7549", "municipio": "Las Rozas de Madrid", "titulo": "NUEVO PLAN GENERAL DE ORDENACIÓN URBANA: PO-14.01.03_CBEP_BIENES PROTEGIDOS DE PROTECCION MUNICIPAL_CASCO ANTIGUO.pdf", "fecha": "", "tipo": "PGOU/NPGOU", "url": "https://www.lasrozas.es/urbanismo-conservacion-y-medio-ambiente/urbanismo/PGOU", "coordSource": "municipio_centroid_jitter", "sectorKey": "las-rozas-de-madrid", "catalogSource": "ayuntamiento-portal"}}, {"type": "Feature", "geometry": {"type": "Point", "coordinates": [-3.8754909, 40.4927445]}, "properties": {"id": "las-rozas-proy-24a474a334413b", "municipio": "Las Rozas de Madrid", "titulo": "NUEVO PLAN GENERAL DE ORDENACIÓN URBANA: EAE-06.05_VALORES AMBIENTALES_HABITATS RESERVAS DE LA BIOSFERA E IBA.pdf", "fecha": "", "tipo": "PGOU/NPGOU", "url": "https://www.lasrozas.es/urbanismo-conservacion-y-medio-ambiente/urbanismo/PGOU", "coordSource": "municipio_centroid_jitter", "sectorKey": "las-rozas-de-madrid", "catalogSource": "ayuntamiento-portal"}}, {"type": "Feature", "geometry": {"type": "Point", "coordinates": [-3.8750988, 40.4934272]}, "properties": {"id": "las-rozas-proy-24f9e2b7f5711a", "municipio": "Las Rozas de Madrid", "titulo": "NUEVO PLAN GENERAL DE ORDENACIÓN URBANA: 02.02_ESTUDIO_HIDROLOGICO.pdf", "fecha": "", "tipo": "PGOU/NPGOU", "url": "https://www.lasrozas.es/urbanismo-conservacion-y-medio-ambiente/urbanismo/PGOU", "coordSource": "municipio_centroid_jitter", "sectorKey": "las-rozas-de-madrid", "catalogSource": "ayuntamiento-portal"}}, {"type": "Feature", "geometry": {"type": "Point", "coordinates": [-3.8762985, 40.494501]}, "properties": {"id": "las-rozas-proy-2508d2847385d1", "municipio": "Las Rozas de Madrid", "titulo": "NUEVO PLAN GENERAL DE ORDENACIÓN URBANA: PO-08_CALIFICACION DEL SUELO URBANO (1-35).pdf", "fecha": "", "tipo": "PGOU/NPGOU", "url": "https://www.lasrozas.es/urbanismo-conservacion-y-medio-ambiente/urbanismo/PGOU", "coordSource": "municipio_centroid_jitter", "sectorKey": "las-rozas-de-madrid", "catalogSource": "ayuntamiento-portal"}}, {"type": "Feature", "geometry": {"type": "Point", "coordinates": [-3.8752596, 40.492426]}, "properties": {"id": "las-rozas-proy-250e72db48aeb5", "municipio": "Las Rozas de Madrid", "titulo": "OrdenacionCasco5_E.pdf", "fecha": "", "tipo": "planeamiento", "url": "https://transparencia.lasrozas.es/ordenacion-del-territorio-y-obras/mapas-y-planos-pgou/", "coordSource": "municipio_centroid_jitter", "sectorKey": "las-rozas-de-madrid", "catalogSource": "ayuntamiento-portal"}}, {"type": "Feature", "geometry": {"type": "Point", "coordinates": [-3.8748463, 40.4926934]}, "properties": {"id": "las-rozas-proy-252450c5bc4ec3", "municipio": "Las Rozas de Madrid", "titulo": "BOE_22_DICIEMBRE_2014.pdf", "fecha": "", "tipo": "modificación PGOU", "url": "https://transparencia.lasrozas.es/obras-publicas-y-urbanismo/modificaciones/", "coordSource": "municipio_centroid_jitter", "sectorKey": "las-rozas-de-madrid", "catalogSource": "ayuntamiento-portal"}}, {"type": "Feature", "geometry": {"type": "Point", "coordinates": [-3.8757461, 40.4930677]}, "properties": {"id": "las-rozas-proy-2545cb9173fea2", "municipio": "Las Rozas de Madrid", "titulo": "NUEVO PLAN GENERAL DE ORDENACIÓN URBANA: PI-04.04_AFECCIONES TERRITORIALES. VIAS PECUARIAS.pdf", "fecha": "", "tipo": "PGOU/NPGOU", "url": "https://www.lasrozas.es/urbanismo-conservacion-y-medio-ambiente/urbanismo/PGOU", "coordSource": "municipio_centroid_jitter", "sectorKey": "las-rozas-de-madrid", "catalogSource": "ayuntamiento-portal"}}, {"type": "Feature", "geometry": {"type": "Point", "coordinates": [-3.8771806, 40.4937314]}, "properties": {"id": "las-rozas-proy-273c8dea8b5acd", "municipio": "Las Rozas de Madrid", "titulo": "NUEVO PLAN GENERAL DE ORDENACIÓN URBANA: PO-03.05-Afecciones Sectoriales. Hidrología.pdf", "fecha": "", "tipo": "PGOU/NPGOU", "url": "https://www.lasrozas.es/urbanismo-conservacion-y-medio-ambiente/urbanismo/PGOU", "coordSource": "municipio_centroid_jitter", "sectorKey": "las-rozas-de-madrid", "catalogSource": "ayuntamiento-portal"}}, {"type": "Feature", "geometry": {"type": "Point", "coordinates": [-3.8771598, 40.492888]}, "properties": {"id": "las-rozas-proy-28dfed47be038c", "municipio": "Las Rozas de Madrid", "titulo": "NUEVO PLAN GENERAL DE ORDENACIÓN URBANA: PI-04.04-Afecciones Territoriales. Montes y Esp. Naturales.pdf", "fecha": "", "tipo": "PGOU/NPGOU", "url": "https://www.lasrozas.es/urbanismo-conservacion-y-medio-ambiente/urbanismo/PGOU", "coordSource": "municipio_centroid_jitter", "sectorKey": "las-rozas-de-madrid", "catalogSource": "ayuntamiento-portal"}}, {"type": "Feature", "geometry": {"type": "Point", "coordinates": [-3.8743623, 40.4935374]}, "properties": {"id": "las-rozas-proy-28f5388b068d9d", "municipio": "Las Rozas de Madrid", "titulo": "NUEVO PLAN GENERAL DE ORDENACIÓN URBANA: P-03.02.02-Afecciones Territoriales Existentes. ENP. Zonificación.pdf", "fecha": "", "tipo": "PGOU/NPGOU", "url": "https://www.lasrozas.es/urbanismo-conservacion-y-medio-ambiente/urbanismo/PGOU", "coordSource": "municipio_centroid_jitter", "sectorKey": "las-rozas-de-madrid", "catalogSource": "ayuntamiento-portal"}}, {"type": "Feature", "geometry": {"type": "Point", "coordinates": [-3.8755507, 40.4936393]}, "properties": {"id": "las-rozas-proy-29be4676e05744", "municipio": "Las Rozas de Madrid", "titulo": "NUEVO PLAN GENERAL DE ORDENACIÓN URBANA: P4.2_NIVEL SONORO ACTUALES.TARDES.pdf", "fecha": "", "tipo": "PGOU/NPGOU", "url": "https://www.lasrozas.es/urbanismo-conservacion-y-medio-ambiente/urbanismo/PGOU", "coordSource": "municipio_centroid_jitter", "sectorKey": "las-rozas-de-madrid", "catalogSource": "ayuntamiento-portal"}}, {"type": "Feature", "geometry": {"type": "Point", "coordinates": [-3.8760744, 40.4933613]}, "properties": {"id": "las-rozas-proy-2a2b47c8cd7eb0", "municipio": "Las Rozas de Madrid", "titulo": "NUEVO PLAN GENERAL DE ORDENACIÓN URBANA: INDICE.pdf", "fecha": "", "tipo": "PGOU/NPGOU", "url": "https://www.lasrozas.es/urbanismo-conservacion-y-medio-ambiente/urbanismo/PGOU", "coordSource": "municipio_centroid_jitter", "sectorKey": "las-rozas-de-madrid", "catalogSource": "ayuntamiento-portal"}}, {"type": "Feature", "geometry": {"type": "Point", "coordinates": [-3.8762801, 40.4930059]}, "properties": {"id": "las-rozas-proy-2a58966e6daf44", "municipio": "Las Rozas de Madrid", "titulo": "NUEVO PLAN GENERAL DE ORDENACIÓN URBANA: P-02.2-Desarrollo del Planeamiento Vigente.pdf", "fecha": "", "tipo": "PGOU/NPGOU", "url": "https://www.lasrozas.es/urbanismo-conservacion-y-medio-ambiente/urbanismo/PGOU", "coordSource": "municipio_centroid_jitter", "sectorKey": "las-rozas-de-madrid", "catalogSource": "ayuntamiento-portal"}}, {"type": "Feature", "geometry": {"type": "Point", "coordinates": [-3.8768804, 40.4938883]}, "properties": {"id": "las-rozas-proy-2c463633c5b16f", "municipio": "Las Rozas de Madrid", "titulo": "NUEVO PLAN GENERAL DE ORDENACIÓN URBANA: PI-05.02-Redes públicas existentes.Infraest viarias.pdf", "fecha": "", "tipo": "PGOU/NPGOU", "url": "https://www.lasrozas.es/urbanismo-conservacion-y-medio-ambiente/urbanismo/PGOU", "coordSource": "municipio_centroid_jitter", "sectorKey": "las-rozas-de-madrid", "catalogSource": "ayuntamiento-portal"}}, {"type": "Feature", "geometry": {"type": "Point", "coordinates": [-3.875372, 40.4934049]}, "properties": {"id": "las-rozas-proy-2c880853162e48", "municipio": "Las Rozas de Madrid", "titulo": "Clasificacion_1_2.pdf", "fecha": "", "tipo": "planeamiento", "url": "https://transparencia.lasrozas.es/ordenacion-del-territorio-y-obras/mapas-y-planos-pgou/", "coordSource": "municipio_centroid_jitter", "sectorKey": "las-rozas-de-madrid", "catalogSource": "ayuntamiento-portal"}}, {"type": "Feature", "geometry": {"type": "Point", "coordinates": [-3.8748481, 40.4924015]}, "properties": {"id": "las-rozas-proy-2cb72b3c0d17af", "municipio": "Las Rozas de Madrid", "titulo": "NUEVO PLAN GENERAL DE ORDENACIÓN URBANA: P-03.02.01-Afecciones Territoriales Existentes. ENP. Identificación.pdf", "fecha": "", "tipo": "PGOU/NPGOU", "url": "https://www.lasrozas.es/urbanismo-conservacion-y-medio-ambiente/urbanismo/PGOU", "coordSource": "municipio_centroid_jitter", "sectorKey": "las-rozas-de-madrid", "catalogSource": "ayuntamiento-portal"}}, {"type": "Feature", "geometry": {"type": "Point", "coordinates": [-3.875239, 40.4944998]}, "properties": {"id": "las-rozas-proy-2d7520761e0a60", "municipio": "Las Rozas de Madrid", "titulo": "NUEVO PLAN GENERAL DE ORDENACIÓN URBANA: 0_INDICE DE PLANOS AMBIENTALES DEL EAE.pdf", "fecha": "", "tipo": "PGOU/NPGOU", "url": "https://www.lasrozas.es/urbanismo-conservacion-y-medio-ambiente/urbanismo/PGOU", "coordSource": "municipio_centroid_jitter", "sectorKey": "las-rozas-de-madrid", "catalogSource": "ayuntamiento-portal"}}, {"type": "Feature", "geometry": {"type": "Point", "coordinates": [-3.8761774, 40.4927013]}, "properties": {"id": "las-rozas-proy-2ef0aeb6bc2c1b", "municipio": "Las Rozas de Madrid", "titulo": "NUEVO PLAN GENERAL DE ORDENACIÓN URBANA: P5.2_NIVEL SONORO POSTOPERACIONALES.TARDE.pdf", "fecha": "", "tipo": "PGOU/NPGOU", "url": "https://www.lasrozas.es/urbanismo-conservacion-y-medio-ambiente/urbanismo/PGOU", "coordSource": "municipio_centroid_jitter", "sectorKey": "las-rozas-de-madrid", "catalogSource": "ayuntamiento-portal"}}, {"type": "Feature", "geometry": {"type": "Point", "coordinates": [-3.8750195, 40.4929192]}, "properties": {"id": "las-rozas-proy-2fe85e01aabad3", "municipio": "Las Rozas de Madrid", "titulo": "NUEVO PLAN GENERAL DE ORDENACIÓN URBANA: PO-10_ALINEACIONES Y RASANTES (1-35).pdf", "fecha": "", "tipo": "PGOU/NPGOU", "url": "https://www.lasrozas.es/urbanismo-conservacion-y-medio-ambiente/urbanismo/PGOU", "coordSource": "municipio_centroid_jitter", "sectorKey": "las-rozas-de-madrid", "catalogSource": "ayuntamiento-portal"}}, {"type": "Feature", "geometry": {"type": "Point", "coordinates": [-3.874542, 40.4925125]}, "properties": {"id": "las-rozas-proy-30a24813f82f70", "municipio": "Las Rozas de Madrid", "titulo": "NUEVO PLAN GENERAL DE ORDENACIÓN URBANA: VOLUMEN 1 ESTUDIO AMBIENTAL ESTRATEGICO. ANEXO.DOCUMENTO DE ALCANCE.pdf", "fecha": "", "tipo": "PGOU/NPGOU", "url": "https://www.lasrozas.es/urbanismo-conservacion-y-medio-ambiente/urbanismo/PGOU", "coordSource": "municipio_centroid_jitter", "sectorKey": "las-rozas-de-madrid", "catalogSource": "ayuntamiento-portal"}}, {"type": "Feature", "geometry": {"type": "Point", "coordinates": [-3.8762406, 40.4927457]}, "properties": {"id": "las-rozas-proy-32948dfc3c2f73", "municipio": "Las Rozas de Madrid", "titulo": "NUEVO PLAN GENERAL DE ORDENACIÓN URBANA: TOMO III_ESTUDIO RESIDUOS Y CONTAMINACION.pdf", "fecha": "", "tipo": "PGOU/NPGOU", "url": "https://www.lasrozas.es/urbanismo-conservacion-y-medio-ambiente/urbanismo/PGOU", "coordSource": "municipio_centroid_jitter", "sectorKey": "las-rozas-de-madrid", "catalogSource": "ayuntamiento-portal"}}, {"type": "Feature", "geometry": {"type": "Point", "coordinates": [-3.8744768, 40.4936485]}, "properties": {"id": "las-rozas-proy-3300aab87d14ed", "municipio": "Las Rozas de Madrid", "titulo": "NUEVO PLAN GENERAL DE ORDENACIÓN URBANA: DIE_03.pdf", "fecha": "", "tipo": "PGOU/NPGOU", "url": "https://www.lasrozas.es/urbanismo-conservacion-y-medio-ambiente/urbanismo/PGOU", "coordSource": "municipio_centroid_jitter", "sectorKey": "las-rozas-de-madrid", "catalogSource": "ayuntamiento-portal"}}, {"type": "Feature", "geometry": {"type": "Point", "coordinates": [-3.8752641, 40.4927142]}, "properties": {"id": "las-rozas-proy-3500b4c4dbb8ed", "municipio": "Las Rozas de Madrid", "titulo": "NUEVO PLAN GENERAL DE ORDENACIÓN URBANA: PI-08.01-Bienes protegidos Patrimonio Histórico. T.M.pdf", "fecha": "", "tipo": "PGOU/NPGOU", "url": "https://www.lasrozas.es/urbanismo-conservacion-y-medio-ambiente/urbanismo/PGOU", "coordSource": "municipio_centroid_jitter", "sectorKey": "las-rozas-de-madrid", "catalogSource": "ayuntamiento-portal"}}, {"type": "Feature", "geometry": {"type": "Point", "coordinates": [-3.8750315, 40.4928386]}, "properties": {"id": "las-rozas-proy-36140cb385eb8e", "municipio": "Las Rozas de Madrid", "titulo": "NUEVO PLAN GENERAL DE ORDENACIÓN URBANA: PI-08_BIENES PROTEGIDOS.pdf", "fecha": "", "tipo": "PGOU/NPGOU", "url": "https://www.lasrozas.es/urbanismo-conservacion-y-medio-ambiente/urbanismo/PGOU", "coordSource": "municipio_centroid_jitter", "sectorKey": "las-rozas-de-madrid", "catalogSource": "ayuntamiento-portal"}}, {"type": "Feature", "geometry": {"type": "Point", "coordinates": [-3.8755314, 40.4925331]}, "properties": {"id": "las-rozas-proy-36cffcd4417196", "municipio": "Las Rozas de Madrid", "titulo": "NUEVO PLAN GENERAL DE ORDENACIÓN URBANA: P-04-CLASIFICACION DEL SUELO. ALT 3.pdf", "fecha": "", "tipo": "PGOU/NPGOU", "url": "https://www.lasrozas.es/urbanismo-conservacion-y-medio-ambiente/urbanismo/PGOU", "coordSource": "municipio_centroid_jitter", "sectorKey": "las-rozas-de-madrid", "catalogSource": "ayuntamiento-portal"}}, {"type": "Feature", "geometry": {"type": "Point", "coordinates": [-3.8756767, 40.4922559]}, "properties": {"id": "las-rozas-proy-36d62274236553", "municipio": "Las Rozas de Madrid", "titulo": "OrdenacionCasco5_C.pdf", "fecha": "", "tipo": "planeamiento", "url": "https://transparencia.lasrozas.es/ordenacion-del-territorio-y-obras/mapas-y-planos-pgou/", "coordSource": "municipio_centroid_jitter", "sectorKey": "las-rozas-de-madrid", "catalogSource": "ayuntamiento-portal"}}, {"type": "Feature", "geometry": {"type": "Point", "coordinates": [-3.8748829, 40.4932128]}, "properties": {"id": "las-rozas-proy-3881f5dab83fa8", "municipio": "Las Rozas de Madrid", "titulo": "NUEVO PLAN GENERAL DE ORDENACIÓN URBANA: PO-09-CALIFICACIÓN DEL SUELO URBANO.CASCO HISTORICO 1000-(3).pdf", "fecha": "", "tipo": "PGOU/NPGOU", "url": "https://www.lasrozas.es/urbanismo-conservacion-y-medio-ambiente/urbanismo/PGOU", "coordSource": "municipio_centroid_jitter", "sectorKey": "las-rozas-de-madrid", "catalogSource": "ayuntamiento-portal"}}, {"type": "Feature", "geometry": {"type": "Point", "coordinates": [-3.8765834, 40.4939392]}, "properties": {"id": "las-rozas-proy-38e3ae4067716b", "municipio": "Las Rozas de Madrid", "titulo": "NUEVO PLAN GENERAL DE ORDENACIÓN URBANA: PO-09-CALIFICACIÓN DEL SUELO URBANO.CASCO HISTORICO 1000-(1).pdf", "fecha": "", "tipo": "PGOU/NPGOU", "url": "https://www.lasrozas.es/urbanismo-conservacion-y-medio-ambiente/urbanismo/PGOU", "coordSource": "municipio_centroid_jitter", "sectorKey": "las-rozas-de-madrid", "catalogSource": "ayuntamiento-portal"}}, {"type": "Feature", "geometry": {"type": "Point", "coordinates": [-3.8755352, 40.4923682]}, "properties": {"id": "las-rozas-proy-3a50a8a1073823", "municipio": "Las Rozas de Madrid", "titulo": "NUEVO PLAN GENERAL DE ORDENACIÓN URBANA: PINF-03_ENERGIA ELECTRICA ALTA Y MEDIA TENSION.pdf", "fecha": "", "tipo": "PGOU/NPGOU", "url": "https://www.lasrozas.es/urbanismo-conservacion-y-medio-ambiente/urbanismo/PGOU", "coordSource": "municipio_centroid_jitter", "sectorKey": "las-rozas-de-madrid", "catalogSource": "ayuntamiento-portal"}}, {"type": "Feature", "geometry": {"type": "Point", "coordinates": [-3.8741974, 40.493036]}, "properties": {"id": "las-rozas-proy-3b54b2e4d8b8d5", "municipio": "Las Rozas de Madrid", "titulo": "INFRAESTRUCTURA_VIARIA.pdf", "fecha": "", "tipo": "planeamiento", "url": "https://transparencia.lasrozas.es/ordenacion-del-territorio-y-obras/mapas-y-planos-pgou/", "coordSource": "municipio_centroid_jitter", "sectorKey": "las-rozas-de-madrid", "catalogSource": "ayuntamiento-portal"}}, {"type": "Feature", "geometry": {"type": "Point", "coordinates": [-3.8739529, 40.4931384]}, "properties": {"id": "las-rozas-proy-3bad6155b63b2d", "municipio": "Las Rozas de Madrid", "titulo": "NUEVO PLAN GENERAL DE ORDENACIÓN URBANA: PO-02.02_REDES PUBLICAS.pdf", "fecha": "", "tipo": "PGOU/NPGOU", "url": "https://www.lasrozas.es/urbanismo-conservacion-y-medio-ambiente/urbanismo/PGOU", "coordSource": "municipio_centroid_jitter", "sectorKey": "las-rozas-de-madrid", "catalogSource": "ayuntamiento-portal"}}, {"type": "Feature", "geometry": {"type": "Point", "coordinates": [-3.8752054, 40.4943053]}, "properties": {"id": "las-rozas-proy-3d25cfa2ab93a0", "municipio": "Las Rozas de Madrid", "titulo": "NUEVO PLAN GENERAL DE ORDENACIÓN URBANA: PI-05.05-Redes públicas existentes.Infraest Energía Eléctrica.pdf", "fecha": "", "tipo": "PGOU/NPGOU", "url": "https://www.lasrozas.es/urbanismo-conservacion-y-medio-ambiente/urbanismo/PGOU", "coordSource": "municipio_centroid_jitter", "sectorKey": "las-rozas-de-madrid", "catalogSource": "ayuntamiento-portal"}}, {"type": "Feature", "geometry": {"type": "Point", "coordinates": [-3.8751702, 40.4945236]}, "properties": {"id": "las-rozas-proy-3db5687300a794", "municipio": "Las Rozas de Madrid", "titulo": "NUEVO PLAN GENERAL DE ORDENACIÓN URBANA: PI-05.01_REDES PUBLICAS. EQUIPAMIENTOS ZONAS VERDES Y ESPACIOS LIBRES.pdf", "fecha": "", "tipo": "PGOU/NPGOU", "url": "https://www.lasrozas.es/urbanismo-conservacion-y-medio-ambiente/urbanismo/PGOU", "coordSource": "municipio_centroid_jitter", "sectorKey": "las-rozas-de-madrid", "catalogSource": "ayuntamiento-portal"}}, {"type": "Feature", "geometry": {"type": "Point", "coordinates": [-3.8750309, 40.4944207]}, "properties": {"id": "las-rozas-proy-3dbfa7d83d7698", "municipio": "Las Rozas de Madrid", "titulo": "Convenio entre el Ayuntamiento de Las Rozas, la Empresa Municipal de la Innovación y Transporte Urbano de Las Rozas de Madrid, S.A., y Newspress s.l, para la promoción de los servicios de innovación y desarrollo tecnológico sostenible en el marco de la feria Mogy de movilidad y sostenibilidad", "fecha": "", "tipo": "convenio", "url": "https://transparencia.lasrozas.es/convenio/convenio-entre-el-ayuntamiento-de-las-rozas-la-empresa-municipal-de-la-innovacion-y-transporte-urbano-de-las-rozas-de-madrid-s-a-y-newspress-s-l-para-la-promocion-de-los-servicios-de-innovacion-y/", "coordSource": "municipio_centroid_jitter", "sectorKey": "las-rozas-de-madrid", "catalogSource": "ayuntamiento-portal"}}, {"type": "Feature", "geometry": {"type": "Point", "coordinates": [-3.8753216, 40.4937814]}, "properties": {"id": "las-rozas-proy-3de40e4c6d5cf6", "municipio": "Las Rozas de Madrid", "titulo": "NUEVO PLAN GENERAL DE ORDENACIÓN URBANA: EAE-06.04_VALORES AMBIENTALES_MONTES PRESERVADOS.pdf", "fecha": "", "tipo": "PGOU/NPGOU", "url": "https://www.lasrozas.es/urbanismo-conservacion-y-medio-ambiente/urbanismo/PGOU", "coordSource": "municipio_centroid_jitter", "sectorKey": "las-rozas-de-madrid", "catalogSource": "ayuntamiento-portal"}}, {"type": "Feature", "geometry": {"type": "Point", "coordinates": [-3.8749777, 40.4917088]}, "properties": {"id": "las-rozas-proy-3ec2c0410712f5", "municipio": "Las Rozas de Madrid", "titulo": "NUEVO PLAN GENERAL DE ORDENACIÓN URBANA: P7.3_NIVEL SONORO POSTOPERACIONALES CON MEDIDAS CORRECTORAS.DIA.NOCHE.pdf", "fecha": "", "tipo": "PGOU/NPGOU", "url": "https://www.lasrozas.es/urbanismo-conservacion-y-medio-ambiente/urbanismo/PGOU", "coordSource": "municipio_centroid_jitter", "sectorKey": "las-rozas-de-madrid", "catalogSource": "ayuntamiento-portal"}}, {"type": "Feature", "geometry": {"type": "Point", "coordinates": [-3.8763972, 40.4944135]}, "properties": {"id": "las-rozas-proy-4136b5eba7c700", "municipio": "Las Rozas de Madrid", "titulo": "NUEVO PLAN GENERAL DE ORDENACIÓN URBANA: PO-09-CALIFICACIÓN DEL SUELO URBANO.CASCO HISTORICO 1000-(2).pdf", "fecha": "", "tipo": "PGOU/NPGOU", "url": "https://www.lasrozas.es/urbanismo-conservacion-y-medio-ambiente/urbanismo/PGOU", "coordSource": "municipio_centroid_jitter", "sectorKey": "las-rozas-de-madrid", "catalogSource": "ayuntamiento-portal"}}, {"type": "Feature", "geometry": {"type": "Point", "coordinates": [-3.8757697, 40.4939164]}, "properties": {"id": "las-rozas-proy-41524c5563a471", "municipio": "Las Rozas de Madrid", "titulo": "ALEGACIONES_80_109.pdf", "fecha": "", "tipo": "planeamiento", "url": "https://transparencia.lasrozas.es/obras-publicas-y-urbanismo/normas-pgou/", "coordSource": "municipio_centroid_jitter", "sectorKey": "las-rozas-de-madrid", "catalogSource": "ayuntamiento-portal"}}, {"type": "Feature", "geometry": {"type": "Point", "coordinates": [-3.8759396, 40.4921782]}, "properties": {"id": "las-rozas-proy-425af788ac6ce6", "municipio": "Las Rozas de Madrid", "titulo": "NUEVO PLAN GENERAL DE ORDENACIÓN URBANA: PI-01.02-Situación.pdf", "fecha": "", "tipo": "PGOU/NPGOU", "url": "https://www.lasrozas.es/urbanismo-conservacion-y-medio-ambiente/urbanismo/PGOU", "coordSource": "municipio_centroid_jitter", "sectorKey": "las-rozas-de-madrid", "catalogSource": "ayuntamiento-portal"}}, {"type": "Feature", "geometry": {"type": "Point", "coordinates": [-3.8749779, 40.49341]}, "properties": {"id": "las-rozas-proy-42b325d0db784a", "municipio": "Las Rozas de Madrid", "titulo": "NUEVO PLAN GENERAL DE ORDENACIÓN URBANA: PO-14.01.02_CBEP_BIENES PROTEGIDOS DE PROTECCION MUNICIPAL (1-8).pdf", "fecha": "", "tipo": "PGOU/NPGOU", "url": "https://www.lasrozas.es/urbanismo-conservacion-y-medio-ambiente/urbanismo/PGOU", "coordSource": "municipio_centroid_jitter", "sectorKey": "las-rozas-de-madrid", "catalogSource": "ayuntamiento-portal"}}, {"type": "Feature", "geometry": {"type": "Point", "coordinates": [-3.87477, 40.4926209]}, "properties": {"id": "las-rozas-proy-43128c389fb1c1", "municipio": "Las Rozas de Madrid", "titulo": "TITULO_VI.pdf", "fecha": "", "tipo": "planeamiento", "url": "https://transparencia.lasrozas.es/obras-publicas-y-urbanismo/normas-pgou/", "coordSource": "municipio_centroid_jitter", "sectorKey": "las-rozas-de-madrid", "catalogSource": "ayuntamiento-portal"}}, {"type": "Feature", "geometry": {"type": "Point", "coordinates": [-3.87577, 40.4945476]}, "properties": {"id": "las-rozas-proy-4387390051d810", "municipio": "Las Rozas de Madrid", "titulo": "Gestion_4_10.pdf", "fecha": "", "tipo": "planeamiento", "url": "https://transparencia.lasrozas.es/ordenacion-del-territorio-y-obras/mapas-y-planos-pgou/", "coordSource": "municipio_centroid_jitter", "sectorKey": "las-rozas-de-madrid", "catalogSource": "ayuntamiento-portal"}}, {"type": "Feature", "geometry": {"type": "Point", "coordinates": [-3.8755165, 40.4931254]}, "properties": {"id": "las-rozas-proy-441b77cfbf281a", "municipio": "Las Rozas de Madrid", "titulo": "Ordenacion_5_19.pdf", "fecha": "", "tipo": "planeamiento", "url": "https://transparencia.lasrozas.es/ordenacion-del-territorio-y-obras/mapas-y-planos-pgou/", "coordSource": "municipio_centroid_jitter", "sectorKey": "las-rozas-de-madrid", "catalogSource": "ayuntamiento-portal"}}, {"type": "Feature", "geometry": {"type": "Point", "coordinates": [-3.8766486, 40.4929666]}, "properties": {"id": "las-rozas-proy-46234c04011729", "municipio": "Las Rozas de Madrid", "titulo": "Ordenacion_5_5.pdf", "fecha": "", "tipo": "planeamiento", "url": "https://transparencia.lasrozas.es/ordenacion-del-territorio-y-obras/mapas-y-planos-pgou/", "coordSource": "municipio_centroid_jitter", "sectorKey": "las-rozas-de-madrid", "catalogSource": "ayuntamiento-portal"}}, {"type": "Feature", "geometry": {"type": "Point", "coordinates": [-3.8764591, 40.4923999]}, "properties": {"id": "las-rozas-proy-4765c66aca59b6", "municipio": "Las Rozas de Madrid", "titulo": "NUEVO PLAN GENERAL DE ORDENACIÓN URBANA: P-03-CLASIFICACION DEL SUELO. ALT 2.pdf", "fecha": "", "tipo": "PGOU/NPGOU", "url": "https://www.lasrozas.es/urbanismo-conservacion-y-medio-ambiente/urbanismo/PGOU", "coordSource": "municipio_centroid_jitter", "sectorKey": "las-rozas-de-madrid", "catalogSource": "ayuntamiento-portal"}}, {"type": "Feature", "geometry": {"type": "Point", "coordinates": [-3.8748481, 40.4943918]}, "properties": {"id": "las-rozas-proy-47bbf13ae9f0bd", "municipio": "Las Rozas de Madrid", "titulo": "Ordenacion_5_17_mod.pdf", "fecha": "", "tipo": "planeamiento", "url": "https://transparencia.lasrozas.es/ordenacion-del-territorio-y-obras/mapas-y-planos-pgou/", "coordSource": "municipio_centroid_jitter", "sectorKey": "las-rozas-de-madrid", "catalogSource": "ayuntamiento-portal"}}, {"type": "Feature", "geometry": {"type": "Point", "coordinates": [-3.8746388, 40.4941026]}, "properties": {"id": "las-rozas-proy-47c021f3d597bd", "municipio": "Las Rozas de Madrid", "titulo": "NUEVO PLAN GENERAL DE ORDENACIÓN URBANA: PI-02-Planeamiento Vigente. Clasificación del Suelo.pdf", "fecha": "", "tipo": "PGOU/NPGOU", "url": "https://www.lasrozas.es/urbanismo-conservacion-y-medio-ambiente/urbanismo/PGOU", "coordSource": "municipio_centroid_jitter", "sectorKey": "las-rozas-de-madrid", "catalogSource": "ayuntamiento-portal"}}, {"type": "Feature", "geometry": {"type": "Point", "coordinates": [-3.8751911, 40.4918064]}, "properties": {"id": "las-rozas-proy-47dbf993d4a53d", "municipio": "Las Rozas de Madrid", "titulo": "NUEVO PLAN GENERAL DE ORDENACIÓN URBANA: P-03.06.01-Afecciones Territoriales Existentes. Ruido. Día.pdf", "fecha": "", "tipo": "PGOU/NPGOU", "url": "https://www.lasrozas.es/urbanismo-conservacion-y-medio-ambiente/urbanismo/PGOU", "coordSource": "municipio_centroid_jitter", "sectorKey": "las-rozas-de-madrid", "catalogSource": "ayuntamiento-portal"}}, {"type": "Feature", "geometry": {"type": "Point", "coordinates": [-3.8759738, 40.4942988]}, "properties": {"id": "las-rozas-proy-4a52d1ccac0c76", "municipio": "Las Rozas de Madrid", "titulo": "Mapas y Planos PGOU: 3_2.pdf", "fecha": "", "tipo": "planeamiento", "url": "https://transparencia.lasrozas.es/ordenacion-del-territorio-y-obras/mapas-y-planos-pgou/", "coordSource": "municipio_centroid_jitter", "sectorKey": "las-rozas-de-madrid", "catalogSource": "ayuntamiento-portal"}}, {"type": "Feature", "geometry": {"type": "Point", "coordinates": [-3.8739531, 40.492906]}, "properties": {"id": "las-rozas-proy-4a67f56864d15c", "municipio": "Las Rozas de Madrid", "titulo": "TITULO_X_AREAS_DE_PLANEAMIENTO_REMITIDO.pdf", "fecha": "", "tipo": "planeamiento", "url": "https://transparencia.lasrozas.es/obras-publicas-y-urbanismo/normas-pgou/", "coordSource": "municipio_centroid_jitter", "sectorKey": "las-rozas-de-madrid", "catalogSource": "ayuntamiento-portal"}}, {"type": "Feature", "geometry": {"type": "Point", "coordinates": [-3.87412, 40.4935334]}, "properties": {"id": "las-rozas-proy-4b7cea1e6aea3c", "municipio": "Las Rozas de Madrid", "titulo": "09_2015_CON_Creacion_bosque_urbano", "fecha": "", "tipo": "convenio", "url": "https://transparencia.lasrozas.es/convenio/09_2015_con_creacion_bosque_urbano-pdf/", "coordSource": "municipio_centroid_jitter", "sectorKey": "las-rozas-de-madrid", "catalogSource": "ayuntamiento-portal"}}, {"type": "Feature", "geometry": {"type": "Point", "coordinates": [-3.8755958, 40.4932596]}, "properties": {"id": "las-rozas-proy-4c873a8c7e1691", "municipio": "Las Rozas de Madrid", "titulo": "Ordenacion_5_18.pdf", "fecha": "", "tipo": "planeamiento", "url": "https://transparencia.lasrozas.es/ordenacion-del-territorio-y-obras/mapas-y-planos-pgou/", "coordSource": "municipio_centroid_jitter", "sectorKey": "las-rozas-de-madrid", "catalogSource": "ayuntamiento-portal"}}, {"type": "Feature", "geometry": {"type": "Point", "coordinates": [-3.8744453, 40.4916751]}, "properties": {"id": "las-rozas-proy-4d835bef59d767", "municipio": "Las Rozas de Madrid", "titulo": "Ordenacion_5_24.pdf", "fecha": "", "tipo": "planeamiento", "url": "https://transparencia.lasrozas.es/ordenacion-del-territorio-y-obras/mapas-y-planos-pgou/", "coordSource": "municipio_centroid_jitter", "sectorKey": "las-rozas-de-madrid", "catalogSource": "ayuntamiento-portal"}}, {"type": "Feature", "geometry": {"type": "Point", "coordinates": [-3.8761188, 40.4926729]}, "properties": {"id": "las-rozas-proy-4feed7cbbb4299", "municipio": "Las Rozas de Madrid", "titulo": "NUEVO PLAN GENERAL DE ORDENACIÓN URBANA: PO-03.02-Legislación Ambiental. Espacios Protegidos. Zonificación.pdf", "fecha": "", "tipo": "PGOU/NPGOU", "url": "https://www.lasrozas.es/urbanismo-conservacion-y-medio-ambiente/urbanismo/PGOU", "coordSource": "municipio_centroid_jitter", "sectorKey": "las-rozas-de-madrid", "catalogSource": "ayuntamiento-portal"}}, {"type": "Feature", "geometry": {"type": "Point", "coordinates": [-3.8749833, 40.4931]}, "properties": {"id": "las-rozas-proy-507d093f927034", "municipio": "Las Rozas de Madrid", "titulo": "NUEVO PLAN GENERAL DE ORDENACIÓN URBANA: VOLUMEN 0_MEMORIA DE TRAMITACION.pdf", "fecha": "", "tipo": "PGOU/NPGOU", "url": "https://www.lasrozas.es/urbanismo-conservacion-y-medio-ambiente/urbanismo/PGOU", "coordSource": "municipio_centroid_jitter", "sectorKey": "las-rozas-de-madrid", "catalogSource": "ayuntamiento-portal"}}, {"type": "Feature", "geometry": {"type": "Point", "coordinates": [-3.8735519, 40.4936116]}, "properties": {"id": "las-rozas-proy-50dd97634b4713", "municipio": "Las Rozas de Madrid", "titulo": "NUEVO PLAN GENERAL DE ORDENACIÓN URBANA: PO-14.03_CBEP-ESPACIOS PROTEGIDOS POR LEGISLACION SECTORIAL SUPRAMUNICIPAL.pdf", "fecha": "", "tipo": "PGOU/NPGOU", "url": "https://www.lasrozas.es/urbanismo-conservacion-y-medio-ambiente/urbanismo/PGOU", "coordSource": "municipio_centroid_jitter", "sectorKey": "las-rozas-de-madrid", "catalogSource": "ayuntamiento-portal"}}, {"type": "Feature", "geometry": {"type": "Point", "coordinates": [-3.8737216, 40.4935147]}, "properties": {"id": "las-rozas-proy-51a3ae398088bd", "municipio": "Las Rozas de Madrid", "titulo": "BOCM-20211227-82.pdf", "fecha": "", "tipo": "modificación PGOU", "url": "https://transparencia.lasrozas.es/obras-publicas-y-urbanismo/modificaciones/", "coordSource": "municipio_centroid_jitter", "sectorKey": "las-rozas-de-madrid", "catalogSource": "ayuntamiento-portal"}}, {"type": "Feature", "geometry": {"type": "Point", "coordinates": [-3.8754339, 40.4929965]}, "properties": {"id": "las-rozas-proy-51a3efb75b5284", "municipio": "Las Rozas de Madrid", "titulo": "NUEVO PLAN GENERAL DE ORDENACIÓN URBANA: PI-05.08_REDES PUBLICAS. RED DE TELECOMUNICACIONES.pdf", "fecha": "", "tipo": "PGOU/NPGOU", "url": "https://www.lasrozas.es/urbanismo-conservacion-y-medio-ambiente/urbanismo/PGOU", "coordSource": "municipio_centroid_jitter", "sectorKey": "las-rozas-de-madrid", "catalogSource": "ayuntamiento-portal"}}, {"type": "Feature", "geometry": {"type": "Point", "coordinates": [-3.8743382, 40.4927235]}, "properties": {"id": "las-rozas-proy-5268a356404433", "municipio": "Las Rozas de Madrid", "titulo": "NUEVO PLAN GENERAL DE ORDENACIÓN URBANA: PINF-02_SANEAMIENTO DE AGUAS RESIDUALES Y PLUVIALES.pdf", "fecha": "", "tipo": "PGOU/NPGOU", "url": "https://www.lasrozas.es/urbanismo-conservacion-y-medio-ambiente/urbanismo/PGOU", "coordSource": "municipio_centroid_jitter", "sectorKey": "las-rozas-de-madrid", "catalogSource": "ayuntamiento-portal"}}, {"type": "Feature", "geometry": {"type": "Point", "coordinates": [-3.8755598, 40.4919438]}, "properties": {"id": "las-rozas-proy-52eeefba8bd36d", "municipio": "Las Rozas de Madrid", "titulo": "Convenio entre el Ayto. de las Rozas y la empresa municipal de la Innovación y el Trasnporte Urbano de las Rozas de Madrid, S.A. , para la colaboración en la gestión de evetos de Formación, acompañamiento e información a colectivos en el ámbito de la administración y tramitación electronica", "fecha": "", "tipo": "convenio", "url": "https://transparencia.lasrozas.es/convenio/convenio-entre-el-ayto-de-las-rozas-y-la-empresa-municipal-de-la-innovacion-y-el-trasnporte-urbano-de-las-rozas-de-madrid-s-a-para-la-colaboracion-en-la-gestion-de-evetos-de-formacion-acompanami/", "coordSource": "municipio_centroid_jitter", "sectorKey": "las-rozas-de-madrid", "catalogSource": "ayuntamiento-portal"}}, {"type": "Feature", "geometry": {"type": "Point", "coordinates": [-3.8757484, 40.492622]}, "properties": {"id": "las-rozas-proy-5300888b1902e6", "municipio": "Las Rozas de Madrid", "titulo": "Ordenacion_5_22.pdf", "fecha": "", "tipo": "planeamiento", "url": "https://transparencia.lasrozas.es/ordenacion-del-territorio-y-obras/mapas-y-planos-pgou/", "coordSource": "municipio_centroid_jitter", "sectorKey": "las-rozas-de-madrid", "catalogSource": "ayuntamiento-portal"}}, {"type": "Feature", "geometry": {"type": "Point", "coordinates": [-3.8758809, 40.4933857]}, "properties": {"id": "las-rozas-proy-547271d131b4f6", "municipio": "Las Rozas de Madrid", "titulo": "Mapas y Planos PGOU: 3_9.pdf", "fecha": "", "tipo": "planeamiento", "url": "https://transparencia.lasrozas.es/ordenacion-del-territorio-y-obras/mapas-y-planos-pgou/", "coordSource": "municipio_centroid_jitter", "sectorKey": "las-rozas-de-madrid", "catalogSource": "ayuntamiento-portal"}}, {"type": "Feature", "geometry": {"type": "Point", "coordinates": [-3.8736223, 40.4928616]}, "properties": {"id": "las-rozas-proy-551f13c96f1f1b", "municipio": "Las Rozas de Madrid", "titulo": "NUEVO PLAN GENERAL DE ORDENACIÓN URBANA: EAE-02_HIDROLOGICO.pdf", "fecha": "", "tipo": "PGOU/NPGOU", "url": "https://www.lasrozas.es/urbanismo-conservacion-y-medio-ambiente/urbanismo/PGOU", "coordSource": "municipio_centroid_jitter", "sectorKey": "las-rozas-de-madrid", "catalogSource": "ayuntamiento-portal"}}, {"type": "Feature", "geometry": {"type": "Point", "coordinates": [-3.875449, 40.4938105]}, "properties": {"id": "las-rozas-proy-5682077a3dba5c", "municipio": "Las Rozas de Madrid", "titulo": "NUEVO PLAN GENERAL DE ORDENACIÓN URBANA: PINF-04_GAS.pdf", "fecha": "", "tipo": "PGOU/NPGOU", "url": "https://www.lasrozas.es/urbanismo-conservacion-y-medio-ambiente/urbanismo/PGOU", "coordSource": "municipio_centroid_jitter", "sectorKey": "las-rozas-de-madrid", "catalogSource": "ayuntamiento-portal"}}, {"type": "Feature", "geometry": {"type": "Point", "coordinates": [-3.8759539, 40.4917222]}, "properties": {"id": "las-rozas-proy-583ac368c93ca4", "municipio": "Las Rozas de Madrid", "titulo": "BOE_Parcela_24_Parque_Empresarial.pdf", "fecha": "", "tipo": "modificación PGOU", "url": "https://transparencia.lasrozas.es/obras-publicas-y-urbanismo/modificaciones/", "coordSource": "municipio_centroid_jitter", "sectorKey": "las-rozas-de-madrid", "catalogSource": "ayuntamiento-portal"}}, {"type": "Feature", "geometry": {"type": "Point", "coordinates": [-3.8758502, 40.4937439]}, "properties": {"id": "las-rozas-proy-58c1d87ff6f995", "municipio": "Las Rozas de Madrid", "titulo": "Estructura_Territorio_2_8.pdf", "fecha": "", "tipo": "planeamiento", "url": "https://transparencia.lasrozas.es/ordenacion-del-territorio-y-obras/mapas-y-planos-pgou/", "coordSource": "municipio_centroid_jitter", "sectorKey": "las-rozas-de-madrid", "catalogSource": "ayuntamiento-portal"}}, {"type": "Feature", "geometry": {"type": "Point", "coordinates": [-3.8765643, 40.4933044]}, "properties": {"id": "las-rozas-proy-5cc32f7b09075e", "municipio": "Las Rozas de Madrid", "titulo": "NUEVO PLAN GENERAL DE ORDENACIÓN URBANA: PINF-05_TELECOMUNICACIONES.pdf", "fecha": "", "tipo": "PGOU/NPGOU", "url": "https://www.lasrozas.es/urbanismo-conservacion-y-medio-ambiente/urbanismo/PGOU", "coordSource": "municipio_centroid_jitter", "sectorKey": "las-rozas-de-madrid", "catalogSource": "ayuntamiento-portal"}}, {"type": "Feature", "geometry": {"type": "Point", "coordinates": [-3.8739657, 40.4924446]}, "properties": {"id": "las-rozas-proy-5e94e3650057c3", "municipio": "Las Rozas de Madrid", "titulo": "NUEVO PLAN GENERAL DE ORDENACIÓN URBANA: PO-07_GESITION DEL SUELO URBANIZABLE SECTORIZADO.pdf", "fecha": "", "tipo": "PGOU/NPGOU", "url": "https://www.lasrozas.es/urbanismo-conservacion-y-medio-ambiente/urbanismo/PGOU", "coordSource": "municipio_centroid_jitter", "sectorKey": "las-rozas-de-madrid", "catalogSource": "ayuntamiento-portal"}}, {"type": "Feature", "geometry": {"type": "Point", "coordinates": [-3.8743285, 40.4933806]}, "properties": {"id": "las-rozas-proy-6048e8318fabf2", "municipio": "Las Rozas de Madrid", "titulo": "NUEVO PLAN GENERAL DE ORDENACIÓN URBANA: VOLUMEN 6_ NVENTARIO DE INSTALACIONES EN SNUZ.pdf", "fecha": "", "tipo": "PGOU/NPGOU", "url": "https://www.lasrozas.es/urbanismo-conservacion-y-medio-ambiente/urbanismo/PGOU", "coordSource": "municipio_centroid_jitter", "sectorKey": "las-rozas-de-madrid", "catalogSource": "ayuntamiento-portal"}}, {"type": "Feature", "geometry": {"type": "Point", "coordinates": [-3.8764002, 40.4928962]}, "properties": {"id": "las-rozas-proy-613495cf82c4b7", "municipio": "Las Rozas de Madrid", "titulo": "Mapas y Planos PGOU: GAS.pdf", "fecha": "", "tipo": "planeamiento", "url": "https://transparencia.lasrozas.es/ordenacion-del-territorio-y-obras/mapas-y-planos-pgou/", "coordSource": "municipio_centroid_jitter", "sectorKey": "las-rozas-de-madrid", "catalogSource": "ayuntamiento-portal"}}, {"type": "Feature", "geometry": {"type": "Point", "coordinates": [-3.8755393, 40.492774]}, "properties": {"id": "las-rozas-proy-63127323c94bf8", "municipio": "Las Rozas de Madrid", "titulo": "Mapas y Planos PGOU: 3_1.pdf", "fecha": "", "tipo": "planeamiento", "url": "https://transparencia.lasrozas.es/ordenacion-del-territorio-y-obras/mapas-y-planos-pgou/", "coordSource": "municipio_centroid_jitter", "sectorKey": "las-rozas-de-madrid", "catalogSource": "ayuntamiento-portal"}}, {"type": "Feature", "geometry": {"type": "Point", "coordinates": [-3.8742618, 40.4921387]}, "properties": {"id": "las-rozas-proy-6359f8a6393d2b", "municipio": "Las Rozas de Madrid", "titulo": "NUEVO PLAN GENERAL DE ORDENACIÓN URBANA: PINF-09-INFRAESTRUCTURAS-SUR 2 (1-5).pdf", "fecha": "", "tipo": "PGOU/NPGOU", "url": "https://www.lasrozas.es/urbanismo-conservacion-y-medio-ambiente/urbanismo/PGOU", "coordSource": "municipio_centroid_jitter", "sectorKey": "las-rozas-de-madrid", "catalogSource": "ayuntamiento-portal"}}, {"type": "Feature", "geometry": {"type": "Point", "coordinates": [-3.8766361, 40.4927202]}, "properties": {"id": "las-rozas-proy-649bf7461e1efa", "municipio": "Las Rozas de Madrid", "titulo": "Estructura_Territorio_2_10.pdf", "fecha": "", "tipo": "planeamiento", "url": "https://transparencia.lasrozas.es/ordenacion-del-territorio-y-obras/mapas-y-planos-pgou/", "coordSource": "municipio_centroid_jitter", "sectorKey": "las-rozas-de-madrid", "catalogSource": "ayuntamiento-portal"}}, {"type": "Feature", "geometry": {"type": "Point", "coordinates": [-3.8763643, 40.4938864]}, "properties": {"id": "las-rozas-proy-64a588a0de6055", "municipio": "Las Rozas de Madrid", "titulo": "ANEXO_2.pdf", "fecha": "", "tipo": "planeamiento", "url": "https://transparencia.lasrozas.es/obras-publicas-y-urbanismo/normas-pgou/", "coordSource": "municipio_centroid_jitter", "sectorKey": "las-rozas-de-madrid", "catalogSource": "ayuntamiento-portal"}}, {"type": "Feature", "geometry": {"type": "Point", "coordinates": [-3.8744425, 40.4939087]}, "properties": {"id": "las-rozas-proy-658bebf09fa6eb", "municipio": "Las Rozas de Madrid", "titulo": "NUEVO PLAN GENERAL DE ORDENACIÓN URBANA: PINF-07_ RED VIARIA PROPUESTA. PLANTA ALZADO Y SECCIONES TIPO (1-11).pdf", "fecha": "", "tipo": "PGOU/NPGOU", "url": "https://www.lasrozas.es/urbanismo-conservacion-y-medio-ambiente/urbanismo/PGOU", "coordSource": "municipio_centroid_jitter", "sectorKey": "las-rozas-de-madrid", "catalogSource": "ayuntamiento-portal"}}, {"type": "Feature", "geometry": {"type": "Point", "coordinates": [-3.8767515, 40.4942022]}, "properties": {"id": "las-rozas-proy-672554fe6acce1", "municipio": "Las Rozas de Madrid", "titulo": "NUEVO PLAN GENERAL DE ORDENACIÓN URBANA: PI-04.05_AFECCIONES TERRITORIALES. HIDROLOGIA 2.pdf", "fecha": "", "tipo": "PGOU/NPGOU", "url": "https://www.lasrozas.es/urbanismo-conservacion-y-medio-ambiente/urbanismo/PGOU", "coordSource": "municipio_centroid_jitter", "sectorKey": "las-rozas-de-madrid", "catalogSource": "ayuntamiento-portal"}}, {"type": "Feature", "geometry": {"type": "Point", "coordinates": [-3.8757697, 40.4918821]}, "properties": {"id": "las-rozas-proy-688f9b41f4856a", "municipio": "Las Rozas de Madrid", "titulo": "TITULO_III.pdf", "fecha": "", "tipo": "planeamiento", "url": "https://transparencia.lasrozas.es/obras-publicas-y-urbanismo/normas-pgou/", "coordSource": "municipio_centroid_jitter", "sectorKey": "las-rozas-de-madrid", "catalogSource": "ayuntamiento-portal"}}, {"type": "Feature", "geometry": {"type": "Point", "coordinates": [-3.8767886, 40.4930447]}, "properties": {"id": "las-rozas-proy-691e3a5f251df1", "municipio": "Las Rozas de Madrid", "titulo": "Ordenacion_5_4.pdf", "fecha": "", "tipo": "planeamiento", "url": "https://transparencia.lasrozas.es/ordenacion-del-territorio-y-obras/mapas-y-planos-pgou/", "coordSource": "municipio_centroid_jitter", "sectorKey": "las-rozas-de-madrid", "catalogSource": "ayuntamiento-portal"}}, {"type": "Feature", "geometry": {"type": "Point", "coordinates": [-3.8737736, 40.4935259]}, "properties": {"id": "las-rozas-proy-6b409cd53e776c", "municipio": "Las Rozas de Madrid", "titulo": "Gestion_4_2.pdf", "fecha": "", "tipo": "planeamiento", "url": "https://transparencia.lasrozas.es/ordenacion-del-territorio-y-obras/mapas-y-planos-pgou/", "coordSource": "municipio_centroid_jitter", "sectorKey": "las-rozas-de-madrid", "catalogSource": "ayuntamiento-portal"}}, {"type": "Feature", "geometry": {"type": "Point", "coordinates": [-3.8744286, 40.4930483]}, "properties": {"id": "las-rozas-proy-6bcf167b77b4cc", "municipio": "Las Rozas de Madrid", "titulo": "NUEVO PLAN GENERAL DE ORDENACIÓN URBANA: 220712_FOLLETO.pdf", "fecha": "", "tipo": "PGOU/NPGOU", "url": "https://www.lasrozas.es/urbanismo-conservacion-y-medio-ambiente/urbanismo/PGOU", "coordSource": "municipio_centroid_jitter", "sectorKey": "las-rozas-de-madrid", "catalogSource": "ayuntamiento-portal"}}, {"type": "Feature", "geometry": {"type": "Point", "coordinates": [-3.875786, 40.4943714]}, "properties": {"id": "las-rozas-proy-6cb81e2b30b346", "municipio": "Las Rozas de Madrid", "titulo": "Estructura_Territorio_2_6.pdf", "fecha": "", "tipo": "planeamiento", "url": "https://transparencia.lasrozas.es/ordenacion-del-territorio-y-obras/mapas-y-planos-pgou/", "coordSource": "municipio_centroid_jitter", "sectorKey": "las-rozas-de-madrid", "catalogSource": "ayuntamiento-portal"}}, {"type": "Feature", "geometry": {"type": "Point", "coordinates": [-3.8735043, 40.4929739]}, "properties": {"id": "las-rozas-proy-6cd85753163405", "municipio": "Las Rozas de Madrid", "titulo": "TITULO_X_NORMA_ZONAL_GENERAL_1.pdf", "fecha": "", "tipo": "planeamiento", "url": "https://transparencia.lasrozas.es/obras-publicas-y-urbanismo/normas-pgou/", "coordSource": "municipio_centroid_jitter", "sectorKey": "las-rozas-de-madrid", "catalogSource": "ayuntamiento-portal"}}, {"type": "Feature", "geometry": {"type": "Point", "coordinates": [-3.8751847, 40.4927643]}, "properties": {"id": "las-rozas-proy-6d475ba8482e2a", "municipio": "Las Rozas de Madrid", "titulo": "CAPITULO_IV_VIII.pdf", "fecha": "", "tipo": "planeamiento", "url": "https://transparencia.lasrozas.es/obras-publicas-y-urbanismo/normas-pgou/", "coordSource": "municipio_centroid_jitter", "sectorKey": "las-rozas-de-madrid", "catalogSource": "ayuntamiento-portal"}}, {"type": "Feature", "geometry": {"type": "Point", "coordinates": [-3.8736866, 40.4939789]}, "properties": {"id": "las-rozas-proy-6d49310a0de76e", "municipio": "Las Rozas de Madrid", "titulo": "Ordenacion_5_8.pdf", "fecha": "", "tipo": "planeamiento", "url": "https://transparencia.lasrozas.es/ordenacion-del-territorio-y-obras/mapas-y-planos-pgou/", "coordSource": "municipio_centroid_jitter", "sectorKey": "las-rozas-de-madrid", "catalogSource": "ayuntamiento-portal"}}, {"type": "Feature", "geometry": {"type": "Point", "coordinates": [-3.875431, 40.4931171]}, "properties": {"id": "las-rozas-proy-6e34cfeff19926", "municipio": "Las Rozas de Madrid", "titulo": "BOCM-20240801-90.pdf", "fecha": "", "tipo": "modificación PGOU", "url": "https://transparencia.lasrozas.es/obras-publicas-y-urbanismo/modificaciones/", "coordSource": "municipio_centroid_jitter", "sectorKey": "las-rozas-de-madrid", "catalogSource": "ayuntamiento-portal"}}, {"type": "Feature", "geometry": {"type": "Point", "coordinates": [-3.8755707, 40.4930502]}, "properties": {"id": "las-rozas-proy-6f41e75d6732da", "municipio": "Las Rozas de Madrid", "titulo": "NUEVO PLAN GENERAL DE ORDENACIÓN URBANA: P3_PROPUESTA DE ZONIFICACION ACUSTICA.pdf", "fecha": "", "tipo": "PGOU/NPGOU", "url": "https://www.lasrozas.es/urbanismo-conservacion-y-medio-ambiente/urbanismo/PGOU", "coordSource": "municipio_centroid_jitter", "sectorKey": "las-rozas-de-madrid", "catalogSource": "ayuntamiento-portal"}}, {"type": "Feature", "geometry": {"type": "Point", "coordinates": [-3.8755278, 40.4924083]}, "properties": {"id": "las-rozas-proy-702deada990a3c", "municipio": "Las Rozas de Madrid", "titulo": "Aprobación del Convenio de colaboración entre el Ayuntamiento de Las Rozas de Madrid. La Empresa Municipal de Innovación y Transporte Urbano de Las ROZAS INNOVA S.A. y NEWSPRESS SPAIN, S.L.", "fecha": "", "tipo": "convenio", "url": "https://transparencia.lasrozas.es/convenio/aprobacion-del-convenio-de-colaboracion-entre-el-ayuntamiento-de-las-rozas-de-madrid-la-empresa-municipal-de-innovacion-y-transporte-urbano-de-las-rozas-innova-s-a-y-newspress-spain-s-l/", "coordSource": "municipio_centroid_jitter", "sectorKey": "las-rozas-de-madrid", "catalogSource": "ayuntamiento-portal"}}, {"type": "Feature", "geometry": {"type": "Point", "coordinates": [-3.8737257, 40.4921405]}, "properties": {"id": "las-rozas-proy-7063c6524447d1", "municipio": "Las Rozas de Madrid", "titulo": "NUEVO PLAN GENERAL DE ORDENACIÓN URBANA: P-02-CLASIFICACION DEL SUELO. ALT 1.pdf", "fecha": "", "tipo": "PGOU/NPGOU", "url": "https://www.lasrozas.es/urbanismo-conservacion-y-medio-ambiente/urbanismo/PGOU", "coordSource": "municipio_centroid_jitter", "sectorKey": "las-rozas-de-madrid", "catalogSource": "ayuntamiento-portal"}}, {"type": "Feature", "geometry": {"type": "Point", "coordinates": [-3.8752932, 40.4942614]}, "properties": {"id": "las-rozas-proy-7154de295c497a", "municipio": "Las Rozas de Madrid", "titulo": "NUEVO PLAN GENERAL DE ORDENACIÓN URBANA: PO-03.08_AFECCIONES SECTORIALES. CARRETERAS.pdf", "fecha": "", "tipo": "PGOU/NPGOU", "url": "https://www.lasrozas.es/urbanismo-conservacion-y-medio-ambiente/urbanismo/PGOU", "coordSource": "municipio_centroid_jitter", "sectorKey": "las-rozas-de-madrid", "catalogSource": "ayuntamiento-portal"}}, {"type": "Feature", "geometry": {"type": "Point", "coordinates": [-3.8759432, 40.4928615]}, "properties": {"id": "las-rozas-proy-729b83a66af13b", "municipio": "Las Rozas de Madrid", "titulo": "NUEVO PLAN GENERAL DE ORDENACIÓN URBANA: P-07.02-Propuesta de Estructura.pdf", "fecha": "", "tipo": "PGOU/NPGOU", "url": "https://www.lasrozas.es/urbanismo-conservacion-y-medio-ambiente/urbanismo/PGOU", "coordSource": "municipio_centroid_jitter", "sectorKey": "las-rozas-de-madrid", "catalogSource": "ayuntamiento-portal"}}, {"type": "Feature", "geometry": {"type": "Point", "coordinates": [-3.8734306, 40.4937051]}, "properties": {"id": "las-rozas-proy-73a841bca7658c", "municipio": "Las Rozas de Madrid", "titulo": "NUEVO PLAN GENERAL DE ORDENACIÓN URBANA: P-01-Encuadre Territorial.pdf", "fecha": "", "tipo": "PGOU/NPGOU", "url": "https://www.lasrozas.es/urbanismo-conservacion-y-medio-ambiente/urbanismo/PGOU", "coordSource": "municipio_centroid_jitter", "sectorKey": "las-rozas-de-madrid", "catalogSource": "ayuntamiento-portal"}}, {"type": "Feature", "geometry": {"type": "Point", "coordinates": [-3.8761052, 40.4937622]}, "properties": {"id": "las-rozas-proy-7460219faf2cf3", "municipio": "Las Rozas de Madrid", "titulo": "OrdenacionCasco5_A.pdf", "fecha": "", "tipo": "planeamiento", "url": "https://transparencia.lasrozas.es/ordenacion-del-territorio-y-obras/mapas-y-planos-pgou/", "coordSource": "municipio_centroid_jitter", "sectorKey": "las-rozas-de-madrid", "catalogSource": "ayuntamiento-portal"}}, {"type": "Feature", "geometry": {"type": "Point", "coordinates": [-3.8753668, 40.4930405]}, "properties": {"id": "las-rozas-proy-74ab0f90b237bb", "municipio": "Las Rozas de Madrid", "titulo": "NUEVO PLAN GENERAL DE ORDENACIÓN URBANA: PI-02_PLANEAMIENTO VIGENTE.pdf", "fecha": "", "tipo": "PGOU/NPGOU", "url": "https://www.lasrozas.es/urbanismo-conservacion-y-medio-ambiente/urbanismo/PGOU", "coordSource": "municipio_centroid_jitter", "sectorKey": "las-rozas-de-madrid", "catalogSource": "ayuntamiento-portal"}}, {"type": "Feature", "geometry": {"type": "Point", "coordinates": [-3.8756615, 40.4927259]}, "properties": {"id": "las-rozas-proy-75b8a0c2897d43", "municipio": "Las Rozas de Madrid", "titulo": "Normas PGOU: INDICE.pdf", "fecha": "", "tipo": "planeamiento", "url": "https://transparencia.lasrozas.es/obras-publicas-y-urbanismo/normas-pgou/", "coordSource": "municipio_centroid_jitter", "sectorKey": "las-rozas-de-madrid", "catalogSource": "ayuntamiento-portal"}}, {"type": "Feature", "geometry": {"type": "Point", "coordinates": [-3.8769352, 40.4930388]}, "properties": {"id": "las-rozas-proy-76e359a510d897", "municipio": "Las Rozas de Madrid", "titulo": "ANEXO_1.pdf", "fecha": "", "tipo": "planeamiento", "url": "https://transparencia.lasrozas.es/obras-publicas-y-urbanismo/normas-pgou/", "coordSource": "municipio_centroid_jitter", "sectorKey": "las-rozas-de-madrid", "catalogSource": "ayuntamiento-portal"}}, {"type": "Feature", "geometry": {"type": "Point", "coordinates": [-3.8757471, 40.4933932]}, "properties": {"id": "las-rozas-proy-7715e5e1b15533", "municipio": "Las Rozas de Madrid", "titulo": "NUEVO PLAN GENERAL DE ORDENACIÓN URBANA: PO-02-ESTRUCTURA ORGÁNICA Y REDES PÚBLICAS.pdf", "fecha": "", "tipo": "PGOU/NPGOU", "url": "https://www.lasrozas.es/urbanismo-conservacion-y-medio-ambiente/urbanismo/PGOU", "coordSource": "municipio_centroid_jitter", "sectorKey": "las-rozas-de-madrid", "catalogSource": "ayuntamiento-portal"}}, {"type": "Feature", "geometry": {"type": "Point", "coordinates": [-3.8740893, 40.4932938]}, "properties": {"id": "las-rozas-proy-7777d983214908", "municipio": "Las Rozas de Madrid", "titulo": "NUEVO PLAN GENERAL DE ORDENACIÓN URBANA: PI-04.01-Afecciones Territoriales. ENP.pdf", "fecha": "", "tipo": "PGOU/NPGOU", "url": "https://www.lasrozas.es/urbanismo-conservacion-y-medio-ambiente/urbanismo/PGOU", "coordSource": "municipio_centroid_jitter", "sectorKey": "las-rozas-de-madrid", "catalogSource": "ayuntamiento-portal"}}, {"type": "Feature", "geometry": {"type": "Point", "coordinates": [-3.8763305, 40.4917111]}, "properties": {"id": "las-rozas-proy-781ab36df06e02", "municipio": "Las Rozas de Madrid", "titulo": "NUEVO PLAN GENERAL DE ORDENACIÓN URBANA: PO-11.2_ORDENACION PORMENORIZADA DEL SUZS. ALINEACIONES Y RASANTES (1-3).pdf", "fecha": "", "tipo": "PGOU/NPGOU", "url": "https://www.lasrozas.es/urbanismo-conservacion-y-medio-ambiente/urbanismo/PGOU", "coordSource": "municipio_centroid_jitter", "sectorKey": "las-rozas-de-madrid", "catalogSource": "ayuntamiento-portal"}}, {"type": "Feature", "geometry": {"type": "Point", "coordinates": [-3.875287, 40.4937117]}, "properties": {"id": "las-rozas-proy-793679bc57e22b", "municipio": "Las Rozas de Madrid", "titulo": "Estructura_Territorio_2_7.pdf", "fecha": "", "tipo": "planeamiento", "url": "https://transparencia.lasrozas.es/ordenacion-del-territorio-y-obras/mapas-y-planos-pgou/", "coordSource": "municipio_centroid_jitter", "sectorKey": "las-rozas-de-madrid", "catalogSource": "ayuntamiento-portal"}}, {"type": "Feature", "geometry": {"type": "Point", "coordinates": [-3.8749109, 40.4933062]}, "properties": {"id": "las-rozas-proy-7b090d7976418d", "municipio": "Las Rozas de Madrid", "titulo": "NUEVO PLAN GENERAL DE ORDENACIÓN URBANA: VOLUMEN 5_CATÁLOGO DE BIENES Y ESPACIOS PROTEGIDOS.pdf", "fecha": "", "tipo": "PGOU/NPGOU", "url": "https://www.lasrozas.es/urbanismo-conservacion-y-medio-ambiente/urbanismo/PGOU", "coordSource": "municipio_centroid_jitter", "sectorKey": "las-rozas-de-madrid", "catalogSource": "ayuntamiento-portal"}}, {"type": "Feature", "geometry": {"type": "Point", "coordinates": [-3.8743309, 40.4923149]}, "properties": {"id": "las-rozas-proy-7bcad6bbdc7c27", "municipio": "Las Rozas de Madrid", "titulo": "NUEVO PLAN GENERAL DE ORDENACIÓN URBANA: PO-03.06_AFECCIONES SECTORIALES. VIAS PECUARIAS.pdf", "fecha": "", "tipo": "PGOU/NPGOU", "url": "https://www.lasrozas.es/urbanismo-conservacion-y-medio-ambiente/urbanismo/PGOU", "coordSource": "municipio_centroid_jitter", "sectorKey": "las-rozas-de-madrid", "catalogSource": "ayuntamiento-portal"}}, {"type": "Feature", "geometry": {"type": "Point", "coordinates": [-3.8763491, 40.4940238]}, "properties": {"id": "las-rozas-proy-7d654df6301e60", "municipio": "Las Rozas de Madrid", "titulo": "BOCM_14_NOVIEMBRE_2014.pdf", "fecha": "", "tipo": "modificación PGOU", "url": "https://transparencia.lasrozas.es/obras-publicas-y-urbanismo/modificaciones/", "coordSource": "municipio_centroid_jitter", "sectorKey": "las-rozas-de-madrid", "catalogSource": "ayuntamiento-portal"}}, {"type": "Feature", "geometry": {"type": "Point", "coordinates": [-3.8754111, 40.4930034]}, "properties": {"id": "las-rozas-proy-7e38cf85f4680b", "municipio": "Las Rozas de Madrid", "titulo": "TELEFONIA.pdf", "fecha": "", "tipo": "planeamiento", "url": "https://transparencia.lasrozas.es/ordenacion-del-territorio-y-obras/mapas-y-planos-pgou/", "coordSource": "municipio_centroid_jitter", "sectorKey": "las-rozas-de-madrid", "catalogSource": "ayuntamiento-portal"}}, {"type": "Feature", "geometry": {"type": "Point", "coordinates": [-3.8761946, 40.492452]}, "properties": {"id": "las-rozas-proy-7f57c32b383f32", "municipio": "Las Rozas de Madrid", "titulo": "NUEVO PLAN GENERAL DE ORDENACIÓN URBANA: P-03.06.03-Afecciones Territoriales Existentes. Ruido. Noche.pdf", "fecha": "", "tipo": "PGOU/NPGOU", "url": "https://www.lasrozas.es/urbanismo-conservacion-y-medio-ambiente/urbanismo/PGOU", "coordSource": "municipio_centroid_jitter", "sectorKey": "las-rozas-de-madrid", "catalogSource": "ayuntamiento-portal"}}, {"type": "Feature", "geometry": {"type": "Point", "coordinates": [-3.8745819, 40.4923036]}, "properties": {"id": "las-rozas-proy-802f80666a9edf", "municipio": "Las Rozas de Madrid", "titulo": "NUEVO PLAN GENERAL DE ORDENACIÓN URBANA: VOLUMEN 3_RESUMEN EJECUTIVO.pdf", "fecha": "", "tipo": "PGOU/NPGOU", "url": "https://www.lasrozas.es/urbanismo-conservacion-y-medio-ambiente/urbanismo/PGOU", "coordSource": "municipio_centroid_jitter", "sectorKey": "las-rozas-de-madrid", "catalogSource": "ayuntamiento-portal"}}, {"type": "Feature", "geometry": {"type": "Point", "coordinates": [-3.8756101, 40.4932341]}, "properties": {"id": "las-rozas-proy-80e77b996ab6a0", "municipio": "Las Rozas de Madrid", "titulo": "ALEGACIONES_1_23.pdf", "fecha": "", "tipo": "planeamiento", "url": "https://transparencia.lasrozas.es/obras-publicas-y-urbanismo/normas-pgou/", "coordSource": "municipio_centroid_jitter", "sectorKey": "las-rozas-de-madrid", "catalogSource": "ayuntamiento-portal"}}, {"type": "Feature", "geometry": {"type": "Point", "coordinates": [-3.8748974, 40.4925115]}, "properties": {"id": "las-rozas-proy-80f5ef996a5d4b", "municipio": "Las Rozas de Madrid", "titulo": "TITULO_I.pdf", "fecha": "", "tipo": "planeamiento", "url": "https://transparencia.lasrozas.es/obras-publicas-y-urbanismo/normas-pgou/", "coordSource": "municipio_centroid_jitter", "sectorKey": "las-rozas-de-madrid", "catalogSource": "ayuntamiento-portal"}}, {"type": "Feature", "geometry": {"type": "Point", "coordinates": [-3.8746079, 40.4940276]}, "properties": {"id": "las-rozas-proy-81885f1dfa3e6e", "municipio": "Las Rozas de Madrid", "titulo": "OrdenacionCasco5_B.pdf", "fecha": "", "tipo": "planeamiento", "url": "https://transparencia.lasrozas.es/ordenacion-del-territorio-y-obras/mapas-y-planos-pgou/", "coordSource": "municipio_centroid_jitter", "sectorKey": "las-rozas-de-madrid", "catalogSource": "ayuntamiento-portal"}}, {"type": "Feature", "geometry": {"type": "Point", "coordinates": [-3.8763663, 40.4922243]}, "properties": {"id": "las-rozas-proy-822487cd71fe0d", "municipio": "Las Rozas de Madrid", "titulo": "Adenda al Convenio de Gestión Integral del Servicio de Distribución de Agua de Consumo Humano entre la Comunidad de Madrid, Canal de Isabel II y el Ayuntamiento de Las Rozas de Madrid para la gestión técnico-comercial del servicio de distribución en la Urbanización del Golf.", "fecha": "", "tipo": "convenio", "url": "https://transparencia.lasrozas.es/convenio/adenda-al-convenio-de-gestion-integral-del-servicio-de-distribucion-de-agua-de-consumo-humano-entre-la-comunidad-de-madrid-canal-de-isabel-ii-y-el-ayuntamiento-de-las-rozas-de-madrid-para-la-gestio/", "coordSource": "municipio_centroid_jitter", "sectorKey": "las-rozas-de-madrid", "catalogSource": "ayuntamiento-portal"}}, {"type": "Feature", "geometry": {"type": "Point", "coordinates": [-3.8752556, 40.4930045]}, "properties": {"id": "las-rozas-proy-8273698b947cf6", "municipio": "Las Rozas de Madrid", "titulo": "NUEVO PLAN GENERAL DE ORDENACIÓN URBANA: PI-05.05_REDES PUBLICAS. INFRAESTRUCTURAS DE SANEAMIENTO.pdf", "fecha": "", "tipo": "PGOU/NPGOU", "url": "https://www.lasrozas.es/urbanismo-conservacion-y-medio-ambiente/urbanismo/PGOU", "coordSource": "municipio_centroid_jitter", "sectorKey": "las-rozas-de-madrid", "catalogSource": "ayuntamiento-portal"}}, {"type": "Feature", "geometry": {"type": "Point", "coordinates": [-3.8754382, 40.4930858]}, "properties": {"id": "las-rozas-proy-8282d04c2faf63", "municipio": "Las Rozas de Madrid", "titulo": "NUEVO PLAN GENERAL DE ORDENACIÓN URBANA: PINF-06_COMUNICACIONES VIARIAS Y FERROVIARIAS.pdf", "fecha": "", "tipo": "PGOU/NPGOU", "url": "https://www.lasrozas.es/urbanismo-conservacion-y-medio-ambiente/urbanismo/PGOU", "coordSource": "municipio_centroid_jitter", "sectorKey": "las-rozas-de-madrid", "catalogSource": "ayuntamiento-portal"}}, {"type": "Feature", "geometry": {"type": "Point", "coordinates": [-3.8733272, 40.4930725]}, "properties": {"id": "las-rozas-proy-8419faab855a94", "municipio": "Las Rozas de Madrid", "titulo": "NUEVO PLAN GENERAL DE ORDENACIÓN URBANA: PO-03.05_AFECCIONES SECTORIALES. HIDROGRAFIA.pdf", "fecha": "", "tipo": "PGOU/NPGOU", "url": "https://www.lasrozas.es/urbanismo-conservacion-y-medio-ambiente/urbanismo/PGOU", "coordSource": "municipio_centroid_jitter", "sectorKey": "las-rozas-de-madrid", "catalogSource": "ayuntamiento-portal"}}, {"type": "Feature", "geometry": {"type": "Point", "coordinates": [-3.8745016, 40.49281]}, "properties": {"id": "las-rozas-proy-84e7c8a534a1aa", "municipio": "Las Rozas de Madrid", "titulo": "Gestion_4_1.pdf", "fecha": "", "tipo": "planeamiento", "url": "https://transparencia.lasrozas.es/ordenacion-del-territorio-y-obras/mapas-y-planos-pgou/", "coordSource": "municipio_centroid_jitter", "sectorKey": "las-rozas-de-madrid", "catalogSource": "ayuntamiento-portal"}}, {"type": "Feature", "geometry": {"type": "Point", "coordinates": [-3.8769131, 40.4937118]}, "properties": {"id": "las-rozas-proy-8699ba638e8ce3", "municipio": "Las Rozas de Madrid", "titulo": "Estructura_Territorio_2_4.pdf", "fecha": "", "tipo": "planeamiento", "url": "https://transparencia.lasrozas.es/ordenacion-del-territorio-y-obras/mapas-y-planos-pgou/", "coordSource": "municipio_centroid_jitter", "sectorKey": "las-rozas-de-madrid", "catalogSource": "ayuntamiento-portal"}}, {"type": "Feature", "geometry": {"type": "Point", "coordinates": [-3.8766135, 40.4926499]}, "properties": {"id": "las-rozas-proy-86adf18cacc1bd", "municipio": "Las Rozas de Madrid", "titulo": "NUEVO PLAN GENERAL DE ORDENACIÓN URBANA: PI-06.01.-Estructura Catastral.Conjunto del término municipal.pdf", "fecha": "", "tipo": "PGOU/NPGOU", "url": "https://www.lasrozas.es/urbanismo-conservacion-y-medio-ambiente/urbanismo/PGOU", "coordSource": "municipio_centroid_jitter", "sectorKey": "las-rozas-de-madrid", "catalogSource": "ayuntamiento-portal"}}, {"type": "Feature", "geometry": {"type": "Point", "coordinates": [-3.8753708, 40.491826]}, "properties": {"id": "las-rozas-proy-86dddc12d62a0c", "municipio": "Las Rozas de Madrid", "titulo": "NUEVO PLAN GENERAL DE ORDENACIÓN URBANA: P-01-CLASIFICACION DEL SUELO. ALT 0.pdf", "fecha": "", "tipo": "PGOU/NPGOU", "url": "https://www.lasrozas.es/urbanismo-conservacion-y-medio-ambiente/urbanismo/PGOU", "coordSource": "municipio_centroid_jitter", "sectorKey": "las-rozas-de-madrid", "catalogSource": "ayuntamiento-portal"}}, {"type": "Feature", "geometry": {"type": "Point", "coordinates": [-3.8745452, 40.4932382]}, "properties": {"id": "las-rozas-proy-8777b2cec29a2e", "municipio": "Las Rozas de Madrid", "titulo": "NUEVO PLAN GENERAL DE ORDENACIÓN URBANA: PI-05.02_REDES PUBLICAS.VIAS PECUARIAS.pdf", "fecha": "", "tipo": "PGOU/NPGOU", "url": "https://www.lasrozas.es/urbanismo-conservacion-y-medio-ambiente/urbanismo/PGOU", "coordSource": "municipio_centroid_jitter", "sectorKey": "las-rozas-de-madrid", "catalogSource": "ayuntamiento-portal"}}, {"type": "Feature", "geometry": {"type": "Point", "coordinates": [-3.8761964, 40.4922351]}, "properties": {"id": "las-rozas-proy-881c56ca00abef", "municipio": "Las Rozas de Madrid", "titulo": "NUEVO PLAN GENERAL DE ORDENACIÓN URBANA: P-03.03-Afecciones Territoriales Existentes. Patrimonio.pdf", "fecha": "", "tipo": "PGOU/NPGOU", "url": "https://www.lasrozas.es/urbanismo-conservacion-y-medio-ambiente/urbanismo/PGOU", "coordSource": "municipio_centroid_jitter", "sectorKey": "las-rozas-de-madrid", "catalogSource": "ayuntamiento-portal"}}, {"type": "Feature", "geometry": {"type": "Point", "coordinates": [-3.8760022, 40.4944301]}, "properties": {"id": "las-rozas-proy-88d280137c8d7e", "municipio": "Las Rozas de Madrid", "titulo": "NUEVO PLAN GENERAL DE ORDENACIÓN URBANA: PO-03.09_AFECCIONES SECTORIALES. FERROCARRILES.pdf", "fecha": "", "tipo": "PGOU/NPGOU", "url": "https://www.lasrozas.es/urbanismo-conservacion-y-medio-ambiente/urbanismo/PGOU", "coordSource": "municipio_centroid_jitter", "sectorKey": "las-rozas-de-madrid", "catalogSource": "ayuntamiento-portal"}}, {"type": "Feature", "geometry": {"type": "Point", "coordinates": [-3.8770591, 40.4938284]}, "properties": {"id": "las-rozas-proy-89405c6fa4ebb2", "municipio": "Las Rozas de Madrid", "titulo": "Convenio de gestión integral del servicio de distribución de agua de consumo humano entre la Comunidad de Madrid, Canal de Isabel II y el Ayuntamiento de Las Rozas de Madrid”, para la renovación de las infraestructuras hidráulicas de la urbanización “Buenos Aires”", "fecha": "", "tipo": "convenio", "url": "https://transparencia.lasrozas.es/convenio/convenio-de-gestion-integral-del-servicio-de-distribucion-de-agua-de-consumo-humano-entre-la-comunidad-de-madrid-canal-de-isabel-ii-y-el-ayuntamiento-de-las-rozas-de-madrid-para-la-renovac/", "coordSource": "municipio_centroid_jitter", "sectorKey": "las-rozas-de-madrid", "catalogSource": "ayuntamiento-portal"}}, {"type": "Feature", "geometry": {"type": "Point", "coordinates": [-3.875417, 40.4928529]}, "properties": {"id": "las-rozas-proy-8a65487df3ea43", "municipio": "Las Rozas de Madrid", "titulo": "NUEVO PLAN GENERAL DE ORDENACIÓN URBANA: PO-03.06-Afecciones Sectoriales. Vías pecuarias.pdf", "fecha": "", "tipo": "PGOU/NPGOU", "url": "https://www.lasrozas.es/urbanismo-conservacion-y-medio-ambiente/urbanismo/PGOU", "coordSource": "municipio_centroid_jitter", "sectorKey": "las-rozas-de-madrid", "catalogSource": "ayuntamiento-portal"}}, {"type": "Feature", "geometry": {"type": "Point", "coordinates": [-3.87491, 40.4931261]}, "properties": {"id": "las-rozas-proy-8afe0742f7a50f", "municipio": "Las Rozas de Madrid", "titulo": "NUEVO PLAN GENERAL DE ORDENACIÓN URBANA: P-04-Redes Públicas Existentes.pdf", "fecha": "", "tipo": "PGOU/NPGOU", "url": "https://www.lasrozas.es/urbanismo-conservacion-y-medio-ambiente/urbanismo/PGOU", "coordSource": "municipio_centroid_jitter", "sectorKey": "las-rozas-de-madrid", "catalogSource": "ayuntamiento-portal"}}, {"type": "Feature", "geometry": {"type": "Point", "coordinates": [-3.8758052, 40.4931378]}, "properties": {"id": "las-rozas-proy-8ba09a56634af8", "municipio": "Las Rozas de Madrid", "titulo": "Ordenacion_5_26.pdf", "fecha": "", "tipo": "planeamiento", "url": "https://transparencia.lasrozas.es/ordenacion-del-territorio-y-obras/mapas-y-planos-pgou/", "coordSource": "municipio_centroid_jitter", "sectorKey": "las-rozas-de-madrid", "catalogSource": "ayuntamiento-portal"}}, {"type": "Feature", "geometry": {"type": "Point", "coordinates": [-3.873996, 40.4925081]}, "properties": {"id": "las-rozas-proy-8bddbfc6391826", "municipio": "Las Rozas de Madrid", "titulo": "Clasificacion_1_3.pdf", "fecha": "", "tipo": "planeamiento", "url": "https://transparencia.lasrozas.es/ordenacion-del-territorio-y-obras/mapas-y-planos-pgou/", "coordSource": "municipio_centroid_jitter", "sectorKey": "las-rozas-de-madrid", "catalogSource": "ayuntamiento-portal"}}, {"type": "Feature", "geometry": {"type": "Point", "coordinates": [-3.8741067, 40.4941923]}, "properties": {"id": "las-rozas-proy-8cc1def0bf7373", "municipio": "Las Rozas de Madrid", "titulo": "TITULO_V.pdf", "fecha": "", "tipo": "planeamiento", "url": "https://transparencia.lasrozas.es/obras-publicas-y-urbanismo/normas-pgou/", "coordSource": "municipio_centroid_jitter", "sectorKey": "las-rozas-de-madrid", "catalogSource": "ayuntamiento-portal"}}, {"type": "Feature", "geometry": {"type": "Point", "coordinates": [-3.8763052, 40.493124]}, "properties": {"id": "las-rozas-proy-8d535a5fadc649", "municipio": "Las Rozas de Madrid", "titulo": "BOCM_14_NOV_2014.pdf", "fecha": "", "tipo": "modificación PGOU", "url": "https://transparencia.lasrozas.es/obras-publicas-y-urbanismo/modificaciones/", "coordSource": "municipio_centroid_jitter", "sectorKey": "las-rozas-de-madrid", "catalogSource": "ayuntamiento-portal"}}, {"type": "Feature", "geometry": {"type": "Point", "coordinates": [-3.8752452, 40.4930426]}, "properties": {"id": "las-rozas-proy-8d6b931a7b61d2", "municipio": "Las Rozas de Madrid", "titulo": "NUEVO PLAN GENERAL DE ORDENACIÓN URBANA: P-1 CAMBIOS DE CLASIFICACION.pdf", "fecha": "", "tipo": "PGOU/NPGOU", "url": "https://www.lasrozas.es/urbanismo-conservacion-y-medio-ambiente/urbanismo/PGOU", "coordSource": "municipio_centroid_jitter", "sectorKey": "las-rozas-de-madrid", "catalogSource": "ayuntamiento-portal"}}, {"type": "Feature", "geometry": {"type": "Point", "coordinates": [-3.875563, 40.4938826]}, "properties": {"id": "las-rozas-proy-8da5bfb1b55690", "municipio": "Las Rozas de Madrid", "titulo": "NUEVO PLAN GENERAL DE ORDENACIÓN URBANA: MEMORIA.pdf", "fecha": "", "tipo": "PGOU/NPGOU", "url": "https://www.lasrozas.es/urbanismo-conservacion-y-medio-ambiente/urbanismo/PGOU", "coordSource": "municipio_centroid_jitter", "sectorKey": "las-rozas-de-madrid", "catalogSource": "ayuntamiento-portal"}}, {"type": "Feature", "geometry": {"type": "Point", "coordinates": [-3.8770341, 40.4931434]}, "properties": {"id": "las-rozas-proy-8e162187713898", "municipio": "Las Rozas de Madrid", "titulo": "NUEVO PLAN GENERAL DE ORDENACIÓN URBANA: PO-08-CALIFICACIÓN DEL SUELO URBANO.pdf", "fecha": "", "tipo": "PGOU/NPGOU", "url": "https://www.lasrozas.es/urbanismo-conservacion-y-medio-ambiente/urbanismo/PGOU", "coordSource": "municipio_centroid_jitter", "sectorKey": "las-rozas-de-madrid", "catalogSource": "ayuntamiento-portal"}}, {"type": "Feature", "geometry": {"type": "Point", "coordinates": [-3.874644, 40.4917455]}, "properties": {"id": "las-rozas-proy-8f8495d935a954", "municipio": "Las Rozas de Madrid", "titulo": "BOCM-Protocolo-anticontaminacion-Las-Rozas-de-Madrid.pdf", "fecha": "", "tipo": "plan parcial", "url": "https://transparencia.lasrozas.es/ordenacion-del-territorio-y-obras/", "coordSource": "municipio_centroid_jitter", "sectorKey": "las-rozas-de-madrid", "catalogSource": "ayuntamiento-portal"}}, {"type": "Feature", "geometry": {"type": "Point", "coordinates": [-3.8752913, 40.4932773]}, "properties": {"id": "las-rozas-proy-8fd44a4c76bce3", "municipio": "Las Rozas de Madrid", "titulo": "NUEVO PLAN GENERAL DE ORDENACIÓN URBANA: P4.3_NIVEL SONORO ACTUALES.NOCHE.pdf", "fecha": "", "tipo": "PGOU/NPGOU", "url": "https://www.lasrozas.es/urbanismo-conservacion-y-medio-ambiente/urbanismo/PGOU", "coordSource": "municipio_centroid_jitter", "sectorKey": "las-rozas-de-madrid", "catalogSource": "ayuntamiento-portal"}}, {"type": "Feature", "geometry": {"type": "Point", "coordinates": [-3.8753023, 40.4916823]}, "properties": {"id": "las-rozas-proy-929520987ffe9c", "municipio": "Las Rozas de Madrid", "titulo": "NUEVO PLAN GENERAL DE ORDENACIÓN URBANA: PO-08-CALIFICACIÓN DEL SUELO URBANO_A3.pdf", "fecha": "", "tipo": "PGOU/NPGOU", "url": "https://www.lasrozas.es/urbanismo-conservacion-y-medio-ambiente/urbanismo/PGOU", "coordSource": "municipio_centroid_jitter", "sectorKey": "las-rozas-de-madrid", "catalogSource": "ayuntamiento-portal"}}, {"type": "Feature", "geometry": {"type": "Point", "coordinates": [-3.8741143, 40.4930145]}, "properties": {"id": "las-rozas-proy-9306a8ad7a200a", "municipio": "Las Rozas de Madrid", "titulo": "CAPITULO_I_II.pdf", "fecha": "", "tipo": "planeamiento", "url": "https://transparencia.lasrozas.es/obras-publicas-y-urbanismo/normas-pgou/", "coordSource": "municipio_centroid_jitter", "sectorKey": "las-rozas-de-madrid", "catalogSource": "ayuntamiento-portal"}}, {"type": "Feature", "geometry": {"type": "Point", "coordinates": [-3.8763618, 40.4928764]}, "properties": {"id": "las-rozas-proy-932c7d233cbac1", "municipio": "Las Rozas de Madrid", "titulo": "NUEVO PLAN GENERAL DE ORDENACIÓN URBANA: PO-09_CALIFICACION DEL SUELO URBANO. CASCO HISTORICO (1-4).pdf", "fecha": "", "tipo": "PGOU/NPGOU", "url": "https://www.lasrozas.es/urbanismo-conservacion-y-medio-ambiente/urbanismo/PGOU", "coordSource": "municipio_centroid_jitter", "sectorKey": "las-rozas-de-madrid", "catalogSource": "ayuntamiento-portal"}}, {"type": "Feature", "geometry": {"type": "Point", "coordinates": [-3.8771902, 40.4935955]}, "properties": {"id": "las-rozas-proy-937e0f71dde117", "municipio": "Las Rozas de Madrid", "titulo": "NUEVO PLAN GENERAL DE ORDENACIÓN URBANA: PI-01.02_SITUACION.pdf", "fecha": "", "tipo": "PGOU/NPGOU", "url": "https://www.lasrozas.es/urbanismo-conservacion-y-medio-ambiente/urbanismo/PGOU", "coordSource": "municipio_centroid_jitter", "sectorKey": "las-rozas-de-madrid", "catalogSource": "ayuntamiento-portal"}}, {"type": "Feature", "geometry": {"type": "Point", "coordinates": [-3.876355, 40.4936674]}, "properties": {"id": "las-rozas-proy-93d7eb467d139d", "municipio": "Las Rozas de Madrid", "titulo": "NUEVO PLAN GENERAL DE ORDENACIÓN URBANA: P2_ORDENACION. CALIFICACION.pdf", "fecha": "", "tipo": "PGOU/NPGOU", "url": "https://www.lasrozas.es/urbanismo-conservacion-y-medio-ambiente/urbanismo/PGOU", "coordSource": "municipio_centroid_jitter", "sectorKey": "las-rozas-de-madrid", "catalogSource": "ayuntamiento-portal"}}, {"type": "Feature", "geometry": {"type": "Point", "coordinates": [-3.8744064, 40.4921995]}, "properties": {"id": "las-rozas-proy-961d76f4cfb79e", "municipio": "Las Rozas de Madrid", "titulo": "NUEVO PLAN GENERAL DE ORDENACIÓN URBANA: PI-07.02_USOS DEL SUELO. SUELO URBANO.pdf", "fecha": "", "tipo": "PGOU/NPGOU", "url": "https://www.lasrozas.es/urbanismo-conservacion-y-medio-ambiente/urbanismo/PGOU", "coordSource": "municipio_centroid_jitter", "sectorKey": "las-rozas-de-madrid", "catalogSource": "ayuntamiento-portal"}}, {"type": "Feature", "geometry": {"type": "Point", "coordinates": [-3.875019, 40.4928298]}, "properties": {"id": "las-rozas-proy-969a43e6ddbdea", "municipio": "Las Rozas de Madrid", "titulo": "NUEVO PLAN GENERAL DE ORDENACIÓN URBANA: EAE-03_GEOLOGIA.pdf", "fecha": "", "tipo": "PGOU/NPGOU", "url": "https://www.lasrozas.es/urbanismo-conservacion-y-medio-ambiente/urbanismo/PGOU", "coordSource": "municipio_centroid_jitter", "sectorKey": "las-rozas-de-madrid", "catalogSource": "ayuntamiento-portal"}}, {"type": "Feature", "geometry": {"type": "Point", "coordinates": [-3.8753062, 40.4936076]}, "properties": {"id": "las-rozas-proy-97582fccd0fc5f", "municipio": "Las Rozas de Madrid", "titulo": "NUEVO PLAN GENERAL DE ORDENACIÓN URBANA: PI-03.01_DESARROLLO DEL PLANEAMIENTO.pdf", "fecha": "", "tipo": "PGOU/NPGOU", "url": "https://www.lasrozas.es/urbanismo-conservacion-y-medio-ambiente/urbanismo/PGOU", "coordSource": "municipio_centroid_jitter", "sectorKey": "las-rozas-de-madrid", "catalogSource": "ayuntamiento-portal"}}, {"type": "Feature", "geometry": {"type": "Point", "coordinates": [-3.8761189, 40.4924485]}, "properties": {"id": "las-rozas-proy-992a1f825f2cd0", "municipio": "Las Rozas de Madrid", "titulo": "NUEVO PLAN GENERAL DE ORDENACIÓN URBANA: VOLUMEN 1_MEMORIA DE ORDENACION.pdf", "fecha": "", "tipo": "PGOU/NPGOU", "url": "https://www.lasrozas.es/urbanismo-conservacion-y-medio-ambiente/urbanismo/PGOU", "coordSource": "municipio_centroid_jitter", "sectorKey": "las-rozas-de-madrid", "catalogSource": "ayuntamiento-portal"}}, {"type": "Feature", "geometry": {"type": "Point", "coordinates": [-3.875825, 40.4931806]}, "properties": {"id": "las-rozas-proy-99d935112205a5", "municipio": "Las Rozas de Madrid", "titulo": "TITULO_X_NORMA_ZONAL_SECTOR_IX.pdf", "fecha": "", "tipo": "planeamiento", "url": "https://transparencia.lasrozas.es/obras-publicas-y-urbanismo/normas-pgou/", "coordSource": "municipio_centroid_jitter", "sectorKey": "las-rozas-de-madrid", "catalogSource": "ayuntamiento-portal"}}, {"type": "Feature", "geometry": {"type": "Point", "coordinates": [-3.8752632, 40.4931485]}, "properties": {"id": "las-rozas-proy-99f9e1d8a91632", "municipio": "Las Rozas de Madrid", "titulo": "NUEVO PLAN GENERAL DE ORDENACIÓN URBANA: PI-04.01_AFECCIONES TERRITORIALES. ESPACIOS PROTEGIDOS.pdf", "fecha": "", "tipo": "PGOU/NPGOU", "url": "https://www.lasrozas.es/urbanismo-conservacion-y-medio-ambiente/urbanismo/PGOU", "coordSource": "municipio_centroid_jitter", "sectorKey": "las-rozas-de-madrid", "catalogSource": "ayuntamiento-portal"}}, {"type": "Feature", "geometry": {"type": "Point", "coordinates": [-3.875188, 40.4946341]}, "properties": {"id": "las-rozas-proy-9a1b28d9548f2a", "municipio": "Las Rozas de Madrid", "titulo": "NUEVO PLAN GENERAL DE ORDENACIÓN URBANA: PI-05.03-Redes públicas existentes.Infraest Abastecimiento.pdf", "fecha": "", "tipo": "PGOU/NPGOU", "url": "https://www.lasrozas.es/urbanismo-conservacion-y-medio-ambiente/urbanismo/PGOU", "coordSource": "municipio_centroid_jitter", "sectorKey": "las-rozas-de-madrid", "catalogSource": "ayuntamiento-portal"}}, {"type": "Feature", "geometry": {"type": "Point", "coordinates": [-3.873647, 40.4929599]}, "properties": {"id": "las-rozas-proy-9b08248580a0c7", "municipio": "Las Rozas de Madrid", "titulo": "NUEVO PLAN GENERAL DE ORDENACIÓN URBANA: PI-07.02.-Usos actuales suelo. Suelo Urbano.pdf", "fecha": "", "tipo": "PGOU/NPGOU", "url": "https://www.lasrozas.es/urbanismo-conservacion-y-medio-ambiente/urbanismo/PGOU", "coordSource": "municipio_centroid_jitter", "sectorKey": "las-rozas-de-madrid", "catalogSource": "ayuntamiento-portal"}}, {"type": "Feature", "geometry": {"type": "Point", "coordinates": [-3.8755469, 40.4934069]}, "properties": {"id": "las-rozas-proy-9b4f3ee5d0020a", "municipio": "Las Rozas de Madrid", "titulo": "TITULO_X_NORMA_ZONAL_GENERAL_7.pdf", "fecha": "", "tipo": "planeamiento", "url": "https://transparencia.lasrozas.es/obras-publicas-y-urbanismo/normas-pgou/", "coordSource": "municipio_centroid_jitter", "sectorKey": "las-rozas-de-madrid", "catalogSource": "ayuntamiento-portal"}}, {"type": "Feature", "geometry": {"type": "Point", "coordinates": [-3.8735042, 40.4926036]}, "properties": {"id": "las-rozas-proy-9c01e7c6104e20", "municipio": "Las Rozas de Madrid", "titulo": "NUEVO PLAN GENERAL DE ORDENACIÓN URBANA: 02.01_ESTUDIO ACUSTICO.pdf", "fecha": "", "tipo": "PGOU/NPGOU", "url": "https://www.lasrozas.es/urbanismo-conservacion-y-medio-ambiente/urbanismo/PGOU", "coordSource": "municipio_centroid_jitter", "sectorKey": "las-rozas-de-madrid", "catalogSource": "ayuntamiento-portal"}}, {"type": "Feature", "geometry": {"type": "Point", "coordinates": [-3.8742002, 40.4934873]}, "properties": {"id": "las-rozas-proy-9c4653a2db004d", "municipio": "Las Rozas de Madrid", "titulo": "Mapas y Planos PGOU: 3_4.pdf", "fecha": "", "tipo": "planeamiento", "url": "https://transparencia.lasrozas.es/ordenacion-del-territorio-y-obras/mapas-y-planos-pgou/", "coordSource": "municipio_centroid_jitter", "sectorKey": "las-rozas-de-madrid", "catalogSource": "ayuntamiento-portal"}}, {"type": "Feature", "geometry": {"type": "Point", "coordinates": [-3.8751824, 40.4924363]}, "properties": {"id": "las-rozas-proy-9c5420858758a8", "municipio": "Las Rozas de Madrid", "titulo": "NUEVO PLAN GENERAL DE ORDENACIÓN URBANA: TOMO II_ESTUDIO DE LA CALIDAD DE SUELO.pdf", "fecha": "", "tipo": "PGOU/NPGOU", "url": "https://www.lasrozas.es/urbanismo-conservacion-y-medio-ambiente/urbanismo/PGOU", "coordSource": "municipio_centroid_jitter", "sectorKey": "las-rozas-de-madrid", "catalogSource": "ayuntamiento-portal"}}, {"type": "Feature", "geometry": {"type": "Point", "coordinates": [-3.8771428, 40.4933576]}, "properties": {"id": "las-rozas-proy-9cc92c8a5851e3", "municipio": "Las Rozas de Madrid", "titulo": "Gestion_4_3.pdf", "fecha": "", "tipo": "planeamiento", "url": "https://transparencia.lasrozas.es/ordenacion-del-territorio-y-obras/mapas-y-planos-pgou/", "coordSource": "municipio_centroid_jitter", "sectorKey": "las-rozas-de-madrid", "catalogSource": "ayuntamiento-portal"}}, {"type": "Feature", "geometry": {"type": "Point", "coordinates": [-3.8773771, 40.4930738]}, "properties": {"id": "las-rozas-proy-9d96fd57c7ac66", "municipio": "Las Rozas de Madrid", "titulo": "NUEVO PLAN GENERAL DE ORDENACIÓN URBANA: PO-03.01_LEGISLACION AMBIENTAL. ESPACIOS PROTEGIDOS.pdf", "fecha": "", "tipo": "PGOU/NPGOU", "url": "https://www.lasrozas.es/urbanismo-conservacion-y-medio-ambiente/urbanismo/PGOU", "coordSource": "municipio_centroid_jitter", "sectorKey": "las-rozas-de-madrid", "catalogSource": "ayuntamiento-portal"}}, {"type": "Feature", "geometry": {"type": "Point", "coordinates": [-3.873927, 40.4933586]}, "properties": {"id": "las-rozas-proy-9eab2095a90163", "municipio": "Las Rozas de Madrid", "titulo": "Mapas y Planos PGOU: 3_7.pdf", "fecha": "", "tipo": "planeamiento", "url": "https://transparencia.lasrozas.es/ordenacion-del-territorio-y-obras/mapas-y-planos-pgou/", "coordSource": "municipio_centroid_jitter", "sectorKey": "las-rozas-de-madrid", "catalogSource": "ayuntamiento-portal"}}, {"type": "Feature", "geometry": {"type": "Point", "coordinates": [-3.8757827, 40.4930694]}, "properties": {"id": "las-rozas-proy-9ec398a82a57c7", "municipio": "Las Rozas de Madrid", "titulo": "NUEVO PLAN GENERAL DE ORDENACIÓN URBANA: TOMO IV_ESTUDIO ACUSTICO.pdf", "fecha": "", "tipo": "PGOU/NPGOU", "url": "https://www.lasrozas.es/urbanismo-conservacion-y-medio-ambiente/urbanismo/PGOU", "coordSource": "municipio_centroid_jitter", "sectorKey": "las-rozas-de-madrid", "catalogSource": "ayuntamiento-portal"}}, {"type": "Feature", "geometry": {"type": "Point", "coordinates": [-3.875448, 40.4932003]}, "properties": {"id": "las-rozas-proy-9ef6242059695e", "municipio": "Las Rozas de Madrid", "titulo": "NUEVO PLAN GENERAL DE ORDENACIÓN URBANA: 02.04_PGOU_ET Las Rozas.pdf", "fecha": "", "tipo": "PGOU/NPGOU", "url": "https://www.lasrozas.es/urbanismo-conservacion-y-medio-ambiente/urbanismo/PGOU", "coordSource": "municipio_centroid_jitter", "sectorKey": "las-rozas-de-madrid", "catalogSource": "ayuntamiento-portal"}}, {"type": "Feature", "geometry": {"type": "Point", "coordinates": [-3.8745286, 40.4932409]}, "properties": {"id": "las-rozas-proy-9fcb512e068fb2", "municipio": "Las Rozas de Madrid", "titulo": "Gestion_4_5.pdf", "fecha": "", "tipo": "planeamiento", "url": "https://transparencia.lasrozas.es/ordenacion-del-territorio-y-obras/mapas-y-planos-pgou/", "coordSource": "municipio_centroid_jitter", "sectorKey": "las-rozas-de-madrid", "catalogSource": "ayuntamiento-portal"}}, {"type": "Feature", "geometry": {"type": "Point", "coordinates": [-3.8760941, 40.4922553]}, "properties": {"id": "las-rozas-proy-a158427035eec8", "municipio": "Las Rozas de Madrid", "titulo": "NUEVO PLAN GENERAL DE ORDENACIÓN URBANA: PO-10-INVENTARIO DE INSTALACIONES EN SUELO NO URBANIZABLE.pdf", "fecha": "", "tipo": "PGOU/NPGOU", "url": "https://www.lasrozas.es/urbanismo-conservacion-y-medio-ambiente/urbanismo/PGOU", "coordSource": "municipio_centroid_jitter", "sectorKey": "las-rozas-de-madrid", "catalogSource": "ayuntamiento-portal"}}, {"type": "Feature", "geometry": {"type": "Point", "coordinates": [-3.8754558, 40.4932049]}, "properties": {"id": "las-rozas-proy-a22f360f218584", "municipio": "Las Rozas de Madrid", "titulo": "Ordenacion_5_27.pdf", "fecha": "", "tipo": "planeamiento", "url": "https://transparencia.lasrozas.es/ordenacion-del-territorio-y-obras/mapas-y-planos-pgou/", "coordSource": "municipio_centroid_jitter", "sectorKey": "las-rozas-de-madrid", "catalogSource": "ayuntamiento-portal"}}, {"type": "Feature", "geometry": {"type": "Point", "coordinates": [-3.8752533, 40.4921916]}, "properties": {"id": "las-rozas-proy-a2541c11b8963e", "municipio": "Las Rozas de Madrid", "titulo": "NUEVO PLAN GENERAL DE ORDENACIÓN URBANA: PO-14.01.01_CATALOGO DE BIENES Y ESPACIOS PROTEGIDOS.pdf", "fecha": "", "tipo": "PGOU/NPGOU", "url": "https://www.lasrozas.es/urbanismo-conservacion-y-medio-ambiente/urbanismo/PGOU", "coordSource": "municipio_centroid_jitter", "sectorKey": "las-rozas-de-madrid", "catalogSource": "ayuntamiento-portal"}}, {"type": "Feature", "geometry": {"type": "Point", "coordinates": [-3.8742581, 40.492801]}, "properties": {"id": "las-rozas-proy-a2c17c6381e6b4", "municipio": "Las Rozas de Madrid", "titulo": "Ordenacion_5_7.pdf", "fecha": "", "tipo": "planeamiento", "url": "https://transparencia.lasrozas.es/ordenacion-del-territorio-y-obras/mapas-y-planos-pgou/", "coordSource": "municipio_centroid_jitter", "sectorKey": "las-rozas-de-madrid", "catalogSource": "ayuntamiento-portal"}}, {"type": "Feature", "geometry": {"type": "Point", "coordinates": [-3.8741388, 40.4929652]}, "properties": {"id": "las-rozas-proy-a3e4225c17ea54", "municipio": "Las Rozas de Madrid", "titulo": "NUEVO PLAN GENERAL DE ORDENACIÓN URBANA: P6_MEDIDAS CORRECTORAS.pdf", "fecha": "", "tipo": "PGOU/NPGOU", "url": "https://www.lasrozas.es/urbanismo-conservacion-y-medio-ambiente/urbanismo/PGOU", "coordSource": "municipio_centroid_jitter", "sectorKey": "las-rozas-de-madrid", "catalogSource": "ayuntamiento-portal"}}, {"type": "Feature", "geometry": {"type": "Point", "coordinates": [-3.8736544, 40.4930072]}, "properties": {"id": "las-rozas-proy-a44cf761c8cab7", "municipio": "Las Rozas de Madrid", "titulo": "NUEVO PLAN GENERAL DE ORDENACIÓN URBANA: PI-04.03_AFECCIONES TERRITORIALES. HABITAT.pdf", "fecha": "", "tipo": "PGOU/NPGOU", "url": "https://www.lasrozas.es/urbanismo-conservacion-y-medio-ambiente/urbanismo/PGOU", "coordSource": "municipio_centroid_jitter", "sectorKey": "las-rozas-de-madrid", "catalogSource": "ayuntamiento-portal"}}, {"type": "Feature", "geometry": {"type": "Point", "coordinates": [-3.876581, 40.4924942]}, "properties": {"id": "las-rozas-proy-a5c7123ecae3af", "municipio": "Las Rozas de Madrid", "titulo": "NUEVO PLAN GENERAL DE ORDENACIÓN URBANA: PO-07-CALIFICACIÓN DEL SUELO URBANIZABLE 4000.pdf", "fecha": "", "tipo": "PGOU/NPGOU", "url": "https://www.lasrozas.es/urbanismo-conservacion-y-medio-ambiente/urbanismo/PGOU", "coordSource": "municipio_centroid_jitter", "sectorKey": "las-rozas-de-madrid", "catalogSource": "ayuntamiento-portal"}}, {"type": "Feature", "geometry": {"type": "Point", "coordinates": [-3.8751701, 40.4934154]}, "properties": {"id": "las-rozas-proy-a66c87e4895e8a", "municipio": "Las Rozas de Madrid", "titulo": "NUEVO PLAN GENERAL DE ORDENACIÓN URBANA: PINF-11-INFRAESTRUCTURAS-SUR 4 (1-5).pdf", "fecha": "", "tipo": "PGOU/NPGOU", "url": "https://www.lasrozas.es/urbanismo-conservacion-y-medio-ambiente/urbanismo/PGOU", "coordSource": "municipio_centroid_jitter", "sectorKey": "las-rozas-de-madrid", "catalogSource": "ayuntamiento-portal"}}, {"type": "Feature", "geometry": {"type": "Point", "coordinates": [-3.8762484, 40.4941326]}, "properties": {"id": "las-rozas-proy-a6ab0f85ac254c", "municipio": "Las Rozas de Madrid", "titulo": "NUEVO PLAN GENERAL DE ORDENACIÓN URBANA: PO-01_CLASIFICACION DEL SUELO.pdf", "fecha": "", "tipo": "PGOU/NPGOU", "url": "https://www.lasrozas.es/urbanismo-conservacion-y-medio-ambiente/urbanismo/PGOU", "coordSource": "municipio_centroid_jitter", "sectorKey": "las-rozas-de-madrid", "catalogSource": "ayuntamiento-portal"}}, {"type": "Feature", "geometry": {"type": "Point", "coordinates": [-3.8758865, 40.4933496]}, "properties": {"id": "las-rozas-proy-a6bfa775cdc7a5", "municipio": "Las Rozas de Madrid", "titulo": "TITULO_X_NORMA_ZONAL_GENERAL_2.pdf", "fecha": "", "tipo": "planeamiento", "url": "https://transparencia.lasrozas.es/obras-publicas-y-urbanismo/normas-pgou/", "coordSource": "municipio_centroid_jitter", "sectorKey": "las-rozas-de-madrid", "catalogSource": "ayuntamiento-portal"}}, {"type": "Feature", "geometry": {"type": "Point", "coordinates": [-3.8752725, 40.4924099]}, "properties": {"id": "las-rozas-proy-a705f33059f150", "municipio": "Las Rozas de Madrid", "titulo": "Ordenacion_5_14.pdf", "fecha": "", "tipo": "planeamiento", "url": "https://transparencia.lasrozas.es/ordenacion-del-territorio-y-obras/mapas-y-planos-pgou/", "coordSource": "municipio_centroid_jitter", "sectorKey": "las-rozas-de-madrid", "catalogSource": "ayuntamiento-portal"}}, {"type": "Feature", "geometry": {"type": "Point", "coordinates": [-3.8735667, 40.4929535]}, "properties": {"id": "las-rozas-proy-a8588164ed1bae", "municipio": "Las Rozas de Madrid", "titulo": "NUEVO PLAN GENERAL DE ORDENACIÓN URBANA: PO-01-CLASIFICACION DEL SUELO.pdf", "fecha": "", "tipo": "PGOU/NPGOU", "url": "https://www.lasrozas.es/urbanismo-conservacion-y-medio-ambiente/urbanismo/PGOU", "coordSource": "municipio_centroid_jitter", "sectorKey": "las-rozas-de-madrid", "catalogSource": "ayuntamiento-portal"}}, {"type": "Feature", "geometry": {"type": "Point", "coordinates": [-3.874146, 40.4924071]}, "properties": {"id": "las-rozas-proy-aa0fa9d510da0f", "municipio": "Las Rozas de Madrid", "titulo": "NUEVO PLAN GENERAL DE ORDENACIÓN URBANA: VOLUMEN I_MEMORIA DE ORDENACIÓN_04.pdf", "fecha": "", "tipo": "PGOU/NPGOU", "url": "https://www.lasrozas.es/urbanismo-conservacion-y-medio-ambiente/urbanismo/PGOU", "coordSource": "municipio_centroid_jitter", "sectorKey": "las-rozas-de-madrid", "catalogSource": "ayuntamiento-portal"}}, {"type": "Feature", "geometry": {"type": "Point", "coordinates": [-3.8765405, 40.4933487]}, "properties": {"id": "las-rozas-proy-aa83b6437fc951", "municipio": "Las Rozas de Madrid", "titulo": "Estructura_Territorio_2_5.pdf", "fecha": "", "tipo": "planeamiento", "url": "https://transparencia.lasrozas.es/ordenacion-del-territorio-y-obras/mapas-y-planos-pgou/", "coordSource": "municipio_centroid_jitter", "sectorKey": "las-rozas-de-madrid", "catalogSource": "ayuntamiento-portal"}}, {"type": "Feature", "geometry": {"type": "Point", "coordinates": [-3.8754001, 40.4931016]}, "properties": {"id": "las-rozas-proy-ae02fca9a1f857", "municipio": "Las Rozas de Madrid", "titulo": "TITULO_XII_REPARTO_DEL_APROVECHAMIENTO.pdf", "fecha": "", "tipo": "planeamiento", "url": "https://transparencia.lasrozas.es/obras-publicas-y-urbanismo/normas-pgou/", "coordSource": "municipio_centroid_jitter", "sectorKey": "las-rozas-de-madrid", "catalogSource": "ayuntamiento-portal"}}, {"type": "Feature", "geometry": {"type": "Point", "coordinates": [-3.8769397, 40.4939199]}, "properties": {"id": "las-rozas-proy-aeb8973da25fff", "municipio": "Las Rozas de Madrid", "titulo": "NUEVO PLAN GENERAL DE ORDENACIÓN URBANA: 0_INDICE PLANOS DE INFRAESTRUCTURAS.pdf", "fecha": "", "tipo": "PGOU/NPGOU", "url": "https://www.lasrozas.es/urbanismo-conservacion-y-medio-ambiente/urbanismo/PGOU", "coordSource": "municipio_centroid_jitter", "sectorKey": "las-rozas-de-madrid", "catalogSource": "ayuntamiento-portal"}}, {"type": "Feature", "geometry": {"type": "Point", "coordinates": [-3.8749537, 40.4937124]}, "properties": {"id": "las-rozas-proy-aef7aa8ea0b52b", "municipio": "Las Rozas de Madrid", "titulo": "NUEVO PLAN GENERAL DE ORDENACIÓN URBANA: PI-01.01_ENCUADRE TERRITORIALl.pdf", "fecha": "", "tipo": "PGOU/NPGOU", "url": "https://www.lasrozas.es/urbanismo-conservacion-y-medio-ambiente/urbanismo/PGOU", "coordSource": "municipio_centroid_jitter", "sectorKey": "las-rozas-de-madrid", "catalogSource": "ayuntamiento-portal"}}, {"type": "Feature", "geometry": {"type": "Point", "coordinates": [-3.8753613, 40.4939435]}, "properties": {"id": "las-rozas-proy-af0860cd211f91", "municipio": "Las Rozas de Madrid", "titulo": "OrdenacionCasco5_F.pdf", "fecha": "", "tipo": "planeamiento", "url": "https://transparencia.lasrozas.es/ordenacion-del-territorio-y-obras/mapas-y-planos-pgou/", "coordSource": "municipio_centroid_jitter", "sectorKey": "las-rozas-de-madrid", "catalogSource": "ayuntamiento-portal"}}, {"type": "Feature", "geometry": {"type": "Point", "coordinates": [-3.8748657, 40.4929987]}, "properties": {"id": "las-rozas-proy-afcd621da9815c", "municipio": "Las Rozas de Madrid", "titulo": "RED_ELECTRICA.pdf", "fecha": "", "tipo": "planeamiento", "url": "https://transparencia.lasrozas.es/ordenacion-del-territorio-y-obras/mapas-y-planos-pgou/", "coordSource": "municipio_centroid_jitter", "sectorKey": "las-rozas-de-madrid", "catalogSource": "ayuntamiento-portal"}}, {"type": "Feature", "geometry": {"type": "Point", "coordinates": [-3.8754441, 40.4933728]}, "properties": {"id": "las-rozas-proy-b02dde97948f17", "municipio": "Las Rozas de Madrid", "titulo": "NUEVO PLAN GENERAL DE ORDENACIÓN URBANA: PI-06.02_ESTRUCTURA CATASTRAL. SUELO URBANO.pdf", "fecha": "", "tipo": "PGOU/NPGOU", "url": "https://www.lasrozas.es/urbanismo-conservacion-y-medio-ambiente/urbanismo/PGOU", "coordSource": "municipio_centroid_jitter", "sectorKey": "las-rozas-de-madrid", "catalogSource": "ayuntamiento-portal"}}, {"type": "Feature", "geometry": {"type": "Point", "coordinates": [-3.8753074, 40.4932085]}, "properties": {"id": "las-rozas-proy-b1053414a6a946", "municipio": "Las Rozas de Madrid", "titulo": "TITULO_X_NORMA_ZONAL_REMITIDO_3_GRADO_2.pdf", "fecha": "", "tipo": "planeamiento", "url": "https://transparencia.lasrozas.es/obras-publicas-y-urbanismo/normas-pgou/", "coordSource": "municipio_centroid_jitter", "sectorKey": "las-rozas-de-madrid", "catalogSource": "ayuntamiento-portal"}}, {"type": "Feature", "geometry": {"type": "Point", "coordinates": [-3.8750315, 40.4915108]}, "properties": {"id": "las-rozas-proy-b1493fd5a11785", "municipio": "Las Rozas de Madrid", "titulo": "BOCM_22_DE_DICIEMBRE_2014.pdf", "fecha": "", "tipo": "modificación PGOU", "url": "https://transparencia.lasrozas.es/obras-publicas-y-urbanismo/modificaciones/", "coordSource": "municipio_centroid_jitter", "sectorKey": "las-rozas-de-madrid", "catalogSource": "ayuntamiento-portal"}}, {"type": "Feature", "geometry": {"type": "Point", "coordinates": [-3.8762213, 40.4944394]}, "properties": {"id": "las-rozas-proy-b34a9cee799eac", "municipio": "Las Rozas de Madrid", "titulo": "NUEVO PLAN GENERAL DE ORDENACIÓN URBANA: PI-04.06-Afecciones Territoriales. Hidrología.pdf", "fecha": "", "tipo": "PGOU/NPGOU", "url": "https://www.lasrozas.es/urbanismo-conservacion-y-medio-ambiente/urbanismo/PGOU", "coordSource": "municipio_centroid_jitter", "sectorKey": "las-rozas-de-madrid", "catalogSource": "ayuntamiento-portal"}}, {"type": "Feature", "geometry": {"type": "Point", "coordinates": [-3.8759748, 40.4935855]}, "properties": {"id": "las-rozas-proy-b9492074943e39", "municipio": "Las Rozas de Madrid", "titulo": "NUEVO PLAN GENERAL DE ORDENACIÓN URBANA: PO-03.02_LEGISLACION AMBIENTAL. ESPACIOS PROTEGIDOS. ZONIFICACION.pdf", "fecha": "", "tipo": "PGOU/NPGOU", "url": "https://www.lasrozas.es/urbanismo-conservacion-y-medio-ambiente/urbanismo/PGOU", "coordSource": "municipio_centroid_jitter", "sectorKey": "las-rozas-de-madrid", "catalogSource": "ayuntamiento-portal"}}, {"type": "Feature", "geometry": {"type": "Point", "coordinates": [-3.8749242, 40.4929894]}, "properties": {"id": "las-rozas-proy-b9edb94158e68f", "municipio": "Las Rozas de Madrid", "titulo": "NUEVO PLAN GENERAL DE ORDENACIÓN URBANA: PO-04-USOS GLOBALES Y GESTIÓN DEL SUELO.pdf", "fecha": "", "tipo": "PGOU/NPGOU", "url": "https://www.lasrozas.es/urbanismo-conservacion-y-medio-ambiente/urbanismo/PGOU", "coordSource": "municipio_centroid_jitter", "sectorKey": "las-rozas-de-madrid", "catalogSource": "ayuntamiento-portal"}}, {"type": "Feature", "geometry": {"type": "Point", "coordinates": [-3.8753689, 40.4917436]}, "properties": {"id": "las-rozas-proy-ba156b99c3039b", "municipio": "Las Rozas de Madrid", "titulo": "NUEVO PLAN GENERAL DE ORDENACIÓN URBANA: PI-05.01-Redes públicas existentes.Equipam-ZV-espacios libres..pdf", "fecha": "", "tipo": "PGOU/NPGOU", "url": "https://www.lasrozas.es/urbanismo-conservacion-y-medio-ambiente/urbanismo/PGOU", "coordSource": "municipio_centroid_jitter", "sectorKey": "las-rozas-de-madrid", "catalogSource": "ayuntamiento-portal"}}, {"type": "Feature", "geometry": {"type": "Point", "coordinates": [-3.8752508, 40.4943967]}, "properties": {"id": "las-rozas-proy-ba3989527e67bb", "municipio": "Las Rozas de Madrid", "titulo": "NUEVO PLAN GENERAL DE ORDENACIÓN URBANA: EAE-01_ENCUADRE TERRITORIAL.pdf", "fecha": "", "tipo": "PGOU/NPGOU", "url": "https://www.lasrozas.es/urbanismo-conservacion-y-medio-ambiente/urbanismo/PGOU", "coordSource": "municipio_centroid_jitter", "sectorKey": "las-rozas-de-madrid", "catalogSource": "ayuntamiento-portal"}}, {"type": "Feature", "geometry": {"type": "Point", "coordinates": [-3.8759339, 40.4931499]}, "properties": {"id": "las-rozas-proy-baf8dde5fdc3ec", "municipio": "Las Rozas de Madrid", "titulo": "Mapas y Planos PGOU: 3_8.pdf", "fecha": "", "tipo": "planeamiento", "url": "https://transparencia.lasrozas.es/ordenacion-del-territorio-y-obras/mapas-y-planos-pgou/", "coordSource": "municipio_centroid_jitter", "sectorKey": "las-rozas-de-madrid", "catalogSource": "ayuntamiento-portal"}}, {"type": "Feature", "geometry": {"type": "Point", "coordinates": [-3.8748491, 40.4916389]}, "properties": {"id": "las-rozas-proy-bb7750e3f72273", "municipio": "Las Rozas de Madrid", "titulo": "TITULO_XI_NORMAS_DE_VALORACION.pdf", "fecha": "", "tipo": "planeamiento", "url": "https://transparencia.lasrozas.es/obras-publicas-y-urbanismo/normas-pgou/", "coordSource": "municipio_centroid_jitter", "sectorKey": "las-rozas-de-madrid", "catalogSource": "ayuntamiento-portal"}}, {"type": "Feature", "geometry": {"type": "Point", "coordinates": [-3.875358, 40.4935565]}, "properties": {"id": "las-rozas-proy-bca52358765e8b", "municipio": "Las Rozas de Madrid", "titulo": "MEMORIA-DE-TRAMITACION-AVANCE-PGOU-1_Transparencia.pdf", "fecha": "", "tipo": "planeamiento", "url": "https://transparencia.lasrozas.es/ordenacion-del-territorio-y-obras/", "coordSource": "municipio_centroid_jitter", "sectorKey": "las-rozas-de-madrid", "catalogSource": "ayuntamiento-portal"}}, {"type": "Feature", "geometry": {"type": "Point", "coordinates": [-3.8747158, 40.4931455]}, "properties": {"id": "las-rozas-proy-bd3e44768b3bea", "municipio": "Las Rozas de Madrid", "titulo": "NUEVO PLAN GENERAL DE ORDENACIÓN URBANA: PI-06.02.-Estructura Catastral.Suelo Urbano_NUEVO.pdf", "fecha": "", "tipo": "PGOU/NPGOU", "url": "https://www.lasrozas.es/urbanismo-conservacion-y-medio-ambiente/urbanismo/PGOU", "coordSource": "municipio_centroid_jitter", "sectorKey": "las-rozas-de-madrid", "catalogSource": "ayuntamiento-portal"}}, {"type": "Feature", "geometry": {"type": "Point", "coordinates": [-3.8753865, 40.4931255]}, "properties": {"id": "las-rozas-proy-bd64c18aabc3bd", "municipio": "Las Rozas de Madrid", "titulo": "NUEVO PLAN GENERAL DE ORDENACIÓN URBANA: PO-02.01_ESTRUCTURA ORGANICA Y REDES PUBLICAS.pdf", "fecha": "", "tipo": "PGOU/NPGOU", "url": "https://www.lasrozas.es/urbanismo-conservacion-y-medio-ambiente/urbanismo/PGOU", "coordSource": "municipio_centroid_jitter", "sectorKey": "las-rozas-de-madrid", "catalogSource": "ayuntamiento-portal"}}, {"type": "Feature", "geometry": {"type": "Point", "coordinates": [-3.8755783, 40.4942042]}, "properties": {"id": "las-rozas-proy-bfbe77ddc453e5", "municipio": "Las Rozas de Madrid", "titulo": "NUEVO PLAN GENERAL DE ORDENACIÓN URBANA: VOLUMEN V_INVENTARIO DE INSTALACIONES EN SNU.pdf", "fecha": "", "tipo": "PGOU/NPGOU", "url": "https://www.lasrozas.es/urbanismo-conservacion-y-medio-ambiente/urbanismo/PGOU", "coordSource": "municipio_centroid_jitter", "sectorKey": "las-rozas-de-madrid", "catalogSource": "ayuntamiento-portal"}}, {"type": "Feature", "geometry": {"type": "Point", "coordinates": [-3.8748201, 40.4936645]}, "properties": {"id": "las-rozas-proy-c06f36736300ab", "municipio": "Las Rozas de Madrid", "titulo": "Ordenacion_5_2.pdf", "fecha": "", "tipo": "planeamiento", "url": "https://transparencia.lasrozas.es/ordenacion-del-territorio-y-obras/mapas-y-planos-pgou/", "coordSource": "municipio_centroid_jitter", "sectorKey": "las-rozas-de-madrid", "catalogSource": "ayuntamiento-portal"}}, {"type": "Feature", "geometry": {"type": "Point", "coordinates": [-3.8752759, 40.4925043]}, "properties": {"id": "las-rozas-proy-c0825498c26d8a", "municipio": "Las Rozas de Madrid", "titulo": "NUEVO PLAN GENERAL DE ORDENACIÓN URBANA: VOLUMEN II_MEMORIA DE SOSTENIBILIDAD Y VIABILIDAD ECONÓMICA.pdf", "fecha": "", "tipo": "PGOU/NPGOU", "url": "https://www.lasrozas.es/urbanismo-conservacion-y-medio-ambiente/urbanismo/PGOU", "coordSource": "municipio_centroid_jitter", "sectorKey": "las-rozas-de-madrid", "catalogSource": "ayuntamiento-portal"}}, {"type": "Feature", "geometry": {"type": "Point", "coordinates": [-3.8770444, 40.4935551]}, "properties": {"id": "las-rozas-proy-c09018bfc3968f", "municipio": "Las Rozas de Madrid", "titulo": "Ordenacion_5_20_mod.pdf", "fecha": "", "tipo": "planeamiento", "url": "https://transparencia.lasrozas.es/ordenacion-del-territorio-y-obras/mapas-y-planos-pgou/", "coordSource": "municipio_centroid_jitter", "sectorKey": "las-rozas-de-madrid", "catalogSource": "ayuntamiento-portal"}}, {"type": "Feature", "geometry": {"type": "Point", "coordinates": [-3.8753755, 40.492033]}, "properties": {"id": "las-rozas-proy-c11781aa043471", "municipio": "Las Rozas de Madrid", "titulo": "Clasificacion_1_4.pdf", "fecha": "", "tipo": "planeamiento", "url": "https://transparencia.lasrozas.es/ordenacion-del-territorio-y-obras/mapas-y-planos-pgou/", "coordSource": "municipio_centroid_jitter", "sectorKey": "las-rozas-de-madrid", "catalogSource": "ayuntamiento-portal"}}, {"type": "Feature", "geometry": {"type": "Point", "coordinates": [-3.875556, 40.4929854]}, "properties": {"id": "las-rozas-proy-c24f027cafdca3", "municipio": "Las Rozas de Madrid", "titulo": "NUEVO PLAN GENERAL DE ORDENACIÓN URBANA: P-03.05-Afecciones Territoriales Existentes. Hidrología.pdf", "fecha": "", "tipo": "PGOU/NPGOU", "url": "https://www.lasrozas.es/urbanismo-conservacion-y-medio-ambiente/urbanismo/PGOU", "coordSource": "municipio_centroid_jitter", "sectorKey": "las-rozas-de-madrid", "catalogSource": "ayuntamiento-portal"}}, {"type": "Feature", "geometry": {"type": "Point", "coordinates": [-3.8745136, 40.4938486]}, "properties": {"id": "las-rozas-proy-c3ba29929c8765", "municipio": "Las Rozas de Madrid", "titulo": "NUEVO PLAN GENERAL DE ORDENACIÓN URBANA: PI-03-Planeamiento Vigente. Grado Desarrollo NNSS.pdf", "fecha": "", "tipo": "PGOU/NPGOU", "url": "https://www.lasrozas.es/urbanismo-conservacion-y-medio-ambiente/urbanismo/PGOU", "coordSource": "municipio_centroid_jitter", "sectorKey": "las-rozas-de-madrid", "catalogSource": "ayuntamiento-portal"}}, {"type": "Feature", "geometry": {"type": "Point", "coordinates": [-3.8740587, 40.4936197]}, "properties": {"id": "las-rozas-proy-c48e0661c19910", "municipio": "Las Rozas de Madrid", "titulo": "NUEVO PLAN GENERAL DE ORDENACIÓN URBANA: VOLUMEN IV_FICHAS DE ORDENACIÓN Y GESTIÓN.pdf", "fecha": "", "tipo": "PGOU/NPGOU", "url": "https://www.lasrozas.es/urbanismo-conservacion-y-medio-ambiente/urbanismo/PGOU", "coordSource": "municipio_centroid_jitter", "sectorKey": "las-rozas-de-madrid", "catalogSource": "ayuntamiento-portal"}}, {"type": "Feature", "geometry": {"type": "Point", "coordinates": [-3.8756078, 40.4932818]}, "properties": {"id": "las-rozas-proy-c61a58b07af6f7", "municipio": "Las Rozas de Madrid", "titulo": "Convenio de colaboración entre el Ayuntamiento de Las Rozas de Madrid y el Consorcio Urbanístico de la Ciudad Universitaria de Madrid y las Universidades Integrantes del Consorcio (Politécnica de Madrid, Complutense de Madrid, y Nacional de educación a distancia)", "fecha": "", "tipo": "convenio", "url": "https://transparencia.lasrozas.es/convenio/convenio-de-colaboracion-entre-el-ayuntamiento-de-las-rozas-de-madrid-y-el-consorcio-urbanistico-de-la-ciudad-universitaria-de-madrid-y-las-universidades-integrantes-del-consorcio-politecnica-de-madr/", "coordSource": "municipio_centroid_jitter", "sectorKey": "las-rozas-de-madrid", "catalogSource": "ayuntamiento-portal"}}, {"type": "Feature", "geometry": {"type": "Point", "coordinates": [-3.875603, 40.4931356]}, "properties": {"id": "las-rozas-proy-c9be7f3fefd9b2", "municipio": "Las Rozas de Madrid", "titulo": "NUEVO PLAN GENERAL DE ORDENACIÓN URBANA: EAE-04_VEGETACION.pdf", "fecha": "", "tipo": "PGOU/NPGOU", "url": "https://www.lasrozas.es/urbanismo-conservacion-y-medio-ambiente/urbanismo/PGOU", "coordSource": "municipio_centroid_jitter", "sectorKey": "las-rozas-de-madrid", "catalogSource": "ayuntamiento-portal"}}, {"type": "Feature", "geometry": {"type": "Point", "coordinates": [-3.8756995, 40.4926717]}, "properties": {"id": "las-rozas-proy-c9d81f69fad84c", "municipio": "Las Rozas de Madrid", "titulo": "NUEVO PLAN GENERAL DE ORDENACIÓN URBANA: VOLUMEN VIII_CATALOGO DE BIENES Y ESPACIOS PROTEGIDOS.pdf", "fecha": "", "tipo": "PGOU/NPGOU", "url": "https://www.lasrozas.es/urbanismo-conservacion-y-medio-ambiente/urbanismo/PGOU", "coordSource": "municipio_centroid_jitter", "sectorKey": "las-rozas-de-madrid", "catalogSource": "ayuntamiento-portal"}}, {"type": "Feature", "geometry": {"type": "Point", "coordinates": [-3.8743036, 40.4942908]}, "properties": {"id": "las-rozas-proy-cdce94d066331c", "municipio": "Las Rozas de Madrid", "titulo": "NUEVO PLAN GENERAL DE ORDENACIÓN URBANA: PI-05.04_REDES PUBLICAS. INFRAESTRUCTURAS DE ABASTECIMIENTO.pdf", "fecha": "", "tipo": "PGOU/NPGOU", "url": "https://www.lasrozas.es/urbanismo-conservacion-y-medio-ambiente/urbanismo/PGOU", "coordSource": "municipio_centroid_jitter", "sectorKey": "las-rozas-de-madrid", "catalogSource": "ayuntamiento-portal"}}, {"type": "Feature", "geometry": {"type": "Point", "coordinates": [-3.8756053, 40.4922146]}, "properties": {"id": "las-rozas-proy-ce6a002605ab9f", "municipio": "Las Rozas de Madrid", "titulo": "Gestion_4_4.pdf", "fecha": "", "tipo": "planeamiento", "url": "https://transparencia.lasrozas.es/ordenacion-del-territorio-y-obras/mapas-y-planos-pgou/", "coordSource": "municipio_centroid_jitter", "sectorKey": "las-rozas-de-madrid", "catalogSource": "ayuntamiento-portal"}}, {"type": "Feature", "geometry": {"type": "Point", "coordinates": [-3.8739976, 40.4926252]}, "properties": {"id": "las-rozas-proy-ce9782f116818d", "municipio": "Las Rozas de Madrid", "titulo": "Mapas y Planos PGOU: 3_6.pdf", "fecha": "", "tipo": "planeamiento", "url": "https://transparencia.lasrozas.es/ordenacion-del-territorio-y-obras/mapas-y-planos-pgou/", "coordSource": "municipio_centroid_jitter", "sectorKey": "las-rozas-de-madrid", "catalogSource": "ayuntamiento-portal"}}, {"type": "Feature", "geometry": {"type": "Point", "coordinates": [-3.8750716, 40.4937506]}, "properties": {"id": "las-rozas-proy-d02626b723ff74", "municipio": "Las Rozas de Madrid", "titulo": "Estructura_Territorio_2_9.pdf", "fecha": "", "tipo": "planeamiento", "url": "https://transparencia.lasrozas.es/ordenacion-del-territorio-y-obras/mapas-y-planos-pgou/", "coordSource": "municipio_centroid_jitter", "sectorKey": "las-rozas-de-madrid", "catalogSource": "ayuntamiento-portal"}}, {"type": "Feature", "geometry": {"type": "Point", "coordinates": [-3.875232, 40.4931]}, "properties": {"id": "las-rozas-proy-d2884a8ea6a806", "municipio": "Las Rozas de Madrid", "titulo": "NUEVO PLAN GENERAL DE ORDENACIÓN URBANA: PO-13_INVENTARIO DE INSTALACIONES EN SNUZ.pdf", "fecha": "", "tipo": "PGOU/NPGOU", "url": "https://www.lasrozas.es/urbanismo-conservacion-y-medio-ambiente/urbanismo/PGOU", "coordSource": "municipio_centroid_jitter", "sectorKey": "las-rozas-de-madrid", "catalogSource": "ayuntamiento-portal"}}, {"type": "Feature", "geometry": {"type": "Point", "coordinates": [-3.8761774, 40.4926381]}, "properties": {"id": "las-rozas-proy-d2f48a33903b56", "municipio": "Las Rozas de Madrid", "titulo": "NUEVO PLAN GENERAL DE ORDENACIÓN URBANA: PINF-08-INFRAESTRUCTURAS-SUR 1 (-5).pdf", "fecha": "", "tipo": "PGOU/NPGOU", "url": "https://www.lasrozas.es/urbanismo-conservacion-y-medio-ambiente/urbanismo/PGOU", "coordSource": "municipio_centroid_jitter", "sectorKey": "las-rozas-de-madrid", "catalogSource": "ayuntamiento-portal"}}, {"type": "Feature", "geometry": {"type": "Point", "coordinates": [-3.8746972, 40.4936936]}, "properties": {"id": "las-rozas-proy-d3621dd6876eea", "municipio": "Las Rozas de Madrid", "titulo": "NUEVO PLAN GENERAL DE ORDENACIÓN URBANA: VOLUMEN 2_MEMORIA DE SOSTENIBILIDAD ECONOMICA Y PROPUESTA.pdf", "fecha": "", "tipo": "PGOU/NPGOU", "url": "https://www.lasrozas.es/urbanismo-conservacion-y-medio-ambiente/urbanismo/PGOU", "coordSource": "municipio_centroid_jitter", "sectorKey": "las-rozas-de-madrid", "catalogSource": "ayuntamiento-portal"}}, {"type": "Feature", "geometry": {"type": "Point", "coordinates": [-3.87533, 40.4931447]}, "properties": {"id": "las-rozas-proy-d3d3e809f55abf", "municipio": "Las Rozas de Madrid", "titulo": "NUEVO PLAN GENERAL DE ORDENACIÓN URBANA: P-03.06.02-Afecciones Territoriales Existentes. Ruido. Tarde.pdf", "fecha": "", "tipo": "PGOU/NPGOU", "url": "https://www.lasrozas.es/urbanismo-conservacion-y-medio-ambiente/urbanismo/PGOU", "coordSource": "municipio_centroid_jitter", "sectorKey": "las-rozas-de-madrid", "catalogSource": "ayuntamiento-portal"}}, {"type": "Feature", "geometry": {"type": "Point", "coordinates": [-3.8755957, 40.4931632]}, "properties": {"id": "las-rozas-proy-d4a6a039ae78ff", "municipio": "Las Rozas de Madrid", "titulo": "Clasificacion_1_5.pdf", "fecha": "", "tipo": "planeamiento", "url": "https://transparencia.lasrozas.es/ordenacion-del-territorio-y-obras/mapas-y-planos-pgou/", "coordSource": "municipio_centroid_jitter", "sectorKey": "las-rozas-de-madrid", "catalogSource": "ayuntamiento-portal"}}, {"type": "Feature", "geometry": {"type": "Point", "coordinates": [-3.8743867, 40.4944902]}, "properties": {"id": "las-rozas-proy-d76b3e238bca11", "municipio": "Las Rozas de Madrid", "titulo": "NUEVO PLAN GENERAL DE ORDENACIÓN URBANA: VOLUMEN 2_FICHAS DE ORDENACIÓN Y GESTION.pdf", "fecha": "", "tipo": "PGOU/NPGOU", "url": "https://www.lasrozas.es/urbanismo-conservacion-y-medio-ambiente/urbanismo/PGOU", "coordSource": "municipio_centroid_jitter", "sectorKey": "las-rozas-de-madrid", "catalogSource": "ayuntamiento-portal"}}, {"type": "Feature", "geometry": {"type": "Point", "coordinates": [-3.8738219, 40.4935607]}, "properties": {"id": "las-rozas-proy-d99a90f324987d", "municipio": "Las Rozas de Madrid", "titulo": "Gestion_4_9.pdf", "fecha": "", "tipo": "planeamiento", "url": "https://transparencia.lasrozas.es/ordenacion-del-territorio-y-obras/mapas-y-planos-pgou/", "coordSource": "municipio_centroid_jitter", "sectorKey": "las-rozas-de-madrid", "catalogSource": "ayuntamiento-portal"}}, {"type": "Feature", "geometry": {"type": "Point", "coordinates": [-3.8763986, 40.4925067]}, "properties": {"id": "las-rozas-proy-dab478dcc3199e", "municipio": "Las Rozas de Madrid", "titulo": "Mapas y Planos PGOU: 3_3.pdf", "fecha": "", "tipo": "planeamiento", "url": "https://transparencia.lasrozas.es/ordenacion-del-territorio-y-obras/mapas-y-planos-pgou/", "coordSource": "municipio_centroid_jitter", "sectorKey": "las-rozas-de-madrid", "catalogSource": "ayuntamiento-portal"}}, {"type": "Feature", "geometry": {"type": "Point", "coordinates": [-3.8748312, 40.4921724]}, "properties": {"id": "las-rozas-proy-dba4590474b1a2", "municipio": "Las Rozas de Madrid", "titulo": "NUEVO PLAN GENERAL DE ORDENACIÓN URBANA: PI-05.04-Redes públicas existentes.Infraest Saneamiento.pdf", "fecha": "", "tipo": "PGOU/NPGOU", "url": "https://www.lasrozas.es/urbanismo-conservacion-y-medio-ambiente/urbanismo/PGOU", "coordSource": "municipio_centroid_jitter", "sectorKey": "las-rozas-de-madrid", "catalogSource": "ayuntamiento-portal"}}, {"type": "Feature", "geometry": {"type": "Point", "coordinates": [-3.8752555, 40.4933253]}, "properties": {"id": "las-rozas-proy-dcf95896e08f7d", "municipio": "Las Rozas de Madrid", "titulo": "Mapas y Planos PGOU: 3_5.pdf", "fecha": "", "tipo": "planeamiento", "url": "https://transparencia.lasrozas.es/ordenacion-del-territorio-y-obras/mapas-y-planos-pgou/", "coordSource": "municipio_centroid_jitter", "sectorKey": "las-rozas-de-madrid", "catalogSource": "ayuntamiento-portal"}}, {"type": "Feature", "geometry": {"type": "Point", "coordinates": [-3.876964, 40.4933528]}, "properties": {"id": "las-rozas-proy-de4087e1d304b5", "municipio": "Las Rozas de Madrid", "titulo": "NUEVO PLAN GENERAL DE ORDENACIÓN URBANA: PI-05.03_REDES PUBLICAS. INFRAESTRUCTURAS DE COMUNICACIONES.pdf", "fecha": "", "tipo": "PGOU/NPGOU", "url": "https://www.lasrozas.es/urbanismo-conservacion-y-medio-ambiente/urbanismo/PGOU", "coordSource": "municipio_centroid_jitter", "sectorKey": "las-rozas-de-madrid", "catalogSource": "ayuntamiento-portal"}}, {"type": "Feature", "geometry": {"type": "Point", "coordinates": [-3.8758798, 40.4928977]}, "properties": {"id": "las-rozas-proy-de4850e7f3ec05", "municipio": "Las Rozas de Madrid", "titulo": "NUEVO PLAN GENERAL DE ORDENACIÓN URBANA: PO-03.03-Legislación Ambiental. Montes y Esp. Naturales.pdf", "fecha": "", "tipo": "PGOU/NPGOU", "url": "https://www.lasrozas.es/urbanismo-conservacion-y-medio-ambiente/urbanismo/PGOU", "coordSource": "municipio_centroid_jitter", "sectorKey": "las-rozas-de-madrid", "catalogSource": "ayuntamiento-portal"}}, {"type": "Feature", "geometry": {"type": "Point", "coordinates": [-3.8744472, 40.4928219]}, "properties": {"id": "las-rozas-proy-de52706ccb6c78", "municipio": "Las Rozas de Madrid", "titulo": "NUEVO PLAN GENERAL DE ORDENACIÓN URBANA: EAE-07_CLASIFICACION DEL SUELO.pdf", "fecha": "", "tipo": "PGOU/NPGOU", "url": "https://www.lasrozas.es/urbanismo-conservacion-y-medio-ambiente/urbanismo/PGOU", "coordSource": "municipio_centroid_jitter", "sectorKey": "las-rozas-de-madrid", "catalogSource": "ayuntamiento-portal"}}, {"type": "Feature", "geometry": {"type": "Point", "coordinates": [-3.8758856, 40.4929356]}, "properties": {"id": "las-rozas-proy-dee7076f46a0f9", "municipio": "Las Rozas de Madrid", "titulo": "NUEVO PLAN GENERAL DE ORDENACIÓN URBANA: PO-11.1_ORDENACION PORMENORIZADA DEL SUZS. CALIFICACION (1-3).pdf", "fecha": "", "tipo": "PGOU/NPGOU", "url": "https://www.lasrozas.es/urbanismo-conservacion-y-medio-ambiente/urbanismo/PGOU", "coordSource": "municipio_centroid_jitter", "sectorKey": "las-rozas-de-madrid", "catalogSource": "ayuntamiento-portal"}}, {"type": "Feature", "geometry": {"type": "Point", "coordinates": [-3.8748218, 40.4930923]}, "properties": {"id": "las-rozas-proy-df0cc2504d6ede", "municipio": "Las Rozas de Madrid", "titulo": "BOCM-Aprobacion-definitiva-Modificacion-Puntual-PGOU-Europolis.pdf", "fecha": "", "tipo": "modificación PGOU", "url": "https://transparencia.lasrozas.es/obras-publicas-y-urbanismo/modificaciones/", "coordSource": "municipio_centroid_jitter", "sectorKey": "las-rozas-de-madrid", "catalogSource": "ayuntamiento-portal"}}, {"type": "Feature", "geometry": {"type": "Point", "coordinates": [-3.8746114, 40.493367]}, "properties": {"id": "las-rozas-proy-e0510be3102210", "municipio": "Las Rozas de Madrid", "titulo": "20250206_MEMORIA_APROBACION_PROVISIONAL__FEB25.TOMO-II-.pdf", "fecha": "", "tipo": "modificación PGOU", "url": "https://transparencia.lasrozas.es/obras-publicas-y-urbanismo/modificaciones/", "coordSource": "municipio_centroid_jitter", "sectorKey": "las-rozas-de-madrid", "catalogSource": "ayuntamiento-portal"}}, {"type": "Feature", "geometry": {"type": "Point", "coordinates": [-3.8757363, 40.4944158]}, "properties": {"id": "las-rozas-proy-e085b5c8ec1b9f", "municipio": "Las Rozas de Madrid", "titulo": "Clasificacion_1_9.pdf", "fecha": "", "tipo": "planeamiento", "url": "https://transparencia.lasrozas.es/ordenacion-del-territorio-y-obras/mapas-y-planos-pgou/", "coordSource": "municipio_centroid_jitter", "sectorKey": "las-rozas-de-madrid", "catalogSource": "ayuntamiento-portal"}}, {"type": "Feature", "geometry": {"type": "Point", "coordinates": [-3.8771199, 40.4937379]}, "properties": {"id": "las-rozas-proy-e13d347bd268e4", "municipio": "Las Rozas de Madrid", "titulo": "TITULO_VII.pdf", "fecha": "", "tipo": "planeamiento", "url": "https://transparencia.lasrozas.es/obras-publicas-y-urbanismo/normas-pgou/", "coordSource": "municipio_centroid_jitter", "sectorKey": "las-rozas-de-madrid", "catalogSource": "ayuntamiento-portal"}}, {"type": "Feature", "geometry": {"type": "Point", "coordinates": [-3.8751626, 40.4945701]}, "properties": {"id": "las-rozas-proy-e18c4030be9ff3", "municipio": "Las Rozas de Madrid", "titulo": "TITULO_X_INTRODUCCION.pdf", "fecha": "", "tipo": "planeamiento", "url": "https://transparencia.lasrozas.es/obras-publicas-y-urbanismo/normas-pgou/", "coordSource": "municipio_centroid_jitter", "sectorKey": "las-rozas-de-madrid", "catalogSource": "ayuntamiento-portal"}}, {"type": "Feature", "geometry": {"type": "Point", "coordinates": [-3.8753464, 40.4919333]}, "properties": {"id": "las-rozas-proy-e1bfa25584c5fe", "municipio": "Las Rozas de Madrid", "titulo": "NUEVO PLAN GENERAL DE ORDENACIÓN URBANA: EAE-05_PAISAJE.pdf", "fecha": "", "tipo": "PGOU/NPGOU", "url": "https://www.lasrozas.es/urbanismo-conservacion-y-medio-ambiente/urbanismo/PGOU", "coordSource": "municipio_centroid_jitter", "sectorKey": "las-rozas-de-madrid", "catalogSource": "ayuntamiento-portal"}}, {"type": "Feature", "geometry": {"type": "Point", "coordinates": [-3.8742858, 40.4933753]}, "properties": {"id": "las-rozas-proy-e2bc033d04b305", "municipio": "Las Rozas de Madrid", "titulo": "NUEVO PLAN GENERAL DE ORDENACIÓN URBANA: TOMO I_ESTUDIO HIDROLOGICO.pdf", "fecha": "", "tipo": "PGOU/NPGOU", "url": "https://www.lasrozas.es/urbanismo-conservacion-y-medio-ambiente/urbanismo/PGOU", "coordSource": "municipio_centroid_jitter", "sectorKey": "las-rozas-de-madrid", "catalogSource": "ayuntamiento-portal"}}, {"type": "Feature", "geometry": {"type": "Point", "coordinates": [-3.8737881, 40.4929928]}, "properties": {"id": "las-rozas-proy-e2e5f316a32f61", "municipio": "Las Rozas de Madrid", "titulo": "NUEVO PLAN GENERAL DE ORDENACIÓN URBANA: EAE-06.01_VALORES AMBIENTALES_VIAS PECUARIAS.pdf", "fecha": "", "tipo": "PGOU/NPGOU", "url": "https://www.lasrozas.es/urbanismo-conservacion-y-medio-ambiente/urbanismo/PGOU", "coordSource": "municipio_centroid_jitter", "sectorKey": "las-rozas-de-madrid", "catalogSource": "ayuntamiento-portal"}}, {"type": "Feature", "geometry": {"type": "Point", "coordinates": [-3.8747595, 40.4932489]}, "properties": {"id": "las-rozas-proy-e3579611b484be", "municipio": "Las Rozas de Madrid", "titulo": "Ordenacion_5_15.pdf", "fecha": "", "tipo": "planeamiento", "url": "https://transparencia.lasrozas.es/ordenacion-del-territorio-y-obras/mapas-y-planos-pgou/", "coordSource": "municipio_centroid_jitter", "sectorKey": "las-rozas-de-madrid", "catalogSource": "ayuntamiento-portal"}}, {"type": "Feature", "geometry": {"type": "Point", "coordinates": [-3.876738, 40.4932794]}, "properties": {"id": "las-rozas-proy-e47bda94444d51", "municipio": "Las Rozas de Madrid", "titulo": "NUEVO PLAN GENERAL DE ORDENACIÓN URBANA: PO-03.07_AFECCIONES SECTORIALES. RED ELECTRICA.pdf", "fecha": "", "tipo": "PGOU/NPGOU", "url": "https://www.lasrozas.es/urbanismo-conservacion-y-medio-ambiente/urbanismo/PGOU", "coordSource": "municipio_centroid_jitter", "sectorKey": "las-rozas-de-madrid", "catalogSource": "ayuntamiento-portal"}}, {"type": "Feature", "geometry": {"type": "Point", "coordinates": [-3.8735886, 40.4934435]}, "properties": {"id": "las-rozas-proy-e53ed1939a7080", "municipio": "Las Rozas de Madrid", "titulo": "NUEVO PLAN GENERAL DE ORDENACIÓN URBANA: 02_PLANOS.pdf", "fecha": "", "tipo": "PGOU/NPGOU", "url": "https://www.lasrozas.es/urbanismo-conservacion-y-medio-ambiente/urbanismo/PGOU", "coordSource": "municipio_centroid_jitter", "sectorKey": "las-rozas-de-madrid", "catalogSource": "ayuntamiento-portal"}}, {"type": "Feature", "geometry": {"type": "Point", "coordinates": [-3.8755071, 40.4930214]}, "properties": {"id": "las-rozas-proy-e5d136160dd223", "municipio": "Las Rozas de Madrid", "titulo": "Estructura_Territorio_2_3.pdf", "fecha": "", "tipo": "planeamiento", "url": "https://transparencia.lasrozas.es/ordenacion-del-territorio-y-obras/mapas-y-planos-pgou/", "coordSource": "municipio_centroid_jitter", "sectorKey": "las-rozas-de-madrid", "catalogSource": "ayuntamiento-portal"}}, {"type": "Feature", "geometry": {"type": "Point", "coordinates": [-3.8744652, 40.4921215]}, "properties": {"id": "las-rozas-proy-e64a3c88f7c52f", "municipio": "Las Rozas de Madrid", "titulo": "NUEVO PLAN GENERAL DE ORDENACIÓN URBANA: P-03.01.01-Afecciones Territoriales Existentes. Elementos Naturales.pdf", "fecha": "", "tipo": "PGOU/NPGOU", "url": "https://www.lasrozas.es/urbanismo-conservacion-y-medio-ambiente/urbanismo/PGOU", "coordSource": "municipio_centroid_jitter", "sectorKey": "las-rozas-de-madrid", "catalogSource": "ayuntamiento-portal"}}, {"type": "Feature", "geometry": {"type": "Point", "coordinates": [-3.8753663, 40.4933086]}, "properties": {"id": "las-rozas-proy-e6a0edbaec55a8", "municipio": "Las Rozas de Madrid", "titulo": "TITULO_IX.pdf", "fecha": "", "tipo": "planeamiento", "url": "https://transparencia.lasrozas.es/obras-publicas-y-urbanismo/normas-pgou/", "coordSource": "municipio_centroid_jitter", "sectorKey": "las-rozas-de-madrid", "catalogSource": "ayuntamiento-portal"}}, {"type": "Feature", "geometry": {"type": "Point", "coordinates": [-3.8757281, 40.4927437]}, "properties": {"id": "las-rozas-proy-e6e364dfd26bb9", "municipio": "Las Rozas de Madrid", "titulo": "NUEVO PLAN GENERAL DE ORDENACIÓN URBANA: PO-05_DIVISION DEL SUELO URBANO. AREAS HOMOGENEAS.pdf", "fecha": "", "tipo": "PGOU/NPGOU", "url": "https://www.lasrozas.es/urbanismo-conservacion-y-medio-ambiente/urbanismo/PGOU", "coordSource": "municipio_centroid_jitter", "sectorKey": "las-rozas-de-madrid", "catalogSource": "ayuntamiento-portal"}}, {"type": "Feature", "geometry": {"type": "Point", "coordinates": [-3.8749149, 40.4924061]}, "properties": {"id": "las-rozas-proy-e716c550244992", "municipio": "Las Rozas de Madrid", "titulo": "NUEVO PLAN GENERAL DE ORDENACIÓN URBANA: PO-04_USOS GLOBALES.pdf", "fecha": "", "tipo": "PGOU/NPGOU", "url": "https://www.lasrozas.es/urbanismo-conservacion-y-medio-ambiente/urbanismo/PGOU", "coordSource": "municipio_centroid_jitter", "sectorKey": "las-rozas-de-madrid", "catalogSource": "ayuntamiento-portal"}}, {"type": "Feature", "geometry": {"type": "Point", "coordinates": [-3.8751094, 40.4926037]}, "properties": {"id": "las-rozas-proy-e75ecb5f354662", "municipio": "Las Rozas de Madrid", "titulo": "NUEVO PLAN GENERAL DE ORDENACIÓN URBANA: P-03.01.02-Afecciones Territoriales Existentes. Elementos Naturales.pdf", "fecha": "", "tipo": "PGOU/NPGOU", "url": "https://www.lasrozas.es/urbanismo-conservacion-y-medio-ambiente/urbanismo/PGOU", "coordSource": "municipio_centroid_jitter", "sectorKey": "las-rozas-de-madrid", "catalogSource": "ayuntamiento-portal"}}, {"type": "Feature", "geometry": {"type": "Point", "coordinates": [-3.8750011, 40.4931372]}, "properties": {"id": "las-rozas-proy-e7e2f8565fcaf1", "municipio": "Las Rozas de Madrid", "titulo": "NUEVO PLAN GENERAL DE ORDENACIÓN URBANA: TOMO V_ESTUDIO DE TRAFICO.pdf", "fecha": "", "tipo": "PGOU/NPGOU", "url": "https://www.lasrozas.es/urbanismo-conservacion-y-medio-ambiente/urbanismo/PGOU", "coordSource": "municipio_centroid_jitter", "sectorKey": "las-rozas-de-madrid", "catalogSource": "ayuntamiento-portal"}}, {"type": "Feature", "geometry": {"type": "Point", "coordinates": [-3.8757635, 40.4925332]}, "properties": {"id": "las-rozas-proy-e7eec661ebbf91", "municipio": "Las Rozas de Madrid", "titulo": "NUEVO PLAN GENERAL DE ORDENACIÓN URBANA: PO-03.01-Legislación Ambiental. Espacios Protegidos. Identificación.pdf", "fecha": "", "tipo": "PGOU/NPGOU", "url": "https://www.lasrozas.es/urbanismo-conservacion-y-medio-ambiente/urbanismo/PGOU", "coordSource": "municipio_centroid_jitter", "sectorKey": "las-rozas-de-madrid", "catalogSource": "ayuntamiento-portal"}}, {"type": "Feature", "geometry": {"type": "Point", "coordinates": [-3.875116, 40.4929122]}, "properties": {"id": "las-rozas-proy-ea21596bb29e43", "municipio": "Las Rozas de Madrid", "titulo": "NUEVO PLAN GENERAL DE ORDENACIÓN URBANA: P7.2_NIVEL SONORO POSTOPERACIONALES CON MEDIDAS CORRECTORAS.DIA.TARDE.pdf", "fecha": "", "tipo": "PGOU/NPGOU", "url": "https://www.lasrozas.es/urbanismo-conservacion-y-medio-ambiente/urbanismo/PGOU", "coordSource": "municipio_centroid_jitter", "sectorKey": "las-rozas-de-madrid", "catalogSource": "ayuntamiento-portal"}}, {"type": "Feature", "geometry": {"type": "Point", "coordinates": [-3.8739897, 40.4925769]}, "properties": {"id": "las-rozas-proy-eab9f532967ede", "municipio": "Las Rozas de Madrid", "titulo": "NUEVO PLAN GENERAL DE ORDENACIÓN URBANA: VOLUMEN III_NORMATIVA URBANÍSTICA.pdf", "fecha": "", "tipo": "PGOU/NPGOU", "url": "https://www.lasrozas.es/urbanismo-conservacion-y-medio-ambiente/urbanismo/PGOU", "coordSource": "municipio_centroid_jitter", "sectorKey": "las-rozas-de-madrid", "catalogSource": "ayuntamiento-portal"}}, {"type": "Feature", "geometry": {"type": "Point", "coordinates": [-3.8751418, 40.4938876]}, "properties": {"id": "las-rozas-proy-ead30995086af0", "municipio": "Las Rozas de Madrid", "titulo": "TITULO_VIII.pdf", "fecha": "", "tipo": "planeamiento", "url": "https://transparencia.lasrozas.es/obras-publicas-y-urbanismo/normas-pgou/", "coordSource": "municipio_centroid_jitter", "sectorKey": "las-rozas-de-madrid", "catalogSource": "ayuntamiento-portal"}}, {"type": "Feature", "geometry": {"type": "Point", "coordinates": [-3.8773394, 40.4929189]}, "properties": {"id": "las-rozas-proy-eaffc1c41fcc59", "municipio": "Las Rozas de Madrid", "titulo": "NUEVO PLAN GENERAL DE ORDENACIÓN URBANA: PI-01.03-Fotografía aérea. Situación.pdf", "fecha": "", "tipo": "PGOU/NPGOU", "url": "https://www.lasrozas.es/urbanismo-conservacion-y-medio-ambiente/urbanismo/PGOU", "coordSource": "municipio_centroid_jitter", "sectorKey": "las-rozas-de-madrid", "catalogSource": "ayuntamiento-portal"}}, {"type": "Feature", "geometry": {"type": "Point", "coordinates": [-3.8765846, 40.4935994]}, "properties": {"id": "las-rozas-proy-eb08bf408aa426", "municipio": "Las Rozas de Madrid", "titulo": "NUEVO PLAN GENERAL DE ORDENACIÓN URBANA: PI-01.03_FOTOGRAFIA AEREA.pdf", "fecha": "", "tipo": "PGOU/NPGOU", "url": "https://www.lasrozas.es/urbanismo-conservacion-y-medio-ambiente/urbanismo/PGOU", "coordSource": "municipio_centroid_jitter", "sectorKey": "las-rozas-de-madrid", "catalogSource": "ayuntamiento-portal"}}, {"type": "Feature", "geometry": {"type": "Point", "coordinates": [-3.8752632, 40.4931485]}, "properties": {"id": "las-rozas-proy-eb89338a17d1c7", "municipio": "Las Rozas de Madrid", "titulo": "BOCM-20211216-42.pdf", "fecha": "", "tipo": "modificación PGOU", "url": "https://transparencia.lasrozas.es/obras-publicas-y-urbanismo/modificaciones/", "coordSource": "municipio_centroid_jitter", "sectorKey": "las-rozas-de-madrid", "catalogSource": "ayuntamiento-portal"}}, {"type": "Feature", "geometry": {"type": "Point", "coordinates": [-3.874902, 40.4924939]}, "properties": {"id": "las-rozas-proy-ebb28ec6da079c", "municipio": "Las Rozas de Madrid", "titulo": "NUEVO PLAN GENERAL DE ORDENACIÓN URBANA: PO-03.03_LEGISLACION AMBIENTAL. MONETS.pdf", "fecha": "", "tipo": "PGOU/NPGOU", "url": "https://www.lasrozas.es/urbanismo-conservacion-y-medio-ambiente/urbanismo/PGOU", "coordSource": "municipio_centroid_jitter", "sectorKey": "las-rozas-de-madrid", "catalogSource": "ayuntamiento-portal"}}, {"type": "Feature", "geometry": {"type": "Point", "coordinates": [-3.8756382, 40.4919565]}, "properties": {"id": "las-rozas-proy-ecaa5a326ff525", "municipio": "Las Rozas de Madrid", "titulo": "NUEVO PLAN GENERAL DE ORDENACIÓN URBANA: PI-06.01_ESTRUCTURA CATASTRAL. TERMINO.pdf", "fecha": "", "tipo": "PGOU/NPGOU", "url": "https://www.lasrozas.es/urbanismo-conservacion-y-medio-ambiente/urbanismo/PGOU", "coordSource": "municipio_centroid_jitter", "sectorKey": "las-rozas-de-madrid", "catalogSource": "ayuntamiento-portal"}}, {"type": "Feature", "geometry": {"type": "Point", "coordinates": [-3.874727, 40.4938587]}, "properties": {"id": "las-rozas-proy-ecb93bb0032f0d", "municipio": "Las Rozas de Madrid", "titulo": "ALEGACIONES_24_79.pdf", "fecha": "", "tipo": "planeamiento", "url": "https://transparencia.lasrozas.es/obras-publicas-y-urbanismo/normas-pgou/", "coordSource": "municipio_centroid_jitter", "sectorKey": "las-rozas-de-madrid", "catalogSource": "ayuntamiento-portal"}}, {"type": "Feature", "geometry": {"type": "Point", "coordinates": [-3.8761275, 40.4931387]}, "properties": {"id": "las-rozas-proy-ee1209ad7506e6", "municipio": "Las Rozas de Madrid", "titulo": "NUEVO PLAN GENERAL DE ORDENACIÓN URBANA: 01_DOCUMENTO URBANÍSTICO PRELIMINAR.pdf", "fecha": "", "tipo": "PGOU/NPGOU", "url": "https://www.lasrozas.es/urbanismo-conservacion-y-medio-ambiente/urbanismo/PGOU", "coordSource": "municipio_centroid_jitter", "sectorKey": "las-rozas-de-madrid", "catalogSource": "ayuntamiento-portal"}}, {"type": "Feature", "geometry": {"type": "Point", "coordinates": [-3.8770238, 40.4925502]}, "properties": {"id": "las-rozas-proy-ee34848a31ccb6", "municipio": "Las Rozas de Madrid", "titulo": "Ordenacion_5_9.pdf", "fecha": "", "tipo": "planeamiento", "url": "https://transparencia.lasrozas.es/ordenacion-del-territorio-y-obras/mapas-y-planos-pgou/", "coordSource": "municipio_centroid_jitter", "sectorKey": "las-rozas-de-madrid", "catalogSource": "ayuntamiento-portal"}}, {"type": "Feature", "geometry": {"type": "Point", "coordinates": [-3.8761323, 40.4924593]}, "properties": {"id": "las-rozas-proy-ef1e60eff4d8cd", "municipio": "Las Rozas de Madrid", "titulo": "Ordenacion_5_11.pdf", "fecha": "", "tipo": "planeamiento", "url": "https://transparencia.lasrozas.es/ordenacion-del-territorio-y-obras/mapas-y-planos-pgou/", "coordSource": "municipio_centroid_jitter", "sectorKey": "las-rozas-de-madrid", "catalogSource": "ayuntamiento-portal"}}, {"type": "Feature", "geometry": {"type": "Point", "coordinates": [-3.8742768, 40.4931448]}, "properties": {"id": "las-rozas-proy-f052b2e86a6070", "municipio": "Las Rozas de Madrid", "titulo": "ABASTECIMIENTO.pdf", "fecha": "", "tipo": "planeamiento", "url": "https://transparencia.lasrozas.es/ordenacion-del-territorio-y-obras/mapas-y-planos-pgou/", "coordSource": "municipio_centroid_jitter", "sectorKey": "las-rozas-de-madrid", "catalogSource": "ayuntamiento-portal"}}, {"type": "Feature", "geometry": {"type": "Point", "coordinates": [-3.8754485, 40.4941568]}, "properties": {"id": "las-rozas-proy-f21962ae15c737", "municipio": "Las Rozas de Madrid", "titulo": "BOCM-20260327-47.pdf", "fecha": "", "tipo": "plan parcial", "url": "https://transparencia.lasrozas.es/ordenacion-del-territorio-y-obras/planes-parciales/", "coordSource": "municipio_centroid_jitter", "sectorKey": "las-rozas-de-madrid", "catalogSource": "ayuntamiento-portal"}}, {"type": "Feature", "geometry": {"type": "Point", "coordinates": [-3.8761231, 40.4927564]}, "properties": {"id": "las-rozas-proy-f4cf6c07374f40", "municipio": "Las Rozas de Madrid", "titulo": "NUEVO PLAN GENERAL DE ORDENACIÓN URBANA: P5.1_NIVEL SONORO POSTOPERACIONALES.DIA.pdf", "fecha": "", "tipo": "PGOU/NPGOU", "url": "https://www.lasrozas.es/urbanismo-conservacion-y-medio-ambiente/urbanismo/PGOU", "coordSource": "municipio_centroid_jitter", "sectorKey": "las-rozas-de-madrid", "catalogSource": "ayuntamiento-portal"}}, {"type": "Feature", "geometry": {"type": "Point", "coordinates": [-3.8749488, 40.4937453]}, "properties": {"id": "las-rozas-proy-f5dbb2d76fa2df", "municipio": "Las Rozas de Madrid", "titulo": "TITULO_II.pdf", "fecha": "", "tipo": "planeamiento", "url": "https://transparencia.lasrozas.es/obras-publicas-y-urbanismo/normas-pgou/", "coordSource": "municipio_centroid_jitter", "sectorKey": "las-rozas-de-madrid", "catalogSource": "ayuntamiento-portal"}}, {"type": "Feature", "geometry": {"type": "Point", "coordinates": [-3.8770421, 40.4923497]}, "properties": {"id": "las-rozas-proy-f770f44999b50c", "municipio": "Las Rozas de Madrid", "titulo": "NUEVO PLAN GENERAL DE ORDENACIÓN URBANA: P-02.1-Planeamiento Vigente. Plano de Clasificación.pdf", "fecha": "", "tipo": "PGOU/NPGOU", "url": "https://www.lasrozas.es/urbanismo-conservacion-y-medio-ambiente/urbanismo/PGOU", "coordSource": "municipio_centroid_jitter", "sectorKey": "las-rozas-de-madrid", "catalogSource": "ayuntamiento-portal"}}, {"type": "Feature", "geometry": {"type": "Point", "coordinates": [-3.8752038, 40.4921577]}, "properties": {"id": "las-rozas-proy-f80213c58cd4e0", "municipio": "Las Rozas de Madrid", "titulo": "TITULO_X_NORMA_ZONALPARQUE_EMPRESARIAL.pdf", "fecha": "", "tipo": "planeamiento", "url": "https://transparencia.lasrozas.es/obras-publicas-y-urbanismo/normas-pgou/", "coordSource": "municipio_centroid_jitter", "sectorKey": "las-rozas-de-madrid", "catalogSource": "ayuntamiento-portal"}}, {"type": "Feature", "geometry": {"type": "Point", "coordinates": [-3.8757053, 40.4939098]}, "properties": {"id": "las-rozas-proy-f8467a4dd9b289", "municipio": "Las Rozas de Madrid", "titulo": "NUEVO PLAN GENERAL DE ORDENACIÓN URBANA: PINF-10-INFRAESTRUCTURAS-SUR 3 (1-5).pdf", "fecha": "", "tipo": "PGOU/NPGOU", "url": "https://www.lasrozas.es/urbanismo-conservacion-y-medio-ambiente/urbanismo/PGOU", "coordSource": "municipio_centroid_jitter", "sectorKey": "las-rozas-de-madrid", "catalogSource": "ayuntamiento-portal"}}, {"type": "Feature", "geometry": {"type": "Point", "coordinates": [-3.8756141, 40.4940236]}, "properties": {"id": "las-rozas-proy-f92b4809ca518e", "municipio": "Las Rozas de Madrid", "titulo": "NUEVO PLAN GENERAL DE ORDENACIÓN URBANA: PI-04.03-Afecciones Territoriales. Hábitats, Reservas de la Biosfera e IBA.pdf", "fecha": "", "tipo": "PGOU/NPGOU", "url": "https://www.lasrozas.es/urbanismo-conservacion-y-medio-ambiente/urbanismo/PGOU", "coordSource": "municipio_centroid_jitter", "sectorKey": "las-rozas-de-madrid", "catalogSource": "ayuntamiento-portal"}}, {"type": "Feature", "geometry": {"type": "Point", "coordinates": [-3.8755665, 40.4923818]}, "properties": {"id": "las-rozas-proy-f9675fe590ccdd", "municipio": "Las Rozas de Madrid", "titulo": "NUEVO PLAN GENERAL DE ORDENACIÓN URBANA: PI-05.07_REDES PUBLICAS. RED DE GAS.pdf", "fecha": "", "tipo": "PGOU/NPGOU", "url": "https://www.lasrozas.es/urbanismo-conservacion-y-medio-ambiente/urbanismo/PGOU", "coordSource": "municipio_centroid_jitter", "sectorKey": "las-rozas-de-madrid", "catalogSource": "ayuntamiento-portal"}}, {"type": "Feature", "geometry": {"type": "Point", "coordinates": [-3.876174, 40.4924463]}, "properties": {"id": "las-rozas-proy-fa04be22c8040d", "municipio": "Las Rozas de Madrid", "titulo": "RESIDUOS_URBANOS.pdf", "fecha": "", "tipo": "planeamiento", "url": "https://transparencia.lasrozas.es/ordenacion-del-territorio-y-obras/mapas-y-planos-pgou/", "coordSource": "municipio_centroid_jitter", "sectorKey": "las-rozas-de-madrid", "catalogSource": "ayuntamiento-portal"}}, {"type": "Feature", "geometry": {"type": "Point", "coordinates": [-3.8753934, 40.4931154]}, "properties": {"id": "las-rozas-proy-fa3f24b2b418f7", "municipio": "Las Rozas de Madrid", "titulo": "Clasificacion_1_10.pdf", "fecha": "", "tipo": "planeamiento", "url": "https://transparencia.lasrozas.es/ordenacion-del-territorio-y-obras/mapas-y-planos-pgou/", "coordSource": "municipio_centroid_jitter", "sectorKey": "las-rozas-de-madrid", "catalogSource": "ayuntamiento-portal"}}, {"type": "Feature", "geometry": {"type": "Point", "coordinates": [-3.8762128, 40.4918327]}, "properties": {"id": "las-rozas-proy-fab4fb7db0d8a5", "municipio": "Las Rozas de Madrid", "titulo": "Convenio de colaboración con la Empresa Municipal de Innovación y Transporte Urbano de Las Rozas Innova S.A. y Newspress Spain S.L.", "fecha": "", "tipo": "convenio", "url": "https://transparencia.lasrozas.es/convenio/convenio-de-colaboracion-con-la-empresa-municipal-de-innovacion-y-transporte-urbano-de-las-rozas-innova-s-a-y-newspress-spain-s-l/", "coordSource": "municipio_centroid_jitter", "sectorKey": "las-rozas-de-madrid", "catalogSource": "ayuntamiento-portal"}}, {"type": "Feature", "geometry": {"type": "Point", "coordinates": [-3.8761147, 40.4932255]}, "properties": {"id": "las-rozas-proy-fb31f52d5fe106", "municipio": "Las Rozas de Madrid", "titulo": "20250206_-MEMORIA-APROBACION-PROVISIONAL.TEXTO-REFUNDIDO.TOMO-I.pdf", "fecha": "", "tipo": "modificación PGOU", "url": "https://transparencia.lasrozas.es/obras-publicas-y-urbanismo/modificaciones/", "coordSource": "municipio_centroid_jitter", "sectorKey": "las-rozas-de-madrid", "catalogSource": "ayuntamiento-portal"}}, {"type": "Feature", "geometry": {"type": "Point", "coordinates": [-3.8752134, 40.4926633]}, "properties": {"id": "las-rozas-proy-fce0ff480e3dab", "municipio": "Las Rozas de Madrid", "titulo": "NUEVO PLAN GENERAL DE ORDENACIÓN URBANA: PINF-01_ABASTECIMIENTO DE AGUA POTABLE Y RECICLADA.pdf", "fecha": "", "tipo": "PGOU/NPGOU", "url": "https://www.lasrozas.es/urbanismo-conservacion-y-medio-ambiente/urbanismo/PGOU", "coordSource": "municipio_centroid_jitter", "sectorKey": "las-rozas-de-madrid", "catalogSource": "ayuntamiento-portal"}}, {"type": "Feature", "geometry": {"type": "Point", "coordinates": [-3.874289, 40.4942629]}, "properties": {"id": "las-rozas-proy-fd37b4f6382056", "municipio": "Las Rozas de Madrid", "titulo": "NUEVO PLAN GENERAL DE ORDENACIÓN URBANA: PO-03.04_LEGISLACION AMBIENTAL. RED NATURA.pdf", "fecha": "", "tipo": "PGOU/NPGOU", "url": "https://www.lasrozas.es/urbanismo-conservacion-y-medio-ambiente/urbanismo/PGOU", "coordSource": "municipio_centroid_jitter", "sectorKey": "las-rozas-de-madrid", "catalogSource": "ayuntamiento-portal"}}, {"type": "Feature", "geometry": {"type": "Point", "coordinates": [-3.874951, 40.4927464]}, "properties": {"id": "las-rozas-proy-fe5b60a272d645", "municipio": "Las Rozas de Madrid", "titulo": "NUEVO PLAN GENERAL DE ORDENACIÓN URBANA: P-07.01-Propuesta de Clasificación.pdf", "fecha": "", "tipo": "PGOU/NPGOU", "url": "https://www.lasrozas.es/urbanismo-conservacion-y-medio-ambiente/urbanismo/PGOU", "coordSource": "municipio_centroid_jitter", "sectorKey": "las-rozas-de-madrid", "catalogSource": "ayuntamiento-portal"}}, {"type": "Feature", "geometry": {"type": "Point", "coordinates": [-3.8742492, 40.4927815]}, "properties": {"id": "las-rozas-proy-febf45f57cc295", "municipio": "Las Rozas de Madrid", "titulo": "NUEVO PLAN GENERAL DE ORDENACIÓN URBANA: VOLUMEN 1 ESTUDIO AMBIENTAL ESTRATEGICO.pdf", "fecha": "", "tipo": "PGOU/NPGOU", "url": "https://www.lasrozas.es/urbanismo-conservacion-y-medio-ambiente/urbanismo/PGOU", "coordSource": "municipio_centroid_jitter", "sectorKey": "las-rozas-de-madrid", "catalogSource": "ayuntamiento-portal"}}, {"type": "Feature", "geometry": {"type": "Point", "coordinates": [-3.8754822, 40.4930037]}, "properties": {"id": "las-rozas-proy-ff81fa2a78013a", "municipio": "Las Rozas de Madrid", "titulo": "BOCM-Contenido-normativo-Modificacion-Puntual-PGOU-Europolis.pdf", "fecha": "", "tipo": "modificación PGOU", "url": "https://transparencia.lasrozas.es/obras-publicas-y-urbanismo/modificaciones/", "coordSource": "municipio_centroid_jitter", "sectorKey": "las-rozas-de-madrid", "catalogSource": "ayuntamiento-portal"}}, {"type": "Feature", "geometry": {"type": "Point", "coordinates": [-3.8646276, 40.3249345]}, "properties": {"id": "mostoles-proy-e6df43f4fb0b75", "municipio": "Móstoles", "titulo": "1043626-Autorización para TVs por parte de la hostelería durante la emisión de los partidos de la Euro 2020.pdf", "fecha": "2020-01-01", "tipo": "edicto GMU", "url": "https://www.mostoles.es/es/ayuntamiento/concejalias/concejalia-urbanismo-vivienda-patrimonio-mantenimiento-ciud/gerencia-municipal-urbanismo-gmu/documentos-interes/edictos-gerencia-municipal-urbanismo.ficheros/1043626-Autorizaci%C3%B3n%20para%20TVs%20por%20parte%20de%20la%20hosteler%C3%ADa%20durante%20la%20emisi%C3%B3n%20de%20los%20partidos%20de%20la%20Euro%202020.pdf", "coordSource": "municipio_centroid_jitter", "sectorKey": "mostoles", "catalogSource": "ayuntamiento-portal"}}, {"type": "Feature", "geometry": {"type": "Point", "coordinates": [-3.8647814, 40.3239618]}, "properties": {"id": "mostoles-proy-b3fc631fdfdcd9", "municipio": "Móstoles", "titulo": "877647-2015 - Proyecto A.D. Plan Especial AOS -10 y su entorno Exp P07.pdf", "fecha": "2015-01-01", "tipo": "convenio urbanístico", "url": "https://www.mostoles.es/es/ayuntamiento/concejalias/concejalia-urbanismo-vivienda-patrimonio-mantenimiento-ciud/gerencia-municipal-urbanismo-gmu/documentos-interes/convenios-urbanisticos.ficheros/877647-2015%20-%20Proyecto%20A.D.%20Plan%20Especial%20AOS%20-10%20y%20su%20entorno%20Exp%20P07.pdf", "coordSource": "municipio_centroid_jitter", "sectorKey": "mostoles", "catalogSource": "ayuntamiento-portal"}}, {"type": "Feature", "geometry": {"type": "Point", "coordinates": [-3.864105, 40.3226419]}, "properties": {"id": "mostoles-proy-b48d2e97df3223", "municipio": "Móstoles", "titulo": "877618-2015 - Convenio Ayuntamieno y Canal de Isabel II  - Urbanización Parque Guadarrama.PDF", "fecha": "2015-01-01", "tipo": "convenio urbanístico", "url": "https://www.mostoles.es/es/ayuntamiento/concejalias/concejalia-urbanismo-vivienda-patrimonio-mantenimiento-ciud/gerencia-municipal-urbanismo-gmu/documentos-interes/convenios-urbanisticos.ficheros/877618-2015%20-%20Convenio%20Ayuntamieno%20y%20Canal%20de%20Isabel%20II%20%20-%20Urbanizaci%C3%B3n%20Parque%20Guadarrama.PDF", "coordSource": "municipio_centroid_jitter", "sectorKey": "mostoles", "catalogSource": "ayuntamiento-portal"}}, {"type": "Feature", "geometry": {"type": "Point", "coordinates": [-3.8642184, 40.3237588]}, "properties": {"id": "mostoles-proy-366b3e9c748535", "municipio": "Móstoles", "titulo": "877645-2014 - Proyecto A.D Plan Especial Calle Torres Quevedo 6 Parcela 3-A Exp.P02.pdf", "fecha": "2014-01-01", "tipo": "convenio urbanístico", "url": "https://www.mostoles.es/es/ayuntamiento/concejalias/concejalia-urbanismo-vivienda-patrimonio-mantenimiento-ciud/gerencia-municipal-urbanismo-gmu/documentos-interes/convenios-urbanisticos.ficheros/877645-2014%20-%20Proyecto%20A.D%20Plan%20Especial%20Calle%20Torres%20Quevedo%206%20Parcela%203-A%20Exp.P02.pdf", "coordSource": "municipio_centroid_jitter", "sectorKey": "mostoles", "catalogSource": "ayuntamiento-portal"}}, {"type": "Feature", "geometry": {"type": "Point", "coordinates": [-3.8653124, 40.3246934]}, "properties": {"id": "mostoles-proy-896dd80f3c90b4", "municipio": "Móstoles", "titulo": "877646-2014 - Proyecto A.D. Plan Especial Unidad de Ordenacioo E-D del SUE PAU1 Exp P07.pdf", "fecha": "2014-01-01", "tipo": "convenio urbanístico", "url": "https://www.mostoles.es/es/ayuntamiento/concejalias/concejalia-urbanismo-vivienda-patrimonio-mantenimiento-ciud/gerencia-municipal-urbanismo-gmu/documentos-interes/convenios-urbanisticos.ficheros/877646-2014%20-%20Proyecto%20A.D.%20Plan%20Especial%20Unidad%20de%20Ordenacioo%20E-D%20del%20SUE%20PAU1%20Exp%20P07.pdf", "coordSource": "municipio_centroid_jitter", "sectorKey": "mostoles", "catalogSource": "ayuntamiento-portal"}}, {"type": "Feature", "geometry": {"type": "Point", "coordinates": [-3.8640193, 40.3225359]}, "properties": {"id": "mostoles-proy-98494a9b035495", "municipio": "Móstoles", "titulo": "877619-2014 - Convenio Ayuntamiento Comunidad de Propietarios Parque Coimbra Red Verde 2014.PDF", "fecha": "2014-01-01", "tipo": "convenio urbanístico", "url": "https://www.mostoles.es/es/ayuntamiento/concejalias/concejalia-urbanismo-vivienda-patrimonio-mantenimiento-ciud/gerencia-municipal-urbanismo-gmu/documentos-interes/convenios-urbanisticos.ficheros/877619-2014%20-%20Convenio%20Ayuntamiento%20Comunidad%20de%20Propietarios%20Parque%20Coimbra%20Red%20Verde%202014.PDF", "coordSource": "municipio_centroid_jitter", "sectorKey": "mostoles", "catalogSource": "ayuntamiento-portal"}}, {"type": "Feature", "geometry": {"type": "Point", "coordinates": [-3.8643135, 40.3235648]}, "properties": {"id": "mostoles-proy-3c00d2ccdd325e", "municipio": "Móstoles", "titulo": "30/01/2013 - Acuerdo Plenario - Del 12 de Diciembre 2012. Expte: U005/PLA/2011/19", "fecha": "2013-01-30", "tipo": "acuerdo plenario", "url": "https://www.mostoles.es/SEDE_ELECTRONICA/es/tablon-anuncios/historico-tablon-anuncios-ayuntamiento-mostoles/30-01-2013-acuerdo-plenario-12-diciembre-2012-expte-u-4aa16", "coordSource": "municipio_centroid_jitter", "sectorKey": "mostoles", "catalogSource": "ayuntamiento-portal"}}, {"type": "Feature", "geometry": {"type": "Point", "coordinates": [-3.8642467, 40.3246517]}, "properties": {"id": "mostoles-proy-7e4697bb702341", "municipio": "Móstoles", "titulo": "30/01/2013 - Acuerdo Plenario - Del 12 de Diciembre 2012. Expte: U005/PLAN/2012/03", "fecha": "2013-01-30", "tipo": "acuerdo plenario", "url": "https://www.mostoles.es/SEDE_ELECTRONICA/es/tablon-anuncios/historico-tablon-anuncios-ayuntamiento-mostoles/30-01-2013-acuerdo-plenario-12-diciembre-2012-expte-u005-pl", "coordSource": "municipio_centroid_jitter", "sectorKey": "mostoles", "catalogSource": "ayuntamiento-portal"}}, {"type": "Feature", "geometry": {"type": "Point", "coordinates": [-3.8651983, 40.323429]}, "properties": {"id": "mostoles-proy-6972f3b1f6e6b0", "municipio": "Móstoles", "titulo": "16/01/2013 - Extracto de Convenios Suscritos con el Ayuntamiento 2012", "fecha": "2013-01-16", "tipo": "convenio", "url": "https://www.mostoles.es/SEDE_ELECTRONICA/es/tablon-anuncios/historico-tablon-anuncios-ayuntamiento-mostoles/16-01-2013-extracto-convenios-suscritos-ayuntamiento-2012", "coordSource": "municipio_centroid_jitter", "sectorKey": "mostoles", "catalogSource": "ayuntamiento-portal"}}, {"type": "Feature", "geometry": {"type": "Point", "coordinates": [-3.8648833, 40.3243647]}, "properties": {"id": "mostoles-proy-eaee23fed5bf2e", "municipio": "Móstoles", "titulo": "877614-2013 - Instituto de Realojamiento de la CAM.pdf", "fecha": "2013-01-01", "tipo": "convenio urbanístico", "url": "https://www.mostoles.es/es/ayuntamiento/concejalias/concejalia-urbanismo-vivienda-patrimonio-mantenimiento-ciud/gerencia-municipal-urbanismo-gmu/documentos-interes/convenios-urbanisticos.ficheros/877614-2013%20-%20Instituto%20de%20Realojamiento%20de%20la%20CAM.pdf", "coordSource": "municipio_centroid_jitter", "sectorKey": "mostoles", "catalogSource": "ayuntamiento-portal"}}, {"type": "Feature", "geometry": {"type": "Point", "coordinates": [-3.8631556, 40.3224857]}, "properties": {"id": "mostoles-proy-2b679633ea5dcc", "municipio": "Móstoles", "titulo": "11/12/2012 - Acuerdo Plenario - Del 11 de Diciembre 2012. Expte: B030/PAT/2012/05", "fecha": "2012-12-11", "tipo": "acuerdo plenario", "url": "https://www.mostoles.es/SEDE_ELECTRONICA/es/tablon-anuncios/historico-tablon-anuncios-ayuntamiento-mostoles/11-12-2012-acuerdo-plenario-11-diciembre-2012-expte-b030-pa", "coordSource": "municipio_centroid_jitter", "sectorKey": "mostoles", "catalogSource": "ayuntamiento-portal"}}, {"type": "Feature", "geometry": {"type": "Point", "coordinates": [-3.8634183, 40.3247689]}, "properties": {"id": "mostoles-proy-4ea4cfda189cdb", "municipio": "Móstoles", "titulo": "11/12/2012 - Acuerdo Plenario - Del 11 de Diciembre 2012. Relativo al Acuerdo 54/932", "fecha": "2012-12-11", "tipo": "acuerdo plenario", "url": "https://www.mostoles.es/SEDE_ELECTRONICA/es/tablon-anuncios/historico-tablon-anuncios-ayuntamiento-mostoles/11-12-2012-acuerdo-plenario-11-diciembre-2012-relativo-acue", "coordSource": "municipio_centroid_jitter", "sectorKey": "mostoles", "catalogSource": "ayuntamiento-portal"}}, {"type": "Feature", "geometry": {"type": "Point", "coordinates": [-3.8645697, 40.3239071]}, "properties": {"id": "mostoles-proy-802603d518a01a", "municipio": "Móstoles", "titulo": "30/10/2012 - Acuerdo Plenario - Del 24 de Septiembre 2012. Acuerdo Supresión paga navidad a miembros Corporación", "fecha": "2012-10-30", "tipo": "acuerdo plenario", "url": "https://www.mostoles.es/SEDE_ELECTRONICA/es/tablon-anuncios/historico-tablon-anuncios-ayuntamiento-mostoles/30-10-2012-acuerdo-plenario-24-septiembre-2012-acuerdo-supr", "coordSource": "municipio_centroid_jitter", "sectorKey": "mostoles", "catalogSource": "ayuntamiento-portal"}}, {"type": "Feature", "geometry": {"type": "Point", "coordinates": [-3.8642803, 40.3239984]}, "properties": {"id": "mostoles-proy-2a3ef5fb26cd07", "municipio": "Móstoles", "titulo": "29/10/2012 - Acuerdo Plenario - Del 27 de Agosto 2012 Aprobación Definitiva del Plan Especial para la definición de los usos pormenorizados permitidos en la ordenanza ZU-HO de la UG22 del Plan General de Ordenación Urbana de Móstoles. Expte: P17/2011", "fecha": "2012-10-29", "tipo": "acuerdo plenario", "url": "https://www.mostoles.es/SEDE_ELECTRONICA/es/tablon-anuncios/historico-tablon-anuncios-ayuntamiento-mostoles/29-10-2012-acuerdo-plenario-27-agosto-2012-aprobacion-defin", "coordSource": "municipio_centroid_jitter", "sectorKey": "mostoles", "catalogSource": "ayuntamiento-portal"}}, {"type": "Feature", "geometry": {"type": "Point", "coordinates": [-3.8651865, 40.3233676]}, "properties": {"id": "mostoles-proy-bdbc23e94c1fd5", "municipio": "Móstoles", "titulo": "29/10/2012 - Acuerdo Plenario - Del 9 de Octubre del 2012 admisión a Trámite de la Solicitud Formulada por la Comunidad de Vecinos y la Aprobación Inicial del Plan Especial de Ajuste de ubicación de acceso a la vía verde en la citada finca. Expte: P18/2011", "fecha": "2012-10-29", "tipo": "acuerdo plenario", "url": "https://www.mostoles.es/SEDE_ELECTRONICA/es/tablon-anuncios/historico-tablon-anuncios-ayuntamiento-mostoles/29-10-2012-acuerdo-plenario-9-octubre-2012-admision-tramite", "coordSource": "municipio_centroid_jitter", "sectorKey": "mostoles", "catalogSource": "ayuntamiento-portal"}}, {"type": "Feature", "geometry": {"type": "Point", "coordinates": [-3.8645504, 40.323577]}, "properties": {"id": "mostoles-proy-b1d11be85005a6", "municipio": "Móstoles", "titulo": "26/10/2012 - Gerencia Municipal de Urbanismo - Notificación de orden de ejecución de Decreto 1039/12 del 22 de Junio de 2012 de vivienda sita en C/ Orquídea 10 2º D", "fecha": "2012-10-26", "tipo": "urbanismo", "url": "https://www.mostoles.es/SEDE_ELECTRONICA/es/tablon-anuncios/historico-tablon-anuncios-ayuntamiento-mostoles/26-10-2012-gerencia-municipal-urbanismo-notificacion-orden-", "coordSource": "municipio_centroid_jitter", "sectorKey": "mostoles", "catalogSource": "ayuntamiento-portal"}}, {"type": "Feature", "geometry": {"type": "Point", "coordinates": [-3.8656616, 40.323887]}, "properties": {"id": "mostoles-proy-70190a037ba237", "municipio": "Móstoles", "titulo": "09/10/2012 - Acuerdo Plenario - Del día 9 de Octubre de 2012, en relación a la aprobación Definitiva del convenio de Gestión de Planeamiento para el desarrollo de las parcelas 157 y EL-9 del PP-6 \"Prado Regordoño\"", "fecha": "2012-10-09", "tipo": "acuerdo plenario", "url": "https://www.mostoles.es/SEDE_ELECTRONICA/es/tablon-anuncios/historico-tablon-anuncios-ayuntamiento-mostoles/09-10-2012-acuerdo-plenario-dia-9-octubre-2012-relacion-a-1", "coordSource": "municipio_centroid_jitter", "sectorKey": "mostoles", "catalogSource": "ayuntamiento-portal"}}, {"type": "Feature", "geometry": {"type": "Point", "coordinates": [-3.8658922, 40.3226391]}, "properties": {"id": "mostoles-proy-d9ec17c3c726a9", "municipio": "Móstoles", "titulo": "09/10/2012 - Acuerdo Plenario - Del día 9 de Octubre de 2012, en relación a la aprobación Definitiva del documento del Plan Esencial de Control Urbanístico Ambiental de los usos de la parcela 157, sita en la c/ Regordoño Nº 2 del PP-6. Expte: P19/2012", "fecha": "2012-10-09", "tipo": "acuerdo plenario", "url": "https://www.mostoles.es/SEDE_ELECTRONICA/es/tablon-anuncios/historico-tablon-anuncios-ayuntamiento-mostoles/09-10-2012-acuerdo-plenario-dia-9-octubre-2012-relacion-apr", "coordSource": "municipio_centroid_jitter", "sectorKey": "mostoles", "catalogSource": "ayuntamiento-portal"}}, {"type": "Feature", "geometry": {"type": "Point", "coordinates": [-3.8638433, 40.3234244]}, "properties": {"id": "mostoles-proy-c7b5d13d6db322", "municipio": "Móstoles", "titulo": "10/02/2012 - Gerencia Municipal de Urbanismo - Solicitud de licencia instada por Diskprint Fotocopias e Impresiones SL, para la instalación de Copisteria con las obras necesarias para su implantación en la finca sita en Avda. Dos de Mayo, 75. Expte: AP 372/2012", "fecha": "2012-02-10", "tipo": "urbanismo", "url": "https://www.mostoles.es/SEDE_ELECTRONICA/es/tablon-anuncios/historico-tablon-anuncios-ayuntamiento-mostoles/10-02-2012-gerencia-municipal-urbanismo-solicitud-licencia-", "coordSource": "municipio_centroid_jitter", "sectorKey": "mostoles", "catalogSource": "ayuntamiento-portal"}}, {"type": "Feature", "geometry": {"type": "Point", "coordinates": [-3.8630901, 40.3237349]}, "properties": {"id": "mostoles-proy-05d08f93c0bf10", "municipio": "Móstoles", "titulo": "877672-Plan Especial Asmobel  - 2011.pdf", "fecha": "2011-01-01", "tipo": "estudio acústico", "url": "https://www.mostoles.es/es/ayuntamiento/concejalias/concejalia-urbanismo-vivienda-patrimonio-mantenimiento-ciud/gerencia-municipal-urbanismo-gmu/documentos-interes/estudios-acusticos.ficheros/877672-Plan%20Especial%20Asmobel%20%20-%202011.pdf", "coordSource": "municipio_centroid_jitter", "sectorKey": "mostoles", "catalogSource": "ayuntamiento-portal"}}, {"type": "Feature", "geometry": {"type": "Point", "coordinates": [-3.8643948, 40.323928]}, "properties": {"id": "mostoles-proy-30429f9c34c7f3", "municipio": "Móstoles", "titulo": "877666-Estudio Acustico. P.E  Balcon de Coimbra. Exp. P1-2011.pdf", "fecha": "2011-01-01", "tipo": "estudio incidencia ambiental", "url": "https://www.mostoles.es/es/ayuntamiento/concejalias/concejalia-urbanismo-vivienda-patrimonio-mantenimiento-ciud/gerencia-municipal-urbanismo-gmu/documentos-interes/estudios-incidencia-ambiental.ficheros/877666-Estudio%20Acustico.%20P.E%20%20Balcon%20de%20Coimbra.%20Exp.%20P1-2011.pdf", "coordSource": "municipio_centroid_jitter", "sectorKey": "mostoles", "catalogSource": "ayuntamiento-portal"}}, {"type": "Feature", "geometry": {"type": "Point", "coordinates": [-3.8646343, 40.3244736]}, "properties": {"id": "mostoles-proy-3381e7e7f736fd", "municipio": "Móstoles", "titulo": "877629-2011 - Ayuntamiento y Asociación Club Cultura IVIASA.pdf", "fecha": "2011-01-01", "tipo": "convenio urbanístico", "url": "https://www.mostoles.es/es/ayuntamiento/concejalias/concejalia-urbanismo-vivienda-patrimonio-mantenimiento-ciud/gerencia-municipal-urbanismo-gmu/documentos-interes/convenios-urbanisticos.ficheros/877629-2011%20-%20Ayuntamiento%20y%20Asociaci%C3%B3n%20Club%20Cultura%20IVIASA.pdf", "coordSource": "municipio_centroid_jitter", "sectorKey": "mostoles", "catalogSource": "ayuntamiento-portal"}}, {"type": "Feature", "geometry": {"type": "Point", "coordinates": [-3.8639157, 40.3243661]}, "properties": {"id": "mostoles-proy-434c5224bddcef", "municipio": "Móstoles", "titulo": "877613-2011 - Ministerio de Fomento.pdf", "fecha": "2011-01-01", "tipo": "convenio urbanístico", "url": "https://www.mostoles.es/es/ayuntamiento/concejalias/concejalia-urbanismo-vivienda-patrimonio-mantenimiento-ciud/gerencia-municipal-urbanismo-gmu/documentos-interes/convenios-urbanisticos.ficheros/877613-2011%20-%20Ministerio%20de%20Fomento.pdf", "coordSource": "municipio_centroid_jitter", "sectorKey": "mostoles", "catalogSource": "ayuntamiento-portal"}}, {"type": "Feature", "geometry": {"type": "Point", "coordinates": [-3.8643852, 40.3243467]}, "properties": {"id": "mostoles-proy-7b6fb0cba376d0", "municipio": "Móstoles", "titulo": "877663-Estudio Acústico PE Asmobel Exp. P19-2011.pdf", "fecha": "2011-01-01", "tipo": "estudio incidencia ambiental", "url": "https://www.mostoles.es/es/ayuntamiento/concejalias/concejalia-urbanismo-vivienda-patrimonio-mantenimiento-ciud/gerencia-municipal-urbanismo-gmu/documentos-interes/estudios-incidencia-ambiental.ficheros/877663-Estudio%20Ac%C3%BAstico%20PE%20Asmobel%20Exp.%20P19-2011.pdf", "coordSource": "municipio_centroid_jitter", "sectorKey": "mostoles", "catalogSource": "ayuntamiento-portal"}}, {"type": "Feature", "geometry": {"type": "Point", "coordinates": [-3.8643402, 40.3237166]}, "properties": {"id": "mostoles-proy-848e437afd714e", "municipio": "Móstoles", "titulo": "877673-Plan Especial Avda. Cámara de la Industria,4  - 2011.pdf", "fecha": "2011-01-01", "tipo": "estudio acústico", "url": "https://www.mostoles.es/es/ayuntamiento/concejalias/concejalia-urbanismo-vivienda-patrimonio-mantenimiento-ciud/gerencia-municipal-urbanismo-gmu/documentos-interes/estudios-acusticos.ficheros/877673-Plan%20Especial%20Avda.%20C%C3%A1mara%20de%20la%20Industria%2C4%20%20-%202011.pdf", "coordSource": "municipio_centroid_jitter", "sectorKey": "mostoles", "catalogSource": "ayuntamiento-portal"}}, {"type": "Feature", "geometry": {"type": "Point", "coordinates": [-3.8632427, 40.324467]}, "properties": {"id": "mostoles-proy-a642bb3c4b9802", "municipio": "Móstoles", "titulo": "877660-E.A PE Avda. Cámara de la Industria,4 Exp. P2-2011.pdf", "fecha": "2011-01-01", "tipo": "estudio incidencia ambiental", "url": "https://www.mostoles.es/es/ayuntamiento/concejalias/concejalia-urbanismo-vivienda-patrimonio-mantenimiento-ciud/gerencia-municipal-urbanismo-gmu/documentos-interes/estudios-incidencia-ambiental.ficheros/877660-E.A%20PE%20Avda.%20C%C3%A1mara%20de%20la%20Industria%2C4%20Exp.%20P2-2011.pdf", "coordSource": "municipio_centroid_jitter", "sectorKey": "mostoles", "catalogSource": "ayuntamiento-portal"}}, {"type": "Feature", "geometry": {"type": "Point", "coordinates": [-3.8655806, 40.3248945]}, "properties": {"id": "mostoles-proy-b47ed40e444eb0", "municipio": "Móstoles", "titulo": "877680-Plan Especial Talinvers  - 2011.pdf", "fecha": "2011-01-01", "tipo": "estudio acústico", "url": "https://www.mostoles.es/es/ayuntamiento/concejalias/concejalia-urbanismo-vivienda-patrimonio-mantenimiento-ciud/gerencia-municipal-urbanismo-gmu/documentos-interes/estudios-acusticos.ficheros/877680-Plan%20Especial%20Talinvers%20%20-%202011.pdf", "coordSource": "municipio_centroid_jitter", "sectorKey": "mostoles", "catalogSource": "ayuntamiento-portal"}}, {"type": "Feature", "geometry": {"type": "Point", "coordinates": [-3.8637184, 40.3243193]}, "properties": {"id": "mostoles-proy-c794ebd9d2c4b5", "municipio": "Móstoles", "titulo": "877665-Estudio Acústico PE Talinvers Exp. P12-2011.pdf", "fecha": "2011-01-01", "tipo": "estudio incidencia ambiental", "url": "https://www.mostoles.es/es/ayuntamiento/concejalias/concejalia-urbanismo-vivienda-patrimonio-mantenimiento-ciud/gerencia-municipal-urbanismo-gmu/documentos-interes/estudios-incidencia-ambiental.ficheros/877665-Estudio%20Ac%C3%BAstico%20PE%20Talinvers%20Exp.%20P12-2011.pdf", "coordSource": "municipio_centroid_jitter", "sectorKey": "mostoles", "catalogSource": "ayuntamiento-portal"}}, {"type": "Feature", "geometry": {"type": "Point", "coordinates": [-3.8630124, 40.3242625]}, "properties": {"id": "mostoles-proy-f8a8290c673c1b", "municipio": "Móstoles", "titulo": "877674-Plan Especial Balcon de Coimbra - 2011.pdf", "fecha": "2011-01-01", "tipo": "estudio acústico", "url": "https://www.mostoles.es/es/ayuntamiento/concejalias/concejalia-urbanismo-vivienda-patrimonio-mantenimiento-ciud/gerencia-municipal-urbanismo-gmu/documentos-interes/estudios-acusticos.ficheros/877674-Plan%20Especial%20Balcon%20de%20Coimbra%20-%202011.pdf", "coordSource": "municipio_centroid_jitter", "sectorKey": "mostoles", "catalogSource": "ayuntamiento-portal"}}, {"type": "Feature", "geometry": {"type": "Point", "coordinates": [-3.8632434, 40.3246793]}, "properties": {"id": "mostoles-proy-0a883fc2d35a77", "municipio": "Móstoles", "titulo": "877662-Estudio Acústico PE Aldi Exp. P19-2010.pdf", "fecha": "2010-01-01", "tipo": "estudio incidencia ambiental", "url": "https://www.mostoles.es/es/ayuntamiento/concejalias/concejalia-urbanismo-vivienda-patrimonio-mantenimiento-ciud/gerencia-municipal-urbanismo-gmu/documentos-interes/estudios-incidencia-ambiental.ficheros/877662-Estudio%20Ac%C3%BAstico%20PE%20Aldi%20Exp.%20P19-2010.pdf", "coordSource": "municipio_centroid_jitter", "sectorKey": "mostoles", "catalogSource": "ayuntamiento-portal"}}, {"type": "Feature", "geometry": {"type": "Point", "coordinates": [-3.8631855, 40.3236677]}, "properties": {"id": "mostoles-proy-1811e74bb0653b", "municipio": "Móstoles", "titulo": "877610-2010 - Canal Isabel II.pdf", "fecha": "2010-01-01", "tipo": "convenio urbanístico", "url": "https://www.mostoles.es/es/ayuntamiento/concejalias/concejalia-urbanismo-vivienda-patrimonio-mantenimiento-ciud/gerencia-municipal-urbanismo-gmu/documentos-interes/convenios-urbanisticos.ficheros/877610-2010%20-%20Canal%20Isabel%20II.pdf", "coordSource": "municipio_centroid_jitter", "sectorKey": "mostoles", "catalogSource": "ayuntamiento-portal"}}, {"type": "Feature", "geometry": {"type": "Point", "coordinates": [-3.8628342, 40.3246667]}, "properties": {"id": "mostoles-proy-2180eed3ed1973", "municipio": "Móstoles", "titulo": "877676-Plan Especial Calle C nº 5-Mercadona-.  - 2010.pdf", "fecha": "2010-01-01", "tipo": "estudio acústico", "url": "https://www.mostoles.es/es/ayuntamiento/concejalias/concejalia-urbanismo-vivienda-patrimonio-mantenimiento-ciud/gerencia-municipal-urbanismo-gmu/documentos-interes/estudios-acusticos.ficheros/877676-Plan%20Especial%20Calle%20C%20n%C2%BA%205-Mercadona-.%20%20-%202010.pdf", "coordSource": "municipio_centroid_jitter", "sectorKey": "mostoles", "catalogSource": "ayuntamiento-portal"}}, {"type": "Feature", "geometry": {"type": "Point", "coordinates": [-3.8646605, 40.3239734]}, "properties": {"id": "mostoles-proy-2fa910525805d1", "municipio": "Móstoles", "titulo": "877677-Plan Especial Calle Cámara de la Industrias nº 2.  - 2010.pdf", "fecha": "2010-01-01", "tipo": "estudio acústico", "url": "https://www.mostoles.es/es/ayuntamiento/concejalias/concejalia-urbanismo-vivienda-patrimonio-mantenimiento-ciud/gerencia-municipal-urbanismo-gmu/documentos-interes/estudios-acusticos.ficheros/877677-Plan%20Especial%20Calle%20C%C3%A1mara%20de%20la%20Industrias%20n%C2%BA%202.%20%20-%202010.pdf", "coordSource": "municipio_centroid_jitter", "sectorKey": "mostoles", "catalogSource": "ayuntamiento-portal"}}, {"type": "Feature", "geometry": {"type": "Point", "coordinates": [-3.8647577, 40.322908]}, "properties": {"id": "mostoles-proy-374a2c0b81cb56", "municipio": "Móstoles", "titulo": "877659-E.A  PE Calle C nº 5-Mercadona-. Exp. P6-2010.pdf", "fecha": "2010-01-01", "tipo": "estudio incidencia ambiental", "url": "https://www.mostoles.es/es/ayuntamiento/concejalias/concejalia-urbanismo-vivienda-patrimonio-mantenimiento-ciud/gerencia-municipal-urbanismo-gmu/documentos-interes/estudios-incidencia-ambiental.ficheros/877659-E.A%20%20PE%20Calle%20C%20n%C2%BA%205-Mercadona-.%20Exp.%20P6-2010.pdf", "coordSource": "municipio_centroid_jitter", "sectorKey": "mostoles", "catalogSource": "ayuntamiento-portal"}}, {"type": "Feature", "geometry": {"type": "Point", "coordinates": [-3.8648139, 40.3233844]}, "properties": {"id": "mostoles-proy-40ab220e843619", "municipio": "Móstoles", "titulo": "877675-Plan Especial Bezares Pº Arroyomolinos,12 - 2010.pdf", "fecha": "2010-01-01", "tipo": "estudio acústico", "url": "https://www.mostoles.es/es/ayuntamiento/concejalias/concejalia-urbanismo-vivienda-patrimonio-mantenimiento-ciud/gerencia-municipal-urbanismo-gmu/documentos-interes/estudios-acusticos.ficheros/877675-Plan%20Especial%20Bezares%20P%C2%BA%20Arroyomolinos%2C12%20-%202010.pdf", "coordSource": "municipio_centroid_jitter", "sectorKey": "mostoles", "catalogSource": "ayuntamiento-portal"}}, {"type": "Feature", "geometry": {"type": "Point", "coordinates": [-3.8643641, 40.3234769]}, "properties": {"id": "mostoles-proy-44ff2230f67084", "municipio": "Móstoles", "titulo": "877628-2010 - Ayuntamiento y Comunidad de Propietarios Pinares LLanos.PDF", "fecha": "2010-01-01", "tipo": "convenio urbanístico", "url": "https://www.mostoles.es/es/ayuntamiento/concejalias/concejalia-urbanismo-vivienda-patrimonio-mantenimiento-ciud/gerencia-municipal-urbanismo-gmu/documentos-interes/convenios-urbanisticos.ficheros/877628-2010%20-%20Ayuntamiento%20y%20Comunidad%20de%20Propietarios%20Pinares%20LLanos.PDF", "coordSource": "municipio_centroid_jitter", "sectorKey": "mostoles", "catalogSource": "ayuntamiento-portal"}}, {"type": "Feature", "geometry": {"type": "Point", "coordinates": [-3.864521, 40.3237599]}, "properties": {"id": "mostoles-proy-633c15ad876ade", "municipio": "Móstoles", "titulo": "877678-Plan Especial Pº Arroyomolinos 33 A y B. - 2010.pdf", "fecha": "2010-01-01", "tipo": "estudio acústico", "url": "https://www.mostoles.es/es/ayuntamiento/concejalias/concejalia-urbanismo-vivienda-patrimonio-mantenimiento-ciud/gerencia-municipal-urbanismo-gmu/documentos-interes/estudios-acusticos.ficheros/877678-Plan%20Especial%20P%C2%BA%20Arroyomolinos%2033%20A%20y%20B.%20-%202010.pdf", "coordSource": "municipio_centroid_jitter", "sectorKey": "mostoles", "catalogSource": "ayuntamiento-portal"}}, {"type": "Feature", "geometry": {"type": "Point", "coordinates": [-3.8636371, 40.3228994]}, "properties": {"id": "mostoles-proy-6935260b987995", "municipio": "Móstoles", "titulo": "877671-Plan Especial Aldi  - 2010.pdf", "fecha": "2010-01-01", "tipo": "estudio acústico", "url": "https://www.mostoles.es/es/ayuntamiento/concejalias/concejalia-urbanismo-vivienda-patrimonio-mantenimiento-ciud/gerencia-municipal-urbanismo-gmu/documentos-interes/estudios-acusticos.ficheros/877671-Plan%20Especial%20Aldi%20%20-%202010.pdf", "coordSource": "municipio_centroid_jitter", "sectorKey": "mostoles", "catalogSource": "ayuntamiento-portal"}}, {"type": "Feature", "geometry": {"type": "Point", "coordinates": [-3.8631924, 40.3242103]}, "properties": {"id": "mostoles-proy-73d3347f970859", "municipio": "Móstoles", "titulo": "877670-Plan Especial  AOS-8 - 2010.pdf", "fecha": "2010-01-01", "tipo": "estudio acústico", "url": "https://www.mostoles.es/es/ayuntamiento/concejalias/concejalia-urbanismo-vivienda-patrimonio-mantenimiento-ciud/gerencia-municipal-urbanismo-gmu/documentos-interes/estudios-acusticos.ficheros/877670-Plan%20Especial%20%20AOS-8%20-%202010.pdf", "coordSource": "municipio_centroid_jitter", "sectorKey": "mostoles", "catalogSource": "ayuntamiento-portal"}}, {"type": "Feature", "geometry": {"type": "Point", "coordinates": [-3.8642506, 40.3233273]}, "properties": {"id": "mostoles-proy-9949c5f84304e0", "municipio": "Móstoles", "titulo": "877611-2010 - Canal Isabel II - Servicio distribución.pdf", "fecha": "2010-01-01", "tipo": "convenio urbanístico", "url": "https://www.mostoles.es/es/ayuntamiento/concejalias/concejalia-urbanismo-vivienda-patrimonio-mantenimiento-ciud/gerencia-municipal-urbanismo-gmu/documentos-interes/convenios-urbanisticos.ficheros/877611-2010%20-%20Canal%20Isabel%20II%20-%20Servicio%20distribuci%C3%B3n.pdf", "coordSource": "municipio_centroid_jitter", "sectorKey": "mostoles", "catalogSource": "ayuntamiento-portal"}}, {"type": "Feature", "geometry": {"type": "Point", "coordinates": [-3.8647328, 40.3237089]}, "properties": {"id": "mostoles-proy-9c060a386fde0f", "municipio": "Móstoles", "titulo": "877609-2010 - Ayto. Villaviciosa.pdf", "fecha": "2010-01-01", "tipo": "convenio urbanístico", "url": "https://www.mostoles.es/es/ayuntamiento/concejalias/concejalia-urbanismo-vivienda-patrimonio-mantenimiento-ciud/gerencia-municipal-urbanismo-gmu/documentos-interes/convenios-urbanisticos.ficheros/877609-2010%20-%20Ayto.%20Villaviciosa.pdf", "coordSource": "municipio_centroid_jitter", "sectorKey": "mostoles", "catalogSource": "ayuntamiento-portal"}}, {"type": "Feature", "geometry": {"type": "Point", "coordinates": [-3.8628897, 40.3239447]}, "properties": {"id": "mostoles-proy-af3fd19c3ddb98", "municipio": "Móstoles", "titulo": "877664-Estudio Acústico PE Pº Arroyomolinos 33 A y B. Exp. P16-2010.pdf", "fecha": "2010-01-01", "tipo": "estudio incidencia ambiental", "url": "https://www.mostoles.es/es/ayuntamiento/concejalias/concejalia-urbanismo-vivienda-patrimonio-mantenimiento-ciud/gerencia-municipal-urbanismo-gmu/documentos-interes/estudios-incidencia-ambiental.ficheros/877664-Estudio%20Ac%C3%BAstico%20PE%20P%C2%BA%20Arroyomolinos%2033%20A%20y%20B.%20Exp.%20P16-2010.pdf", "coordSource": "municipio_centroid_jitter", "sectorKey": "mostoles", "catalogSource": "ayuntamiento-portal"}}, {"type": "Feature", "geometry": {"type": "Point", "coordinates": [-3.8659792, 40.3244523]}, "properties": {"id": "mostoles-proy-cb4443c6287fa1", "municipio": "Móstoles", "titulo": "877657-E. A PE Bezares Pº Arroyomolinos,12 Exp. P23-2010.pdf", "fecha": "2010-01-01", "tipo": "estudio incidencia ambiental", "url": "https://www.mostoles.es/es/ayuntamiento/concejalias/concejalia-urbanismo-vivienda-patrimonio-mantenimiento-ciud/gerencia-municipal-urbanismo-gmu/documentos-interes/estudios-incidencia-ambiental.ficheros/877657-E.%20A%20PE%20Bezares%20P%C2%BA%20Arroyomolinos%2C12%20Exp.%20P23-2010.pdf", "coordSource": "municipio_centroid_jitter", "sectorKey": "mostoles", "catalogSource": "ayuntamiento-portal"}}, {"type": "Feature", "geometry": {"type": "Point", "coordinates": [-3.8661414, 40.3245622]}, "properties": {"id": "mostoles-proy-e514653a5cdac4", "municipio": "Móstoles", "titulo": "877612-2010 - Ministerio Vivienda y Consejeria Medio Ambiente CAM.pdf", "fecha": "2010-01-01", "tipo": "convenio urbanístico", "url": "https://www.mostoles.es/es/ayuntamiento/concejalias/concejalia-urbanismo-vivienda-patrimonio-mantenimiento-ciud/gerencia-municipal-urbanismo-gmu/documentos-interes/convenios-urbanisticos.ficheros/877612-2010%20-%20Ministerio%20Vivienda%20y%20Consejeria%20Medio%20Ambiente%20CAM.pdf", "coordSource": "municipio_centroid_jitter", "sectorKey": "mostoles", "catalogSource": "ayuntamiento-portal"}}, {"type": "Feature", "geometry": {"type": "Point", "coordinates": [-3.8637693, 40.3246437]}, "properties": {"id": "mostoles-proy-ee95fd9ef20ef3", "municipio": "Móstoles", "titulo": "877658-E.A  PE  Calle Cámara de la Industrias nº 2. Exp. P14-2010.pdf", "fecha": "2010-01-01", "tipo": "estudio incidencia ambiental", "url": "https://www.mostoles.es/es/ayuntamiento/concejalias/concejalia-urbanismo-vivienda-patrimonio-mantenimiento-ciud/gerencia-municipal-urbanismo-gmu/documentos-interes/estudios-incidencia-ambiental.ficheros/877658-E.A%20%20PE%20%20Calle%20C%C3%A1mara%20de%20la%20Industrias%20n%C2%BA%202.%20Exp.%20P14-2010.pdf", "coordSource": "municipio_centroid_jitter", "sectorKey": "mostoles", "catalogSource": "ayuntamiento-portal"}}, {"type": "Feature", "geometry": {"type": "Point", "coordinates": [-3.8660177, 40.3232266]}, "properties": {"id": "mostoles-proy-444000ccb97fb4", "municipio": "Móstoles", "titulo": "877679-Plan Especial Pº Arroyomolinos,41- DIA - 2009.pdf", "fecha": "2009-01-01", "tipo": "estudio acústico", "url": "https://www.mostoles.es/es/ayuntamiento/concejalias/concejalia-urbanismo-vivienda-patrimonio-mantenimiento-ciud/gerencia-municipal-urbanismo-gmu/documentos-interes/estudios-acusticos.ficheros/877679-Plan%20Especial%20P%C2%BA%20Arroyomolinos%2C41-%20DIA%20-%202009.pdf", "coordSource": "municipio_centroid_jitter", "sectorKey": "mostoles", "catalogSource": "ayuntamiento-portal"}}, {"type": "Feature", "geometry": {"type": "Point", "coordinates": [-3.8653845, 40.3224988]}, "properties": {"id": "mostoles-proy-d02c8f02bc4509", "municipio": "Móstoles", "titulo": "877625-2009 - Convenio Colaboración Ayuntamiento y Colegio Arquitectos Informes Licencia COAM.PDF", "fecha": "2009-01-01", "tipo": "convenio urbanístico", "url": "https://www.mostoles.es/es/ayuntamiento/concejalias/concejalia-urbanismo-vivienda-patrimonio-mantenimiento-ciud/gerencia-municipal-urbanismo-gmu/documentos-interes/convenios-urbanisticos.ficheros/877625-2009%20-%20Convenio%20Colaboraci%C3%B3n%20Ayuntamiento%20y%20Colegio%20Arquitectos%20Informes%20Licencia%20COAM.PDF", "coordSource": "municipio_centroid_jitter", "sectorKey": "mostoles", "catalogSource": "ayuntamiento-portal"}}, {"type": "Feature", "geometry": {"type": "Point", "coordinates": [-3.8644745, 40.3237341]}, "properties": {"id": "mostoles-proy-d66a80f747fb2a", "municipio": "Móstoles", "titulo": "877661-E.A. PE Pº Arroyomolinos,41-DIA- Exp. P11-2009.pdf", "fecha": "2009-01-01", "tipo": "estudio incidencia ambiental", "url": "https://www.mostoles.es/es/ayuntamiento/concejalias/concejalia-urbanismo-vivienda-patrimonio-mantenimiento-ciud/gerencia-municipal-urbanismo-gmu/documentos-interes/estudios-incidencia-ambiental.ficheros/877661-E.A.%20PE%20P%C2%BA%20Arroyomolinos%2C41-DIA-%20Exp.%20P11-2009.pdf", "coordSource": "municipio_centroid_jitter", "sectorKey": "mostoles", "catalogSource": "ayuntamiento-portal"}}, {"type": "Feature", "geometry": {"type": "Point", "coordinates": [-3.8632196, 40.3245392]}, "properties": {"id": "mostoles-proy-8fc3dc28ce9430", "municipio": "Móstoles", "titulo": "877626-2008 - Convenio de Cooperación Eduación entre la Rey Juan Carlos y el Ayuntamiento.PDF", "fecha": "2008-01-01", "tipo": "convenio urbanístico", "url": "https://www.mostoles.es/es/ayuntamiento/concejalias/concejalia-urbanismo-vivienda-patrimonio-mantenimiento-ciud/gerencia-municipal-urbanismo-gmu/documentos-interes/convenios-urbanisticos.ficheros/877626-2008%20-%20Convenio%20de%20Cooperaci%C3%B3n%20Eduaci%C3%B3n%20entre%20la%20Rey%20Juan%20Carlos%20y%20el%20Ayuntamiento.PDF", "coordSource": "municipio_centroid_jitter", "sectorKey": "mostoles", "catalogSource": "ayuntamiento-portal"}}, {"type": "Feature", "geometry": {"type": "Point", "coordinates": [-3.8633074, 40.3237876]}, "properties": {"id": "mostoles-proy-befa0c3f84329e", "municipio": "Móstoles", "titulo": "877627-2008 - Colaboración entre Ayuntamiento y Retevisión.pdf", "fecha": "2008-01-01", "tipo": "convenio urbanístico", "url": "https://www.mostoles.es/es/ayuntamiento/concejalias/concejalia-urbanismo-vivienda-patrimonio-mantenimiento-ciud/gerencia-municipal-urbanismo-gmu/documentos-interes/convenios-urbanisticos.ficheros/877627-2008%20-%20Colaboraci%C3%B3n%20entre%20Ayuntamiento%20y%20Retevisi%C3%B3n.pdf", "coordSource": "municipio_centroid_jitter", "sectorKey": "mostoles", "catalogSource": "ayuntamiento-portal"}}, {"type": "Feature", "geometry": {"type": "Point", "coordinates": [-3.8650433, 40.3237516]}, "properties": {"id": "mostoles-proy-1c330a437571f3", "municipio": "Móstoles", "titulo": "877608-2007 - Entidad conservación Parque Guadarrama.pdf", "fecha": "2007-01-01", "tipo": "convenio urbanístico", "url": "https://www.mostoles.es/es/ayuntamiento/concejalias/concejalia-urbanismo-vivienda-patrimonio-mantenimiento-ciud/gerencia-municipal-urbanismo-gmu/documentos-interes/convenios-urbanisticos.ficheros/877608-2007%20-%20Entidad%20conservaci%C3%B3n%20Parque%20Guadarrama.pdf", "coordSource": "municipio_centroid_jitter", "sectorKey": "mostoles", "catalogSource": "ayuntamiento-portal"}}, {"type": "Feature", "geometry": {"type": "Point", "coordinates": [-3.8655532, 40.3230131]}, "properties": {"id": "mostoles-proy-b267c212e985da", "municipio": "Móstoles", "titulo": "877631-2007 - Colaboración Alcorcón y Móstoles para desarrollo y Odenación de Prado Overo y Fuente Cisneros.PDF", "fecha": "2007-01-01", "tipo": "convenio urbanístico", "url": "https://www.mostoles.es/es/ayuntamiento/concejalias/concejalia-urbanismo-vivienda-patrimonio-mantenimiento-ciud/gerencia-municipal-urbanismo-gmu/documentos-interes/convenios-urbanisticos.ficheros/877631-2007%20-%20Colaboraci%C3%B3n%20Alcorc%C3%B3n%20y%20M%C3%B3stoles%20para%20desarrollo%20y%20Odenaci%C3%B3n%20de%20Prado%20Overo%20y%20Fuente%20Cisneros.PDF", "coordSource": "municipio_centroid_jitter", "sectorKey": "mostoles", "catalogSource": "ayuntamiento-portal"}}, {"type": "Feature", "geometry": {"type": "Point", "coordinates": [-3.8644163, 40.3236415]}, "properties": {"id": "mostoles-proy-fae4952ad53ffb", "municipio": "Móstoles", "titulo": "877607-2007 - Consorcio Regional de Transportes.pdf", "fecha": "2007-01-01", "tipo": "convenio urbanístico", "url": "https://www.mostoles.es/es/ayuntamiento/concejalias/concejalia-urbanismo-vivienda-patrimonio-mantenimiento-ciud/gerencia-municipal-urbanismo-gmu/documentos-interes/convenios-urbanisticos.ficheros/877607-2007%20-%20Consorcio%20Regional%20de%20Transportes.pdf", "coordSource": "municipio_centroid_jitter", "sectorKey": "mostoles", "catalogSource": "ayuntamiento-portal"}}, {"type": "Feature", "geometry": {"type": "Point", "coordinates": [-3.8643116, 40.32447]}, "properties": {"id": "mostoles-proy-08abd00dfb9f1f", "municipio": "Móstoles", "titulo": "877605-2006 - Consejeria Transportes CAM.pdf", "fecha": "2006-01-01", "tipo": "convenio urbanístico", "url": "https://www.mostoles.es/es/ayuntamiento/concejalias/concejalia-urbanismo-vivienda-patrimonio-mantenimiento-ciud/gerencia-municipal-urbanismo-gmu/documentos-interes/convenios-urbanisticos.ficheros/877605-2006%20-%20Consejeria%20Transportes%20CAM.pdf", "coordSource": "municipio_centroid_jitter", "sectorKey": "mostoles", "catalogSource": "ayuntamiento-portal"}}, {"type": "Feature", "geometry": {"type": "Point", "coordinates": [-3.8652218, 40.3241069]}, "properties": {"id": "mostoles-proy-1c427301d83f4b", "municipio": "Móstoles", "titulo": "877630-2006 - Administativo Ayuntamiento y Canal suministro aguas reutilizable para zonas verdes.PDF", "fecha": "2006-01-01", "tipo": "convenio urbanístico", "url": "https://www.mostoles.es/es/ayuntamiento/concejalias/concejalia-urbanismo-vivienda-patrimonio-mantenimiento-ciud/gerencia-municipal-urbanismo-gmu/documentos-interes/convenios-urbanisticos.ficheros/877630-2006%20-%20Administativo%20Ayuntamiento%20y%20Canal%20suministro%20aguas%20reutilizable%20para%20zonas%20verdes.PDF", "coordSource": "municipio_centroid_jitter", "sectorKey": "mostoles", "catalogSource": "ayuntamiento-portal"}}, {"type": "Feature", "geometry": {"type": "Point", "coordinates": [-3.8637039, 40.3247416]}, "properties": {"id": "mostoles-proy-3e8283b1678868", "municipio": "Móstoles", "titulo": "877604-2006 - Comunidad de Madrid.pdf", "fecha": "2006-01-01", "tipo": "convenio urbanístico", "url": "https://www.mostoles.es/es/ayuntamiento/concejalias/concejalia-urbanismo-vivienda-patrimonio-mantenimiento-ciud/gerencia-municipal-urbanismo-gmu/documentos-interes/convenios-urbanisticos.ficheros/877604-2006%20-%20Comunidad%20de%20Madrid.pdf", "coordSource": "municipio_centroid_jitter", "sectorKey": "mostoles", "catalogSource": "ayuntamiento-portal"}}, {"type": "Feature", "geometry": {"type": "Point", "coordinates": [-3.8648994, 40.323369]}, "properties": {"id": "mostoles-proy-87ca6e196f4fbb", "municipio": "Móstoles", "titulo": "877606-2006 - Red Eléctrica España S.A..pdf", "fecha": "2006-01-01", "tipo": "convenio urbanístico", "url": "https://www.mostoles.es/es/ayuntamiento/concejalias/concejalia-urbanismo-vivienda-patrimonio-mantenimiento-ciud/gerencia-municipal-urbanismo-gmu/documentos-interes/convenios-urbanisticos.ficheros/877606-2006%20-%20Red%20El%C3%A9ctrica%20Espa%C3%B1a%20S.A..pdf", "coordSource": "municipio_centroid_jitter", "sectorKey": "mostoles", "catalogSource": "ayuntamiento-portal"}}, {"type": "Feature", "geometry": {"type": "Point", "coordinates": [-3.8635042, 40.3229928]}, "properties": {"id": "mostoles-proy-5aa76a9ea3ec0f", "municipio": "Móstoles", "titulo": "877642-2005 - Transacción Extrajudical para Obtención de Terrenos Sitos Rotonda acceso Prado Regordoño.pdf", "fecha": "2005-01-01", "tipo": "convenio urbanístico", "url": "https://www.mostoles.es/es/ayuntamiento/concejalias/concejalia-urbanismo-vivienda-patrimonio-mantenimiento-ciud/gerencia-municipal-urbanismo-gmu/documentos-interes/convenios-urbanisticos.ficheros/877642-2005%20-%20Transacci%C3%B3n%20Extrajudical%20para%20Obtenci%C3%B3n%20de%20Terrenos%20Sitos%20Rotonda%20acceso%20Prado%20Regordo%C3%B1o.pdf", "coordSource": "municipio_centroid_jitter", "sectorKey": "mostoles", "catalogSource": "ayuntamiento-portal"}}, {"type": "Feature", "geometry": {"type": "Point", "coordinates": [-3.8640456, 40.3237284]}, "properties": {"id": "mostoles-proy-ddfccc80558f06", "municipio": "Móstoles", "titulo": "877639-2005 - Permuta para la Obtención Parcela de la Bescam.pdf", "fecha": "2005-01-01", "tipo": "convenio urbanístico", "url": "https://www.mostoles.es/es/ayuntamiento/concejalias/concejalia-urbanismo-vivienda-patrimonio-mantenimiento-ciud/gerencia-municipal-urbanismo-gmu/documentos-interes/convenios-urbanisticos.ficheros/877639-2005%20-%20Permuta%20para%20la%20Obtenci%C3%B3n%20Parcela%20de%20la%20Bescam.pdf", "coordSource": "municipio_centroid_jitter", "sectorKey": "mostoles", "catalogSource": "ayuntamiento-portal"}}, {"type": "Feature", "geometry": {"type": "Point", "coordinates": [-3.8639232, 40.3231611]}, "properties": {"id": "mostoles-proy-1c19b787f1464b", "municipio": "Móstoles", "titulo": "877636-2004 - Colaboración Ayuntamiento y Club Deportivo Estoril II.pdf", "fecha": "2004-01-01", "tipo": "convenio urbanístico", "url": "https://www.mostoles.es/es/ayuntamiento/concejalias/concejalia-urbanismo-vivienda-patrimonio-mantenimiento-ciud/gerencia-municipal-urbanismo-gmu/documentos-interes/convenios-urbanisticos.ficheros/877636-2004%20-%20Colaboraci%C3%B3n%20Ayuntamiento%20y%20Club%20Deportivo%20Estoril%20II.pdf", "coordSource": "municipio_centroid_jitter", "sectorKey": "mostoles", "catalogSource": "ayuntamiento-portal"}}, {"type": "Feature", "geometry": {"type": "Point", "coordinates": [-3.8641933, 40.323267]}, "properties": {"id": "mostoles-proy-bef1ddf28f14aa", "municipio": "Móstoles", "titulo": "877637-2004 - Programa Realojamiento Chabolista Vereda del Pan y Agua.PDF", "fecha": "2004-01-01", "tipo": "convenio urbanístico", "url": "https://www.mostoles.es/es/ayuntamiento/concejalias/concejalia-urbanismo-vivienda-patrimonio-mantenimiento-ciud/gerencia-municipal-urbanismo-gmu/documentos-interes/convenios-urbanisticos.ficheros/877637-2004%20-%20Programa%20Realojamiento%20Chabolista%20Vereda%20del%20Pan%20y%20Agua.PDF", "coordSource": "municipio_centroid_jitter", "sectorKey": "mostoles", "catalogSource": "ayuntamiento-portal"}}, {"type": "Feature", "geometry": {"type": "Point", "coordinates": [-3.8647394, 40.3240695]}, "properties": {"id": "mostoles-proy-ed27f1a8ada20d", "municipio": "Móstoles", "titulo": "877603-2004 - Consejería Medio Ambiente y ordenación del territorio.pdf", "fecha": "2004-01-01", "tipo": "convenio urbanístico", "url": "https://www.mostoles.es/es/ayuntamiento/concejalias/concejalia-urbanismo-vivienda-patrimonio-mantenimiento-ciud/gerencia-municipal-urbanismo-gmu/documentos-interes/convenios-urbanisticos.ficheros/877603-2004%20-%20Consejer%C3%ADa%20Medio%20Ambiente%20y%20ordenaci%C3%B3n%20del%20territorio.pdf", "coordSource": "municipio_centroid_jitter", "sectorKey": "mostoles", "catalogSource": "ayuntamiento-portal"}}, {"type": "Feature", "geometry": {"type": "Point", "coordinates": [-3.8644275, 40.3237018]}, "properties": {"id": "mostoles-proy-7b477fa1cfd02f", "municipio": "Móstoles", "titulo": "877633-2003 - Colaboración Ayuntamiento y Ente Promotor del Colector del km 21 de Móstoles.PDF", "fecha": "2003-01-01", "tipo": "convenio urbanístico", "url": "https://www.mostoles.es/es/ayuntamiento/concejalias/concejalia-urbanismo-vivienda-patrimonio-mantenimiento-ciud/gerencia-municipal-urbanismo-gmu/documentos-interes/convenios-urbanisticos.ficheros/877633-2003%20-%20Colaboraci%C3%B3n%20Ayuntamiento%20y%20Ente%20Promotor%20del%20Colector%20del%20km%2021%20de%20M%C3%B3stoles.PDF", "coordSource": "municipio_centroid_jitter", "sectorKey": "mostoles", "catalogSource": "ayuntamiento-portal"}}, {"type": "Feature", "geometry": {"type": "Point", "coordinates": [-3.8639313, 40.3237]}, "properties": {"id": "mostoles-proy-94ccd110a9a20e", "municipio": "Móstoles", "titulo": "877634-2002 - Colaboración Ayuntamiento y Casino Calle Colón Archivo Municipal.PDF", "fecha": "2002-01-01", "tipo": "convenio urbanístico", "url": "https://www.mostoles.es/es/ayuntamiento/concejalias/concejalia-urbanismo-vivienda-patrimonio-mantenimiento-ciud/gerencia-municipal-urbanismo-gmu/documentos-interes/convenios-urbanisticos.ficheros/877634-2002%20-%20Colaboraci%C3%B3n%20Ayuntamiento%20y%20Casino%20Calle%20Col%C3%B3n%20Archivo%20Municipal.PDF", "coordSource": "municipio_centroid_jitter", "sectorKey": "mostoles", "catalogSource": "ayuntamiento-portal"}}, {"type": "Feature", "geometry": {"type": "Point", "coordinates": [-3.8638196, 40.3222527]}, "properties": {"id": "mostoles-proy-e0f3ad2a08d8b7", "municipio": "Móstoles", "titulo": "877602-2002 - Saneamiento y depuración Cuenca Arroyo de la Reguera.pdf", "fecha": "2002-01-01", "tipo": "convenio urbanístico", "url": "https://www.mostoles.es/es/ayuntamiento/concejalias/concejalia-urbanismo-vivienda-patrimonio-mantenimiento-ciud/gerencia-municipal-urbanismo-gmu/documentos-interes/convenios-urbanisticos.ficheros/877602-2002%20-%20Saneamiento%20y%20depuraci%C3%B3n%20Cuenca%20Arroyo%20de%20la%20Reguera.pdf", "coordSource": "municipio_centroid_jitter", "sectorKey": "mostoles", "catalogSource": "ayuntamiento-portal"}}, {"type": "Feature", "geometry": {"type": "Point", "coordinates": [-3.8643263, 40.3236795]}, "properties": {"id": "mostoles-proy-09bbd4aaef57e4", "municipio": "Móstoles", "titulo": "877638-2001 - Colaboración Ayuntamiento y la Mercantil Repsol YPF S.A..PDF", "fecha": "2001-01-01", "tipo": "convenio urbanístico", "url": "https://www.mostoles.es/es/ayuntamiento/concejalias/concejalia-urbanismo-vivienda-patrimonio-mantenimiento-ciud/gerencia-municipal-urbanismo-gmu/documentos-interes/convenios-urbanisticos.ficheros/877638-2001%20-%20Colaboraci%C3%B3n%20Ayuntamiento%20y%20la%20Mercantil%20Repsol%20YPF%20S.A..PDF", "coordSource": "municipio_centroid_jitter", "sectorKey": "mostoles", "catalogSource": "ayuntamiento-portal"}}, {"type": "Feature", "geometry": {"type": "Point", "coordinates": [-3.8645805, 40.3229921]}, "properties": {"id": "mostoles-proy-a1944717784622", "municipio": "Móstoles", "titulo": "877601-2001 - Carrefour S.A..pdf", "fecha": "2001-01-01", "tipo": "convenio urbanístico", "url": "https://www.mostoles.es/es/ayuntamiento/concejalias/concejalia-urbanismo-vivienda-patrimonio-mantenimiento-ciud/gerencia-municipal-urbanismo-gmu/documentos-interes/convenios-urbanisticos.ficheros/877601-2001%20-%20Carrefour%20S.A..pdf", "coordSource": "municipio_centroid_jitter", "sectorKey": "mostoles", "catalogSource": "ayuntamiento-portal"}}, {"type": "Feature", "geometry": {"type": "Point", "coordinates": [-3.863833, 40.3225739]}, "properties": {"id": "mostoles-proy-a7d22d505a10d3", "municipio": "Móstoles", "titulo": "877623-2001 - Convenio Urbanistico Ayuntamiento Móstoles y La Mercantil C-15.PDF", "fecha": "2001-01-01", "tipo": "convenio urbanístico", "url": "https://www.mostoles.es/es/ayuntamiento/concejalias/concejalia-urbanismo-vivienda-patrimonio-mantenimiento-ciud/gerencia-municipal-urbanismo-gmu/documentos-interes/convenios-urbanisticos.ficheros/877623-2001%20-%20Convenio%20Urbanistico%20Ayuntamiento%20M%C3%B3stoles%20y%20La%20Mercantil%20C-15.PDF", "coordSource": "municipio_centroid_jitter", "sectorKey": "mostoles", "catalogSource": "ayuntamiento-portal"}}, {"type": "Feature", "geometry": {"type": "Point", "coordinates": [-3.8640537, 40.322641]}, "properties": {"id": "mostoles-proy-b5ba3d37780a9a", "municipio": "Móstoles", "titulo": "877622-2001 - Convenio Urbanistico Ayuntamiento Móstoles y Estaciones de Servicio S.L..PDF", "fecha": "2001-01-01", "tipo": "convenio urbanístico", "url": "https://www.mostoles.es/es/ayuntamiento/concejalias/concejalia-urbanismo-vivienda-patrimonio-mantenimiento-ciud/gerencia-municipal-urbanismo-gmu/documentos-interes/convenios-urbanisticos.ficheros/877622-2001%20-%20Convenio%20Urbanistico%20Ayuntamiento%20M%C3%B3stoles%20y%20Estaciones%20de%20Servicio%20S.L..PDF", "coordSource": "municipio_centroid_jitter", "sectorKey": "mostoles", "catalogSource": "ayuntamiento-portal"}}, {"type": "Feature", "geometry": {"type": "Point", "coordinates": [-3.8641418, 40.3226873]}, "properties": {"id": "mostoles-proy-3c28385b83de3d", "municipio": "Móstoles", "titulo": "877632-2000 - Móstoles y Propietarios Avda. Constitución CV San Antonio.PDF", "fecha": "2000-01-01", "tipo": "convenio urbanístico", "url": "https://www.mostoles.es/es/ayuntamiento/concejalias/concejalia-urbanismo-vivienda-patrimonio-mantenimiento-ciud/gerencia-municipal-urbanismo-gmu/documentos-interes/convenios-urbanisticos.ficheros/877632-2000%20-%20M%C3%B3stoles%20y%20Propietarios%20Avda.%20Constituci%C3%B3n%20CV%20San%20Antonio.PDF", "coordSource": "municipio_centroid_jitter", "sectorKey": "mostoles", "catalogSource": "ayuntamiento-portal"}}, {"type": "Feature", "geometry": {"type": "Point", "coordinates": [-3.8634494, 40.3246276]}, "properties": {"id": "mostoles-proy-617f486d806417", "municipio": "Móstoles", "titulo": "877620-2000 - Convenio suscrito con Guardia Civil al cambio de ubicación de la Casa Cuartel.PDF", "fecha": "2000-01-01", "tipo": "convenio urbanístico", "url": "https://www.mostoles.es/es/ayuntamiento/concejalias/concejalia-urbanismo-vivienda-patrimonio-mantenimiento-ciud/gerencia-municipal-urbanismo-gmu/documentos-interes/convenios-urbanisticos.ficheros/877620-2000%20-%20Convenio%20suscrito%20con%20Guardia%20Civil%20al%20cambio%20de%20ubicaci%C3%B3n%20de%20la%20Casa%20Cuartel.PDF", "coordSource": "municipio_centroid_jitter", "sectorKey": "mostoles", "catalogSource": "ayuntamiento-portal"}}, {"type": "Feature", "geometry": {"type": "Point", "coordinates": [-3.864695, 40.3237909]}, "properties": {"id": "mostoles-proy-6975110a697a57", "municipio": "Móstoles", "titulo": "877599-1998 - Socied. Real Audiovisuales  - Promoc. y construc. viviendas 2000 - Eurolenguas.pdf", "fecha": "2000-01-01", "tipo": "convenio urbanístico", "url": "https://www.mostoles.es/es/ayuntamiento/concejalias/concejalia-urbanismo-vivienda-patrimonio-mantenimiento-ciud/gerencia-municipal-urbanismo-gmu/documentos-interes/convenios-urbanisticos.ficheros/877599-1998%20-%20Socied.%20Real%20Audiovisuales%20%20-%20Promoc.%20y%20construc.%20viviendas%202000%20-%20Eurolenguas.pdf", "coordSource": "municipio_centroid_jitter", "sectorKey": "mostoles", "catalogSource": "ayuntamiento-portal"}}, {"type": "Feature", "geometry": {"type": "Point", "coordinates": [-3.864451, 40.3238453]}, "properties": {"id": "mostoles-proy-981d0a6ea7403f", "municipio": "Móstoles", "titulo": "877643-2000 - Mancomunidad de Propietarios calle Santander 4-6.PDF", "fecha": "2000-01-01", "tipo": "convenio urbanístico", "url": "https://www.mostoles.es/es/ayuntamiento/concejalias/concejalia-urbanismo-vivienda-patrimonio-mantenimiento-ciud/gerencia-municipal-urbanismo-gmu/documentos-interes/convenios-urbanisticos.ficheros/877643-2000%20-%20Mancomunidad%20de%20Propietarios%20calle%20Santander%204-6.PDF", "coordSource": "municipio_centroid_jitter", "sectorKey": "mostoles", "catalogSource": "ayuntamiento-portal"}}, {"type": "Feature", "geometry": {"type": "Point", "coordinates": [-3.8628729, 40.3245152]}, "properties": {"id": "mostoles-proy-c51afd8cb15bf7", "municipio": "Móstoles", "titulo": "877641-2000 - Cesión Suelo Localización Estación de Servicio.PDF", "fecha": "2000-01-01", "tipo": "convenio urbanístico", "url": "https://www.mostoles.es/es/ayuntamiento/concejalias/concejalia-urbanismo-vivienda-patrimonio-mantenimiento-ciud/gerencia-municipal-urbanismo-gmu/documentos-interes/convenios-urbanisticos.ficheros/877641-2000%20-%20Cesi%C3%B3n%20Suelo%20Localizaci%C3%B3n%20Estaci%C3%B3n%20de%20Servicio.PDF", "coordSource": "municipio_centroid_jitter", "sectorKey": "mostoles", "catalogSource": "ayuntamiento-portal"}}, {"type": "Feature", "geometry": {"type": "Point", "coordinates": [-3.8651207, 40.3243786]}, "properties": {"id": "mostoles-proy-f2be47f9b6f6ce", "municipio": "Móstoles", "titulo": "877644-2000 - Centro Logistico de Transportes.PDF", "fecha": "2000-01-01", "tipo": "convenio urbanístico", "url": "https://www.mostoles.es/es/ayuntamiento/concejalias/concejalia-urbanismo-vivienda-patrimonio-mantenimiento-ciud/gerencia-municipal-urbanismo-gmu/documentos-interes/convenios-urbanisticos.ficheros/877644-2000%20-%20Centro%20Logistico%20de%20Transportes.PDF", "coordSource": "municipio_centroid_jitter", "sectorKey": "mostoles", "catalogSource": "ayuntamiento-portal"}}, {"type": "Feature", "geometry": {"type": "Point", "coordinates": [-3.863899, 40.3245192]}, "properties": {"id": "mostoles-proy-c56e64511c1e43", "municipio": "Móstoles", "titulo": "877600-1999 - Equipo de Inversiones S.A.- TECNIFISA S.A -  AA. VV. Pinar de Móstoles.pdf", "fecha": "1999-01-01", "tipo": "convenio urbanístico", "url": "https://www.mostoles.es/es/ayuntamiento/concejalias/concejalia-urbanismo-vivienda-patrimonio-mantenimiento-ciud/gerencia-municipal-urbanismo-gmu/documentos-interes/convenios-urbanisticos.ficheros/877600-1999%20-%20Equipo%20de%20Inversiones%20S.A.-%20TECNIFISA%20S.A%20-%20%20AA.%20VV.%20Pinar%20de%20M%C3%B3stoles.pdf", "coordSource": "municipio_centroid_jitter", "sectorKey": "mostoles", "catalogSource": "ayuntamiento-portal"}}, {"type": "Feature", "geometry": {"type": "Point", "coordinates": [-3.8646425, 40.3248674]}, "properties": {"id": "mostoles-proy-4fa5ef9e710702", "municipio": "Móstoles", "titulo": "877615-1998 - Mercantil Mackina Westfalia.pdf", "fecha": "1998-01-01", "tipo": "convenio urbanístico", "url": "https://www.mostoles.es/es/ayuntamiento/concejalias/concejalia-urbanismo-vivienda-patrimonio-mantenimiento-ciud/gerencia-municipal-urbanismo-gmu/documentos-interes/convenios-urbanisticos.ficheros/877615-1998%20-%20Mercantil%20Mackina%20Westfalia.pdf", "coordSource": "municipio_centroid_jitter", "sectorKey": "mostoles", "catalogSource": "ayuntamiento-portal"}}, {"type": "Feature", "geometry": {"type": "Point", "coordinates": [-3.8636635, 40.3235807]}, "properties": {"id": "mostoles-proy-5cd2de8f692163", "municipio": "Móstoles", "titulo": "877624-1998 - Convenio Urbanistico Ayuntamiento Móstoles y La Comercial de Productos Petroliferos.PDF", "fecha": "1998-01-01", "tipo": "convenio urbanístico", "url": "https://www.mostoles.es/es/ayuntamiento/concejalias/concejalia-urbanismo-vivienda-patrimonio-mantenimiento-ciud/gerencia-municipal-urbanismo-gmu/documentos-interes/convenios-urbanisticos.ficheros/877624-1998%20-%20Convenio%20Urbanistico%20Ayuntamiento%20M%C3%B3stoles%20y%20La%20Comercial%20de%20Productos%20Petroliferos.PDF", "coordSource": "municipio_centroid_jitter", "sectorKey": "mostoles", "catalogSource": "ayuntamiento-portal"}}, {"type": "Feature", "geometry": {"type": "Point", "coordinates": [-3.8646405, 40.3242644]}, "properties": {"id": "mostoles-proy-1b2a5bed1b1429", "municipio": "Móstoles", "titulo": "877598-1997 - Unid. actuación industrial Nº 2.pdf", "fecha": "1997-01-01", "tipo": "convenio urbanístico", "url": "https://www.mostoles.es/es/ayuntamiento/concejalias/concejalia-urbanismo-vivienda-patrimonio-mantenimiento-ciud/gerencia-municipal-urbanismo-gmu/documentos-interes/convenios-urbanisticos.ficheros/877598-1997%20-%20Unid.%20actuaci%C3%B3n%20industrial%20N%C2%BA%202.pdf", "coordSource": "municipio_centroid_jitter", "sectorKey": "mostoles", "catalogSource": "ayuntamiento-portal"}}, {"type": "Feature", "geometry": {"type": "Point", "coordinates": [-3.8643872, 40.324261]}, "properties": {"id": "mostoles-proy-21b3c84dd27885", "municipio": "Móstoles", "titulo": "877596-1997 - Agrupación y Gestión S.A..pdf", "fecha": "1997-01-01", "tipo": "convenio urbanístico", "url": "https://www.mostoles.es/es/ayuntamiento/concejalias/concejalia-urbanismo-vivienda-patrimonio-mantenimiento-ciud/gerencia-municipal-urbanismo-gmu/documentos-interes/convenios-urbanisticos.ficheros/877596-1997%20-%20Agrupaci%C3%B3n%20y%20Gesti%C3%B3n%20S.A..pdf", "coordSource": "municipio_centroid_jitter", "sectorKey": "mostoles", "catalogSource": "ayuntamiento-portal"}}, {"type": "Feature", "geometry": {"type": "Point", "coordinates": [-3.8642613, 40.323876]}, "properties": {"id": "mostoles-proy-231f8640118c91", "municipio": "Móstoles", "titulo": "877621-1997 - Convenio Urbanistico Ayuntamiento Móstoles y Unidad Actuación Industrial nº 2 Las Nieves.PDF", "fecha": "1997-01-01", "tipo": "convenio urbanístico", "url": "https://www.mostoles.es/es/ayuntamiento/concejalias/concejalia-urbanismo-vivienda-patrimonio-mantenimiento-ciud/gerencia-municipal-urbanismo-gmu/documentos-interes/convenios-urbanisticos.ficheros/877621-1997%20-%20Convenio%20Urbanistico%20Ayuntamiento%20M%C3%B3stoles%20y%20Unidad%20Actuaci%C3%B3n%20Industrial%20n%C2%BA%202%20Las%20Nieves.PDF", "coordSource": "municipio_centroid_jitter", "sectorKey": "mostoles", "catalogSource": "ayuntamiento-portal"}}, {"type": "Feature", "geometry": {"type": "Point", "coordinates": [-3.8642371, 40.323634]}, "properties": {"id": "mostoles-proy-f1e800fda6496b", "municipio": "Móstoles", "titulo": "877597-1997 - Gas Natural SDG S.A..pdf", "fecha": "1997-01-01", "tipo": "convenio urbanístico", "url": "https://www.mostoles.es/es/ayuntamiento/concejalias/concejalia-urbanismo-vivienda-patrimonio-mantenimiento-ciud/gerencia-municipal-urbanismo-gmu/documentos-interes/convenios-urbanisticos.ficheros/877597-1997%20-%20Gas%20Natural%20SDG%20S.A..pdf", "coordSource": "municipio_centroid_jitter", "sectorKey": "mostoles", "catalogSource": "ayuntamiento-portal"}}, {"type": "Feature", "geometry": {"type": "Point", "coordinates": [-3.8634316, 40.3239117]}, "properties": {"id": "mostoles-proy-89b623390bb228", "municipio": "Móstoles", "titulo": "877595-1996 - Comunidad Propietarios Poligono Arroyomolinos.pdf", "fecha": "1996-01-01", "tipo": "convenio urbanístico", "url": "https://www.mostoles.es/es/ayuntamiento/concejalias/concejalia-urbanismo-vivienda-patrimonio-mantenimiento-ciud/gerencia-municipal-urbanismo-gmu/documentos-interes/convenios-urbanisticos.ficheros/877595-1996%20-%20Comunidad%20Propietarios%20Poligono%20Arroyomolinos.pdf", "coordSource": "municipio_centroid_jitter", "sectorKey": "mostoles", "catalogSource": "ayuntamiento-portal"}}, {"type": "Feature", "geometry": {"type": "Point", "coordinates": [-3.866051, 40.324549]}, "properties": {"id": "mostoles-proy-c66c80d3a7bf99", "municipio": "Móstoles", "titulo": "877640-1996 - Colaboración Entre Consejeria de Educacion y Cultura CAM y Ayuntamiento.PDF", "fecha": "1996-01-01", "tipo": "convenio urbanístico", "url": "https://www.mostoles.es/es/ayuntamiento/concejalias/concejalia-urbanismo-vivienda-patrimonio-mantenimiento-ciud/gerencia-municipal-urbanismo-gmu/documentos-interes/convenios-urbanisticos.ficheros/877640-1996%20-%20Colaboraci%C3%B3n%20Entre%20Consejeria%20de%20Educacion%20y%20Cultura%20CAM%20y%20Ayuntamiento.PDF", "coordSource": "municipio_centroid_jitter", "sectorKey": "mostoles", "catalogSource": "ayuntamiento-portal"}}, {"type": "Feature", "geometry": {"type": "Point", "coordinates": [-3.8627166, 40.3233076]}, "properties": {"id": "mostoles-proy-1b0c0cb7b0f7ea", "municipio": "Móstoles", "titulo": "877616-1994 - Actuaciones Plurianuales de Vivienda Suelo y Rehabilitación.PDF", "fecha": "1994-01-01", "tipo": "convenio urbanístico", "url": "https://www.mostoles.es/es/ayuntamiento/concejalias/concejalia-urbanismo-vivienda-patrimonio-mantenimiento-ciud/gerencia-municipal-urbanismo-gmu/documentos-interes/convenios-urbanisticos.ficheros/877616-1994%20-%20Actuaciones%20Plurianuales%20de%20Vivienda%20Suelo%20y%20Rehabilitaci%C3%B3n.PDF", "coordSource": "municipio_centroid_jitter", "sectorKey": "mostoles", "catalogSource": "ayuntamiento-portal"}}, {"type": "Feature", "geometry": {"type": "Point", "coordinates": [-3.8641694, 40.3237123]}, "properties": {"id": "mostoles-proy-db640efb7481fb", "municipio": "Móstoles", "titulo": "877594-1993 - Gas Natural - Ayuntamiento.pdf", "fecha": "1993-01-01", "tipo": "convenio urbanístico", "url": "https://www.mostoles.es/es/ayuntamiento/concejalias/concejalia-urbanismo-vivienda-patrimonio-mantenimiento-ciud/gerencia-municipal-urbanismo-gmu/documentos-interes/convenios-urbanisticos.ficheros/877594-1993%20-%20Gas%20Natural%20-%20Ayuntamiento.pdf", "coordSource": "municipio_centroid_jitter", "sectorKey": "mostoles", "catalogSource": "ayuntamiento-portal"}}, {"type": "Feature", "geometry": {"type": "Point", "coordinates": [-3.8655263, 40.3238982]}, "properties": {"id": "mostoles-proy-031f154a6833d2", "municipio": "Móstoles", "titulo": "877617-1990 - Convenio entre los Ayuntamientos Móstoles y Alcorcón sobre Linea Eléctrica 200000V.PDF", "fecha": "1990-01-01", "tipo": "convenio urbanístico", "url": "https://www.mostoles.es/es/ayuntamiento/concejalias/concejalia-urbanismo-vivienda-patrimonio-mantenimiento-ciud/gerencia-municipal-urbanismo-gmu/documentos-interes/convenios-urbanisticos.ficheros/877617-1990%20-%20Convenio%20entre%20los%20Ayuntamientos%20M%C3%B3stoles%20y%20Alcorc%C3%B3n%20sobre%20Linea%20El%C3%A9ctrica%20200000V.PDF", "coordSource": "municipio_centroid_jitter", "sectorKey": "mostoles", "catalogSource": "ayuntamiento-portal"}}, {"type": "Feature", "geometry": {"type": "Point", "coordinates": [-3.8634573, 40.3239616]}, "properties": {"id": "mostoles-proy-ef16835a9e7e6f", "municipio": "Móstoles", "titulo": "877593-1989 - Canal Isabel II.pdf", "fecha": "1989-01-01", "tipo": "convenio urbanístico", "url": "https://www.mostoles.es/es/ayuntamiento/concejalias/concejalia-urbanismo-vivienda-patrimonio-mantenimiento-ciud/gerencia-municipal-urbanismo-gmu/documentos-interes/convenios-urbanisticos.ficheros/877593-1989%20-%20Canal%20Isabel%20II.pdf", "coordSource": "municipio_centroid_jitter", "sectorKey": "mostoles", "catalogSource": "ayuntamiento-portal"}}, {"type": "Feature", "geometry": {"type": "Point", "coordinates": [-3.8641286, 40.323507]}, "properties": {"id": "mostoles-proy-e44b1a715e3b84", "municipio": "Móstoles", "titulo": "877635-1986 - Colaboración Ayuntamiento,Sociedad Estatal de Promoción y Equipamiento de Suelo.PDF", "fecha": "1986-01-01", "tipo": "convenio urbanístico", "url": "https://www.mostoles.es/es/ayuntamiento/concejalias/concejalia-urbanismo-vivienda-patrimonio-mantenimiento-ciud/gerencia-municipal-urbanismo-gmu/documentos-interes/convenios-urbanisticos.ficheros/877635-1986%20-%20Colaboraci%C3%B3n%20Ayuntamiento%2CSociedad%20Estatal%20de%20Promoci%C3%B3n%20y%20Equipamiento%20de%20Suelo.PDF", "coordSource": "municipio_centroid_jitter", "sectorKey": "mostoles", "catalogSource": "ayuntamiento-portal"}}, {"type": "Feature", "geometry": {"type": "Point", "coordinates": [-3.863763, 40.323751]}, "properties": {"id": "mostoles-proy-3cb208afeec9df", "municipio": "Móstoles", "titulo": "877592-1985 - Parque Coimbra S.A..pdf", "fecha": "1985-01-01", "tipo": "convenio urbanístico", "url": "https://www.mostoles.es/es/ayuntamiento/concejalias/concejalia-urbanismo-vivienda-patrimonio-mantenimiento-ciud/gerencia-municipal-urbanismo-gmu/documentos-interes/convenios-urbanisticos.ficheros/877592-1985%20-%20Parque%20Coimbra%20S.A..pdf", "coordSource": "municipio_centroid_jitter", "sectorKey": "mostoles", "catalogSource": "ayuntamiento-portal"}}, {"type": "Feature", "geometry": {"type": "Point", "coordinates": [-3.864651, 40.3221416]}, "properties": {"id": "mostoles-proy-034db08162e65a", "municipio": "Móstoles", "titulo": "877591-1982 - Arzobispado Madrid-Alcalá.pdf", "fecha": "1982-01-01", "tipo": "convenio urbanístico", "url": "https://www.mostoles.es/es/ayuntamiento/concejalias/concejalia-urbanismo-vivienda-patrimonio-mantenimiento-ciud/gerencia-municipal-urbanismo-gmu/documentos-interes/convenios-urbanisticos.ficheros/877591-1982%20-%20Arzobispado%20Madrid-Alcal%C3%A1.pdf", "coordSource": "municipio_centroid_jitter", "sectorKey": "mostoles", "catalogSource": "ayuntamiento-portal"}}, {"type": "Feature", "geometry": {"type": "Point", "coordinates": [-3.8645567, 40.3235886]}, "properties": {"id": "mostoles-proy-022fa05939752a", "municipio": "Móstoles", "titulo": "877650-Contaminación atmosférica.pdf", "fecha": "1970-01-01", "tipo": "estudio incidencia ambiental", "url": "https://www.mostoles.es/es/ayuntamiento/concejalias/concejalia-urbanismo-vivienda-patrimonio-mantenimiento-ciud/gerencia-municipal-urbanismo-gmu/documentos-interes/estudios-incidencia-ambiental.ficheros/877650-Contaminaci%C3%B3n%20atmosf%C3%A9rica.pdf", "coordSource": "municipio_centroid_jitter", "sectorKey": "mostoles", "catalogSource": "ayuntamiento-portal"}}, {"type": "Feature", "geometry": {"type": "Point", "coordinates": [-3.8645875, 40.3230808]}, "properties": {"id": "mostoles-proy-14f3dad6c6a2ff", "municipio": "Móstoles", "titulo": "877669-Mapa y datos de ruido.pdf", "fecha": "1970-01-01", "tipo": "estudio acústico", "url": "https://www.mostoles.es/es/ayuntamiento/concejalias/concejalia-urbanismo-vivienda-patrimonio-mantenimiento-ciud/gerencia-municipal-urbanismo-gmu/documentos-interes/estudios-acusticos.ficheros/877669-Mapa%20y%20datos%20de%20ruido.pdf", "coordSource": "municipio_centroid_jitter", "sectorKey": "mostoles", "catalogSource": "ayuntamiento-portal"}}, {"type": "Feature", "geometry": {"type": "Point", "coordinates": [-3.8649657, 40.3243394]}, "properties": {"id": "mostoles-proy-3cc0698ddd2b15", "municipio": "Móstoles", "titulo": "167827-Edicto del 11 de Octubre de 2010_Reg 32681.pdf", "fecha": "1970-01-01", "tipo": "edicto GMU", "url": "https://www.mostoles.es/es/ayuntamiento/concejalias/concejalia-urbanismo-vivienda-patrimonio-mantenimiento-ciud/gerencia-municipal-urbanismo-gmu/documentos-interes/edictos-gerencia-municipal-urbanismo.ficheros/167827-Edicto%20del%2011%20de%20Octubre%20de%202010_Reg%2032681.pdf", "coordSource": "municipio_centroid_jitter", "sectorKey": "mostoles", "catalogSource": "ayuntamiento-portal"}}, {"type": "Feature", "geometry": {"type": "Point", "coordinates": [-3.8634051, 40.3239175]}, "properties": {"id": "mostoles-proy-46d97ad533aaf7", "municipio": "Móstoles", "titulo": "167826-Edicto del 26 de Agosto de 2010_Reg 28357.pdf", "fecha": "1970-01-01", "tipo": "edicto GMU", "url": "https://www.mostoles.es/es/ayuntamiento/concejalias/concejalia-urbanismo-vivienda-patrimonio-mantenimiento-ciud/gerencia-municipal-urbanismo-gmu/documentos-interes/edictos-gerencia-municipal-urbanismo.ficheros/167826-Edicto%20del%2026%20de%20Agosto%20de%202010_Reg%2028357.pdf", "coordSource": "municipio_centroid_jitter", "sectorKey": "mostoles", "catalogSource": "ayuntamiento-portal"}}, {"type": "Feature", "geometry": {"type": "Point", "coordinates": [-3.8644231, 40.3236344]}, "properties": {"id": "mostoles-proy-4c79a4ae89124c", "municipio": "Móstoles", "titulo": "167825-Edicto del 22 de Marzo de 2010_Reg 10870.pdf", "fecha": "1970-01-01", "tipo": "edicto GMU", "url": "https://www.mostoles.es/es/ayuntamiento/concejalias/concejalia-urbanismo-vivienda-patrimonio-mantenimiento-ciud/gerencia-municipal-urbanismo-gmu/documentos-interes/edictos-gerencia-municipal-urbanismo.ficheros/167825-Edicto%20del%2022%20de%20Marzo%20de%202010_Reg%2010870.pdf", "coordSource": "municipio_centroid_jitter", "sectorKey": "mostoles", "catalogSource": "ayuntamiento-portal"}}, {"type": "Feature", "geometry": {"type": "Point", "coordinates": [-3.8640913, 40.3225929]}, "properties": {"id": "mostoles-proy-50549e7d3000df", "municipio": "Móstoles", "titulo": "877667-MAPA DEL RUIDO-1.pdf", "fecha": "1970-01-01", "tipo": "estudio incidencia ambiental", "url": "https://www.mostoles.es/es/ayuntamiento/concejalias/concejalia-urbanismo-vivienda-patrimonio-mantenimiento-ciud/gerencia-municipal-urbanismo-gmu/documentos-interes/estudios-incidencia-ambiental.ficheros/877667-MAPA%20DEL%20RUIDO-1.pdf", "coordSource": "municipio_centroid_jitter", "sectorKey": "mostoles", "catalogSource": "ayuntamiento-portal"}}, {"type": "Feature", "geometry": {"type": "Point", "coordinates": [-3.8660194, 40.3237431]}, "properties": {"id": "mostoles-proy-6f2958ff183308", "municipio": "Móstoles", "titulo": "877656-Redes de abastecimiento de agua y saneamiento.pdf", "fecha": "1970-01-01", "tipo": "estudio incidencia ambiental", "url": "https://www.mostoles.es/es/ayuntamiento/concejalias/concejalia-urbanismo-vivienda-patrimonio-mantenimiento-ciud/gerencia-municipal-urbanismo-gmu/documentos-interes/estudios-incidencia-ambiental.ficheros/877656-Redes%20de%20abastecimiento%20de%20agua%20y%20saneamiento.pdf", "coordSource": "municipio_centroid_jitter", "sectorKey": "mostoles", "catalogSource": "ayuntamiento-portal"}}, {"type": "Feature", "geometry": {"type": "Point", "coordinates": [-3.8642637, 40.3240199]}, "properties": {"id": "mostoles-proy-92fbd8706e5f54", "municipio": "Móstoles", "titulo": "877651-Contaminación electromágnetica.pdf", "fecha": "1970-01-01", "tipo": "estudio incidencia ambiental", "url": "https://www.mostoles.es/es/ayuntamiento/concejalias/concejalia-urbanismo-vivienda-patrimonio-mantenimiento-ciud/gerencia-municipal-urbanismo-gmu/documentos-interes/estudios-incidencia-ambiental.ficheros/877651-Contaminaci%C3%B3n%20electrom%C3%A1gnetica.pdf", "coordSource": "municipio_centroid_jitter", "sectorKey": "mostoles", "catalogSource": "ayuntamiento-portal"}}, {"type": "Feature", "geometry": {"type": "Point", "coordinates": [-3.8639029, 40.3227127]}, "properties": {"id": "mostoles-proy-9beab9d0733ee4", "municipio": "Móstoles", "titulo": "877649-Caracterización de la calidad de los suelos.pdf", "fecha": "1970-01-01", "tipo": "estudio incidencia ambiental", "url": "https://www.mostoles.es/es/ayuntamiento/concejalias/concejalia-urbanismo-vivienda-patrimonio-mantenimiento-ciud/gerencia-municipal-urbanismo-gmu/documentos-interes/estudios-incidencia-ambiental.ficheros/877649-Caracterizaci%C3%B3n%20de%20la%20calidad%20de%20los%20suelos.pdf", "coordSource": "municipio_centroid_jitter", "sectorKey": "mostoles", "catalogSource": "ayuntamiento-portal"}}, {"type": "Feature", "geometry": {"type": "Point", "coordinates": [-3.8654329, 40.3249602]}, "properties": {"id": "mostoles-proy-af64985214d224", "municipio": "Móstoles", "titulo": "877655-Plan Vigilancia Ambiental.pdf", "fecha": "1970-01-01", "tipo": "estudio incidencia ambiental", "url": "https://www.mostoles.es/es/ayuntamiento/concejalias/concejalia-urbanismo-vivienda-patrimonio-mantenimiento-ciud/gerencia-municipal-urbanismo-gmu/documentos-interes/estudios-incidencia-ambiental.ficheros/877655-Plan%20Vigilancia%20Ambiental.pdf", "coordSource": "municipio_centroid_jitter", "sectorKey": "mostoles", "catalogSource": "ayuntamiento-portal"}}, {"type": "Feature", "geometry": {"type": "Point", "coordinates": [-3.8659126, 40.3247025]}, "properties": {"id": "mostoles-proy-c7cc05756e0b04", "municipio": "Móstoles", "titulo": "877654-Hidrológico - Documentación complementaria.pdf", "fecha": "1970-01-01", "tipo": "estudio incidencia ambiental", "url": "https://www.mostoles.es/es/ayuntamiento/concejalias/concejalia-urbanismo-vivienda-patrimonio-mantenimiento-ciud/gerencia-municipal-urbanismo-gmu/documentos-interes/estudios-incidencia-ambiental.ficheros/877654-Hidrol%C3%B3gico%20-%20Documentaci%C3%B3n%20complementaria.pdf", "coordSource": "municipio_centroid_jitter", "sectorKey": "mostoles", "catalogSource": "ayuntamiento-portal"}}, {"type": "Feature", "geometry": {"type": "Point", "coordinates": [-3.8644973, 40.3226386]}, "properties": {"id": "mostoles-proy-cc5bd22b5c2dd1", "municipio": "Móstoles", "titulo": "958297-Instrucción GMU horarios terrazas.pdf", "fecha": "1970-01-01", "tipo": "edicto GMU", "url": "https://www.mostoles.es/es/ayuntamiento/concejalias/concejalia-urbanismo-vivienda-patrimonio-mantenimiento-ciud/gerencia-municipal-urbanismo-gmu/documentos-interes/edictos-gerencia-municipal-urbanismo.ficheros/958297-Instrucci%C3%B3n%20GMU%20horarios%20terrazas.pdf", "coordSource": "municipio_centroid_jitter", "sectorKey": "mostoles", "catalogSource": "ayuntamiento-portal"}}, {"type": "Feature", "geometry": {"type": "Point", "coordinates": [-3.8647042, 40.3223847]}, "properties": {"id": "mostoles-proy-cc6b55249fd8da", "municipio": "Móstoles", "titulo": "877653-Hidrológico.pdf", "fecha": "1970-01-01", "tipo": "estudio incidencia ambiental", "url": "https://www.mostoles.es/es/ayuntamiento/concejalias/concejalia-urbanismo-vivienda-patrimonio-mantenimiento-ciud/gerencia-municipal-urbanismo-gmu/documentos-interes/estudios-incidencia-ambiental.ficheros/877653-Hidrol%C3%B3gico.pdf", "coordSource": "municipio_centroid_jitter", "sectorKey": "mostoles", "catalogSource": "ayuntamiento-portal"}}, {"type": "Feature", "geometry": {"type": "Point", "coordinates": [-3.8642165, 40.3237874]}, "properties": {"id": "mostoles-proy-d19f30178e22e5", "municipio": "Móstoles", "titulo": "877652-Estudio de incidencia ambiental.pdf", "fecha": "1970-01-01", "tipo": "estudio incidencia ambiental", "url": "https://www.mostoles.es/es/ayuntamiento/concejalias/concejalia-urbanismo-vivienda-patrimonio-mantenimiento-ciud/gerencia-municipal-urbanismo-gmu/documentos-interes/estudios-incidencia-ambiental.ficheros/877652-Estudio%20de%20incidencia%20ambiental.pdf", "coordSource": "municipio_centroid_jitter", "sectorKey": "mostoles", "catalogSource": "ayuntamiento-portal"}}, {"type": "Feature", "geometry": {"type": "Point", "coordinates": [-3.8646863, 40.3236732]}, "properties": {"id": "mostoles-proy-ebcaaf04218110", "municipio": "Móstoles", "titulo": "877668-MAPA DEL RUIDO-2.pdf", "fecha": "1970-01-01", "tipo": "estudio incidencia ambiental", "url": "https://www.mostoles.es/es/ayuntamiento/concejalias/concejalia-urbanismo-vivienda-patrimonio-mantenimiento-ciud/gerencia-municipal-urbanismo-gmu/documentos-interes/estudios-incidencia-ambiental.ficheros/877668-MAPA%20DEL%20RUIDO-2.pdf", "coordSource": "municipio_centroid_jitter", "sectorKey": "mostoles", "catalogSource": "ayuntamiento-portal"}}, {"type": "Feature", "geometry": {"type": "Point", "coordinates": [-3.8648912, 40.3242154]}, "properties": {"id": "mostoles-proy-fb598217c93475", "municipio": "Móstoles", "titulo": "877648-Acústico.pdf", "fecha": "1970-01-01", "tipo": "estudio incidencia ambiental", "url": "https://www.mostoles.es/es/ayuntamiento/concejalias/concejalia-urbanismo-vivienda-patrimonio-mantenimiento-ciud/gerencia-municipal-urbanismo-gmu/documentos-interes/estudios-incidencia-ambiental.ficheros/877648-Ac%C3%BAstico.pdf", "coordSource": "municipio_centroid_jitter", "sectorKey": "mostoles", "catalogSource": "ayuntamiento-portal"}}, {"type": "Feature", "geometry": {"type": "Point", "coordinates": [-3.8632451, 40.3245503]}, "properties": {"id": "mostoles-proy-1762a28d291e36", "municipio": "Móstoles", "titulo": "Información pública afectación demanial de parcela cita en Avda. de la Onu, 53", "fecha": "", "tipo": "información pública", "url": "https://www.mostoles.es/SEDE_ELECTRONICA/es/tablon-anuncios/informacion-publica-afectacion-demanial-parcela-cita-avda-o", "coordSource": "municipio_centroid_jitter", "sectorKey": "mostoles", "catalogSource": "ayuntamiento-portal"}}, {"type": "Feature", "geometry": {"type": "Point", "coordinates": [-3.8649221, 40.3230375]}, "properties": {"id": "mostoles-proy-fb49768207b8a7", "municipio": "Móstoles", "titulo": "Plan Especial de segregación de parcela Calle Virgen de Mairena 32. Urbanización Parque Guadarrama. Móstoles. Madrid", "fecha": "", "tipo": "planeamiento", "url": "https://www.mostoles.es/SEDE_ELECTRONICA/es/tablon-anuncios/planes-urbanisticos/plan-especial-segregacion-parcela-calle-virgen-mairena-32-u", "coordSource": "municipio_centroid_jitter", "sectorKey": "mostoles", "catalogSource": "ayuntamiento-portal"}}, {"type": "Feature", "geometry": {"type": "Point", "coordinates": [-3.8134, 40.4374196]}, "properties": {"id": "pozuelo-proy-b7c83b4744458e", "municipio": "Pozuelo de Alarcón", "titulo": "Construcción y explotación de un Palacio de Congresos y Hotel", "fecha": "2026-01-01", "tipo": "información pública", "url": "https://www.pozuelodealarcon.org/urbanismo-y-obras/expedientes-urbanisticos-en-informacion-publica/construccion-y-explotacion-de-un-palacio-de-congresos-y-hotel-proyecto-basico-anexo-i-anexo-gestion-de-residuos", "coordSource": "municipio_centroid_jitter", "sectorKey": "pozuelo-de-alarcon", "catalogSource": "ayuntamiento-portal"}}, {"type": "Feature", "geometry": {"type": "Point", "coordinates": [-3.8128946, 40.439552]}, "properties": {"id": "pozuelo-proy-9003f585afb394", "municipio": "Pozuelo de Alarcón", "titulo": "APR (Área de planeamiento remitido): 2008-06-04_APR%203.2-03_BOCM_DEF.pdf", "fecha": "2021-12-01", "tipo": "documento urbanismo", "url": "https://www.pozuelodealarcon.org/urbanismo-y-obras/planeamiento-de-desarrollo/apr-area-de-planeamiento-remitido", "coordSource": "municipio_centroid_jitter", "sectorKey": "pozuelo-de-alarcon", "catalogSource": "ayuntamiento-portal"}}, {"type": "Feature", "geometry": {"type": "Point", "coordinates": [-3.8119167, 40.439482]}, "properties": {"id": "pozuelo-proy-72faad9b6c202e", "municipio": "Pozuelo de Alarcón", "titulo": "Documentación gráfica API 3.5: API%203.5-02_PE_Planos-Informacion.pdf", "fecha": "2021-10-01", "tipo": "documento urbanismo", "url": "https://www.pozuelodealarcon.org/urbanismo-y-obras/planeamiento-de-desarrollo/documentacion-grafica-api-35-02-pe-planos-informacion", "coordSource": "municipio_centroid_jitter", "sectorKey": "pozuelo-de-alarcon", "catalogSource": "ayuntamiento-portal"}}, {"type": "Feature", "geometry": {"type": "Point", "coordinates": [-3.8131055, 40.4386315]}, "properties": {"id": "pozuelo-proy-99a527ac36b1e2", "municipio": "Pozuelo de Alarcón", "titulo": "Documentación gráfica API 3.5: API%203.5-02_PE_Planos-Ordenacion.pdf", "fecha": "2021-10-01", "tipo": "documento urbanismo", "url": "https://www.pozuelodealarcon.org/urbanismo-y-obras/planeamiento-de-desarrollo/documentacion-grafica-api-35-02-pe-planos-ordenacion", "coordSource": "municipio_centroid_jitter", "sectorKey": "pozuelo-de-alarcon", "catalogSource": "ayuntamiento-portal"}}, {"type": "Feature", "geometry": {"type": "Point", "coordinates": [-3.8128012, 40.4396237]}, "properties": {"id": "pozuelo-proy-25bd5f6641a151", "municipio": "Pozuelo de Alarcón", "titulo": "Aprobación especial del Plan especial de mejora de la ordenación pormenorizada de la red viaria de la manzana situada entre las calles Cádiz, Nervión y Carretera Benítez: P.E.-Mejora%20Viaria%20Normas%20Urbanisticas.pdf", "fecha": "2018-06-01", "tipo": "documento urbanismo", "url": "https://www.pozuelodealarcon.org/urbanismo-y-obras/planeamiento-de-desarrollo/aprobacion-especial-del-plan-especial-de-mejora-de-la-ordenacion-pormenorizada-de-la-red-viaria-de-la-manzana-situada-entre-las-calles-cadiz", "coordSource": "municipio_centroid_jitter", "sectorKey": "pozuelo-de-alarcon", "catalogSource": "ayuntamiento-portal"}}, {"type": "Feature", "geometry": {"type": "Point", "coordinates": [-3.8137108, 40.4383794]}, "properties": {"id": "pozuelo-proy-7b112d8b887d4b", "municipio": "Pozuelo de Alarcón", "titulo": "Documentación gráfica P. E. Colonia militar Arroyo Meaques: Documentaci%C3%B3n%20gr%C3%A1fica%20P.%20E.%20Colonia%20militar%20Arroyo%20Meaques.pdf", "fecha": "2018-06-01", "tipo": "documento urbanismo", "url": "https://www.pozuelodealarcon.org/urbanismo-y-obras/planeamiento-de-desarrollo/documentacion-grafica-p-e-colonia-militar-arroyo-meaques", "coordSource": "municipio_centroid_jitter", "sectorKey": "pozuelo-de-alarcon", "catalogSource": "ayuntamiento-portal"}}, {"type": "Feature", "geometry": {"type": "Point", "coordinates": [-3.8139386, 40.43931]}, "properties": {"id": "pozuelo-proy-81421f9365e249", "municipio": "Pozuelo de Alarcón", "titulo": "Documentación gráfica P.E. Mejora viaria Cádiz, Nervión, Ctra Benítez: Documentaci%C3%B3n%20gr%C3%A1fica%20P.E.%20Mejora%20viaria%20Cadiz%20Nervion%20Ctra%20Benitez_0.pdf", "fecha": "2018-06-01", "tipo": "documento urbanismo", "url": "https://www.pozuelodealarcon.org/urbanismo-y-obras/planeamiento-de-desarrollo/documentacion-grafica-pe-mejora-viaria-cadiz-nervion-ctra-benitez", "coordSource": "municipio_centroid_jitter", "sectorKey": "pozuelo-de-alarcon", "catalogSource": "ayuntamiento-portal"}}, {"type": "Feature", "geometry": {"type": "Point", "coordinates": [-3.8123929, 40.4395811]}, "properties": {"id": "pozuelo-proy-a4ab250267c488", "municipio": "Pozuelo de Alarcón", "titulo": "Documentación gráfica P.E. Mejora reordenación de equipamientos: Documentaci%C3%B3n%20gr%C3%A1fica%20P.E.%20Mejora%20reordenaci%C3%B3n%20de%20equipamientos.pdf", "fecha": "2018-06-01", "tipo": "documento urbanismo", "url": "https://www.pozuelodealarcon.org/urbanismo-y-obras/planeamiento-de-desarrollo/documentacion-grafica-pe-mejora-reordenacion-de-equipamientos", "coordSource": "municipio_centroid_jitter", "sectorKey": "pozuelo-de-alarcon", "catalogSource": "ayuntamiento-portal"}}, {"type": "Feature", "geometry": {"type": "Point", "coordinates": [-3.8114063, 40.4387328]}, "properties": {"id": "pozuelo-proy-d59cb20d8520c4", "municipio": "Pozuelo de Alarcón", "titulo": "Aprobación definitiva del Plan especial de protección de la \"Colonia Militar Arroyo Meaques\": P.E.%20ColoniaMilitar%20Normas%20Urbanisticas.pdf", "fecha": "2018-06-01", "tipo": "documento urbanismo", "url": "https://www.pozuelodealarcon.org/urbanismo-y-obras/planeamiento-de-desarrollo/aprobacion-definitiva-del-plan-especial-de-proteccion-de-la-colonia-militar-arroyo-meaques", "coordSource": "municipio_centroid_jitter", "sectorKey": "pozuelo-de-alarcon", "catalogSource": "ayuntamiento-portal"}}, {"type": "Feature", "geometry": {"type": "Point", "coordinates": [-3.8137279, 40.4373159]}, "properties": {"id": "pozuelo-proy-efb3ab992c21d0", "municipio": "Pozuelo de Alarcón", "titulo": "Aprobación definitiva del Plan especial de ordenación pormenorizada y de condiciones de la edificación del centro de RTVE de Prado del Rey: P.E._RTVE%20Normas%20Urbanisticas.pdf", "fecha": "2018-06-01", "tipo": "documento urbanismo", "url": "https://www.pozuelodealarcon.org/urbanismo-y-obras/planeamiento-de-desarrollo/aprobacion-definitiva-del-plan-especial-de-ordenacion-pormenorizada-y-de-condiciones-de-la-edificacion-del-centro-de-rtve-de-prado-del-rey", "coordSource": "municipio_centroid_jitter", "sectorKey": "pozuelo-de-alarcon", "catalogSource": "ayuntamiento-portal"}}, {"type": "Feature", "geometry": {"type": "Point", "coordinates": [-3.8118659, 40.4393582]}, "properties": {"id": "pozuelo-proy-f385b30d05e109", "municipio": "Pozuelo de Alarcón", "titulo": "Documentación Gráfica P.E. RTVE: Documentaci%C3%B3n%20Gr%C3%A1fica%20P.E.%20RTVE.pdf", "fecha": "2018-06-01", "tipo": "documento urbanismo", "url": "https://www.pozuelodealarcon.org/urbanismo-y-obras/planeamiento-de-desarrollo/documentacion-grafica-pe-rtve", "coordSource": "municipio_centroid_jitter", "sectorKey": "pozuelo-de-alarcon", "catalogSource": "ayuntamiento-portal"}}, {"type": "Feature", "geometry": {"type": "Point", "coordinates": [-3.8148234, 40.4389106]}, "properties": {"id": "pozuelo-proy-4f8eddaaaaa792", "municipio": "Pozuelo de Alarcón", "titulo": "Autorizaciones demaniales: Resoluci%C3%B3n%20de%20Autorizaci%C3%B3n%20Ocupaci%C3%B3n%20Demanial%20para%20Pista%20de%20hielo%20y%20Parque%20de%20Navidad.pdf", "fecha": "2017-11-01", "tipo": "documento urbanismo", "url": "https://www.pozuelodealarcon.org/urbanismo-y-obras/patrimonio/autorizaciones-demaniales", "coordSource": "municipio_centroid_jitter", "sectorKey": "pozuelo-de-alarcon", "catalogSource": "ayuntamiento-portal"}}, {"type": "Feature", "geometry": {"type": "Point", "coordinates": [-3.812147, 40.4395875]}, "properties": {"id": "pozuelo-proy-73bfff971d1107", "municipio": "Pozuelo de Alarcón", "titulo": "PGOU: PGOU%20-%20Tomo%20VII%20-%20Convenios%20Urban%C3%ADsticos%20-%20Vol.%20I.pdf", "fecha": "2017-04-01", "tipo": "convenio", "url": "https://www.pozuelodealarcon.org/urbanismo-y-vivienda/pgou/convenios-pgou/pgou-tomo-vii-convenios-urbanisticos-vol-i", "coordSource": "municipio_centroid_jitter", "sectorKey": "pozuelo-de-alarcon", "catalogSource": "ayuntamiento-portal"}}, {"type": "Feature", "geometry": {"type": "Point", "coordinates": [-3.8143645, 40.4377555]}, "properties": {"id": "pozuelo-proy-769e73915debd9", "municipio": "Pozuelo de Alarcón", "titulo": "PGOU: PGOU%20-%20Tomo%20VII%20-%20Vols.%20I%20y%20II%20-%20Convenios%20Urban%C3%ADsticos.PDF", "fecha": "2017-04-01", "tipo": "convenio", "url": "https://www.pozuelodealarcon.org/urbanismo-y-vivienda/pgou/convenios-pgou/pgou-tomo-vii-vols-i-y-ii-convenios-urbanisticos", "coordSource": "municipio_centroid_jitter", "sectorKey": "pozuelo-de-alarcon", "catalogSource": "ayuntamiento-portal"}}, {"type": "Feature", "geometry": {"type": "Point", "coordinates": [-3.8132873, 40.4380586]}, "properties": {"id": "pozuelo-proy-ff5e1f5a8b2876", "municipio": "Pozuelo de Alarcón", "titulo": "PGOU: PGOU%20-%20Tomo%20VII%20-%20Convenios%20Urban%C3%ADsticos%20-%20Vol.%20II.pdf", "fecha": "2017-04-01", "tipo": "convenio", "url": "https://www.pozuelodealarcon.org/urbanismo-y-vivienda/pgou/convenios-pgou/pgou-tomo-vii-convenios-urbanisticos-vol-ii", "coordSource": "municipio_centroid_jitter", "sectorKey": "pozuelo-de-alarcon", "catalogSource": "ayuntamiento-portal"}}, {"type": "Feature", "geometry": {"type": "Point", "coordinates": [-3.8127546, 40.4398159]}, "properties": {"id": "pozuelo-proy-0a96c5d171de0d", "municipio": "Pozuelo de Alarcón", "titulo": "APR (Área de planeamiento remitido): APR%203.1-02%20Aprobacion%20Definitiva.pdf", "fecha": "2017-03-01", "tipo": "documento urbanismo", "url": "https://www.pozuelodealarcon.org/urbanismo-y-obras/planeamiento-de-desarrollo/apr-area-de-planeamiento-remitido", "coordSource": "municipio_centroid_jitter", "sectorKey": "pozuelo-de-alarcon", "catalogSource": "ayuntamiento-portal"}}, {"type": "Feature", "geometry": {"type": "Point", "coordinates": [-3.812764, 40.4386854]}, "properties": {"id": "pozuelo-proy-100d25a46d85f7", "municipio": "Pozuelo de Alarcón", "titulo": "APR (Área de planeamiento remitido): APR%203.1-02%20Zonificacion.pdf", "fecha": "2017-03-01", "tipo": "documento urbanismo", "url": "https://www.pozuelodealarcon.org/urbanismo-y-obras/planeamiento-de-desarrollo/apr-area-de-planeamiento-remitido", "coordSource": "municipio_centroid_jitter", "sectorKey": "pozuelo-de-alarcon", "catalogSource": "ayuntamiento-portal"}}, {"type": "Feature", "geometry": {"type": "Point", "coordinates": [-3.8125823, 40.4394888]}, "properties": {"id": "pozuelo-proy-6264af4d3084c5", "municipio": "Pozuelo de Alarcón", "titulo": "APR (Área de planeamiento remitido): APR%203.1-02%20Normas%20UrbanisticasI.pdf", "fecha": "2017-03-01", "tipo": "documento urbanismo", "url": "https://www.pozuelodealarcon.org/urbanismo-y-obras/planeamiento-de-desarrollo/apr-area-de-planeamiento-remitido", "coordSource": "municipio_centroid_jitter", "sectorKey": "pozuelo-de-alarcon", "catalogSource": "ayuntamiento-portal"}}, {"type": "Feature", "geometry": {"type": "Point", "coordinates": [-3.8135003, 40.439692]}, "properties": {"id": "pozuelo-proy-9b78b9e76f0464", "municipio": "Pozuelo de Alarcón", "titulo": "APR (Área de planeamiento remitido): APR%203.2-01%20Aprobacion%20Definitiva.pdf", "fecha": "2017-03-01", "tipo": "documento urbanismo", "url": "https://www.pozuelodealarcon.org/urbanismo-y-obras/planeamiento-de-desarrollo/apr-area-de-planeamiento-remitido", "coordSource": "municipio_centroid_jitter", "sectorKey": "pozuelo-de-alarcon", "catalogSource": "ayuntamiento-portal"}}, {"type": "Feature", "geometry": {"type": "Point", "coordinates": [-3.8134256, 40.4389714]}, "properties": {"id": "pozuelo-proy-fc6eb2dfdca0f5", "municipio": "Pozuelo de Alarcón", "titulo": "APR (Área de planeamiento remitido): APR%203.2-02%20Aprobacion%20Definitiva.pdf", "fecha": "2017-03-01", "tipo": "documento urbanismo", "url": "https://www.pozuelodealarcon.org/urbanismo-y-obras/planeamiento-de-desarrollo/apr-area-de-planeamiento-remitido", "coordSource": "municipio_centroid_jitter", "sectorKey": "pozuelo-de-alarcon", "catalogSource": "ayuntamiento-portal"}}, {"type": "Feature", "geometry": {"type": "Point", "coordinates": [-3.812912, 40.4381413]}, "properties": {"id": "pozuelo-proy-05e878b868d2e1", "municipio": "Pozuelo de Alarcón", "titulo": "Estructura general: 32141_295295200610928.pdf", "fecha": "2016-09-01", "tipo": "documento urbanismo", "url": "https://www.pozuelodealarcon.org/urbanismo-y-vivienda/plan-de-ordenacion-urbana/estructura-general-clasificacion-del-suelo-2", "coordSource": "municipio_centroid_jitter", "sectorKey": "pozuelo-de-alarcon", "catalogSource": "ayuntamiento-portal"}}, {"type": "Feature", "geometry": {"type": "Point", "coordinates": [-3.8128349, 40.4390612]}, "properties": {"id": "pozuelo-proy-077ed76a2e79f4", "municipio": "Pozuelo de Alarcón", "titulo": "Revisión y adaptación del PGOU: Anexo II Saneamiento y Depuración Aguas Residuales: 14386_13111311201494638.pdf", "fecha": "2016-09-01", "tipo": "documento urbanismo", "url": "https://www.pozuelodealarcon.org/urbanismo-y-vivienda/plan-de-ordenacion-urbana/revision-y-adaptacion-del-pgou-anexo-ii-saneamiento-y-depuracion-aguas-residuales", "coordSource": "municipio_centroid_jitter", "sectorKey": "pozuelo-de-alarcon", "catalogSource": "ayuntamiento-portal"}}, {"type": "Feature", "geometry": {"type": "Point", "coordinates": [-3.8130375, 40.4389064]}, "properties": {"id": "pozuelo-proy-120b3058a18267", "municipio": "Pozuelo de Alarcón", "titulo": "Nueva E.D.A.R: 27657_3153152006123228.pdf", "fecha": "2016-09-01", "tipo": "documento urbanismo", "url": "https://www.pozuelodealarcon.org/urbanismo-y-vivienda/plan-de-ordenacion-urbana/nueva-edar-esquema-de-desodorizacion", "coordSource": "municipio_centroid_jitter", "sectorKey": "pozuelo-de-alarcon", "catalogSource": "ayuntamiento-portal"}}, {"type": "Feature", "geometry": {"type": "Point", "coordinates": [-3.8134736, 40.4387148]}, "properties": {"id": "pozuelo-proy-1771ed913254ae", "municipio": "Pozuelo de Alarcón", "titulo": "Estructura final: 45096_2952952006103421.pdf", "fecha": "2016-09-01", "tipo": "documento urbanismo", "url": "https://www.pozuelodealarcon.org/urbanismo-y-vivienda/plan-de-ordenacion-urbana/estructura-final-indicativa-del-tmunicipal-1", "coordSource": "municipio_centroid_jitter", "sectorKey": "pozuelo-de-alarcon", "catalogSource": "ayuntamiento-portal"}}, {"type": "Feature", "geometry": {"type": "Point", "coordinates": [-3.8153788, 40.4387318]}, "properties": {"id": "pozuelo-proy-2e363661c9527a", "municipio": "Pozuelo de Alarcón", "titulo": "Nueva E.D.A.R: 3303_3153152006123324.pdf", "fecha": "2016-09-01", "tipo": "documento urbanismo", "url": "https://www.pozuelodealarcon.org/urbanismo-y-vivienda/plan-de-ordenacion-urbana/nueva-edar-esquema-tratamiento-biologico", "coordSource": "municipio_centroid_jitter", "sectorKey": "pozuelo-de-alarcon", "catalogSource": "ayuntamiento-portal"}}, {"type": "Feature", "geometry": {"type": "Point", "coordinates": [-3.8119079, 40.4379443]}, "properties": {"id": "pozuelo-proy-4c5388efe0f6c8", "municipio": "Pozuelo de Alarcón", "titulo": "Estructura general: 46076_2952952006101454.pdf", "fecha": "2016-09-01", "tipo": "documento urbanismo", "url": "https://www.pozuelodealarcon.org/urbanismo-y-vivienda/plan-de-ordenacion-urbana/estructura-general-clasificacion-del-suelo-3", "coordSource": "municipio_centroid_jitter", "sectorKey": "pozuelo-de-alarcon", "catalogSource": "ayuntamiento-portal"}}, {"type": "Feature", "geometry": {"type": "Point", "coordinates": [-3.8131413, 40.4391718]}, "properties": {"id": "pozuelo-proy-50367e54bda4ad", "municipio": "Pozuelo de Alarcón", "titulo": "Viabilidad colector interceptor: 16844_3153152006123642.pdf", "fecha": "2016-09-01", "tipo": "documento urbanismo", "url": "https://www.pozuelodealarcon.org/urbanismo-y-vivienda/plan-de-ordenacion-urbana/viabilidad-colector-interceptor-situacion-y-emplazamiento", "coordSource": "municipio_centroid_jitter", "sectorKey": "pozuelo-de-alarcon", "catalogSource": "ayuntamiento-portal"}}, {"type": "Feature", "geometry": {"type": "Point", "coordinates": [-3.8131075, 40.4382821]}, "properties": {"id": "pozuelo-proy-55a0ade13f2640", "municipio": "Pozuelo de Alarcón", "titulo": "Estructura general: 19730_2952952006102548.pdf", "fecha": "2016-09-01", "tipo": "documento urbanismo", "url": "https://www.pozuelodealarcon.org/urbanismo-y-vivienda/plan-de-ordenacion-urbana/estructura-general-sistemas-generales-2", "coordSource": "municipio_centroid_jitter", "sectorKey": "pozuelo-de-alarcon", "catalogSource": "ayuntamiento-portal"}}, {"type": "Feature", "geometry": {"type": "Point", "coordinates": [-3.8139289, 40.4381684]}, "properties": {"id": "pozuelo-proy-6cf602d4778564", "municipio": "Pozuelo de Alarcón", "titulo": "Estructura general: 5530_295295200610190.pdf", "fecha": "2016-09-01", "tipo": "documento urbanismo", "url": "https://www.pozuelodealarcon.org/urbanismo-y-vivienda/plan-de-ordenacion-urbana/estructura-general-sistemas-generales-1", "coordSource": "municipio_centroid_jitter", "sectorKey": "pozuelo-de-alarcon", "catalogSource": "ayuntamiento-portal"}}, {"type": "Feature", "geometry": {"type": "Point", "coordinates": [-3.812366, 40.4399098]}, "properties": {"id": "pozuelo-proy-72309a0dfe2266", "municipio": "Pozuelo de Alarcón", "titulo": "Nueva E.D.A.R: 13999_315315200612349.pdf", "fecha": "2016-09-01", "tipo": "documento urbanismo", "url": "https://www.pozuelodealarcon.org/urbanismo-y-vivienda/plan-de-ordenacion-urbana/nueva-edar-planta-general", "coordSource": "municipio_centroid_jitter", "sectorKey": "pozuelo-de-alarcon", "catalogSource": "ayuntamiento-portal"}}, {"type": "Feature", "geometry": {"type": "Point", "coordinates": [-3.8128251, 40.4386693]}, "properties": {"id": "pozuelo-proy-7c23ed9b649d79", "municipio": "Pozuelo de Alarcón", "titulo": "Estructura general: 39463_2952952006103016.pdf", "fecha": "2016-09-01", "tipo": "documento urbanismo", "url": "https://www.pozuelodealarcon.org/urbanismo-y-vivienda/plan-de-ordenacion-urbana/estructura-general-sistemas-generales-4", "coordSource": "municipio_centroid_jitter", "sectorKey": "pozuelo-de-alarcon", "catalogSource": "ayuntamiento-portal"}}, {"type": "Feature", "geometry": {"type": "Point", "coordinates": [-3.8124329, 40.4380453]}, "properties": {"id": "pozuelo-proy-7c61c91a229432", "municipio": "Pozuelo de Alarcón", "titulo": "Aprobación definitiva Plan especial para la mejora de la ordenación pormenorizada de las parcelas destinadas a usos de equipamentos: 23421_1951952006133648.pdf", "fecha": "2016-09-01", "tipo": "documento urbanismo", "url": "https://www.pozuelodealarcon.org/urbanismo-y-obras/normativa-urbanistica/aprobacion-definitiva-plan-especial-para-la-mejora-de-la-ordenacion-pormenorizada-de-las-parcelas-destinadas-a-usos-de-equipamentos", "coordSource": "municipio_centroid_jitter", "sectorKey": "pozuelo-de-alarcon", "catalogSource": "ayuntamiento-portal"}}, {"type": "Feature", "geometry": {"type": "Point", "coordinates": [-3.8149236, 40.4396441]}, "properties": {"id": "pozuelo-proy-a0f02df42a367f", "municipio": "Pozuelo de Alarcón", "titulo": "PGOU: 11404_1551552006121652.pdf", "fecha": "2016-09-01", "tipo": "documento urbanismo", "url": "https://www.pozuelodealarcon.org/urbanismo-y-vivienda/plan-de-ordenacion-urbana/pgou-normas-urbanisticas", "coordSource": "municipio_centroid_jitter", "sectorKey": "pozuelo-de-alarcon", "catalogSource": "ayuntamiento-portal"}}, {"type": "Feature", "geometry": {"type": "Point", "coordinates": [-3.8134406, 40.439042]}, "properties": {"id": "pozuelo-proy-a90b25c08f6e6d", "municipio": "Pozuelo de Alarcón", "titulo": "Infraestructuras: 1168_3153152006123148.pdf", "fecha": "2016-09-01", "tipo": "documento urbanismo", "url": "https://www.pozuelodealarcon.org/urbanismo-y-vivienda/plan-de-ordenacion-urbana/infraestructuras-red-general-de-saneamiento", "coordSource": "municipio_centroid_jitter", "sectorKey": "pozuelo-de-alarcon", "catalogSource": "ayuntamiento-portal"}}, {"type": "Feature", "geometry": {"type": "Point", "coordinates": [-3.8142547, 40.4388114]}, "properties": {"id": "pozuelo-proy-af7749d6d57b60", "municipio": "Pozuelo de Alarcón", "titulo": "Estructura General: 22599_295295200610530.pdf", "fecha": "2016-09-01", "tipo": "documento urbanismo", "url": "https://www.pozuelodealarcon.org/urbanismo-y-vivienda/plan-de-ordenacion-urbana/estructura-general-clasificacion-del-suelo", "coordSource": "municipio_centroid_jitter", "sectorKey": "pozuelo-de-alarcon", "catalogSource": "ayuntamiento-portal"}}, {"type": "Feature", "geometry": {"type": "Point", "coordinates": [-3.8136479, 40.4385276]}, "properties": {"id": "pozuelo-proy-b3566904d24a53", "municipio": "Pozuelo de Alarcón", "titulo": "Revisión y adaptación del PGOU: Anexo I Drenaje y Saneamiento Cabeceras Arroyos: 32856_13111311201494616_0.pdf", "fecha": "2016-09-01", "tipo": "documento urbanismo", "url": "https://www.pozuelodealarcon.org/urbanismo-y-vivienda/plan-de-ordenacion-urbana/revision-y-adaptacion-del-pgou-anexo-i-drenaje-y-saneamiento-cabeceras-arroyos", "coordSource": "municipio_centroid_jitter", "sectorKey": "pozuelo-de-alarcon", "catalogSource": "ayuntamiento-portal"}}, {"type": "Feature", "geometry": {"type": "Point", "coordinates": [-3.8133223, 40.4386946]}, "properties": {"id": "pozuelo-proy-b54a1cc11393e9", "municipio": "Pozuelo de Alarcón", "titulo": "Estructura general: 14698_295295200610172.pdf", "fecha": "2016-09-01", "tipo": "documento urbanismo", "url": "https://www.pozuelodealarcon.org/urbanismo-y-vivienda/plan-de-ordenacion-urbana/estructura-general-clasificacion-del-suelo-4", "coordSource": "municipio_centroid_jitter", "sectorKey": "pozuelo-de-alarcon", "catalogSource": "ayuntamiento-portal"}}, {"type": "Feature", "geometry": {"type": "Point", "coordinates": [-3.813251, 40.4386886]}, "properties": {"id": "pozuelo-proy-be785825bf1950", "municipio": "Pozuelo de Alarcón", "titulo": "Nueva E.D.A.R: 16191_3153152006123246.pdf", "fecha": "2016-09-01", "tipo": "documento urbanismo", "url": "https://www.pozuelodealarcon.org/urbanismo-y-vivienda/plan-de-ordenacion-urbana/nueva-edar-esquema-de-fangos", "coordSource": "municipio_centroid_jitter", "sectorKey": "pozuelo-de-alarcon", "catalogSource": "ayuntamiento-portal"}}, {"type": "Feature", "geometry": {"type": "Point", "coordinates": [-3.812015, 40.4377155]}, "properties": {"id": "pozuelo-proy-d1b8eee5848fc0", "municipio": "Pozuelo de Alarcón", "titulo": "Nueva E.D.A.R: 16420_315315200612334.pdf", "fecha": "2016-09-01", "tipo": "documento urbanismo", "url": "https://www.pozuelodealarcon.org/urbanismo-y-vivienda/plan-de-ordenacion-urbana/nueva-edar-esquema-de-pretratamientos", "coordSource": "municipio_centroid_jitter", "sectorKey": "pozuelo-de-alarcon", "catalogSource": "ayuntamiento-portal"}}, {"type": "Feature", "geometry": {"type": "Point", "coordinates": [-3.8137684, 40.4387133]}, "properties": {"id": "pozuelo-proy-d3fdb98545cf62", "municipio": "Pozuelo de Alarcón", "titulo": "Sistemas generales: 24071_3153152006123545.pdf", "fecha": "2016-09-01", "tipo": "documento urbanismo", "url": "https://www.pozuelodealarcon.org/urbanismo-y-vivienda/plan-de-ordenacion-urbana/sistemas-generales", "coordSource": "municipio_centroid_jitter", "sectorKey": "pozuelo-de-alarcon", "catalogSource": "ayuntamiento-portal"}}, {"type": "Feature", "geometry": {"type": "Point", "coordinates": [-3.8139308, 40.4383171]}, "properties": {"id": "pozuelo-proy-fdbbea69e2cae9", "municipio": "Pozuelo de Alarcón", "titulo": "Estructura general: 39859_2952952006102821.pdf", "fecha": "2016-09-01", "tipo": "documento urbanismo", "url": "https://www.pozuelodealarcon.org/urbanismo-y-vivienda/plan-de-ordenacion-urbana/estructura-general-sistemas-generales-3", "coordSource": "municipio_centroid_jitter", "sectorKey": "pozuelo-de-alarcon", "catalogSource": "ayuntamiento-portal"}}, {"type": "Feature", "geometry": {"type": "Point", "coordinates": [-3.5225823, 40.358198]}, "properties": {"id": "rivas-proy-051becfa617a94", "municipio": "Rivas-Vaciamadrid", "titulo": "2025.06.05_Presentacion-Avance-PGOU_Rivas-Vaciamadrid.pdf", "fecha": "2025-06-01", "tipo": "planeamiento", "url": "https://www.rivasciudad.es/geoportal/avance-pgou/", "coordSource": "municipio_centroid_jitter", "sectorKey": "rivas-vaciamadrid", "catalogSource": "ayuntamiento-portal"}}, {"type": "Feature", "geometry": {"type": "Point", "coordinates": [-3.5215359, 40.3568016]}, "properties": {"id": "rivas-proy-09e3e8ca5b2bed", "municipio": "Rivas-Vaciamadrid", "titulo": "I.14_Aparcamiento.pdf", "fecha": "2025-06-01", "tipo": "documento PGOU", "url": "https://www.rivasciudad.es/geoportal/avance-pgou/", "coordSource": "municipio_centroid_jitter", "sectorKey": "rivas-vaciamadrid", "catalogSource": "ayuntamiento-portal"}}, {"type": "Feature", "geometry": {"type": "Point", "coordinates": [-3.5216863, 40.3576477]}, "properties": {"id": "rivas-proy-0a17763724ce58", "municipio": "Rivas-Vaciamadrid", "titulo": "I.13.1_Trafico-y-movilidad.pdf", "fecha": "2025-06-01", "tipo": "documento PGOU", "url": "https://www.rivasciudad.es/geoportal/avance-pgou/", "coordSource": "municipio_centroid_jitter", "sectorKey": "rivas-vaciamadrid", "catalogSource": "ayuntamiento-portal"}}, {"type": "Feature", "geometry": {"type": "Point", "coordinates": [-3.520376, 40.3577153]}, "properties": {"id": "rivas-proy-0a33b0ad1aab45", "municipio": "Rivas-Vaciamadrid", "titulo": "I.01_Encuadre-territorial.pdf", "fecha": "2025-06-01", "tipo": "documento PGOU", "url": "https://www.rivasciudad.es/geoportal/avance-pgou/", "coordSource": "municipio_centroid_jitter", "sectorKey": "rivas-vaciamadrid", "catalogSource": "ayuntamiento-portal"}}, {"type": "Feature", "geometry": {"type": "Point", "coordinates": [-3.5216332, 40.3574625]}, "properties": {"id": "rivas-proy-0eb8f2bbf74b2c", "municipio": "Rivas-Vaciamadrid", "titulo": "I.11_Abastecimiento.pdf", "fecha": "2025-06-01", "tipo": "documento PGOU", "url": "https://www.rivasciudad.es/geoportal/avance-pgou/", "coordSource": "municipio_centroid_jitter", "sectorKey": "rivas-vaciamadrid", "catalogSource": "ayuntamiento-portal"}}, {"type": "Feature", "geometry": {"type": "Point", "coordinates": [-3.5200776, 40.3582249]}, "properties": {"id": "rivas-proy-1462189fabd0d4", "municipio": "Rivas-Vaciamadrid", "titulo": "BIII_RESUMEN-EJECUTIVO.pdf", "fecha": "2025-06-01", "tipo": "documento PGOU", "url": "https://www.rivasciudad.es/geoportal/avance-pgou/", "coordSource": "municipio_centroid_jitter", "sectorKey": "rivas-vaciamadrid", "catalogSource": "ayuntamiento-portal"}}, {"type": "Feature", "geometry": {"type": "Point", "coordinates": [-3.5207667, 40.3562538]}, "properties": {"id": "rivas-proy-17498fc59792ad", "municipio": "Rivas-Vaciamadrid", "titulo": "O.14_Estudio-Acustico-Area-Actuales.pdf", "fecha": "2025-06-01", "tipo": "estudio ambiental", "url": "https://www.rivasciudad.es/geoportal/avance-pgou/", "coordSource": "municipio_centroid_jitter", "sectorKey": "rivas-vaciamadrid", "catalogSource": "ayuntamiento-portal"}}, {"type": "Feature", "geometry": {"type": "Point", "coordinates": [-3.5214297, 40.3589836]}, "properties": {"id": "rivas-proy-1b8179da107888", "municipio": "Rivas-Vaciamadrid", "titulo": "I.08_Redes-publicas.pdf", "fecha": "2025-06-01", "tipo": "documento PGOU", "url": "https://www.rivasciudad.es/geoportal/avance-pgou/", "coordSource": "municipio_centroid_jitter", "sectorKey": "rivas-vaciamadrid", "catalogSource": "ayuntamiento-portal"}}, {"type": "Feature", "geometry": {"type": "Point", "coordinates": [-3.5210995, 40.3576388]}, "properties": {"id": "rivas-proy-24a7ab0598f59c", "municipio": "Rivas-Vaciamadrid", "titulo": "I.06.02_Fragilidad-del-paisaje.pdf", "fecha": "2025-06-01", "tipo": "documento PGOU", "url": "https://www.rivasciudad.es/geoportal/avance-pgou/", "coordSource": "municipio_centroid_jitter", "sectorKey": "rivas-vaciamadrid", "catalogSource": "ayuntamiento-portal"}}, {"type": "Feature", "geometry": {"type": "Point", "coordinates": [-3.520659, 40.3572248]}, "properties": {"id": "rivas-proy-28a9028d81691a", "municipio": "Rivas-Vaciamadrid", "titulo": "I.09_Estructura-catastral.pdf", "fecha": "2025-06-01", "tipo": "documento PGOU", "url": "https://www.rivasciudad.es/geoportal/avance-pgou/", "coordSource": "municipio_centroid_jitter", "sectorKey": "rivas-vaciamadrid", "catalogSource": "ayuntamiento-portal"}}, {"type": "Feature", "geometry": {"type": "Point", "coordinates": [-3.5217908, 40.356117]}, "properties": {"id": "rivas-proy-2f7c9d25d1139b", "municipio": "Rivas-Vaciamadrid", "titulo": "I.13.2_Trafico-y-movilidad.pdf", "fecha": "2025-06-01", "tipo": "documento PGOU", "url": "https://www.rivasciudad.es/geoportal/avance-pgou/", "coordSource": "municipio_centroid_jitter", "sectorKey": "rivas-vaciamadrid", "catalogSource": "ayuntamiento-portal"}}, {"type": "Feature", "geometry": {"type": "Point", "coordinates": [-3.522649, 40.3568976]}, "properties": {"id": "rivas-proy-30bcd47ae6e5eb", "municipio": "Rivas-Vaciamadrid", "titulo": "O.04_Estructura-organica.pdf", "fecha": "2025-06-01", "tipo": "documento PGOU", "url": "https://www.rivasciudad.es/geoportal/avance-pgou/", "coordSource": "municipio_centroid_jitter", "sectorKey": "rivas-vaciamadrid", "catalogSource": "ayuntamiento-portal"}}, {"type": "Feature", "geometry": {"type": "Point", "coordinates": [-3.5229422, 40.3567293]}, "properties": {"id": "rivas-proy-314125d81ccb47", "municipio": "Rivas-Vaciamadrid", "titulo": "I.06.04_Ecosistemas.pdf", "fecha": "2025-06-01", "tipo": "documento PGOU", "url": "https://www.rivasciudad.es/geoportal/avance-pgou/", "coordSource": "municipio_centroid_jitter", "sectorKey": "rivas-vaciamadrid", "catalogSource": "ayuntamiento-portal"}}, {"type": "Feature", "geometry": {"type": "Point", "coordinates": [-3.5214034, 40.3569409]}, "properties": {"id": "rivas-proy-321546376dfd2a", "municipio": "Rivas-Vaciamadrid", "titulo": "BIV_DIE.pdf", "fecha": "2025-06-01", "tipo": "documento PGOU", "url": "https://www.rivasciudad.es/geoportal/avance-pgou/", "coordSource": "municipio_centroid_jitter", "sectorKey": "rivas-vaciamadrid", "catalogSource": "ayuntamiento-portal"}}, {"type": "Feature", "geometry": {"type": "Point", "coordinates": [-3.5217076, 40.357214]}, "properties": {"id": "rivas-proy-3242a056c58c2f", "municipio": "Rivas-Vaciamadrid", "titulo": "I.05_Clinometrico.pdf", "fecha": "2025-06-01", "tipo": "documento PGOU", "url": "https://www.rivasciudad.es/geoportal/avance-pgou/", "coordSource": "municipio_centroid_jitter", "sectorKey": "rivas-vaciamadrid", "catalogSource": "ayuntamiento-portal"}}, {"type": "Feature", "geometry": {"type": "Point", "coordinates": [-3.5204557, 40.35725]}, "properties": {"id": "rivas-proy-48375b87be6033", "municipio": "Rivas-Vaciamadrid", "titulo": "O.11_Ambitos-de-actuacion.pdf", "fecha": "2025-06-01", "tipo": "documento PGOU", "url": "https://www.rivasciudad.es/geoportal/avance-pgou/", "coordSource": "municipio_centroid_jitter", "sectorKey": "rivas-vaciamadrid", "catalogSource": "ayuntamiento-portal"}}, {"type": "Feature", "geometry": {"type": "Point", "coordinates": [-3.5208393, 40.3579864]}, "properties": {"id": "rivas-proy-561aea662c2933", "municipio": "Rivas-Vaciamadrid", "titulo": "O.10.2_Trafico-y-movilidad.-Buses-urbanos.pdf", "fecha": "2025-06-01", "tipo": "documento PGOU", "url": "https://www.rivasciudad.es/geoportal/avance-pgou/", "coordSource": "municipio_centroid_jitter", "sectorKey": "rivas-vaciamadrid", "catalogSource": "ayuntamiento-portal"}}, {"type": "Feature", "geometry": {"type": "Point", "coordinates": [-3.5212027, 40.3572177]}, "properties": {"id": "rivas-proy-60a39a6c741d15", "municipio": "Rivas-Vaciamadrid", "titulo": "O.06_Legislacion-ambiental-y-afecciones.pdf", "fecha": "2025-06-01", "tipo": "estudio ambiental", "url": "https://www.rivasciudad.es/geoportal/avance-pgou/", "coordSource": "municipio_centroid_jitter", "sectorKey": "rivas-vaciamadrid", "catalogSource": "ayuntamiento-portal"}}, {"type": "Feature", "geometry": {"type": "Point", "coordinates": [-3.5219399, 40.3582522]}, "properties": {"id": "rivas-proy-628637112c13e3", "municipio": "Rivas-Vaciamadrid", "titulo": "B.II_.1_Memoria-de-ordenacion.pdf", "fecha": "2025-06-01", "tipo": "documento PGOU", "url": "https://www.rivasciudad.es/geoportal/avance-pgou/", "coordSource": "municipio_centroid_jitter", "sectorKey": "rivas-vaciamadrid", "catalogSource": "ayuntamiento-portal"}}, {"type": "Feature", "geometry": {"type": "Point", "coordinates": [-3.5213736, 40.3574505]}, "properties": {"id": "rivas-proy-6755da8e6dcdd7", "municipio": "Rivas-Vaciamadrid", "titulo": "O.03.2_Modelo-de-crecimiento-0.pdf", "fecha": "2025-06-01", "tipo": "documento PGOU", "url": "https://www.rivasciudad.es/geoportal/avance-pgou/", "coordSource": "municipio_centroid_jitter", "sectorKey": "rivas-vaciamadrid", "catalogSource": "ayuntamiento-portal"}}, {"type": "Feature", "geometry": {"type": "Point", "coordinates": [-3.522734, 40.357979]}, "properties": {"id": "rivas-proy-74dd0e7e75bad5", "municipio": "Rivas-Vaciamadrid", "titulo": "I.06.06_Vegetacion.pdf", "fecha": "2025-06-01", "tipo": "documento PGOU", "url": "https://www.rivasciudad.es/geoportal/avance-pgou/", "coordSource": "municipio_centroid_jitter", "sectorKey": "rivas-vaciamadrid", "catalogSource": "ayuntamiento-portal"}}, {"type": "Feature", "geometry": {"type": "Point", "coordinates": [-3.5210673, 40.3572464]}, "properties": {"id": "rivas-proy-7ec447e1eaa447", "municipio": "Rivas-Vaciamadrid", "titulo": "O.03.3_Modelo-de-crecimiento-propuesto.pdf", "fecha": "2025-06-01", "tipo": "documento PGOU", "url": "https://www.rivasciudad.es/geoportal/avance-pgou/", "coordSource": "municipio_centroid_jitter", "sectorKey": "rivas-vaciamadrid", "catalogSource": "ayuntamiento-portal"}}, {"type": "Feature", "geometry": {"type": "Point", "coordinates": [-3.5221095, 40.3585114]}, "properties": {"id": "rivas-proy-82f2296371e89b", "municipio": "Rivas-Vaciamadrid", "titulo": "I.18_Calificacion.pdf", "fecha": "2025-06-01", "tipo": "documento PGOU", "url": "https://www.rivasciudad.es/geoportal/avance-pgou/", "coordSource": "municipio_centroid_jitter", "sectorKey": "rivas-vaciamadrid", "catalogSource": "ayuntamiento-portal"}}, {"type": "Feature", "geometry": {"type": "Point", "coordinates": [-3.521354, 40.3575065]}, "properties": {"id": "rivas-proy-8811c66c000f2c", "municipio": "Rivas-Vaciamadrid", "titulo": "O.13_Usos-Globales.pdf", "fecha": "2025-06-01", "tipo": "documento PGOU", "url": "https://www.rivasciudad.es/geoportal/avance-pgou/", "coordSource": "municipio_centroid_jitter", "sectorKey": "rivas-vaciamadrid", "catalogSource": "ayuntamiento-portal"}}, {"type": "Feature", "geometry": {"type": "Point", "coordinates": [-3.520915, 40.3575182]}, "properties": {"id": "rivas-proy-88d92751163d75", "municipio": "Rivas-Vaciamadrid", "titulo": "I.06.05_Habitats.pdf", "fecha": "2025-06-01", "tipo": "documento PGOU", "url": "https://www.rivasciudad.es/geoportal/avance-pgou/", "coordSource": "municipio_centroid_jitter", "sectorKey": "rivas-vaciamadrid", "catalogSource": "ayuntamiento-portal"}}, {"type": "Feature", "geometry": {"type": "Point", "coordinates": [-3.5233475, 40.3579585]}, "properties": {"id": "rivas-proy-8aa8d257c4dbe5", "municipio": "Rivas-Vaciamadrid", "titulo": "O.08_Calificacion-y-alineaciones.pdf", "fecha": "2025-06-01", "tipo": "documento PGOU", "url": "https://www.rivasciudad.es/geoportal/avance-pgou/", "coordSource": "municipio_centroid_jitter", "sectorKey": "rivas-vaciamadrid", "catalogSource": "ayuntamiento-portal"}}, {"type": "Feature", "geometry": {"type": "Point", "coordinates": [-3.5215268, 40.3574286]}, "properties": {"id": "rivas-proy-8df18578473ca0", "municipio": "Rivas-Vaciamadrid", "titulo": "I.04_Hipsometrico.pdf", "fecha": "2025-06-01", "tipo": "documento PGOU", "url": "https://www.rivasciudad.es/geoportal/avance-pgou/", "coordSource": "municipio_centroid_jitter", "sectorKey": "rivas-vaciamadrid", "catalogSource": "ayuntamiento-portal"}}, {"type": "Feature", "geometry": {"type": "Point", "coordinates": [-3.5200328, 40.3575417]}, "properties": {"id": "rivas-proy-8e62772c32bfb0", "municipio": "Rivas-Vaciamadrid", "titulo": "O.12_Inventario-de-edificaciones-en-SNU.pdf", "fecha": "2025-06-01", "tipo": "documento PGOU", "url": "https://www.rivasciudad.es/geoportal/avance-pgou/", "coordSource": "municipio_centroid_jitter", "sectorKey": "rivas-vaciamadrid", "catalogSource": "ayuntamiento-portal"}}, {"type": "Feature", "geometry": {"type": "Point", "coordinates": [-3.5217964, 40.3573216]}, "properties": {"id": "rivas-proy-92012f1899fd73", "municipio": "Rivas-Vaciamadrid", "titulo": "O.03.1_Modelo-de-crecimiento-maximo.pdf", "fecha": "2025-06-01", "tipo": "documento PGOU", "url": "https://www.rivasciudad.es/geoportal/avance-pgou/", "coordSource": "municipio_centroid_jitter", "sectorKey": "rivas-vaciamadrid", "catalogSource": "ayuntamiento-portal"}}, {"type": "Feature", "geometry": {"type": "Point", "coordinates": [-3.5231982, 40.3564413]}, "properties": {"id": "rivas-proy-92018e465e5812", "municipio": "Rivas-Vaciamadrid", "titulo": "O.15_Areas-Homogeneas.pdf", "fecha": "2025-06-01", "tipo": "documento PGOU", "url": "https://www.rivasciudad.es/geoportal/avance-pgou/", "coordSource": "municipio_centroid_jitter", "sectorKey": "rivas-vaciamadrid", "catalogSource": "ayuntamiento-portal"}}, {"type": "Feature", "geometry": {"type": "Point", "coordinates": [-3.5210072, 40.3564358]}, "properties": {"id": "rivas-proy-9777a69732f83d", "municipio": "Rivas-Vaciamadrid", "titulo": "O.10.1_Trafico-y-movilidad.pdf", "fecha": "2025-06-01", "tipo": "documento PGOU", "url": "https://www.rivasciudad.es/geoportal/avance-pgou/", "coordSource": "municipio_centroid_jitter", "sectorKey": "rivas-vaciamadrid", "catalogSource": "ayuntamiento-portal"}}, {"type": "Feature", "geometry": {"type": "Point", "coordinates": [-3.521949, 40.3574531]}, "properties": {"id": "rivas-proy-997736c76c63ed", "municipio": "Rivas-Vaciamadrid", "titulo": "O.10.3_Trafico-y-movilidad.-Buses-interurbanos.pdf", "fecha": "2025-06-01", "tipo": "documento PGOU", "url": "https://www.rivasciudad.es/geoportal/avance-pgou/", "coordSource": "municipio_centroid_jitter", "sectorKey": "rivas-vaciamadrid", "catalogSource": "ayuntamiento-portal"}}, {"type": "Feature", "geometry": {"type": "Point", "coordinates": [-3.5216124, 40.3573921]}, "properties": {"id": "rivas-proy-9e2a86f83dd9a3", "municipio": "Rivas-Vaciamadrid", "titulo": "I.17_Clasificacion.pdf", "fecha": "2025-06-01", "tipo": "documento PGOU", "url": "https://www.rivasciudad.es/geoportal/avance-pgou/", "coordSource": "municipio_centroid_jitter", "sectorKey": "rivas-vaciamadrid", "catalogSource": "ayuntamiento-portal"}}, {"type": "Feature", "geometry": {"type": "Point", "coordinates": [-3.5216, 40.3560722]}, "properties": {"id": "rivas-proy-a44ce4a7e4406f", "municipio": "Rivas-Vaciamadrid", "titulo": "I.20_Mapa-de-ruido.pdf", "fecha": "2025-06-01", "tipo": "documento PGOU", "url": "https://www.rivasciudad.es/geoportal/avance-pgou/", "coordSource": "municipio_centroid_jitter", "sectorKey": "rivas-vaciamadrid", "catalogSource": "ayuntamiento-portal"}}, {"type": "Feature", "geometry": {"type": "Point", "coordinates": [-3.5213017, 40.3584847]}, "properties": {"id": "rivas-proy-a799f152475c0d", "municipio": "Rivas-Vaciamadrid", "titulo": "B.II_.3_Fichas-de-gestion.pdf", "fecha": "2025-06-01", "tipo": "documento PGOU", "url": "https://www.rivasciudad.es/geoportal/avance-pgou/", "coordSource": "municipio_centroid_jitter", "sectorKey": "rivas-vaciamadrid", "catalogSource": "ayuntamiento-portal"}}, {"type": "Feature", "geometry": {"type": "Point", "coordinates": [-3.522159, 40.3588932]}, "properties": {"id": "rivas-proy-b0ade66ef83080", "municipio": "Rivas-Vaciamadrid", "titulo": "O.07_Gestion.pdf", "fecha": "2025-06-01", "tipo": "documento PGOU", "url": "https://www.rivasciudad.es/geoportal/avance-pgou/", "coordSource": "municipio_centroid_jitter", "sectorKey": "rivas-vaciamadrid", "catalogSource": "ayuntamiento-portal"}}, {"type": "Feature", "geometry": {"type": "Point", "coordinates": [-3.5223037, 40.3576538]}, "properties": {"id": "rivas-proy-b6cada646efe74", "municipio": "Rivas-Vaciamadrid", "titulo": "I.06_Usos-del-suelo.pdf", "fecha": "2025-06-01", "tipo": "documento PGOU", "url": "https://www.rivasciudad.es/geoportal/avance-pgou/", "coordSource": "municipio_centroid_jitter", "sectorKey": "rivas-vaciamadrid", "catalogSource": "ayuntamiento-portal"}}, {"type": "Feature", "geometry": {"type": "Point", "coordinates": [-3.5220363, 40.3572758]}, "properties": {"id": "rivas-proy-be91760c311a49", "municipio": "Rivas-Vaciamadrid", "titulo": "I.06.01_Infraestructura-verde.pdf", "fecha": "2025-06-01", "tipo": "documento PGOU", "url": "https://www.rivasciudad.es/geoportal/avance-pgou/", "coordSource": "municipio_centroid_jitter", "sectorKey": "rivas-vaciamadrid", "catalogSource": "ayuntamiento-portal"}}, {"type": "Feature", "geometry": {"type": "Point", "coordinates": [-3.5218388, 40.3573049]}, "properties": {"id": "rivas-proy-bf29ad499d9ef9", "municipio": "Rivas-Vaciamadrid", "titulo": "O.05_Infraestructura-verde-y-azul.pdf", "fecha": "2025-06-01", "tipo": "documento PGOU", "url": "https://www.rivasciudad.es/geoportal/avance-pgou/", "coordSource": "municipio_centroid_jitter", "sectorKey": "rivas-vaciamadrid", "catalogSource": "ayuntamiento-portal"}}, {"type": "Feature", "geometry": {"type": "Point", "coordinates": [-3.5212982, 40.357784]}, "properties": {"id": "rivas-proy-c34c150e838b51", "municipio": "Rivas-Vaciamadrid", "titulo": "B-V_Catalogo-de-bienes-protegidos-1.pdf", "fecha": "2025-06-01", "tipo": "documento PGOU", "url": "https://www.rivasciudad.es/geoportal/avance-pgou/", "coordSource": "municipio_centroid_jitter", "sectorKey": "rivas-vaciamadrid", "catalogSource": "ayuntamiento-portal"}}, {"type": "Feature", "geometry": {"type": "Point", "coordinates": [-3.5233303, 40.3577325]}, "properties": {"id": "rivas-proy-c5fc1ef440f6aa", "municipio": "Rivas-Vaciamadrid", "titulo": "I.16_Desarrollo-del-planeamiento-vigente.pdf", "fecha": "2025-06-01", "tipo": "planeamiento", "url": "https://www.rivasciudad.es/geoportal/avance-pgou/", "coordSource": "municipio_centroid_jitter", "sectorKey": "rivas-vaciamadrid", "catalogSource": "ayuntamiento-portal"}}, {"type": "Feature", "geometry": {"type": "Point", "coordinates": [-3.52173, 40.3577581]}, "properties": {"id": "rivas-proy-d1814ee7c9c876", "municipio": "Rivas-Vaciamadrid", "titulo": "O.09_Bienes-y-espacios-protegidos.pdf", "fecha": "2025-06-01", "tipo": "documento PGOU", "url": "https://www.rivasciudad.es/geoportal/avance-pgou/", "coordSource": "municipio_centroid_jitter", "sectorKey": "rivas-vaciamadrid", "catalogSource": "ayuntamiento-portal"}}, {"type": "Feature", "geometry": {"type": "Point", "coordinates": [-3.5222877, 40.3568972]}, "properties": {"id": "rivas-proy-d5ffe7de56e77b", "municipio": "Rivas-Vaciamadrid", "titulo": "I.02_Encuadre-territorial.pdf", "fecha": "2025-06-01", "tipo": "documento PGOU", "url": "https://www.rivasciudad.es/geoportal/avance-pgou/", "coordSource": "municipio_centroid_jitter", "sectorKey": "rivas-vaciamadrid", "catalogSource": "ayuntamiento-portal"}}, {"type": "Feature", "geometry": {"type": "Point", "coordinates": [-3.5212351, 40.3571912]}, "properties": {"id": "rivas-proy-d60bd603fd5443", "municipio": "Rivas-Vaciamadrid", "titulo": "I.15_Elementos-protegidos.pdf", "fecha": "2025-06-01", "tipo": "documento PGOU", "url": "https://www.rivasciudad.es/geoportal/avance-pgou/", "coordSource": "municipio_centroid_jitter", "sectorKey": "rivas-vaciamadrid", "catalogSource": "ayuntamiento-portal"}}, {"type": "Feature", "geometry": {"type": "Point", "coordinates": [-3.5227264, 40.3576513]}, "properties": {"id": "rivas-proy-e04eb44ed01dc8", "municipio": "Rivas-Vaciamadrid", "titulo": "O.02_Categorias_SNU.pdf", "fecha": "2025-06-01", "tipo": "documento PGOU", "url": "https://www.rivasciudad.es/geoportal/avance-pgou/", "coordSource": "municipio_centroid_jitter", "sectorKey": "rivas-vaciamadrid", "catalogSource": "ayuntamiento-portal"}}, {"type": "Feature", "geometry": {"type": "Point", "coordinates": [-3.5214106, 40.3574475]}, "properties": {"id": "rivas-proy-eabae7c4f75e9f", "municipio": "Rivas-Vaciamadrid", "titulo": "I.12_Saneamiento.pdf", "fecha": "2025-06-01", "tipo": "documento PGOU", "url": "https://www.rivasciudad.es/geoportal/avance-pgou/", "coordSource": "municipio_centroid_jitter", "sectorKey": "rivas-vaciamadrid", "catalogSource": "ayuntamiento-portal"}}, {"type": "Feature", "geometry": {"type": "Point", "coordinates": [-3.5235582, 40.3579562]}, "properties": {"id": "rivas-proy-eeb7c64fd80106", "municipio": "Rivas-Vaciamadrid", "titulo": "I.10_Alturas-de-edificios.pdf", "fecha": "2025-06-01", "tipo": "documento PGOU", "url": "https://www.rivasciudad.es/geoportal/avance-pgou/", "coordSource": "municipio_centroid_jitter", "sectorKey": "rivas-vaciamadrid", "catalogSource": "ayuntamiento-portal"}}, {"type": "Feature", "geometry": {"type": "Point", "coordinates": [-3.5225112, 40.3581036]}, "properties": {"id": "rivas-proy-ef792942949089", "municipio": "Rivas-Vaciamadrid", "titulo": "O.01_Clasificacion.pdf", "fecha": "2025-06-01", "tipo": "documento PGOU", "url": "https://www.rivasciudad.es/geoportal/avance-pgou/", "coordSource": "municipio_centroid_jitter", "sectorKey": "rivas-vaciamadrid", "catalogSource": "ayuntamiento-portal"}}, {"type": "Feature", "geometry": {"type": "Point", "coordinates": [-3.5229014, 40.3577108]}, "properties": {"id": "rivas-proy-f07eeeb98e1bac", "municipio": "Rivas-Vaciamadrid", "titulo": "I.06.03_Unidades-de-paisaje.pdf", "fecha": "2025-06-01", "tipo": "documento PGOU", "url": "https://www.rivasciudad.es/geoportal/avance-pgou/", "coordSource": "municipio_centroid_jitter", "sectorKey": "rivas-vaciamadrid", "catalogSource": "ayuntamiento-portal"}}, {"type": "Feature", "geometry": {"type": "Point", "coordinates": [-3.5205562, 40.3574861]}, "properties": {"id": "rivas-proy-f08fde5ca09792", "municipio": "Rivas-Vaciamadrid", "titulo": "I.07_Afecciones.pdf", "fecha": "2025-06-01", "tipo": "documento PGOU", "url": "https://www.rivasciudad.es/geoportal/avance-pgou/", "coordSource": "municipio_centroid_jitter", "sectorKey": "rivas-vaciamadrid", "catalogSource": "ayuntamiento-portal"}}, {"type": "Feature", "geometry": {"type": "Point", "coordinates": [-3.5212543, 40.3578762]}, "properties": {"id": "rivas-proy-fd19aaa0dc4e07", "municipio": "Rivas-Vaciamadrid", "titulo": "I.19_Areas-Homogeneas.pdf", "fecha": "2025-06-01", "tipo": "documento PGOU", "url": "https://www.rivasciudad.es/geoportal/avance-pgou/", "coordSource": "municipio_centroid_jitter", "sectorKey": "rivas-vaciamadrid", "catalogSource": "ayuntamiento-portal"}}, {"type": "Feature", "geometry": {"type": "Point", "coordinates": [-3.5217667, 40.3577992]}, "properties": {"id": "rivas-proy-fea1c9e9d89f9b", "municipio": "Rivas-Vaciamadrid", "titulo": "B.I.1_Memoria-de-informacion.pdf", "fecha": "2025-06-01", "tipo": "información pública", "url": "https://www.rivasciudad.es/geoportal/avance-pgou/", "coordSource": "municipio_centroid_jitter", "sectorKey": "rivas-vaciamadrid", "catalogSource": "ayuntamiento-portal"}}, {"type": "Feature", "geometry": {"type": "Point", "coordinates": [-3.5220301, 40.3559579]}, "properties": {"id": "rivas-proy-feea6a6e02806d", "municipio": "Rivas-Vaciamadrid", "titulo": "I.03_Fotografia-aerea.pdf", "fecha": "2025-06-01", "tipo": "documento PGOU", "url": "https://www.rivasciudad.es/geoportal/avance-pgou/", "coordSource": "municipio_centroid_jitter", "sectorKey": "rivas-vaciamadrid", "catalogSource": "ayuntamiento-portal"}}, {"type": "Feature", "geometry": {"type": "Point", "coordinates": [-3.5227048, 40.3564967]}, "properties": {"id": "rivas-proy-597e6f1d4ffbfa", "municipio": "Rivas-Vaciamadrid", "titulo": "estudio-detalle-parcela-rul-9-plan-parcial-sus-pp-b-cristo-de-rivas-pgou_PPDD.pdf", "fecha": "2023-04-01", "tipo": "planeamiento", "url": "https://www.rivasciudad.es/geoportal/normativa-urbanistica-vigente/", "coordSource": "municipio_centroid_jitter", "sectorKey": "rivas-vaciamadrid", "catalogSource": "ayuntamiento-portal"}}, {"type": "Feature", "geometry": {"type": "Point", "coordinates": [-3.5214309, 40.357146]}, "properties": {"id": "rivas-proy-2bb0f283acac41", "municipio": "Rivas-Vaciamadrid", "titulo": "aprobacion_inicial_modificacion_puntual_PGOU_junta_gobierno_local.pdf", "fecha": "2022-06-01", "tipo": "planeamiento", "url": "https://www.rivasciudad.es/geoportal/normativa-urbanistica-vigente/", "coordSource": "municipio_centroid_jitter", "sectorKey": "rivas-vaciamadrid", "catalogSource": "ayuntamiento-portal"}}, {"type": "Feature", "geometry": {"type": "Point", "coordinates": [-3.5214061, 40.3587037]}, "properties": {"id": "rivas-proy-57b294ce70b607", "municipio": "Rivas-Vaciamadrid", "titulo": "modificacion_puntual_n3_PGOU.pdf", "fecha": "2022-06-01", "tipo": "planeamiento", "url": "https://www.rivasciudad.es/geoportal/normativa-urbanistica-vigente/", "coordSource": "municipio_centroid_jitter", "sectorKey": "rivas-vaciamadrid", "catalogSource": "ayuntamiento-portal"}}, {"type": "Feature", "geometry": {"type": "Point", "coordinates": [-3.5214884, 40.3579002]}, "properties": {"id": "rivas-proy-6d2076e113ecc5", "municipio": "Rivas-Vaciamadrid", "titulo": "modificacion_puntual_n3_PGOU-RESUMEN-EJECUTIVO.pdf", "fecha": "2022-06-01", "tipo": "planeamiento", "url": "https://www.rivasciudad.es/geoportal/normativa-urbanistica-vigente/", "coordSource": "municipio_centroid_jitter", "sectorKey": "rivas-vaciamadrid", "catalogSource": "ayuntamiento-portal"}}, {"type": "Feature", "geometry": {"type": "Point", "coordinates": [-3.5217454, 40.355916]}, "properties": {"id": "rivas-proy-01272f8382eaac", "municipio": "Rivas-Vaciamadrid", "titulo": "PLAN_PARCIAL_LA_FORTUNA-PLANOS-DE-INFORMACION-I-7B-CALIFICACION-DEL-SUELO.pdf", "fecha": "2019-12-01", "tipo": "información pública", "url": "https://www.rivasciudad.es/geoportal/normativa-urbanistica-vigente/", "coordSource": "municipio_centroid_jitter", "sectorKey": "rivas-vaciamadrid", "catalogSource": "ayuntamiento-portal"}}, {"type": "Feature", "geometry": {"type": "Point", "coordinates": [-3.5219358, 40.3581028]}, "properties": {"id": "rivas-proy-01b6a5aa49eeed", "municipio": "Rivas-Vaciamadrid", "titulo": "PLAN_PARCIAL_LA_FORTUNA-PLANOS-DE-ORDENACION-PO-03-CALIFICACION-REGULACION.pdf", "fecha": "2019-12-01", "tipo": "planeamiento", "url": "https://www.rivasciudad.es/geoportal/normativa-urbanistica-vigente/", "coordSource": "municipio_centroid_jitter", "sectorKey": "rivas-vaciamadrid", "catalogSource": "ayuntamiento-portal"}}, {"type": "Feature", "geometry": {"type": "Point", "coordinates": [-3.5208189, 40.3574584]}, "properties": {"id": "rivas-proy-0234aed394c65f", "municipio": "Rivas-Vaciamadrid", "titulo": "PLAN_PARCIAL_LAS_COLINAS-PLANOS-INFRAESTRUCTURAS-IN-01-RED-VIARIA.pdf", "fecha": "2019-12-01", "tipo": "planeamiento", "url": "https://www.rivasciudad.es/geoportal/normativa-urbanistica-vigente/", "coordSource": "municipio_centroid_jitter", "sectorKey": "rivas-vaciamadrid", "catalogSource": "ayuntamiento-portal"}}, {"type": "Feature", "geometry": {"type": "Point", "coordinates": [-3.5219456, 40.3579055]}, "properties": {"id": "rivas-proy-03dccf1e233b3c", "municipio": "Rivas-Vaciamadrid", "titulo": "PGOU-2-ORDENACION-analisisAmbiental.pdf", "fecha": "2019-12-01", "tipo": "planeamiento", "url": "https://www.rivasciudad.es/geoportal/normativa-urbanistica-vigente/", "coordSource": "municipio_centroid_jitter", "sectorKey": "rivas-vaciamadrid", "catalogSource": "ayuntamiento-portal"}}, {"type": "Feature", "geometry": {"type": "Point", "coordinates": [-3.5223651, 40.3566023]}, "properties": {"id": "rivas-proy-03fd8eabb20868", "municipio": "Rivas-Vaciamadrid", "titulo": "PLAN_PARCIAL_CRISTO_DE_RIVAS_NORMAS_URBANISTICAS-ORDENANZAS-RCB_RCM.pdf", "fecha": "2019-12-01", "tipo": "planeamiento", "url": "https://www.rivasciudad.es/geoportal/normativa-urbanistica-vigente/", "coordSource": "municipio_centroid_jitter", "sectorKey": "rivas-vaciamadrid", "catalogSource": "ayuntamiento-portal"}}, {"type": "Feature", "geometry": {"type": "Point", "coordinates": [-3.5214745, 40.3581805]}, "properties": {"id": "rivas-proy-0593d652562fb2", "municipio": "Rivas-Vaciamadrid", "titulo": "PLAN_PARCIAL_LA_FORTUNA-PLANOS-DE-INFRAESTRUCTURAS-PI-02B-SECCIONES_VIALES.pdf", "fecha": "2019-12-01", "tipo": "planeamiento", "url": "https://www.rivasciudad.es/geoportal/normativa-urbanistica-vigente/", "coordSource": "municipio_centroid_jitter", "sectorKey": "rivas-vaciamadrid", "catalogSource": "ayuntamiento-portal"}}, {"type": "Feature", "geometry": {"type": "Point", "coordinates": [-3.5215284, 40.3573774]}, "properties": {"id": "rivas-proy-05a7431543bcb9", "municipio": "Rivas-Vaciamadrid", "titulo": "PGOU-2-ORDENACION-PLANOS-TOMO2-OR2000-08-7.pdf", "fecha": "2019-12-01", "tipo": "planeamiento", "url": "https://www.rivasciudad.es/geoportal/normativa-urbanistica-vigente/", "coordSource": "municipio_centroid_jitter", "sectorKey": "rivas-vaciamadrid", "catalogSource": "ayuntamiento-portal"}}, {"type": "Feature", "geometry": {"type": "Point", "coordinates": [-3.522114, 40.3565772]}, "properties": {"id": "rivas-proy-05b3ad1bf0188d", "municipio": "Rivas-Vaciamadrid", "titulo": "PLAN_PARCIAL_LA_FORTUNA-PLANOS-DE-INFRAESTRUCTURAS-PI-01A-RED_VIARIA.pdf", "fecha": "2019-12-01", "tipo": "planeamiento", "url": "https://www.rivasciudad.es/geoportal/normativa-urbanistica-vigente/", "coordSource": "municipio_centroid_jitter", "sectorKey": "rivas-vaciamadrid", "catalogSource": "ayuntamiento-portal"}}, {"type": "Feature", "geometry": {"type": "Point", "coordinates": [-3.5211683, 40.3576396]}, "properties": {"id": "rivas-proy-05db377627650e", "municipio": "Rivas-Vaciamadrid", "titulo": "PLAN_PARCIAL_MIRADOR-NORTE-15012008_PUBLICACION_BOCM_TEXTO-REFUNDIDO.pdf", "fecha": "2019-12-01", "tipo": "planeamiento", "url": "https://www.rivasciudad.es/geoportal/normativa-urbanistica-vigente/", "coordSource": "municipio_centroid_jitter", "sectorKey": "rivas-vaciamadrid", "catalogSource": "ayuntamiento-portal"}}, {"type": "Feature", "geometry": {"type": "Point", "coordinates": [-3.5199779, 40.3568149]}, "properties": {"id": "rivas-proy-06b66e2cf7f3b3", "municipio": "Rivas-Vaciamadrid", "titulo": "PLAN_PARCIAL_MIRADOR-NORTE-03_ORGANIZACION-Y-GESTION.pdf", "fecha": "2019-12-01", "tipo": "planeamiento", "url": "https://www.rivasciudad.es/geoportal/normativa-urbanistica-vigente/", "coordSource": "municipio_centroid_jitter", "sectorKey": "rivas-vaciamadrid", "catalogSource": "ayuntamiento-portal"}}, {"type": "Feature", "geometry": {"type": "Point", "coordinates": [-3.5215581, 40.3573497]}, "properties": {"id": "rivas-proy-07326177a73906", "municipio": "Rivas-Vaciamadrid", "titulo": "PGOU-2-ORDENACION-PLANOS-2_POR-CLASI.pdf", "fecha": "2019-12-01", "tipo": "planeamiento", "url": "https://www.rivasciudad.es/geoportal/normativa-urbanistica-vigente/", "coordSource": "municipio_centroid_jitter", "sectorKey": "rivas-vaciamadrid", "catalogSource": "ayuntamiento-portal"}}, {"type": "Feature", "geometry": {"type": "Point", "coordinates": [-3.5223544, 40.3563214]}, "properties": {"id": "rivas-proy-0d09477b9197cb", "municipio": "Rivas-Vaciamadrid", "titulo": "PLAN_PARCIAL_LA_FORTUNA-PLANOS-DE-ORDENACION-PO-01-DELIMITACION-DEL-AMBITO.pdf", "fecha": "2019-12-01", "tipo": "planeamiento", "url": "https://www.rivasciudad.es/geoportal/normativa-urbanistica-vigente/", "coordSource": "municipio_centroid_jitter", "sectorKey": "rivas-vaciamadrid", "catalogSource": "ayuntamiento-portal"}}, {"type": "Feature", "geometry": {"type": "Point", "coordinates": [-3.5212888, 40.3569915]}, "properties": {"id": "rivas-proy-0d20fda5626bbe", "municipio": "Rivas-Vaciamadrid", "titulo": "PLAN_PARCIAL_CRISTO_DE_RIVAS_PLANOS_INFORMACION-1.3.1-EDIFICACIONES-EXISTENTES.pdf", "fecha": "2019-12-01", "tipo": "información pública", "url": "https://www.rivasciudad.es/geoportal/normativa-urbanistica-vigente/", "coordSource": "municipio_centroid_jitter", "sectorKey": "rivas-vaciamadrid", "catalogSource": "ayuntamiento-portal"}}, {"type": "Feature", "geometry": {"type": "Point", "coordinates": [-3.5224303, 40.3570732]}, "properties": {"id": "rivas-proy-0ebb6587db9edd", "municipio": "Rivas-Vaciamadrid", "titulo": "PGOU-1-2-PLANOS-INFO-PI-03-ESTRUCTURA-ORGAN.pdf", "fecha": "2019-12-01", "tipo": "información pública", "url": "https://www.rivasciudad.es/geoportal/normativa-urbanistica-vigente/", "coordSource": "municipio_centroid_jitter", "sectorKey": "rivas-vaciamadrid", "catalogSource": "ayuntamiento-portal"}}, {"type": "Feature", "geometry": {"type": "Point", "coordinates": [-3.5213147, 40.3575834]}, "properties": {"id": "rivas-proy-0fb7bad4cb1a27", "municipio": "Rivas-Vaciamadrid", "titulo": "PGOU-2-ORDENACION-PLANOS-TOMO2-OR2000-04-5.pdf", "fecha": "2019-12-01", "tipo": "planeamiento", "url": "https://www.rivasciudad.es/geoportal/normativa-urbanistica-vigente/", "coordSource": "municipio_centroid_jitter", "sectorKey": "rivas-vaciamadrid", "catalogSource": "ayuntamiento-portal"}}, {"type": "Feature", "geometry": {"type": "Point", "coordinates": [-3.5211431, 40.3562005]}, "properties": {"id": "rivas-proy-11db84ee0dfcd7", "municipio": "Rivas-Vaciamadrid", "titulo": "PLAN_PARCIAL_CRISTO_DE_RIVAS_PLANOS_INFORMACION-1.4.2-Geológico.pdf", "fecha": "2019-12-01", "tipo": "información pública", "url": "https://www.rivasciudad.es/geoportal/normativa-urbanistica-vigente/", "coordSource": "municipio_centroid_jitter", "sectorKey": "rivas-vaciamadrid", "catalogSource": "ayuntamiento-portal"}}, {"type": "Feature", "geometry": {"type": "Point", "coordinates": [-3.5225895, 40.357953]}, "properties": {"id": "rivas-proy-13b6260cc805e9", "municipio": "Rivas-Vaciamadrid", "titulo": "PGOU-1-2-PLANOS-INFO-PI-02-CALIFICACION.pdf", "fecha": "2019-12-01", "tipo": "información pública", "url": "https://www.rivasciudad.es/geoportal/normativa-urbanistica-vigente/", "coordSource": "municipio_centroid_jitter", "sectorKey": "rivas-vaciamadrid", "catalogSource": "ayuntamiento-portal"}}, {"type": "Feature", "geometry": {"type": "Point", "coordinates": [-3.5220622, 40.3564772]}, "properties": {"id": "rivas-proy-160d2c242246b7", "municipio": "Rivas-Vaciamadrid", "titulo": "PGOU-2-ORDENACION-PLANOS-TOMO3-CL5000-02.pdf", "fecha": "2019-12-01", "tipo": "planeamiento", "url": "https://www.rivasciudad.es/geoportal/normativa-urbanistica-vigente/", "coordSource": "municipio_centroid_jitter", "sectorKey": "rivas-vaciamadrid", "catalogSource": "ayuntamiento-portal"}}, {"type": "Feature", "geometry": {"type": "Point", "coordinates": [-3.5225532, 40.3578083]}, "properties": {"id": "rivas-proy-16312d007a23bd", "municipio": "Rivas-Vaciamadrid", "titulo": "PGOU-PLANOS-ZOUP-08-CASCO-URBANO.pdf", "fecha": "2019-12-01", "tipo": "planeamiento", "url": "https://www.rivasciudad.es/geoportal/normativa-urbanistica-vigente/", "coordSource": "municipio_centroid_jitter", "sectorKey": "rivas-vaciamadrid", "catalogSource": "ayuntamiento-portal"}}, {"type": "Feature", "geometry": {"type": "Point", "coordinates": [-3.5216172, 40.3576871]}, "properties": {"id": "rivas-proy-171f889c4d675d", "municipio": "Rivas-Vaciamadrid", "titulo": "PLAN_PARCIAL_LA_FORTUNA-PLANOS-DE-INFORMACION-I-5-USOS-ACTUALES.pdf", "fecha": "2019-12-01", "tipo": "información pública", "url": "https://www.rivasciudad.es/geoportal/normativa-urbanistica-vigente/", "coordSource": "municipio_centroid_jitter", "sectorKey": "rivas-vaciamadrid", "catalogSource": "ayuntamiento-portal"}}, {"type": "Feature", "geometry": {"type": "Point", "coordinates": [-3.5223398, 40.3572722]}, "properties": {"id": "rivas-proy-1832c6ce173308", "municipio": "Rivas-Vaciamadrid", "titulo": "PGOU-2-ORDENACION-PLANOS-TOMO3-CL5000-13.pdf", "fecha": "2019-12-01", "tipo": "planeamiento", "url": "https://www.rivasciudad.es/geoportal/normativa-urbanistica-vigente/", "coordSource": "municipio_centroid_jitter", "sectorKey": "rivas-vaciamadrid", "catalogSource": "ayuntamiento-portal"}}, {"type": "Feature", "geometry": {"type": "Point", "coordinates": [-3.5214801, 40.3575486]}, "properties": {"id": "rivas-proy-187d2df310cbc0", "municipio": "Rivas-Vaciamadrid", "titulo": "PLAN_PARCIAL_LA_FORTUNA-PLANOS-DE-INFRAESTRUCTURAS-PI-05A-RED_SANEA-PLU.pdf", "fecha": "2019-12-01", "tipo": "planeamiento", "url": "https://www.rivasciudad.es/geoportal/normativa-urbanistica-vigente/", "coordSource": "municipio_centroid_jitter", "sectorKey": "rivas-vaciamadrid", "catalogSource": "ayuntamiento-portal"}}, {"type": "Feature", "geometry": {"type": "Point", "coordinates": [-3.5220213, 40.35781]}, "properties": {"id": "rivas-proy-18a06ccd4390e1", "municipio": "Rivas-Vaciamadrid", "titulo": "PLAN_PARCIAL_LAS_COLINAS-PLANOS-INFORMACION-I_06-DELIMITACION.pdf", "fecha": "2019-12-01", "tipo": "información pública", "url": "https://www.rivasciudad.es/geoportal/normativa-urbanistica-vigente/", "coordSource": "municipio_centroid_jitter", "sectorKey": "rivas-vaciamadrid", "catalogSource": "ayuntamiento-portal"}}, {"type": "Feature", "geometry": {"type": "Point", "coordinates": [-3.521553, 40.3585261]}, "properties": {"id": "rivas-proy-18ab9312d02514", "municipio": "Rivas-Vaciamadrid", "titulo": "PLAN_PARCIAL_LAS_COLINAS-INFORMACION-PLAN_DE_ALARMA.pdf", "fecha": "2019-12-01", "tipo": "información pública", "url": "https://www.rivasciudad.es/geoportal/normativa-urbanistica-vigente/", "coordSource": "municipio_centroid_jitter", "sectorKey": "rivas-vaciamadrid", "catalogSource": "ayuntamiento-portal"}}, {"type": "Feature", "geometry": {"type": "Point", "coordinates": [-3.5234533, 40.3573015]}, "properties": {"id": "rivas-proy-1a04b5f50405cb", "municipio": "Rivas-Vaciamadrid", "titulo": "PLAN_PARCIAL_CRISTO_DE_RIVAS_PLANOS_INFRAESTRUCTURAS-2.2.8-Red-de-Teleco.pdf", "fecha": "2019-12-01", "tipo": "planeamiento", "url": "https://www.rivasciudad.es/geoportal/normativa-urbanistica-vigente/", "coordSource": "municipio_centroid_jitter", "sectorKey": "rivas-vaciamadrid", "catalogSource": "ayuntamiento-portal"}}, {"type": "Feature", "geometry": {"type": "Point", "coordinates": [-3.521417, 40.3567826]}, "properties": {"id": "rivas-proy-1d30bcce890be5", "municipio": "Rivas-Vaciamadrid", "titulo": "PGOU-PLANOS-ZOUP-10-A2.pdf", "fecha": "2019-12-01", "tipo": "planeamiento", "url": "https://www.rivasciudad.es/geoportal/normativa-urbanistica-vigente/", "coordSource": "municipio_centroid_jitter", "sectorKey": "rivas-vaciamadrid", "catalogSource": "ayuntamiento-portal"}}, {"type": "Feature", "geometry": {"type": "Point", "coordinates": [-3.5206494, 40.3561933]}, "properties": {"id": "rivas-proy-1d812007313d70", "municipio": "Rivas-Vaciamadrid", "titulo": "PGOU-1-2-PLANOS-INFO-PI-01-CLASIFICACION.pdf", "fecha": "2019-12-01", "tipo": "información pública", "url": "https://www.rivasciudad.es/geoportal/normativa-urbanistica-vigente/", "coordSource": "municipio_centroid_jitter", "sectorKey": "rivas-vaciamadrid", "catalogSource": "ayuntamiento-portal"}}, {"type": "Feature", "geometry": {"type": "Point", "coordinates": [-3.5206211, 40.3578478]}, "properties": {"id": "rivas-proy-1f89353636f7c9", "municipio": "Rivas-Vaciamadrid", "titulo": "PLAN_PARCIAL_LAS_COLINAS-INFORMACION-CONVENIOS_HOJAS_PGOU.pdf", "fecha": "2019-12-01", "tipo": "información pública", "url": "https://www.rivasciudad.es/geoportal/normativa-urbanistica-vigente/", "coordSource": "municipio_centroid_jitter", "sectorKey": "rivas-vaciamadrid", "catalogSource": "ayuntamiento-portal"}}, {"type": "Feature", "geometry": {"type": "Point", "coordinates": [-3.5208093, 40.3580818]}, "properties": {"id": "rivas-proy-24c4a4c8342b62", "municipio": "Rivas-Vaciamadrid", "titulo": "PGOU-2-ORDENACION-PLANOS-TOMO3-CL5000-06.pdf", "fecha": "2019-12-01", "tipo": "planeamiento", "url": "https://www.rivasciudad.es/geoportal/normativa-urbanistica-vigente/", "coordSource": "municipio_centroid_jitter", "sectorKey": "rivas-vaciamadrid", "catalogSource": "ayuntamiento-portal"}}, {"type": "Feature", "geometry": {"type": "Point", "coordinates": [-3.5222595, 40.3565549]}, "properties": {"id": "rivas-proy-24da2844f442c0", "municipio": "Rivas-Vaciamadrid", "titulo": "PLAN_PARCIAL_CRISTO_DE_RIVAS_NORMAS_URBANISTICAS-ORDENANZAS-RUL.pdf", "fecha": "2019-12-01", "tipo": "planeamiento", "url": "https://www.rivasciudad.es/geoportal/normativa-urbanistica-vigente/", "coordSource": "municipio_centroid_jitter", "sectorKey": "rivas-vaciamadrid", "catalogSource": "ayuntamiento-portal"}}, {"type": "Feature", "geometry": {"type": "Point", "coordinates": [-3.521333, 40.3575992]}, "properties": {"id": "rivas-proy-26b6e42538228d", "municipio": "Rivas-Vaciamadrid", "titulo": "PLAN_PARCIAL_LAS_COLINAS-PLANOS-INFRAESTRUCTURAS-IN-04c-PERFILES-LONGITUDINALES.pdf", "fecha": "2019-12-01", "tipo": "planeamiento", "url": "https://www.rivasciudad.es/geoportal/normativa-urbanistica-vigente/", "coordSource": "municipio_centroid_jitter", "sectorKey": "rivas-vaciamadrid", "catalogSource": "ayuntamiento-portal"}}, {"type": "Feature", "geometry": {"type": "Point", "coordinates": [-3.5217856, 40.3580279]}, "properties": {"id": "rivas-proy-26e28a42be828b", "municipio": "Rivas-Vaciamadrid", "titulo": "PLAN_PARCIAL_LA_FORTUNA-PLANOS-DE-INFRAESTRUCTURAS-PI-04B-RED_RIEGO.pdf", "fecha": "2019-12-01", "tipo": "planeamiento", "url": "https://www.rivasciudad.es/geoportal/normativa-urbanistica-vigente/", "coordSource": "municipio_centroid_jitter", "sectorKey": "rivas-vaciamadrid", "catalogSource": "ayuntamiento-portal"}}, {"type": "Feature", "geometry": {"type": "Point", "coordinates": [-3.5202071, 40.3570711]}, "properties": {"id": "rivas-proy-277773a9f54438", "municipio": "Rivas-Vaciamadrid", "titulo": "PGOU-2-ORDENACION-PLANOS-TOMO2-OR2000-04-7.pdf", "fecha": "2019-12-01", "tipo": "planeamiento", "url": "https://www.rivasciudad.es/geoportal/normativa-urbanistica-vigente/", "coordSource": "municipio_centroid_jitter", "sectorKey": "rivas-vaciamadrid", "catalogSource": "ayuntamiento-portal"}}, {"type": "Feature", "geometry": {"type": "Point", "coordinates": [-3.5225889, 40.358398]}, "properties": {"id": "rivas-proy-2da6914d105719", "municipio": "Rivas-Vaciamadrid", "titulo": "PGOU-2-ORDENACION-PLANOS-TOMO2-OR2000-07-6.pdf", "fecha": "2019-12-01", "tipo": "planeamiento", "url": "https://www.rivasciudad.es/geoportal/normativa-urbanistica-vigente/", "coordSource": "municipio_centroid_jitter", "sectorKey": "rivas-vaciamadrid", "catalogSource": "ayuntamiento-portal"}}, {"type": "Feature", "geometry": {"type": "Point", "coordinates": [-3.5209265, 40.35891]}, "properties": {"id": "rivas-proy-2fe67bb1c072e3", "municipio": "Rivas-Vaciamadrid", "titulo": "PLAN_PARCIAL_LA_FORTUNA-PLANOS-DE-INFORMACION-I-6B-CLASIFICACION-DEL-SUELO.pdf", "fecha": "2019-12-01", "tipo": "información pública", "url": "https://www.rivasciudad.es/geoportal/normativa-urbanistica-vigente/", "coordSource": "municipio_centroid_jitter", "sectorKey": "rivas-vaciamadrid", "catalogSource": "ayuntamiento-portal"}}, {"type": "Feature", "geometry": {"type": "Point", "coordinates": [-3.522597, 40.3575531]}, "properties": {"id": "rivas-proy-3003feded78e3d", "municipio": "Rivas-Vaciamadrid", "titulo": "PLAN_PARCIAL_CRISTO_DE_RIVAS_PLANOS_INFORMACION-1.3.2-YACIMIENTOS-ARQUEOLOGICOS.pdf", "fecha": "2019-12-01", "tipo": "información pública", "url": "https://www.rivasciudad.es/geoportal/normativa-urbanistica-vigente/", "coordSource": "municipio_centroid_jitter", "sectorKey": "rivas-vaciamadrid", "catalogSource": "ayuntamiento-portal"}}, {"type": "Feature", "geometry": {"type": "Point", "coordinates": [-3.5220884, 40.3585809]}, "properties": {"id": "rivas-proy-30ecc0952f23cc", "municipio": "Rivas-Vaciamadrid", "titulo": "PGOU-1-2-PLANOS-INFO-PI-06-SUELOS-CONTAMINADOS.pdf", "fecha": "2019-12-01", "tipo": "información pública", "url": "https://www.rivasciudad.es/geoportal/normativa-urbanistica-vigente/", "coordSource": "municipio_centroid_jitter", "sectorKey": "rivas-vaciamadrid", "catalogSource": "ayuntamiento-portal"}}, {"type": "Feature", "geometry": {"type": "Point", "coordinates": [-3.5216179, 40.3582825]}, "properties": {"id": "rivas-proy-33ae8209d7c802", "municipio": "Rivas-Vaciamadrid", "titulo": "PLAN_PARCIAL_LAS_COLINAS-PLANOS-ORDENACION-O_01CALIFICACION.pdf", "fecha": "2019-12-01", "tipo": "planeamiento", "url": "https://www.rivasciudad.es/geoportal/normativa-urbanistica-vigente/", "coordSource": "municipio_centroid_jitter", "sectorKey": "rivas-vaciamadrid", "catalogSource": "ayuntamiento-portal"}}, {"type": "Feature", "geometry": {"type": "Point", "coordinates": [-3.521624, 40.3574867]}, "properties": {"id": "rivas-proy-33c59d829ce8b1", "municipio": "Rivas-Vaciamadrid", "titulo": "PGOU-2-ORDENACION-PLANOS-1_POR-CALI.pdf", "fecha": "2019-12-01", "tipo": "planeamiento", "url": "https://www.rivasciudad.es/geoportal/normativa-urbanistica-vigente/", "coordSource": "municipio_centroid_jitter", "sectorKey": "rivas-vaciamadrid", "catalogSource": "ayuntamiento-portal"}}, {"type": "Feature", "geometry": {"type": "Point", "coordinates": [-3.5209792, 40.3580073]}, "properties": {"id": "rivas-proy-33ef2326a9beee", "municipio": "Rivas-Vaciamadrid", "titulo": "PLAN_PARCIAL_LAS_COLINAS-PLANOS-INFRAESTRUCTURAS-IN-04b-PERFILES-LONGITUDINALES.pdf", "fecha": "2019-12-01", "tipo": "planeamiento", "url": "https://www.rivasciudad.es/geoportal/normativa-urbanistica-vigente/", "coordSource": "municipio_centroid_jitter", "sectorKey": "rivas-vaciamadrid", "catalogSource": "ayuntamiento-portal"}}, {"type": "Feature", "geometry": {"type": "Point", "coordinates": [-3.5215638, 40.3590795]}, "properties": {"id": "rivas-proy-351daa45c1ca40", "municipio": "Rivas-Vaciamadrid", "titulo": "PLAN_PARCIAL_LA_FORTUNA-PLANOS-DE-ORDENACION-PO-04-ALINEACIONES-Y-RASANTES.pdf", "fecha": "2019-12-01", "tipo": "planeamiento", "url": "https://www.rivasciudad.es/geoportal/normativa-urbanistica-vigente/", "coordSource": "municipio_centroid_jitter", "sectorKey": "rivas-vaciamadrid", "catalogSource": "ayuntamiento-portal"}}, {"type": "Feature", "geometry": {"type": "Point", "coordinates": [-3.5217113, 40.3583073]}, "properties": {"id": "rivas-proy-363e9388fbdc81", "municipio": "Rivas-Vaciamadrid", "titulo": "PGOU-2-ORDENACION-PLANOS-TOMO3-CL5000-08.pdf", "fecha": "2019-12-01", "tipo": "planeamiento", "url": "https://www.rivasciudad.es/geoportal/normativa-urbanistica-vigente/", "coordSource": "municipio_centroid_jitter", "sectorKey": "rivas-vaciamadrid", "catalogSource": "ayuntamiento-portal"}}, {"type": "Feature", "geometry": {"type": "Point", "coordinates": [-3.5206017, 40.3578876]}, "properties": {"id": "rivas-proy-3696fe1d94c70f", "municipio": "Rivas-Vaciamadrid", "titulo": "PGOU-2-ORDENACION-PLANOS-7_INFRA-GAS.pdf", "fecha": "2019-12-01", "tipo": "planeamiento", "url": "https://www.rivasciudad.es/geoportal/normativa-urbanistica-vigente/", "coordSource": "municipio_centroid_jitter", "sectorKey": "rivas-vaciamadrid", "catalogSource": "ayuntamiento-portal"}}, {"type": "Feature", "geometry": {"type": "Point", "coordinates": [-3.5229973, 40.3574068]}, "properties": {"id": "rivas-proy-37f3f7187318e3", "municipio": "Rivas-Vaciamadrid", "titulo": "PGOU-2-ORDENACION-NORMAS-URBANISTICAS.pdf", "fecha": "2019-12-01", "tipo": "planeamiento", "url": "https://www.rivasciudad.es/geoportal/normativa-urbanistica-vigente/", "coordSource": "municipio_centroid_jitter", "sectorKey": "rivas-vaciamadrid", "catalogSource": "ayuntamiento-portal"}}, {"type": "Feature", "geometry": {"type": "Point", "coordinates": [-3.5218346, 40.3571776]}, "properties": {"id": "rivas-proy-395b1ccc09fb24", "municipio": "Rivas-Vaciamadrid", "titulo": "PLAN_PARCIAL_CRISTO_DE_RIVAS_PLANOS_INFORMACION-1.1.1-SITUACION.pdf", "fecha": "2019-12-01", "tipo": "información pública", "url": "https://www.rivasciudad.es/geoportal/normativa-urbanistica-vigente/", "coordSource": "municipio_centroid_jitter", "sectorKey": "rivas-vaciamadrid", "catalogSource": "ayuntamiento-portal"}}, {"type": "Feature", "geometry": {"type": "Point", "coordinates": [-3.5211117, 40.3576579]}, "properties": {"id": "rivas-proy-3a6a74632de183", "municipio": "Rivas-Vaciamadrid", "titulo": "MODIF_PULTUAL_2_PGOU-MEMORIA.pdf", "fecha": "2019-12-01", "tipo": "planeamiento", "url": "https://www.rivasciudad.es/geoportal/normativa-urbanistica-vigente/", "coordSource": "municipio_centroid_jitter", "sectorKey": "rivas-vaciamadrid", "catalogSource": "ayuntamiento-portal"}}, {"type": "Feature", "geometry": {"type": "Point", "coordinates": [-3.5218253, 40.3578855]}, "properties": {"id": "rivas-proy-3d18af60613fad", "municipio": "Rivas-Vaciamadrid", "titulo": "PLAN_PARCIAL_CRISTO_DE_RIVAS_PLANOS_INFRAESTRUCTURAS_MUNICIPALES-1.5.5-OLEODUCTO.pdf", "fecha": "2019-12-01", "tipo": "planeamiento", "url": "https://www.rivasciudad.es/geoportal/normativa-urbanistica-vigente/", "coordSource": "municipio_centroid_jitter", "sectorKey": "rivas-vaciamadrid", "catalogSource": "ayuntamiento-portal"}}, {"type": "Feature", "geometry": {"type": "Point", "coordinates": [-3.5207219, 40.357394]}, "properties": {"id": "rivas-proy-3eda4f34adb24e", "municipio": "Rivas-Vaciamadrid", "titulo": "PGOU-2-ORDENACION-PLANOS-TOMO3-CL5000-03.pdf", "fecha": "2019-12-01", "tipo": "planeamiento", "url": "https://www.rivasciudad.es/geoportal/normativa-urbanistica-vigente/", "coordSource": "municipio_centroid_jitter", "sectorKey": "rivas-vaciamadrid", "catalogSource": "ayuntamiento-portal"}}, {"type": "Feature", "geometry": {"type": "Point", "coordinates": [-3.5215012, 40.3583602]}, "properties": {"id": "rivas-proy-43945502c69a34", "municipio": "Rivas-Vaciamadrid", "titulo": "PLAN_PARCIAL_LAS_COLINAS-INFORMACION-MEMORIA.pdf", "fecha": "2019-12-01", "tipo": "información pública", "url": "https://www.rivasciudad.es/geoportal/normativa-urbanistica-vigente/", "coordSource": "municipio_centroid_jitter", "sectorKey": "rivas-vaciamadrid", "catalogSource": "ayuntamiento-portal"}}, {"type": "Feature", "geometry": {"type": "Point", "coordinates": [-3.5222179, 40.3569389]}, "properties": {"id": "rivas-proy-440534dcaa8a4f", "municipio": "Rivas-Vaciamadrid", "titulo": "PGOU-2-ORDENACION-PLANOS-TOMO2-OR2000-12-5.pdf", "fecha": "2019-12-01", "tipo": "planeamiento", "url": "https://www.rivasciudad.es/geoportal/normativa-urbanistica-vigente/", "coordSource": "municipio_centroid_jitter", "sectorKey": "rivas-vaciamadrid", "catalogSource": "ayuntamiento-portal"}}, {"type": "Feature", "geometry": {"type": "Point", "coordinates": [-3.5222554, 40.3576527]}, "properties": {"id": "rivas-proy-45d8a71d7a096e", "municipio": "Rivas-Vaciamadrid", "titulo": "PGOU-2-ORDENACION-PLANOS-5_INFRA-SANE.pdf", "fecha": "2019-12-01", "tipo": "planeamiento", "url": "https://www.rivasciudad.es/geoportal/normativa-urbanistica-vigente/", "coordSource": "municipio_centroid_jitter", "sectorKey": "rivas-vaciamadrid", "catalogSource": "ayuntamiento-portal"}}, {"type": "Feature", "geometry": {"type": "Point", "coordinates": [-3.5221056, 40.3563143]}, "properties": {"id": "rivas-proy-4667f3b5fc006f", "municipio": "Rivas-Vaciamadrid", "titulo": "PLAN_PARCIAL_CRISTO_DE_RIVAS_PLANOS_INFRAESTRUCTURAS-2.2.7-Red-de-Gas.pdf", "fecha": "2019-12-01", "tipo": "planeamiento", "url": "https://www.rivasciudad.es/geoportal/normativa-urbanistica-vigente/", "coordSource": "municipio_centroid_jitter", "sectorKey": "rivas-vaciamadrid", "catalogSource": "ayuntamiento-portal"}}, {"type": "Feature", "geometry": {"type": "Point", "coordinates": [-3.5220403, 40.3573216]}, "properties": {"id": "rivas-proy-46caafff15cad7", "municipio": "Rivas-Vaciamadrid", "titulo": "PLAN_PARCIAL_CRISTO_DE_RIVAS_PLANOS_INFRAESTRUCTURAS-2.2.2-Red-Sanea-FECALES.pdf", "fecha": "2019-12-01", "tipo": "planeamiento", "url": "https://www.rivasciudad.es/geoportal/normativa-urbanistica-vigente/", "coordSource": "municipio_centroid_jitter", "sectorKey": "rivas-vaciamadrid", "catalogSource": "ayuntamiento-portal"}}, {"type": "Feature", "geometry": {"type": "Point", "coordinates": [-3.5213049, 40.3573754]}, "properties": {"id": "rivas-proy-476c3df7bc12eb", "municipio": "Rivas-Vaciamadrid", "titulo": "PLAN_PARCIAL_LA_FORTUNA-PLANOS-DE-INFORMACION-I-4-AFECCIONES-Y-SERVIDUMBRES.pdf", "fecha": "2019-12-01", "tipo": "información pública", "url": "https://www.rivasciudad.es/geoportal/normativa-urbanistica-vigente/", "coordSource": "municipio_centroid_jitter", "sectorKey": "rivas-vaciamadrid", "catalogSource": "ayuntamiento-portal"}}, {"type": "Feature", "geometry": {"type": "Point", "coordinates": [-3.5212227, 40.3563468]}, "properties": {"id": "rivas-proy-51e947ae43d37e", "municipio": "Rivas-Vaciamadrid", "titulo": "PLAN_PARCIAL_LAS_COLINAS-PLANOS-INFRAESTRUCTURAS-IN-08-RED-MEDIA-Y-BAJA.pdf", "fecha": "2019-12-01", "tipo": "planeamiento", "url": "https://www.rivasciudad.es/geoportal/normativa-urbanistica-vigente/", "coordSource": "municipio_centroid_jitter", "sectorKey": "rivas-vaciamadrid", "catalogSource": "ayuntamiento-portal"}}, {"type": "Feature", "geometry": {"type": "Point", "coordinates": [-3.5206074, 40.3566299]}, "properties": {"id": "rivas-proy-5547d53cff4bdb", "municipio": "Rivas-Vaciamadrid", "titulo": "PLAN_PARCIAL_LAS_COLINAS-PLANOS-INFORMACION-I_01-SITUACION.pdf", "fecha": "2019-12-01", "tipo": "información pública", "url": "https://www.rivasciudad.es/geoportal/normativa-urbanistica-vigente/", "coordSource": "municipio_centroid_jitter", "sectorKey": "rivas-vaciamadrid", "catalogSource": "ayuntamiento-portal"}}, {"type": "Feature", "geometry": {"type": "Point", "coordinates": [-3.5207569, 40.3571584]}, "properties": {"id": "rivas-proy-5726d5bdba5746", "municipio": "Rivas-Vaciamadrid", "titulo": "PLAN_PARCIAL_LA_FORTUNA-PLANOS-DE-INFORMACION-I-7A-CALIFICACION-DEL-SUELO.pdf", "fecha": "2019-12-01", "tipo": "información pública", "url": "https://www.rivasciudad.es/geoportal/normativa-urbanistica-vigente/", "coordSource": "municipio_centroid_jitter", "sectorKey": "rivas-vaciamadrid", "catalogSource": "ayuntamiento-portal"}}, {"type": "Feature", "geometry": {"type": "Point", "coordinates": [-3.5211231, 40.3590739]}, "properties": {"id": "rivas-proy-5855feb0a64afd", "municipio": "Rivas-Vaciamadrid", "titulo": "PGOU-2-ORDENACION-PLANOS-TOMO2-OR2000-12-1-.pdf", "fecha": "2019-12-01", "tipo": "planeamiento", "url": "https://www.rivasciudad.es/geoportal/normativa-urbanistica-vigente/", "coordSource": "municipio_centroid_jitter", "sectorKey": "rivas-vaciamadrid", "catalogSource": "ayuntamiento-portal"}}, {"type": "Feature", "geometry": {"type": "Point", "coordinates": [-3.5224326, 40.357961]}, "properties": {"id": "rivas-proy-58a2b60a1eb531", "municipio": "Rivas-Vaciamadrid", "titulo": "PGOU-2-ORDENACION-PLANOS-TOMO3-CL5000-01.pdf", "fecha": "2019-12-01", "tipo": "planeamiento", "url": "https://www.rivasciudad.es/geoportal/normativa-urbanistica-vigente/", "coordSource": "municipio_centroid_jitter", "sectorKey": "rivas-vaciamadrid", "catalogSource": "ayuntamiento-portal"}}, {"type": "Feature", "geometry": {"type": "Point", "coordinates": [-3.5218811, 40.3569954]}, "properties": {"id": "rivas-proy-59b7a9b45a852f", "municipio": "Rivas-Vaciamadrid", "titulo": "PGOU-2-ORDENACION-PLANOS-TOMO3-CL5000-18.pdf", "fecha": "2019-12-01", "tipo": "planeamiento", "url": "https://www.rivasciudad.es/geoportal/normativa-urbanistica-vigente/", "coordSource": "municipio_centroid_jitter", "sectorKey": "rivas-vaciamadrid", "catalogSource": "ayuntamiento-portal"}}, {"type": "Feature", "geometry": {"type": "Point", "coordinates": [-3.5201382, 40.3572223]}, "properties": {"id": "rivas-proy-5cd23ce8581156", "municipio": "Rivas-Vaciamadrid", "titulo": "PLAN_PARCIAL_CRISTO_DE_RIVAS_PLANOS_INFRAESTRUCTURAS_MUNICIPALES-1.5.4-ABASTECIMIENTO-AGUA.pdf", "fecha": "2019-12-01", "tipo": "planeamiento", "url": "https://www.rivasciudad.es/geoportal/normativa-urbanistica-vigente/", "coordSource": "municipio_centroid_jitter", "sectorKey": "rivas-vaciamadrid", "catalogSource": "ayuntamiento-portal"}}, {"type": "Feature", "geometry": {"type": "Point", "coordinates": [-3.5213987, 40.3574674]}, "properties": {"id": "rivas-proy-5d4d4e234a75c5", "municipio": "Rivas-Vaciamadrid", "titulo": "PLAN_PARCIAL_CRISTO_DE_RIVAS_NORMAS_URBANISTICAS-ORDENANZAS-AREAS-NORMATIVAS.pdf", "fecha": "2019-12-01", "tipo": "planeamiento", "url": "https://www.rivasciudad.es/geoportal/normativa-urbanistica-vigente/", "coordSource": "municipio_centroid_jitter", "sectorKey": "rivas-vaciamadrid", "catalogSource": "ayuntamiento-portal"}}, {"type": "Feature", "geometry": {"type": "Point", "coordinates": [-3.5196757, 40.3574744]}, "properties": {"id": "rivas-proy-5ee644100eb3ee", "municipio": "Rivas-Vaciamadrid", "titulo": "PLAN_PARCIAL_CRISTO_DE_RIVAS_PLANOS_INFRAESTRUCTURAS-2.2.6-Red-Electrica.pdf", "fecha": "2019-12-01", "tipo": "planeamiento", "url": "https://www.rivasciudad.es/geoportal/normativa-urbanistica-vigente/", "coordSource": "municipio_centroid_jitter", "sectorKey": "rivas-vaciamadrid", "catalogSource": "ayuntamiento-portal"}}, {"type": "Feature", "geometry": {"type": "Point", "coordinates": [-3.5220712, 40.3576674]}, "properties": {"id": "rivas-proy-6079583182c18e", "municipio": "Rivas-Vaciamadrid", "titulo": "PGOU-2-ORDENACION-MEMORIA-JUSTIFICATIVA.pdf", "fecha": "2019-12-01", "tipo": "planeamiento", "url": "https://www.rivasciudad.es/geoportal/normativa-urbanistica-vigente/", "coordSource": "municipio_centroid_jitter", "sectorKey": "rivas-vaciamadrid", "catalogSource": "ayuntamiento-portal"}}, {"type": "Feature", "geometry": {"type": "Point", "coordinates": [-3.5196521, 40.3577086]}, "properties": {"id": "rivas-proy-609bad9fdbd55e", "municipio": "Rivas-Vaciamadrid", "titulo": "PGOU-PLANOS-ZOUP-17-S7.pdf", "fecha": "2019-12-01", "tipo": "planeamiento", "url": "https://www.rivasciudad.es/geoportal/normativa-urbanistica-vigente/", "coordSource": "municipio_centroid_jitter", "sectorKey": "rivas-vaciamadrid", "catalogSource": "ayuntamiento-portal"}}, {"type": "Feature", "geometry": {"type": "Point", "coordinates": [-3.5226937, 40.3564708]}, "properties": {"id": "rivas-proy-61731df4db9216", "municipio": "Rivas-Vaciamadrid", "titulo": "PLAN_PARCIAL_CRISTO_DE_RIVAS_PLANOS_INFRAESTRUCTURAS-2.2.1-Red-de-Agua.pdf", "fecha": "2019-12-01", "tipo": "planeamiento", "url": "https://www.rivasciudad.es/geoportal/normativa-urbanistica-vigente/", "coordSource": "municipio_centroid_jitter", "sectorKey": "rivas-vaciamadrid", "catalogSource": "ayuntamiento-portal"}}, {"type": "Feature", "geometry": {"type": "Point", "coordinates": [-3.5213504, 40.357052]}, "properties": {"id": "rivas-proy-6299b88fa1f0a6", "municipio": "Rivas-Vaciamadrid", "titulo": "PLAN_PARCIAL_CRISTO_DE_RIVAS_PLANOS_INFRAESTRUCTURAS_MUNICIPALES-1.5.6-RED-FERROVIARIA.pdf", "fecha": "2019-12-01", "tipo": "planeamiento", "url": "https://www.rivasciudad.es/geoportal/normativa-urbanistica-vigente/", "coordSource": "municipio_centroid_jitter", "sectorKey": "rivas-vaciamadrid", "catalogSource": "ayuntamiento-portal"}}, {"type": "Feature", "geometry": {"type": "Point", "coordinates": [-3.5208282, 40.3589557]}, "properties": {"id": "rivas-proy-64733ffe975d5d", "municipio": "Rivas-Vaciamadrid", "titulo": "PLAN_PARCIAL_LAS_COLINAS-PLANOS-INFRAESTRUCTURAS-IN-13-PLAN-DE-ALARMA.pdf", "fecha": "2019-12-01", "tipo": "planeamiento", "url": "https://www.rivasciudad.es/geoportal/normativa-urbanistica-vigente/", "coordSource": "municipio_centroid_jitter", "sectorKey": "rivas-vaciamadrid", "catalogSource": "ayuntamiento-portal"}}, {"type": "Feature", "geometry": {"type": "Point", "coordinates": [-3.5211104, 40.3581209]}, "properties": {"id": "rivas-proy-6650abc4976028", "municipio": "Rivas-Vaciamadrid", "titulo": "PGOU-2-ORDENACION-PLANOS-TOMO2-OR2000-07-5.pdf", "fecha": "2019-12-01", "tipo": "planeamiento", "url": "https://www.rivasciudad.es/geoportal/normativa-urbanistica-vigente/", "coordSource": "municipio_centroid_jitter", "sectorKey": "rivas-vaciamadrid", "catalogSource": "ayuntamiento-portal"}}, {"type": "Feature", "geometry": {"type": "Point", "coordinates": [-3.5216, 40.3574111]}, "properties": {"id": "rivas-proy-6691ce3eefdc7a", "municipio": "Rivas-Vaciamadrid", "titulo": "PLAN_PARCIAL_CRISTO_DE_RIVAS_NORMAS_URBANISTICAS-ORDENANZAS-110-110.pdf", "fecha": "2019-12-01", "tipo": "planeamiento", "url": "https://www.rivasciudad.es/geoportal/normativa-urbanistica-vigente/", "coordSource": "municipio_centroid_jitter", "sectorKey": "rivas-vaciamadrid", "catalogSource": "ayuntamiento-portal"}}, {"type": "Feature", "geometry": {"type": "Point", "coordinates": [-3.5217142, 40.3579936]}, "properties": {"id": "rivas-proy-69410e69886ebb", "municipio": "Rivas-Vaciamadrid", "titulo": "PGOU-1-2-PLANOS-INFO-INDICE-DE-PLANOS.pdf", "fecha": "2019-12-01", "tipo": "información pública", "url": "https://www.rivasciudad.es/geoportal/normativa-urbanistica-vigente/", "coordSource": "municipio_centroid_jitter", "sectorKey": "rivas-vaciamadrid", "catalogSource": "ayuntamiento-portal"}}, {"type": "Feature", "geometry": {"type": "Point", "coordinates": [-3.5209808, 40.3569376]}, "properties": {"id": "rivas-proy-699c148642bdf4", "municipio": "Rivas-Vaciamadrid", "titulo": "PGOU-2-ORDENACION-PLANOS-TOMO2-OR2000-07-2.pdf", "fecha": "2019-12-01", "tipo": "planeamiento", "url": "https://www.rivasciudad.es/geoportal/normativa-urbanistica-vigente/", "coordSource": "municipio_centroid_jitter", "sectorKey": "rivas-vaciamadrid", "catalogSource": "ayuntamiento-portal"}}, {"type": "Feature", "geometry": {"type": "Point", "coordinates": [-3.5216277, 40.3562891]}, "properties": {"id": "rivas-proy-6a490290555d66", "municipio": "Rivas-Vaciamadrid", "titulo": "PLAN_PARCIAL_LA_FORTUNA-PLANOS-DE-INFORMACION-I-2A-ESTRUCTURA-TERRITORIAL.pdf", "fecha": "2019-12-01", "tipo": "información pública", "url": "https://www.rivasciudad.es/geoportal/normativa-urbanistica-vigente/", "coordSource": "municipio_centroid_jitter", "sectorKey": "rivas-vaciamadrid", "catalogSource": "ayuntamiento-portal"}}, {"type": "Feature", "geometry": {"type": "Point", "coordinates": [-3.5214663, 40.3576838]}, "properties": {"id": "rivas-proy-6de5e525998533", "municipio": "Rivas-Vaciamadrid", "titulo": "PLAN_PARCIAL_CRISTO_DE_RIVAS_PLANOS_INFORMACION-1.4.1-TOPOGRAFICO.pdf", "fecha": "2019-12-01", "tipo": "información pública", "url": "https://www.rivasciudad.es/geoportal/normativa-urbanistica-vigente/", "coordSource": "municipio_centroid_jitter", "sectorKey": "rivas-vaciamadrid", "catalogSource": "ayuntamiento-portal"}}, {"type": "Feature", "geometry": {"type": "Point", "coordinates": [-3.5216341, 40.3574443]}, "properties": {"id": "rivas-proy-6f02877880c35e", "municipio": "Rivas-Vaciamadrid", "titulo": "PGOU-2-ORDENACION-PLANOS-TOMO3-CL5000-15.pdf", "fecha": "2019-12-01", "tipo": "planeamiento", "url": "https://www.rivasciudad.es/geoportal/normativa-urbanistica-vigente/", "coordSource": "municipio_centroid_jitter", "sectorKey": "rivas-vaciamadrid", "catalogSource": "ayuntamiento-portal"}}, {"type": "Feature", "geometry": {"type": "Point", "coordinates": [-3.521546, 40.3569112]}, "properties": {"id": "rivas-proy-70eda38988c1b0", "municipio": "Rivas-Vaciamadrid", "titulo": "PGOU-2-ORDENACION-PLANOS-TOMO2-OR2000-04-8.pdf", "fecha": "2019-12-01", "tipo": "planeamiento", "url": "https://www.rivasciudad.es/geoportal/normativa-urbanistica-vigente/", "coordSource": "municipio_centroid_jitter", "sectorKey": "rivas-vaciamadrid", "catalogSource": "ayuntamiento-portal"}}, {"type": "Feature", "geometry": {"type": "Point", "coordinates": [-3.5216826, 40.3577726]}, "properties": {"id": "rivas-proy-7135bcbe3c3060", "municipio": "Rivas-Vaciamadrid", "titulo": "PLAN_PARCIAL_CRISTO_DE_RIVAS_PLANOS_INFRAESTRUCTURAS-2.2.5-Red-Electrica-existentes.pdf", "fecha": "2019-12-01", "tipo": "planeamiento", "url": "https://www.rivasciudad.es/geoportal/normativa-urbanistica-vigente/", "coordSource": "municipio_centroid_jitter", "sectorKey": "rivas-vaciamadrid", "catalogSource": "ayuntamiento-portal"}}, {"type": "Feature", "geometry": {"type": "Point", "coordinates": [-3.5226557, 40.3561067]}, "properties": {"id": "rivas-proy-72b9fa0f25c4c6", "municipio": "Rivas-Vaciamadrid", "titulo": "PLAN_PARCIAL_LA_FORTUNA-PLANOS-DE-ORDENACION-PO-05-CESIONES-DE-SUELO.pdf", "fecha": "2019-12-01", "tipo": "planeamiento", "url": "https://www.rivasciudad.es/geoportal/normativa-urbanistica-vigente/", "coordSource": "municipio_centroid_jitter", "sectorKey": "rivas-vaciamadrid", "catalogSource": "ayuntamiento-portal"}}, {"type": "Feature", "geometry": {"type": "Point", "coordinates": [-3.5234628, 40.3575248]}, "properties": {"id": "rivas-proy-72db31f8d3af97", "municipio": "Rivas-Vaciamadrid", "titulo": "PGOU-2-ORDENACION-PLANOS-TOMO2-OR2000-04-2.pdf", "fecha": "2019-12-01", "tipo": "planeamiento", "url": "https://www.rivasciudad.es/geoportal/normativa-urbanistica-vigente/", "coordSource": "municipio_centroid_jitter", "sectorKey": "rivas-vaciamadrid", "catalogSource": "ayuntamiento-portal"}}, {"type": "Feature", "geometry": {"type": "Point", "coordinates": [-3.5218094, 40.357384]}, "properties": {"id": "rivas-proy-7404d77bab7712", "municipio": "Rivas-Vaciamadrid", "titulo": "PLAN_PARCIAL_LAS_COLINAS-PLANOS-ORDENACION-O_06ALINEACIONES.pdf", "fecha": "2019-12-01", "tipo": "planeamiento", "url": "https://www.rivasciudad.es/geoportal/normativa-urbanistica-vigente/", "coordSource": "municipio_centroid_jitter", "sectorKey": "rivas-vaciamadrid", "catalogSource": "ayuntamiento-portal"}}, {"type": "Feature", "geometry": {"type": "Point", "coordinates": [-3.5203064, 40.3569536]}, "properties": {"id": "rivas-proy-757b8bd637c23f", "municipio": "Rivas-Vaciamadrid", "titulo": "PLAN_PARCIAL_LAS_COLINAS-PLANOS-ORDENACION-O_03RETRANQUEOS.pdf", "fecha": "2019-12-01", "tipo": "planeamiento", "url": "https://www.rivasciudad.es/geoportal/normativa-urbanistica-vigente/", "coordSource": "municipio_centroid_jitter", "sectorKey": "rivas-vaciamadrid", "catalogSource": "ayuntamiento-portal"}}, {"type": "Feature", "geometry": {"type": "Point", "coordinates": [-3.5195821, 40.357855]}, "properties": {"id": "rivas-proy-76e2c08b466e80", "municipio": "Rivas-Vaciamadrid", "titulo": "PGOU-2-ORDENACION-PLANOS-TOMO2-OR2000-07-1.pdf", "fecha": "2019-12-01", "tipo": "planeamiento", "url": "https://www.rivasciudad.es/geoportal/normativa-urbanistica-vigente/", "coordSource": "municipio_centroid_jitter", "sectorKey": "rivas-vaciamadrid", "catalogSource": "ayuntamiento-portal"}}, {"type": "Feature", "geometry": {"type": "Point", "coordinates": [-3.5217913, 40.3577426]}, "properties": {"id": "rivas-proy-773bef21af9d70", "municipio": "Rivas-Vaciamadrid", "titulo": "PGOU-PLANOS-ZOUP-12-S4.pdf", "fecha": "2019-12-01", "tipo": "planeamiento", "url": "https://www.rivasciudad.es/geoportal/normativa-urbanistica-vigente/", "coordSource": "municipio_centroid_jitter", "sectorKey": "rivas-vaciamadrid", "catalogSource": "ayuntamiento-portal"}}, {"type": "Feature", "geometry": {"type": "Point", "coordinates": [-3.5233689, 40.3577135]}, "properties": {"id": "rivas-proy-781c408aa85f55", "municipio": "Rivas-Vaciamadrid", "titulo": "PGOU-2-ORDENACION-PLANOS-3_POR-ESTRUC-R.pdf", "fecha": "2019-12-01", "tipo": "planeamiento", "url": "https://www.rivasciudad.es/geoportal/normativa-urbanistica-vigente/", "coordSource": "municipio_centroid_jitter", "sectorKey": "rivas-vaciamadrid", "catalogSource": "ayuntamiento-portal"}}, {"type": "Feature", "geometry": {"type": "Point", "coordinates": [-3.5214977, 40.3576073]}, "properties": {"id": "rivas-proy-78c1917cbc5998", "municipio": "Rivas-Vaciamadrid", "titulo": "PGOU-2-ORDENACION-PLANOS-TOMO2-OR2000-04-3.pdf", "fecha": "2019-12-01", "tipo": "planeamiento", "url": "https://www.rivasciudad.es/geoportal/normativa-urbanistica-vigente/", "coordSource": "municipio_centroid_jitter", "sectorKey": "rivas-vaciamadrid", "catalogSource": "ayuntamiento-portal"}}, {"type": "Feature", "geometry": {"type": "Point", "coordinates": [-3.5221868, 40.3574292]}, "properties": {"id": "rivas-proy-7a4aed5829344a", "municipio": "Rivas-Vaciamadrid", "titulo": "PGOU-2-ORDENACION-PLANOS-TOMO3-CL5000-10.pdf", "fecha": "2019-12-01", "tipo": "planeamiento", "url": "https://www.rivasciudad.es/geoportal/normativa-urbanistica-vigente/", "coordSource": "municipio_centroid_jitter", "sectorKey": "rivas-vaciamadrid", "catalogSource": "ayuntamiento-portal"}}, {"type": "Feature", "geometry": {"type": "Point", "coordinates": [-3.5209804, 40.3569169]}, "properties": {"id": "rivas-proy-7b0be94e4a0f85", "municipio": "Rivas-Vaciamadrid", "titulo": "PLAN_PARCIAL_CRISTO_DE_RIVAS_PLANOS_ORDENACION-2.1.2-Alineaciones-y-Rasantes.pdf", "fecha": "2019-12-01", "tipo": "planeamiento", "url": "https://www.rivasciudad.es/geoportal/normativa-urbanistica-vigente/", "coordSource": "municipio_centroid_jitter", "sectorKey": "rivas-vaciamadrid", "catalogSource": "ayuntamiento-portal"}}, {"type": "Feature", "geometry": {"type": "Point", "coordinates": [-3.5222638, 40.3578285]}, "properties": {"id": "rivas-proy-7ba07f99563175", "municipio": "Rivas-Vaciamadrid", "titulo": "PGOU-2-ORDENACION-PLANOS-TOMO2-OR2000-04-4.pdf", "fecha": "2019-12-01", "tipo": "planeamiento", "url": "https://www.rivasciudad.es/geoportal/normativa-urbanistica-vigente/", "coordSource": "municipio_centroid_jitter", "sectorKey": "rivas-vaciamadrid", "catalogSource": "ayuntamiento-portal"}}, {"type": "Feature", "geometry": {"type": "Point", "coordinates": [-3.5195023, 40.3576118]}, "properties": {"id": "rivas-proy-7fa83e5a309871", "municipio": "Rivas-Vaciamadrid", "titulo": "PLAN_PARCIAL_CRISTO_DE_RIVAS_NORMAS_URBANISTICAS-NORMAS-URBANISTICAS.pdf", "fecha": "2019-12-01", "tipo": "planeamiento", "url": "https://www.rivasciudad.es/geoportal/normativa-urbanistica-vigente/", "coordSource": "municipio_centroid_jitter", "sectorKey": "rivas-vaciamadrid", "catalogSource": "ayuntamiento-portal"}}, {"type": "Feature", "geometry": {"type": "Point", "coordinates": [-3.5223403, 40.3578664]}, "properties": {"id": "rivas-proy-80fed70caec16f", "municipio": "Rivas-Vaciamadrid", "titulo": "PLAN_PARCIAL_MIRADOR-NORTE-02_NORMAS_URBANISTICAS.pdf", "fecha": "2019-12-01", "tipo": "planeamiento", "url": "https://www.rivasciudad.es/geoportal/normativa-urbanistica-vigente/", "coordSource": "municipio_centroid_jitter", "sectorKey": "rivas-vaciamadrid", "catalogSource": "ayuntamiento-portal"}}, {"type": "Feature", "geometry": {"type": "Point", "coordinates": [-3.5206536, 40.3587491]}, "properties": {"id": "rivas-proy-822fd372de1449", "municipio": "Rivas-Vaciamadrid", "titulo": "PGOU-2-ORDENACION-PLANOS-TOMO3-CL5000-04.pdf", "fecha": "2019-12-01", "tipo": "planeamiento", "url": "https://www.rivasciudad.es/geoportal/normativa-urbanistica-vigente/", "coordSource": "municipio_centroid_jitter", "sectorKey": "rivas-vaciamadrid", "catalogSource": "ayuntamiento-portal"}}, {"type": "Feature", "geometry": {"type": "Point", "coordinates": [-3.5207823, 40.3568769]}, "properties": {"id": "rivas-proy-86c84383cf215a", "municipio": "Rivas-Vaciamadrid", "titulo": "PLAN_PARCIAL_CRISTO_DE_RIVAS_PLANOS_ORDENACION-2.1.4-Itinerarios-alternativos.pdf", "fecha": "2019-12-01", "tipo": "planeamiento", "url": "https://www.rivasciudad.es/geoportal/normativa-urbanistica-vigente/", "coordSource": "municipio_centroid_jitter", "sectorKey": "rivas-vaciamadrid", "catalogSource": "ayuntamiento-portal"}}, {"type": "Feature", "geometry": {"type": "Point", "coordinates": [-3.5210237, 40.3576343]}, "properties": {"id": "rivas-proy-8817c3db37b39f", "municipio": "Rivas-Vaciamadrid", "titulo": "PGOU-2-ORDENACION-PLANOS-TOMO3-CL5000-12.pdf", "fecha": "2019-12-01", "tipo": "planeamiento", "url": "https://www.rivasciudad.es/geoportal/normativa-urbanistica-vigente/", "coordSource": "municipio_centroid_jitter", "sectorKey": "rivas-vaciamadrid", "catalogSource": "ayuntamiento-portal"}}, {"type": "Feature", "geometry": {"type": "Point", "coordinates": [-3.5210589, 40.3565738]}, "properties": {"id": "rivas-proy-8a64af9fa79078", "municipio": "Rivas-Vaciamadrid", "titulo": "PGOU-2-ORDENACION-PLANOS-4_INFRA-AGUA-R.pdf", "fecha": "2019-12-01", "tipo": "planeamiento", "url": "https://www.rivasciudad.es/geoportal/normativa-urbanistica-vigente/", "coordSource": "municipio_centroid_jitter", "sectorKey": "rivas-vaciamadrid", "catalogSource": "ayuntamiento-portal"}}, {"type": "Feature", "geometry": {"type": "Point", "coordinates": [-3.5227694, 40.3564749]}, "properties": {"id": "rivas-proy-8b4e636914d2ac", "municipio": "Rivas-Vaciamadrid", "titulo": "PLAN_PARCIAL_MIRADOR-NORTE-01_MEMORIA.pdf", "fecha": "2019-12-01", "tipo": "planeamiento", "url": "https://www.rivasciudad.es/geoportal/normativa-urbanistica-vigente/", "coordSource": "municipio_centroid_jitter", "sectorKey": "rivas-vaciamadrid", "catalogSource": "ayuntamiento-portal"}}, {"type": "Feature", "geometry": {"type": "Point", "coordinates": [-3.5219527, 40.3584373]}, "properties": {"id": "rivas-proy-90e6339ea2c0f7", "municipio": "Rivas-Vaciamadrid", "titulo": "PGOU-2-ORDENACION-PLANOS-TOMO3-CL5000-05.pdf", "fecha": "2019-12-01", "tipo": "planeamiento", "url": "https://www.rivasciudad.es/geoportal/normativa-urbanistica-vigente/", "coordSource": "municipio_centroid_jitter", "sectorKey": "rivas-vaciamadrid", "catalogSource": "ayuntamiento-portal"}}, {"type": "Feature", "geometry": {"type": "Point", "coordinates": [-3.521891, 40.3575594]}, "properties": {"id": "rivas-proy-920bbf8a0bf490", "municipio": "Rivas-Vaciamadrid", "titulo": "PGOU-1-2-PLANOS-INFO-PI-05-GRADO.pdf", "fecha": "2019-12-01", "tipo": "información pública", "url": "https://www.rivasciudad.es/geoportal/normativa-urbanistica-vigente/", "coordSource": "municipio_centroid_jitter", "sectorKey": "rivas-vaciamadrid", "catalogSource": "ayuntamiento-portal"}}, {"type": "Feature", "geometry": {"type": "Point", "coordinates": [-3.5208334, 40.3573435]}, "properties": {"id": "rivas-proy-924048263e9a73", "municipio": "Rivas-Vaciamadrid", "titulo": "PLAN_PARCIAL_MIRADOR-NORTE-edificabilidad.pdf", "fecha": "2019-12-01", "tipo": "planeamiento", "url": "https://www.rivasciudad.es/geoportal/normativa-urbanistica-vigente/", "coordSource": "municipio_centroid_jitter", "sectorKey": "rivas-vaciamadrid", "catalogSource": "ayuntamiento-portal"}}, {"type": "Feature", "geometry": {"type": "Point", "coordinates": [-3.5218413, 40.3581015]}, "properties": {"id": "rivas-proy-92c9fe348ee020", "municipio": "Rivas-Vaciamadrid", "titulo": "PLAN_PARCIAL_CRISTO_DE_RIVAS_PLANOS_INFRAESTRUCTURAS-2.2.9-Red-Alumbrado.pdf", "fecha": "2019-12-01", "tipo": "planeamiento", "url": "https://www.rivasciudad.es/geoportal/normativa-urbanistica-vigente/", "coordSource": "municipio_centroid_jitter", "sectorKey": "rivas-vaciamadrid", "catalogSource": "ayuntamiento-portal"}}, {"type": "Feature", "geometry": {"type": "Point", "coordinates": [-3.5217503, 40.3574714]}, "properties": {"id": "rivas-proy-92e03d94f72365", "municipio": "Rivas-Vaciamadrid", "titulo": "PLAN_PARCIAL_CRISTO_DE_RIVAS_PLANOS_INFRAESTRUCTURAS-2.2.3-Red-Sanea-PLUVIALES.pdf", "fecha": "2019-12-01", "tipo": "planeamiento", "url": "https://www.rivasciudad.es/geoportal/normativa-urbanistica-vigente/", "coordSource": "municipio_centroid_jitter", "sectorKey": "rivas-vaciamadrid", "catalogSource": "ayuntamiento-portal"}}, {"type": "Feature", "geometry": {"type": "Point", "coordinates": [-3.5205696, 40.3570999]}, "properties": {"id": "rivas-proy-93bd518a65c494", "municipio": "Rivas-Vaciamadrid", "titulo": "PLAN_PARCIAL_CRISTO_DE_RIVAS_PLANOS_INFRAESTRUCTURAS_MUNICIPALES-1.5.3-ENERGIA-GASICA.pdf", "fecha": "2019-12-01", "tipo": "planeamiento", "url": "https://www.rivasciudad.es/geoportal/normativa-urbanistica-vigente/", "coordSource": "municipio_centroid_jitter", "sectorKey": "rivas-vaciamadrid", "catalogSource": "ayuntamiento-portal"}}, {"type": "Feature", "geometry": {"type": "Point", "coordinates": [-3.5217222, 40.3579381]}, "properties": {"id": "rivas-proy-954728334b8af2", "municipio": "Rivas-Vaciamadrid", "titulo": "PGOU-2-ORDENACION-PLANOS-6_INFRA-ELEC.pdf", "fecha": "2019-12-01", "tipo": "planeamiento", "url": "https://www.rivasciudad.es/geoportal/normativa-urbanistica-vigente/", "coordSource": "municipio_centroid_jitter", "sectorKey": "rivas-vaciamadrid", "catalogSource": "ayuntamiento-portal"}}, {"type": "Feature", "geometry": {"type": "Point", "coordinates": [-3.5217103, 40.3574971]}, "properties": {"id": "rivas-proy-96d404e5c600fe", "municipio": "Rivas-Vaciamadrid", "titulo": "PLAN_PARCIAL_LA_FORTUNA-PLANOS-DE-ORDENACION-PO-02-SISTEMAS-ESTRUCTURANTES.pdf", "fecha": "2019-12-01", "tipo": "planeamiento", "url": "https://www.rivasciudad.es/geoportal/normativa-urbanistica-vigente/", "coordSource": "municipio_centroid_jitter", "sectorKey": "rivas-vaciamadrid", "catalogSource": "ayuntamiento-portal"}}, {"type": "Feature", "geometry": {"type": "Point", "coordinates": [-3.5215427, 40.357552]}, "properties": {"id": "rivas-proy-97e6df544f8d7d", "municipio": "Rivas-Vaciamadrid", "titulo": "PGOU-2-ORDENACION-PLANOS-TOMO2-OR2000-07-3.pdf", "fecha": "2019-12-01", "tipo": "planeamiento", "url": "https://www.rivasciudad.es/geoportal/normativa-urbanistica-vigente/", "coordSource": "municipio_centroid_jitter", "sectorKey": "rivas-vaciamadrid", "catalogSource": "ayuntamiento-portal"}}, {"type": "Feature", "geometry": {"type": "Point", "coordinates": [-3.5214072, 40.3574551]}, "properties": {"id": "rivas-proy-9969c1b9f5955b", "municipio": "Rivas-Vaciamadrid", "titulo": "PGOU-2-ORDENACION-PLANOS-TOMO2-OR2000-12-4.pdf", "fecha": "2019-12-01", "tipo": "planeamiento", "url": "https://www.rivasciudad.es/geoportal/normativa-urbanistica-vigente/", "coordSource": "municipio_centroid_jitter", "sectorKey": "rivas-vaciamadrid", "catalogSource": "ayuntamiento-portal"}}, {"type": "Feature", "geometry": {"type": "Point", "coordinates": [-3.5233175, 40.3578753]}, "properties": {"id": "rivas-proy-9cb2eed82d5651", "municipio": "Rivas-Vaciamadrid", "titulo": "PGOU-1-2-PLANOS-INFO-00-PORTADA-1.2.pdf", "fecha": "2019-12-01", "tipo": "información pública", "url": "https://www.rivasciudad.es/geoportal/normativa-urbanistica-vigente/", "coordSource": "municipio_centroid_jitter", "sectorKey": "rivas-vaciamadrid", "catalogSource": "ayuntamiento-portal"}}, {"type": "Feature", "geometry": {"type": "Point", "coordinates": [-3.5203398, 40.3568276]}, "properties": {"id": "rivas-proy-9cbc9d5ef4c3a2", "municipio": "Rivas-Vaciamadrid", "titulo": "PLAN_PARCIAL_CRISTO_DE_RIVAS_MEMORIA.pdf", "fecha": "2019-12-01", "tipo": "planeamiento", "url": "https://www.rivasciudad.es/geoportal/normativa-urbanistica-vigente/", "coordSource": "municipio_centroid_jitter", "sectorKey": "rivas-vaciamadrid", "catalogSource": "ayuntamiento-portal"}}, {"type": "Feature", "geometry": {"type": "Point", "coordinates": [-3.5228922, 40.3577273]}, "properties": {"id": "rivas-proy-9f5024d7f345fb", "municipio": "Rivas-Vaciamadrid", "titulo": "PLAN_PARCIAL_LAS_COLINAS-PLANOS-INFRAESTRUCTURAS-IN-06a-RED-ABASTECIMIENTO.pdf", "fecha": "2019-12-01", "tipo": "planeamiento", "url": "https://www.rivasciudad.es/geoportal/normativa-urbanistica-vigente/", "coordSource": "municipio_centroid_jitter", "sectorKey": "rivas-vaciamadrid", "catalogSource": "ayuntamiento-portal"}}, {"type": "Feature", "geometry": {"type": "Point", "coordinates": [-3.5225077, 40.3564745]}, "properties": {"id": "rivas-proy-a070a590dba2ce", "municipio": "Rivas-Vaciamadrid", "titulo": "PLAN_PARCIAL_LA_FORTUNA-PLANOS-DE-INFORMACION-I-6A-CLASIFICACION-DEL-SUELO.pdf", "fecha": "2019-12-01", "tipo": "información pública", "url": "https://www.rivasciudad.es/geoportal/normativa-urbanistica-vigente/", "coordSource": "municipio_centroid_jitter", "sectorKey": "rivas-vaciamadrid", "catalogSource": "ayuntamiento-portal"}}, {"type": "Feature", "geometry": {"type": "Point", "coordinates": [-3.5212224, 40.3573597]}, "properties": {"id": "rivas-proy-a0e5c65d561859", "municipio": "Rivas-Vaciamadrid", "titulo": "PGOU-2-ORDENACION-MEMORIA-CATALOGO.pdf", "fecha": "2019-12-01", "tipo": "planeamiento", "url": "https://www.rivasciudad.es/geoportal/normativa-urbanistica-vigente/", "coordSource": "municipio_centroid_jitter", "sectorKey": "rivas-vaciamadrid", "catalogSource": "ayuntamiento-portal"}}, {"type": "Feature", "geometry": {"type": "Point", "coordinates": [-3.519928, 40.3569592]}, "properties": {"id": "rivas-proy-a0f1d75fb2502e", "municipio": "Rivas-Vaciamadrid", "titulo": "PLAN_PARCIAL_LA_FORTUNA-PLANOS-DE-INFORMACION-I-8-FINCAS-APORTADAS.pdf", "fecha": "2019-12-01", "tipo": "información pública", "url": "https://www.rivasciudad.es/geoportal/normativa-urbanistica-vigente/", "coordSource": "municipio_centroid_jitter", "sectorKey": "rivas-vaciamadrid", "catalogSource": "ayuntamiento-portal"}}, {"type": "Feature", "geometry": {"type": "Point", "coordinates": [-3.5214153, 40.3573688]}, "properties": {"id": "rivas-proy-a4558cd151b7af", "municipio": "Rivas-Vaciamadrid", "titulo": "PLAN_PARCIAL_LA_FORTUNA-MEMORIA-PP-C.pdf", "fecha": "2019-12-01", "tipo": "planeamiento", "url": "https://www.rivasciudad.es/geoportal/normativa-urbanistica-vigente/", "coordSource": "municipio_centroid_jitter", "sectorKey": "rivas-vaciamadrid", "catalogSource": "ayuntamiento-portal"}}, {"type": "Feature", "geometry": {"type": "Point", "coordinates": [-3.5219242, 40.3575129]}, "properties": {"id": "rivas-proy-a7c56d3e59d067", "municipio": "Rivas-Vaciamadrid", "titulo": "PLAN_PARCIAL_LA_FORTUNA-NORMATIVA-Y-ORDENANZAS.pdf", "fecha": "2019-12-01", "tipo": "planeamiento", "url": "https://www.rivasciudad.es/geoportal/normativa-urbanistica-vigente/", "coordSource": "municipio_centroid_jitter", "sectorKey": "rivas-vaciamadrid", "catalogSource": "ayuntamiento-portal"}}, {"type": "Feature", "geometry": {"type": "Point", "coordinates": [-3.5209454, 40.358364]}, "properties": {"id": "rivas-proy-a85f3c9ca1c5fb", "municipio": "Rivas-Vaciamadrid", "titulo": "PLAN_PARCIAL_LA_FORTUNA-PLANOS-DE-INFRAESTRUCTURAS-PI-09-RED_ALUMBRADO.pdf", "fecha": "2019-12-01", "tipo": "planeamiento", "url": "https://www.rivasciudad.es/geoportal/normativa-urbanistica-vigente/", "coordSource": "municipio_centroid_jitter", "sectorKey": "rivas-vaciamadrid", "catalogSource": "ayuntamiento-portal"}}, {"type": "Feature", "geometry": {"type": "Point", "coordinates": [-3.5195868, 40.3570601]}, "properties": {"id": "rivas-proy-b01a8cc8314bec", "municipio": "Rivas-Vaciamadrid", "titulo": "PGOU-2-ORDENACION-PLANOS-TOMO2-OR2000-05-4.pdf", "fecha": "2019-12-01", "tipo": "planeamiento", "url": "https://www.rivasciudad.es/geoportal/normativa-urbanistica-vigente/", "coordSource": "municipio_centroid_jitter", "sectorKey": "rivas-vaciamadrid", "catalogSource": "ayuntamiento-portal"}}, {"type": "Feature", "geometry": {"type": "Point", "coordinates": [-3.5221666, 40.3573256]}, "properties": {"id": "rivas-proy-b07c2d30c3bee3", "municipio": "Rivas-Vaciamadrid", "titulo": "PLAN_PARCIAL_LAS_COLINAS-PLANOS-INFRAESTRUCTURAS-IN-12-POSICIONAMIENTO-DE-CONTENEDORES.pdf", "fecha": "2019-12-01", "tipo": "planeamiento", "url": "https://www.rivasciudad.es/geoportal/normativa-urbanistica-vigente/", "coordSource": "municipio_centroid_jitter", "sectorKey": "rivas-vaciamadrid", "catalogSource": "ayuntamiento-portal"}}, {"type": "Feature", "geometry": {"type": "Point", "coordinates": [-3.521976, 40.357268]}, "properties": {"id": "rivas-proy-b124485c50f270", "municipio": "Rivas-Vaciamadrid", "titulo": "PLAN_PARCIAL_CRISTO_DE_RIVAS_PLANOS_INFRAESTRUCTURAS_MUNICIPALES-1.5.1-RED-VIARIA.pdf", "fecha": "2019-12-01", "tipo": "planeamiento", "url": "https://www.rivasciudad.es/geoportal/normativa-urbanistica-vigente/", "coordSource": "municipio_centroid_jitter", "sectorKey": "rivas-vaciamadrid", "catalogSource": "ayuntamiento-portal"}}, {"type": "Feature", "geometry": {"type": "Point", "coordinates": [-3.5211377, 40.3584178]}, "properties": {"id": "rivas-proy-b1637229c20cf6", "municipio": "Rivas-Vaciamadrid", "titulo": "PGOU-1-3-ANEXOS-INFORMACION-ANEXOS_INFORMACION.pdf", "fecha": "2019-12-01", "tipo": "información pública", "url": "https://www.rivasciudad.es/geoportal/normativa-urbanistica-vigente/", "coordSource": "municipio_centroid_jitter", "sectorKey": "rivas-vaciamadrid", "catalogSource": "ayuntamiento-portal"}}, {"type": "Feature", "geometry": {"type": "Point", "coordinates": [-3.5215213, 40.3586449]}, "properties": {"id": "rivas-proy-b2ae40357c17e6", "municipio": "Rivas-Vaciamadrid", "titulo": "PGOU-PLANOS-ZOUP-07-S6.pdf", "fecha": "2019-12-01", "tipo": "planeamiento", "url": "https://www.rivasciudad.es/geoportal/normativa-urbanistica-vigente/", "coordSource": "municipio_centroid_jitter", "sectorKey": "rivas-vaciamadrid", "catalogSource": "ayuntamiento-portal"}}, {"type": "Feature", "geometry": {"type": "Point", "coordinates": [-3.5216153, 40.3568307]}, "properties": {"id": "rivas-proy-b3581355dd032a", "municipio": "Rivas-Vaciamadrid", "titulo": "PGOU-2-ORDENACION-PLANOS-TOMO2-OR2000-07-9.pdf", "fecha": "2019-12-01", "tipo": "planeamiento", "url": "https://www.rivasciudad.es/geoportal/normativa-urbanistica-vigente/", "coordSource": "municipio_centroid_jitter", "sectorKey": "rivas-vaciamadrid", "catalogSource": "ayuntamiento-portal"}}, {"type": "Feature", "geometry": {"type": "Point", "coordinates": [-3.5234317, 40.3570998]}, "properties": {"id": "rivas-proy-b40abc47ab4875", "municipio": "Rivas-Vaciamadrid", "titulo": "PGOU-2-ORDENACION-PLANOS-TOMO2-OR2000-12-2.pdf", "fecha": "2019-12-01", "tipo": "planeamiento", "url": "https://www.rivasciudad.es/geoportal/normativa-urbanistica-vigente/", "coordSource": "municipio_centroid_jitter", "sectorKey": "rivas-vaciamadrid", "catalogSource": "ayuntamiento-portal"}}, {"type": "Feature", "geometry": {"type": "Point", "coordinates": [-3.5229144, 40.3564984]}, "properties": {"id": "rivas-proy-b4b8b65d5e87ab", "municipio": "Rivas-Vaciamadrid", "titulo": "PLAN_PARCIAL_LAS_COLINAS-PLANOS-INFORMACION-I_04-TOPOGRAFICO.pdf", "fecha": "2019-12-01", "tipo": "información pública", "url": "https://www.rivasciudad.es/geoportal/normativa-urbanistica-vigente/", "coordSource": "municipio_centroid_jitter", "sectorKey": "rivas-vaciamadrid", "catalogSource": "ayuntamiento-portal"}}, {"type": "Feature", "geometry": {"type": "Point", "coordinates": [-3.5223211, 40.3577109]}, "properties": {"id": "rivas-proy-b4d6342264bd48", "municipio": "Rivas-Vaciamadrid", "titulo": "PLAN_PARCIAL_CRISTO_DE_RIVAS_PLANOS_INFRAESTRUCTURAS-2.2.4-Red-de-Riego.pdf", "fecha": "2019-12-01", "tipo": "planeamiento", "url": "https://www.rivasciudad.es/geoportal/normativa-urbanistica-vigente/", "coordSource": "municipio_centroid_jitter", "sectorKey": "rivas-vaciamadrid", "catalogSource": "ayuntamiento-portal"}}, {"type": "Feature", "geometry": {"type": "Point", "coordinates": [-3.5217192, 40.3569267]}, "properties": {"id": "rivas-proy-b532efd45aa41f", "municipio": "Rivas-Vaciamadrid", "titulo": "PLAN_PARCIAL_CRISTO_DE_RIVAS_NORMAS_URBANISTICAS-ORDENANZAS-EQ.pdf", "fecha": "2019-12-01", "tipo": "planeamiento", "url": "https://www.rivasciudad.es/geoportal/normativa-urbanistica-vigente/", "coordSource": "municipio_centroid_jitter", "sectorKey": "rivas-vaciamadrid", "catalogSource": "ayuntamiento-portal"}}, {"type": "Feature", "geometry": {"type": "Point", "coordinates": [-3.5210441, 40.3582967]}, "properties": {"id": "rivas-proy-b53c8a05746794", "municipio": "Rivas-Vaciamadrid", "titulo": "MODIF_PULTUAL_2_PGOU-PLANOS.pdf", "fecha": "2019-12-01", "tipo": "planeamiento", "url": "https://www.rivasciudad.es/geoportal/normativa-urbanistica-vigente/", "coordSource": "municipio_centroid_jitter", "sectorKey": "rivas-vaciamadrid", "catalogSource": "ayuntamiento-portal"}}, {"type": "Feature", "geometry": {"type": "Point", "coordinates": [-3.5221179, 40.3574655]}, "properties": {"id": "rivas-proy-b5a7c758377c36", "municipio": "Rivas-Vaciamadrid", "titulo": "PLAN_PARCIAL_CRISTO_DE_RIVAS_PLANOS_INFORMACION-1.2.1.-PROP-DEL-SUELO.pdf", "fecha": "2019-12-01", "tipo": "información pública", "url": "https://www.rivasciudad.es/geoportal/normativa-urbanistica-vigente/", "coordSource": "municipio_centroid_jitter", "sectorKey": "rivas-vaciamadrid", "catalogSource": "ayuntamiento-portal"}}, {"type": "Feature", "geometry": {"type": "Point", "coordinates": [-3.5209136, 40.3576208]}, "properties": {"id": "rivas-proy-b5c9d33eee7d09", "municipio": "Rivas-Vaciamadrid", "titulo": "PLAN_PARCIAL_MIRADOR-NORTE-04_ESTUDIO_ECONOMICO_FINANCIERO.pdf", "fecha": "2019-12-01", "tipo": "planeamiento", "url": "https://www.rivasciudad.es/geoportal/normativa-urbanistica-vigente/", "coordSource": "municipio_centroid_jitter", "sectorKey": "rivas-vaciamadrid", "catalogSource": "ayuntamiento-portal"}}, {"type": "Feature", "geometry": {"type": "Point", "coordinates": [-3.5208453, 40.3569249]}, "properties": {"id": "rivas-proy-b7a77c35bd65bc", "municipio": "Rivas-Vaciamadrid", "titulo": "PLAN_PARCIAL_LAS_COLINAS-PLANOS-INFRAESTRUCTURAS-IN-10-RED-GAS-NATURAL.pdf", "fecha": "2019-12-01", "tipo": "planeamiento", "url": "https://www.rivasciudad.es/geoportal/normativa-urbanistica-vigente/", "coordSource": "municipio_centroid_jitter", "sectorKey": "rivas-vaciamadrid", "catalogSource": "ayuntamiento-portal"}}, {"type": "Feature", "geometry": {"type": "Point", "coordinates": [-3.5232811, 40.3584653]}, "properties": {"id": "rivas-proy-b857241be95026", "municipio": "Rivas-Vaciamadrid", "titulo": "PGOU-2-ORDENACION-PLANOS-TOMO2-OR2000-04-1.pdf", "fecha": "2019-12-01", "tipo": "planeamiento", "url": "https://www.rivasciudad.es/geoportal/normativa-urbanistica-vigente/", "coordSource": "municipio_centroid_jitter", "sectorKey": "rivas-vaciamadrid", "catalogSource": "ayuntamiento-portal"}}, {"type": "Feature", "geometry": {"type": "Point", "coordinates": [-3.5212105, 40.357043]}, "properties": {"id": "rivas-proy-b872c6092b2349", "municipio": "Rivas-Vaciamadrid", "titulo": "PGOU-PLANOS-ZOUP-18-S8.pdf", "fecha": "2019-12-01", "tipo": "planeamiento", "url": "https://www.rivasciudad.es/geoportal/normativa-urbanistica-vigente/", "coordSource": "municipio_centroid_jitter", "sectorKey": "rivas-vaciamadrid", "catalogSource": "ayuntamiento-portal"}}, {"type": "Feature", "geometry": {"type": "Point", "coordinates": [-3.5220316, 40.3571347]}, "properties": {"id": "rivas-proy-b976c5b0e519a4", "municipio": "Rivas-Vaciamadrid", "titulo": "PLAN_PARCIAL_LA_FORTUNA-PLANOS-DE-INFRAESTRUCTURAS-PI-02A-SECCIONES_VIALES.pdf", "fecha": "2019-12-01", "tipo": "planeamiento", "url": "https://www.rivasciudad.es/geoportal/normativa-urbanistica-vigente/", "coordSource": "municipio_centroid_jitter", "sectorKey": "rivas-vaciamadrid", "catalogSource": "ayuntamiento-portal"}}, {"type": "Feature", "geometry": {"type": "Point", "coordinates": [-3.5204101, 40.3582608]}, "properties": {"id": "rivas-proy-ba660ba0c7d221", "municipio": "Rivas-Vaciamadrid", "titulo": "PGOU-2-ORDENACION-PLANOS-TOMO2-OR2000-08-1.pdf", "fecha": "2019-12-01", "tipo": "planeamiento", "url": "https://www.rivasciudad.es/geoportal/normativa-urbanistica-vigente/", "coordSource": "municipio_centroid_jitter", "sectorKey": "rivas-vaciamadrid", "catalogSource": "ayuntamiento-portal"}}, {"type": "Feature", "geometry": {"type": "Point", "coordinates": [-3.5211764, 40.3570214]}, "properties": {"id": "rivas-proy-be271b2224aa4c", "municipio": "Rivas-Vaciamadrid", "titulo": "PEPRI_Rivas-Vaciamadrid_Texto_.pdf", "fecha": "2019-12-01", "tipo": "documento PGOU", "url": "https://www.rivasciudad.es/geoportal/normativa-urbanistica-vigente/", "coordSource": "municipio_centroid_jitter", "sectorKey": "rivas-vaciamadrid", "catalogSource": "ayuntamiento-portal"}}, {"type": "Feature", "geometry": {"type": "Point", "coordinates": [-3.5216614, 40.3574967]}, "properties": {"id": "rivas-proy-be8ff9408aa0bd", "municipio": "Rivas-Vaciamadrid", "titulo": "PGOU-2-ORDENACION-PLANOS-TOMO3-CL5000-11.pdf", "fecha": "2019-12-01", "tipo": "planeamiento", "url": "https://www.rivasciudad.es/geoportal/normativa-urbanistica-vigente/", "coordSource": "municipio_centroid_jitter", "sectorKey": "rivas-vaciamadrid", "catalogSource": "ayuntamiento-portal"}}, {"type": "Feature", "geometry": {"type": "Point", "coordinates": [-3.5200566, 40.3584188]}, "properties": {"id": "rivas-proy-c03d0ab400d1c6", "municipio": "Rivas-Vaciamadrid", "titulo": "PGOU-PLANOS-ZOUP-09-S3.pdf", "fecha": "2019-12-01", "tipo": "planeamiento", "url": "https://www.rivasciudad.es/geoportal/normativa-urbanistica-vigente/", "coordSource": "municipio_centroid_jitter", "sectorKey": "rivas-vaciamadrid", "catalogSource": "ayuntamiento-portal"}}, {"type": "Feature", "geometry": {"type": "Point", "coordinates": [-3.5229073, 40.3562698]}, "properties": {"id": "rivas-proy-c07b44f7c8362b", "municipio": "Rivas-Vaciamadrid", "titulo": "PLAN_PARCIAL_LA_FORTUNA-PLANOS-DE-INFRAESTRUCTURAS-PI-05B-RED_SANEA-FEC.pdf", "fecha": "2019-12-01", "tipo": "planeamiento", "url": "https://www.rivasciudad.es/geoportal/normativa-urbanistica-vigente/", "coordSource": "municipio_centroid_jitter", "sectorKey": "rivas-vaciamadrid", "catalogSource": "ayuntamiento-portal"}}, {"type": "Feature", "geometry": {"type": "Point", "coordinates": [-3.5211843, 40.3576029]}, "properties": {"id": "rivas-proy-c1787dc0dcc524", "municipio": "Rivas-Vaciamadrid", "titulo": "PLAN_PARCIAL_CRISTO_DE_RIVAS_PLANOS_INFRAESTRUCTURAS_MUNICIPALES-1.5.2-ENERGIA-ELECTRICA.pdf", "fecha": "2019-12-01", "tipo": "planeamiento", "url": "https://www.rivasciudad.es/geoportal/normativa-urbanistica-vigente/", "coordSource": "municipio_centroid_jitter", "sectorKey": "rivas-vaciamadrid", "catalogSource": "ayuntamiento-portal"}}, {"type": "Feature", "geometry": {"type": "Point", "coordinates": [-3.5204981, 40.357544]}, "properties": {"id": "rivas-proy-c3e3c40171bc43", "municipio": "Rivas-Vaciamadrid", "titulo": "PLAN_PARCIAL_MIRADOR-NORTE-05_ANEXOS.pdf", "fecha": "2019-12-01", "tipo": "planeamiento", "url": "https://www.rivasciudad.es/geoportal/normativa-urbanistica-vigente/", "coordSource": "municipio_centroid_jitter", "sectorKey": "rivas-vaciamadrid", "catalogSource": "ayuntamiento-portal"}}, {"type": "Feature", "geometry": {"type": "Point", "coordinates": [-3.5216072, 40.3574831]}, "properties": {"id": "rivas-proy-c3f8520ea26c44", "municipio": "Rivas-Vaciamadrid", "titulo": "PLAN_PARCIAL_CRISTO_DE_RIVAS_PLANOS_ORDENACION-2.1.3-seccion-viales.pdf", "fecha": "2019-12-01", "tipo": "planeamiento", "url": "https://www.rivasciudad.es/geoportal/normativa-urbanistica-vigente/", "coordSource": "municipio_centroid_jitter", "sectorKey": "rivas-vaciamadrid", "catalogSource": "ayuntamiento-portal"}}, {"type": "Feature", "geometry": {"type": "Point", "coordinates": [-3.5209144, 40.3577218]}, "properties": {"id": "rivas-proy-c4e9173bfd5e1b", "municipio": "Rivas-Vaciamadrid", "titulo": "PLAN_PARCIAL_LA_FORTUNA-PLANOS-DE-INFRAESTRUCTURAS-PI-01B-SEÑALIZACION-HORIZONTAL.pdf", "fecha": "2019-12-01", "tipo": "planeamiento", "url": "https://www.rivasciudad.es/geoportal/normativa-urbanistica-vigente/", "coordSource": "municipio_centroid_jitter", "sectorKey": "rivas-vaciamadrid", "catalogSource": "ayuntamiento-portal"}}, {"type": "Feature", "geometry": {"type": "Point", "coordinates": [-3.5226078, 40.3564033]}, "properties": {"id": "rivas-proy-c621acb39d9417", "municipio": "Rivas-Vaciamadrid", "titulo": "PLAN_PARCIAL_LA_FORTUNA-PLANOS-DE-INFORMACION-I-3-TOPOGRAFIA-ACTUAL.pdf", "fecha": "2019-12-01", "tipo": "información pública", "url": "https://www.rivasciudad.es/geoportal/normativa-urbanistica-vigente/", "coordSource": "municipio_centroid_jitter", "sectorKey": "rivas-vaciamadrid", "catalogSource": "ayuntamiento-portal"}}, {"type": "Feature", "geometry": {"type": "Point", "coordinates": [-3.5217879, 40.3569258]}, "properties": {"id": "rivas-proy-c630640cbd4189", "municipio": "Rivas-Vaciamadrid", "titulo": "PLAN_PARCIAL_LAS_COLINAS-PLANOS-INFRAESTRUCTURAS-IN-09-RED-ALUMBRADO.pdf", "fecha": "2019-12-01", "tipo": "planeamiento", "url": "https://www.rivasciudad.es/geoportal/normativa-urbanistica-vigente/", "coordSource": "municipio_centroid_jitter", "sectorKey": "rivas-vaciamadrid", "catalogSource": "ayuntamiento-portal"}}, {"type": "Feature", "geometry": {"type": "Point", "coordinates": [-3.5210525, 40.3577921]}, "properties": {"id": "rivas-proy-c689af7f66a8a6", "municipio": "Rivas-Vaciamadrid", "titulo": "PLAN_PARCIAL_MIRADOR-NORTE-calificación.pdf", "fecha": "2019-12-01", "tipo": "planeamiento", "url": "https://www.rivasciudad.es/geoportal/normativa-urbanistica-vigente/", "coordSource": "municipio_centroid_jitter", "sectorKey": "rivas-vaciamadrid", "catalogSource": "ayuntamiento-portal"}}, {"type": "Feature", "geometry": {"type": "Point", "coordinates": [-3.5220692, 40.358934]}, "properties": {"id": "rivas-proy-c6efc2de638f7d", "municipio": "Rivas-Vaciamadrid", "titulo": "PGOU-PLANOS-ZOUP-06-S2.pdf", "fecha": "2019-12-01", "tipo": "planeamiento", "url": "https://www.rivasciudad.es/geoportal/normativa-urbanistica-vigente/", "coordSource": "municipio_centroid_jitter", "sectorKey": "rivas-vaciamadrid", "catalogSource": "ayuntamiento-portal"}}, {"type": "Feature", "geometry": {"type": "Point", "coordinates": [-3.5205769, 40.357815]}, "properties": {"id": "rivas-proy-c7ef21388fc6bc", "municipio": "Rivas-Vaciamadrid", "titulo": "PLAN_PARCIAL_LAS_COLINAS-PLANOS-INFORMACION-I_02-CLASIFICACION.pdf", "fecha": "2019-12-01", "tipo": "información pública", "url": "https://www.rivasciudad.es/geoportal/normativa-urbanistica-vigente/", "coordSource": "municipio_centroid_jitter", "sectorKey": "rivas-vaciamadrid", "catalogSource": "ayuntamiento-portal"}}, {"type": "Feature", "geometry": {"type": "Point", "coordinates": [-3.5198315, 40.3578864]}, "properties": {"id": "rivas-proy-c92546ba25d526", "municipio": "Rivas-Vaciamadrid", "titulo": "PLAN_PARCIAL_LA_FORTUNA-PLANOS-DE-INFRAESTRUCTURAS-PI-07-RED_TELECO.pdf", "fecha": "2019-12-01", "tipo": "planeamiento", "url": "https://www.rivasciudad.es/geoportal/normativa-urbanistica-vigente/", "coordSource": "municipio_centroid_jitter", "sectorKey": "rivas-vaciamadrid", "catalogSource": "ayuntamiento-portal"}}, {"type": "Feature", "geometry": {"type": "Point", "coordinates": [-3.5215987, 40.357445]}, "properties": {"id": "rivas-proy-caac5cf17bf3ae", "municipio": "Rivas-Vaciamadrid", "titulo": "PGOU-2-ORDENACION-PLANOS-TOMO3-CL5000-14.pdf", "fecha": "2019-12-01", "tipo": "planeamiento", "url": "https://www.rivasciudad.es/geoportal/normativa-urbanistica-vigente/", "coordSource": "municipio_centroid_jitter", "sectorKey": "rivas-vaciamadrid", "catalogSource": "ayuntamiento-portal"}}, {"type": "Feature", "geometry": {"type": "Point", "coordinates": [-3.5220081, 40.3578335]}, "properties": {"id": "rivas-proy-cb132a48a779f5", "municipio": "Rivas-Vaciamadrid", "titulo": "PLAN_PARCIAL_LAS_COLINAS-INFORMACION-JUSTIFICACIÓN_CONEXIONES_VIARIAS.pdf", "fecha": "2019-12-01", "tipo": "información pública", "url": "https://www.rivasciudad.es/geoportal/normativa-urbanistica-vigente/", "coordSource": "municipio_centroid_jitter", "sectorKey": "rivas-vaciamadrid", "catalogSource": "ayuntamiento-portal"}}, {"type": "Feature", "geometry": {"type": "Point", "coordinates": [-3.5222895, 40.3573979]}, "properties": {"id": "rivas-proy-cb6b7a7cf35279", "municipio": "Rivas-Vaciamadrid", "titulo": "PGOU-2-ORDENACION-PLANOS-8_POR-ARQ-R.pdf", "fecha": "2019-12-01", "tipo": "planeamiento", "url": "https://www.rivasciudad.es/geoportal/normativa-urbanistica-vigente/", "coordSource": "municipio_centroid_jitter", "sectorKey": "rivas-vaciamadrid", "catalogSource": "ayuntamiento-portal"}}, {"type": "Feature", "geometry": {"type": "Point", "coordinates": [-3.521825, 40.3575874]}, "properties": {"id": "rivas-proy-cbf58b65bd2201", "municipio": "Rivas-Vaciamadrid", "titulo": "PGOU-2-ORDENACION-PLANOS-TOMO2-OR2000-11-3.pdf", "fecha": "2019-12-01", "tipo": "planeamiento", "url": "https://www.rivasciudad.es/geoportal/normativa-urbanistica-vigente/", "coordSource": "municipio_centroid_jitter", "sectorKey": "rivas-vaciamadrid", "catalogSource": "ayuntamiento-portal"}}, {"type": "Feature", "geometry": {"type": "Point", "coordinates": [-3.5202918, 40.3584296]}, "properties": {"id": "rivas-proy-ccdd3d6febe143", "municipio": "Rivas-Vaciamadrid", "titulo": "PLAN_PARCIAL_LAS_COLINAS-PLANOS-ORDENACION-O_04DOTACIONES.pdf", "fecha": "2019-12-01", "tipo": "planeamiento", "url": "https://www.rivasciudad.es/geoportal/normativa-urbanistica-vigente/", "coordSource": "municipio_centroid_jitter", "sectorKey": "rivas-vaciamadrid", "catalogSource": "ayuntamiento-portal"}}, {"type": "Feature", "geometry": {"type": "Point", "coordinates": [-3.5204576, 40.3570754]}, "properties": {"id": "rivas-proy-cd2d002f18a314", "municipio": "Rivas-Vaciamadrid", "titulo": "PGOU-2-ORDENACION-PLANOS-TOMO3-CL5000-16.pdf", "fecha": "2019-12-01", "tipo": "planeamiento", "url": "https://www.rivasciudad.es/geoportal/normativa-urbanistica-vigente/", "coordSource": "municipio_centroid_jitter", "sectorKey": "rivas-vaciamadrid", "catalogSource": "ayuntamiento-portal"}}, {"type": "Feature", "geometry": {"type": "Point", "coordinates": [-3.5206957, 40.3565159]}, "properties": {"id": "rivas-proy-cd4525a87e0e48", "municipio": "Rivas-Vaciamadrid", "titulo": "PLAN_PARCIAL_LAS_COLINAS-INFORMACION-NORMAS_URBANISTICAS.pdf", "fecha": "2019-12-01", "tipo": "información pública", "url": "https://www.rivasciudad.es/geoportal/normativa-urbanistica-vigente/", "coordSource": "municipio_centroid_jitter", "sectorKey": "rivas-vaciamadrid", "catalogSource": "ayuntamiento-portal"}}, {"type": "Feature", "geometry": {"type": "Point", "coordinates": [-3.5201148, 40.3564447]}, "properties": {"id": "rivas-proy-cd5b30004d239e", "municipio": "Rivas-Vaciamadrid", "titulo": "PLAN_PARCIAL_LA_FORTUNA-PLANOS-DE-INFRAESTRUCTURAS-PI-04A-RED_ABASTECIMIENTO.pdf", "fecha": "2019-12-01", "tipo": "planeamiento", "url": "https://www.rivasciudad.es/geoportal/normativa-urbanistica-vigente/", "coordSource": "municipio_centroid_jitter", "sectorKey": "rivas-vaciamadrid", "catalogSource": "ayuntamiento-portal"}}, {"type": "Feature", "geometry": {"type": "Point", "coordinates": [-3.5222947, 40.3582286]}, "properties": {"id": "rivas-proy-ce3140fa1e7c84", "municipio": "Rivas-Vaciamadrid", "titulo": "PLAN_PARCIAL_LA_FORTUNA-PLANOS-DE-INFRAESTRUCTURAS-PI-08-RED_GAS.pdf", "fecha": "2019-12-01", "tipo": "planeamiento", "url": "https://www.rivasciudad.es/geoportal/normativa-urbanistica-vigente/", "coordSource": "municipio_centroid_jitter", "sectorKey": "rivas-vaciamadrid", "catalogSource": "ayuntamiento-portal"}}, {"type": "Feature", "geometry": {"type": "Point", "coordinates": [-3.5215898, 40.3576486]}, "properties": {"id": "rivas-proy-d09ec8d83204ab", "municipio": "Rivas-Vaciamadrid", "titulo": "PGOU-2-ORDENACION-PLANOS-TOMO3-CL5000-17.pdf", "fecha": "2019-12-01", "tipo": "planeamiento", "url": "https://www.rivasciudad.es/geoportal/normativa-urbanistica-vigente/", "coordSource": "municipio_centroid_jitter", "sectorKey": "rivas-vaciamadrid", "catalogSource": "ayuntamiento-portal"}}, {"type": "Feature", "geometry": {"type": "Point", "coordinates": [-3.521115, 40.3577588]}, "properties": {"id": "rivas-proy-d12574510ade7b", "municipio": "Rivas-Vaciamadrid", "titulo": "PGOU-PLANOS-ZOUP-11-A3.pdf", "fecha": "2019-12-01", "tipo": "planeamiento", "url": "https://www.rivasciudad.es/geoportal/normativa-urbanistica-vigente/", "coordSource": "municipio_centroid_jitter", "sectorKey": "rivas-vaciamadrid", "catalogSource": "ayuntamiento-portal"}}, {"type": "Feature", "geometry": {"type": "Point", "coordinates": [-3.5208372, 40.3561307]}, "properties": {"id": "rivas-proy-d3a3c46f7a138b", "municipio": "Rivas-Vaciamadrid", "titulo": "PLAN_PARCIAL_LAS_COLINAS-PLANOS-INFRAESTRUCTURAS-IN-03-SEÑALIZACION-HORIZONTAL.pdf", "fecha": "2019-12-01", "tipo": "planeamiento", "url": "https://www.rivasciudad.es/geoportal/normativa-urbanistica-vigente/", "coordSource": "municipio_centroid_jitter", "sectorKey": "rivas-vaciamadrid", "catalogSource": "ayuntamiento-portal"}}, {"type": "Feature", "geometry": {"type": "Point", "coordinates": [-3.5218765, 40.3588303]}, "properties": {"id": "rivas-proy-d51a5a7579434e", "municipio": "Rivas-Vaciamadrid", "titulo": "PGOU-2-ORDENACION-PLANOS-TOMO2-OR2000-05-7.pdf", "fecha": "2019-12-01", "tipo": "planeamiento", "url": "https://www.rivasciudad.es/geoportal/normativa-urbanistica-vigente/", "coordSource": "municipio_centroid_jitter", "sectorKey": "rivas-vaciamadrid", "catalogSource": "ayuntamiento-portal"}}, {"type": "Feature", "geometry": {"type": "Point", "coordinates": [-3.5216335, 40.3574607]}, "properties": {"id": "rivas-proy-d56cee93ffc77d", "municipio": "Rivas-Vaciamadrid", "titulo": "PLAN_PARCIAL_CRISTO_DE_RIVAS_NORMAS_URBANISTICAS-ORDENANZAS-ZV.pdf", "fecha": "2019-12-01", "tipo": "planeamiento", "url": "https://www.rivasciudad.es/geoportal/normativa-urbanistica-vigente/", "coordSource": "municipio_centroid_jitter", "sectorKey": "rivas-vaciamadrid", "catalogSource": "ayuntamiento-portal"}}, {"type": "Feature", "geometry": {"type": "Point", "coordinates": [-3.5213297, 40.3579852]}, "properties": {"id": "rivas-proy-d5a37126c3f109", "municipio": "Rivas-Vaciamadrid", "titulo": "PLAN_PARCIAL_LAS_COLINAS-PLANOS-INFRAESTRUCTURAS-IN-11-RED-TELECO.pdf", "fecha": "2019-12-01", "tipo": "planeamiento", "url": "https://www.rivasciudad.es/geoportal/normativa-urbanistica-vigente/", "coordSource": "municipio_centroid_jitter", "sectorKey": "rivas-vaciamadrid", "catalogSource": "ayuntamiento-portal"}}, {"type": "Feature", "geometry": {"type": "Point", "coordinates": [-3.5210669, 40.3584571]}, "properties": {"id": "rivas-proy-d67b8595f5fb7e", "municipio": "Rivas-Vaciamadrid", "titulo": "PLAN_PARCIAL_LA_FORTUNA-PLANOS-DE-INFORMACION-I-1-SITUACION.pdf", "fecha": "2019-12-01", "tipo": "información pública", "url": "https://www.rivasciudad.es/geoportal/normativa-urbanistica-vigente/", "coordSource": "municipio_centroid_jitter", "sectorKey": "rivas-vaciamadrid", "catalogSource": "ayuntamiento-portal"}}, {"type": "Feature", "geometry": {"type": "Point", "coordinates": [-3.5225007, 40.3585984]}, "properties": {"id": "rivas-proy-d67e611477d7b9", "municipio": "Rivas-Vaciamadrid", "titulo": "PLAN_PARCIAL_LAS_COLINAS-PLANOS-ORDENACION-O_05CESIONES.pdf", "fecha": "2019-12-01", "tipo": "planeamiento", "url": "https://www.rivasciudad.es/geoportal/normativa-urbanistica-vigente/", "coordSource": "municipio_centroid_jitter", "sectorKey": "rivas-vaciamadrid", "catalogSource": "ayuntamiento-portal"}}, {"type": "Feature", "geometry": {"type": "Point", "coordinates": [-3.5218184, 40.3575672]}, "properties": {"id": "rivas-proy-d6fe73b1114744", "municipio": "Rivas-Vaciamadrid", "titulo": "PLAN_PARCIAL_LAS_COLINAS-PLANOS-INFRAESTRUCTURAS-IN-04a-PERFILES-LONGITUDINALES.pdf", "fecha": "2019-12-01", "tipo": "planeamiento", "url": "https://www.rivasciudad.es/geoportal/normativa-urbanistica-vigente/", "coordSource": "municipio_centroid_jitter", "sectorKey": "rivas-vaciamadrid", "catalogSource": "ayuntamiento-portal"}}, {"type": "Feature", "geometry": {"type": "Point", "coordinates": [-3.521572, 40.3581108]}, "properties": {"id": "rivas-proy-d7af6230eeb405", "municipio": "Rivas-Vaciamadrid", "titulo": "PLAN_PARCIAL_LAS_COLINAS-PLANOS-INFORMACION-I_03-CALIFICACION.pdf", "fecha": "2019-12-01", "tipo": "información pública", "url": "https://www.rivasciudad.es/geoportal/normativa-urbanistica-vigente/", "coordSource": "municipio_centroid_jitter", "sectorKey": "rivas-vaciamadrid", "catalogSource": "ayuntamiento-portal"}}, {"type": "Feature", "geometry": {"type": "Point", "coordinates": [-3.5229698, 40.3587008]}, "properties": {"id": "rivas-proy-dbb8e79c3673a9", "municipio": "Rivas-Vaciamadrid", "titulo": "PLAN_PARCIAL_CRISTO_DE_RIVAS_PLANOS_ORDENACION-2.1.1-Usos-Pormenorizados.pdf", "fecha": "2019-12-01", "tipo": "planeamiento", "url": "https://www.rivasciudad.es/geoportal/normativa-urbanistica-vigente/", "coordSource": "municipio_centroid_jitter", "sectorKey": "rivas-vaciamadrid", "catalogSource": "ayuntamiento-portal"}}, {"type": "Feature", "geometry": {"type": "Point", "coordinates": [-3.520933, 40.3582258]}, "properties": {"id": "rivas-proy-dce77f65dfe394", "municipio": "Rivas-Vaciamadrid", "titulo": "PGOU-1-2-PLANOS-INFO-P0-GUIA.pdf", "fecha": "2019-12-01", "tipo": "información pública", "url": "https://www.rivasciudad.es/geoportal/normativa-urbanistica-vigente/", "coordSource": "municipio_centroid_jitter", "sectorKey": "rivas-vaciamadrid", "catalogSource": "ayuntamiento-portal"}}, {"type": "Feature", "geometry": {"type": "Point", "coordinates": [-3.5220727, 40.3570552]}, "properties": {"id": "rivas-proy-e30ab18d8fdc44", "municipio": "Rivas-Vaciamadrid", "titulo": "PGOU-2-ORDENACION-PLANOS-TOMO2-OR2000-08-4.pdf", "fecha": "2019-12-01", "tipo": "planeamiento", "url": "https://www.rivasciudad.es/geoportal/normativa-urbanistica-vigente/", "coordSource": "municipio_centroid_jitter", "sectorKey": "rivas-vaciamadrid", "catalogSource": "ayuntamiento-portal"}}, {"type": "Feature", "geometry": {"type": "Point", "coordinates": [-3.5217831, 40.3573699]}, "properties": {"id": "rivas-proy-e3aadd7cc7fe41", "municipio": "Rivas-Vaciamadrid", "titulo": "PEPRI_Rivas-Vaciamadrid_Planos.pdf", "fecha": "2019-12-01", "tipo": "planeamiento", "url": "https://www.rivasciudad.es/geoportal/normativa-urbanistica-vigente/", "coordSource": "municipio_centroid_jitter", "sectorKey": "rivas-vaciamadrid", "catalogSource": "ayuntamiento-portal"}}, {"type": "Feature", "geometry": {"type": "Point", "coordinates": [-3.5219704, 40.3565769]}, "properties": {"id": "rivas-proy-e692febeccc9cf", "municipio": "Rivas-Vaciamadrid", "titulo": "PLAN_PARCIAL_LAS_COLINAS-PLANOS-INFORMACION-I_05-PROPIEDADES.pdf", "fecha": "2019-12-01", "tipo": "información pública", "url": "https://www.rivasciudad.es/geoportal/normativa-urbanistica-vigente/", "coordSource": "municipio_centroid_jitter", "sectorKey": "rivas-vaciamadrid", "catalogSource": "ayuntamiento-portal"}}, {"type": "Feature", "geometry": {"type": "Point", "coordinates": [-3.5219301, 40.3583226]}, "properties": {"id": "rivas-proy-e8fb72f6f31409", "municipio": "Rivas-Vaciamadrid", "titulo": "PGOU-1-1-INFORMACION-MEMORIA-INFORMATIVA.pdf", "fecha": "2019-12-01", "tipo": "información pública", "url": "https://www.rivasciudad.es/geoportal/normativa-urbanistica-vigente/", "coordSource": "municipio_centroid_jitter", "sectorKey": "rivas-vaciamadrid", "catalogSource": "ayuntamiento-portal"}}, {"type": "Feature", "geometry": {"type": "Point", "coordinates": [-3.5203476, 40.3582191]}, "properties": {"id": "rivas-proy-e94d9c937f20be", "municipio": "Rivas-Vaciamadrid", "titulo": "PGOU-2-ORDENACION-PLANOS-TOMO2-OR2000-04-9.pdf", "fecha": "2019-12-01", "tipo": "planeamiento", "url": "https://www.rivasciudad.es/geoportal/normativa-urbanistica-vigente/", "coordSource": "municipio_centroid_jitter", "sectorKey": "rivas-vaciamadrid", "catalogSource": "ayuntamiento-portal"}}, {"type": "Feature", "geometry": {"type": "Point", "coordinates": [-3.5212104, 40.3575908]}, "properties": {"id": "rivas-proy-ea7f25d835c3ce", "municipio": "Rivas-Vaciamadrid", "titulo": "PGOU-2-ORDENACION-PLANOS-TOMO2-OR2000-04-6.pdf", "fecha": "2019-12-01", "tipo": "planeamiento", "url": "https://www.rivasciudad.es/geoportal/normativa-urbanistica-vigente/", "coordSource": "municipio_centroid_jitter", "sectorKey": "rivas-vaciamadrid", "catalogSource": "ayuntamiento-portal"}}, {"type": "Feature", "geometry": {"type": "Point", "coordinates": [-3.5219587, 40.3574268]}, "properties": {"id": "rivas-proy-eb019e5eda6f21", "municipio": "Rivas-Vaciamadrid", "titulo": "PGOU-2-ORDENACION-ESTUDIO-DE-VIABILIDAD.pdf", "fecha": "2019-12-01", "tipo": "planeamiento", "url": "https://www.rivasciudad.es/geoportal/normativa-urbanistica-vigente/", "coordSource": "municipio_centroid_jitter", "sectorKey": "rivas-vaciamadrid", "catalogSource": "ayuntamiento-portal"}}, {"type": "Feature", "geometry": {"type": "Point", "coordinates": [-3.5212933, 40.3576761]}, "properties": {"id": "rivas-proy-ed55645caab927", "municipio": "Rivas-Vaciamadrid", "titulo": "PGOU-2-ORDENACION-PLANOS-TOMO2-OR2000-05-1.pdf", "fecha": "2019-12-01", "tipo": "planeamiento", "url": "https://www.rivasciudad.es/geoportal/normativa-urbanistica-vigente/", "coordSource": "municipio_centroid_jitter", "sectorKey": "rivas-vaciamadrid", "catalogSource": "ayuntamiento-portal"}}, {"type": "Feature", "geometry": {"type": "Point", "coordinates": [-3.5217921, 40.3572985]}, "properties": {"id": "rivas-proy-ed9288e2dbe1c1", "municipio": "Rivas-Vaciamadrid", "titulo": "PLAN_PARCIAL_LAS_COLINAS-PLANOS-INFRAESTRUCTURAS-IN-06b-RED-RIEGO-E-HIDRANTES.pdf", "fecha": "2019-12-01", "tipo": "planeamiento", "url": "https://www.rivasciudad.es/geoportal/normativa-urbanistica-vigente/", "coordSource": "municipio_centroid_jitter", "sectorKey": "rivas-vaciamadrid", "catalogSource": "ayuntamiento-portal"}}, {"type": "Feature", "geometry": {"type": "Point", "coordinates": [-3.5230825, 40.3565852]}, "properties": {"id": "rivas-proy-ee0ea1b3e4472a", "municipio": "Rivas-Vaciamadrid", "titulo": "PLAN_PARCIAL_LA_FORTUNA-PLANOS-DE-INFRAESTRUCTURAS-PI-06-RED_MEDIA-Y-BAJA.pdf", "fecha": "2019-12-01", "tipo": "planeamiento", "url": "https://www.rivasciudad.es/geoportal/normativa-urbanistica-vigente/", "coordSource": "municipio_centroid_jitter", "sectorKey": "rivas-vaciamadrid", "catalogSource": "ayuntamiento-portal"}}, {"type": "Feature", "geometry": {"type": "Point", "coordinates": [-3.5210056, 40.3584287]}, "properties": {"id": "rivas-proy-ee782ff6f0c9cc", "municipio": "Rivas-Vaciamadrid", "titulo": "PGOU-2-ORDENACION-PLANOS-TOMO2-OR2000-02-9.pdf", "fecha": "2019-12-01", "tipo": "planeamiento", "url": "https://www.rivasciudad.es/geoportal/normativa-urbanistica-vigente/", "coordSource": "municipio_centroid_jitter", "sectorKey": "rivas-vaciamadrid", "catalogSource": "ayuntamiento-portal"}}, {"type": "Feature", "geometry": {"type": "Point", "coordinates": [-3.5221677, 40.3565724]}, "properties": {"id": "rivas-proy-efc227b5c534c7", "municipio": "Rivas-Vaciamadrid", "titulo": "PLAN_PARCIAL_LAS_COLINAS-PLANOS-ORDENACION-O_02EDIFICABILIDAD.pdf", "fecha": "2019-12-01", "tipo": "planeamiento", "url": "https://www.rivasciudad.es/geoportal/normativa-urbanistica-vigente/", "coordSource": "municipio_centroid_jitter", "sectorKey": "rivas-vaciamadrid", "catalogSource": "ayuntamiento-portal"}}, {"type": "Feature", "geometry": {"type": "Point", "coordinates": [-3.5223873, 40.3573166]}, "properties": {"id": "rivas-proy-f728c190ec4867", "municipio": "Rivas-Vaciamadrid", "titulo": "PGOU-2-ORDENACION-PLANOS-TOMO2-OR2000-07-8.pdf", "fecha": "2019-12-01", "tipo": "planeamiento", "url": "https://www.rivasciudad.es/geoportal/normativa-urbanistica-vigente/", "coordSource": "municipio_centroid_jitter", "sectorKey": "rivas-vaciamadrid", "catalogSource": "ayuntamiento-portal"}}, {"type": "Feature", "geometry": {"type": "Point", "coordinates": [-3.5217961, 40.3580576]}, "properties": {"id": "rivas-proy-f7f3c5ec9b80b4", "municipio": "Rivas-Vaciamadrid", "titulo": "PLAN_PARCIAL_LAS_COLINAS-PLANOS-INFRAESTRUCTURAS-IN-07-RED-SANEAMIENTO.pdf", "fecha": "2019-12-01", "tipo": "planeamiento", "url": "https://www.rivasciudad.es/geoportal/normativa-urbanistica-vigente/", "coordSource": "municipio_centroid_jitter", "sectorKey": "rivas-vaciamadrid", "catalogSource": "ayuntamiento-portal"}}, {"type": "Feature", "geometry": {"type": "Point", "coordinates": [-3.5210064, 40.3571466]}, "properties": {"id": "rivas-proy-fd016150b2b46b", "municipio": "Rivas-Vaciamadrid", "titulo": "PGOU-2-ORDENACION-PLANOS-TOMO3-CL5000-09.pdf", "fecha": "2019-12-01", "tipo": "planeamiento", "url": "https://www.rivasciudad.es/geoportal/normativa-urbanistica-vigente/", "coordSource": "municipio_centroid_jitter", "sectorKey": "rivas-vaciamadrid", "catalogSource": "ayuntamiento-portal"}}, {"type": "Feature", "geometry": {"type": "Point", "coordinates": [-3.5209055, 40.3589541]}, "properties": {"id": "rivas-proy-fd2dae3fcadeb6", "municipio": "Rivas-Vaciamadrid", "titulo": "PLAN_PARCIAL_LAS_COLINAS-PLANOS-INFRAESTRUCTURAS-IN-05-INFRAESTRUCTURAS-EXISTENTES.dwg-IN-05-INFR.pdf", "fecha": "2019-12-01", "tipo": "planeamiento", "url": "https://www.rivasciudad.es/geoportal/normativa-urbanistica-vigente/", "coordSource": "municipio_centroid_jitter", "sectorKey": "rivas-vaciamadrid", "catalogSource": "ayuntamiento-portal"}}, {"type": "Feature", "geometry": {"type": "Point", "coordinates": [-3.5214395, 40.3577748]}, "properties": {"id": "rivas-proy-fdaaff9b682e3c", "municipio": "Rivas-Vaciamadrid", "titulo": "PGOU-2-ORDENACION-PLANOS-TOMO2-OR2000-03-7.pdf", "fecha": "2019-12-01", "tipo": "planeamiento", "url": "https://www.rivasciudad.es/geoportal/normativa-urbanistica-vigente/", "coordSource": "municipio_centroid_jitter", "sectorKey": "rivas-vaciamadrid", "catalogSource": "ayuntamiento-portal"}}, {"type": "Feature", "geometry": {"type": "Point", "coordinates": [-3.5209971, 40.3579437]}, "properties": {"id": "rivas-proy-fe497f21fa6512", "municipio": "Rivas-Vaciamadrid", "titulo": "PGOU-2-ORDENACION-PLANOS-TOMO3-CL5000-07.pdf", "fecha": "2019-12-01", "tipo": "planeamiento", "url": "https://www.rivasciudad.es/geoportal/normativa-urbanistica-vigente/", "coordSource": "municipio_centroid_jitter", "sectorKey": "rivas-vaciamadrid", "catalogSource": "ayuntamiento-portal"}}, {"type": "Feature", "geometry": {"type": "Point", "coordinates": [-3.5211692, 40.3572146]}, "properties": {"id": "rivas-proy-fe71f494b80cd4", "municipio": "Rivas-Vaciamadrid", "titulo": "PGOU-2-ORDENACION-ANEXO-A-LAS-NORMAS.pdf", "fecha": "2019-12-01", "tipo": "planeamiento", "url": "https://www.rivasciudad.es/geoportal/normativa-urbanistica-vigente/", "coordSource": "municipio_centroid_jitter", "sectorKey": "rivas-vaciamadrid", "catalogSource": "ayuntamiento-portal"}}, {"type": "Feature", "geometry": {"type": "Point", "coordinates": [-3.5222223, 40.3576095]}, "properties": {"id": "rivas-proy-ff75b069656e6c", "municipio": "Rivas-Vaciamadrid", "titulo": "PLAN_PARCIAL_LAS_COLINAS-PLANOS-INFRAESTRUCTURAS-IN-02a-SECCIONES-TIPO-RED-VIARIA.pdf", "fecha": "2019-12-01", "tipo": "planeamiento", "url": "https://www.rivasciudad.es/geoportal/normativa-urbanistica-vigente/", "coordSource": "municipio_centroid_jitter", "sectorKey": "rivas-vaciamadrid", "catalogSource": "ayuntamiento-portal"}}, {"type": "Feature", "geometry": {"type": "Point", "coordinates": [-3.5208004, 40.3566298]}, "properties": {"id": "rivas-proy-ff885ee01d5717", "municipio": "Rivas-Vaciamadrid", "titulo": "PLAN_PARCIAL_LAS_COLINAS-PLANOS-INFRAESTRUCTURAS-IN-02b-SECCIONES-TIPO-RED-VIARIA.pdf", "fecha": "2019-12-01", "tipo": "planeamiento", "url": "https://www.rivasciudad.es/geoportal/normativa-urbanistica-vigente/", "coordSource": "municipio_centroid_jitter", "sectorKey": "rivas-vaciamadrid", "catalogSource": "ayuntamiento-portal"}}, {"type": "Feature", "geometry": {"type": "Point", "coordinates": [-3.5214466, 40.3567622]}, "properties": {"id": "rivas-proy-ffdc4aa6c0c9e1", "municipio": "Rivas-Vaciamadrid", "titulo": "PGOU-1-2-PLANOS-INFO-PI-04-INFRAESTRUCTURAS.pdf", "fecha": "2019-12-01", "tipo": "información pública", "url": "https://www.rivasciudad.es/geoportal/normativa-urbanistica-vigente/", "coordSource": "municipio_centroid_jitter", "sectorKey": "rivas-vaciamadrid", "catalogSource": "ayuntamiento-portal"}}, {"type": "Feature", "geometry": {"type": "Point", "coordinates": [-3.5217442, 40.3574487]}, "properties": {"id": "rivas-proy-fffaa1079c67a5", "municipio": "Rivas-Vaciamadrid", "titulo": "PGOU-PLANOS-ZOUP-05-S1.pdf", "fecha": "2019-12-01", "tipo": "planeamiento", "url": "https://www.rivasciudad.es/geoportal/normativa-urbanistica-vigente/", "coordSource": "municipio_centroid_jitter", "sectorKey": "rivas-vaciamadrid", "catalogSource": "ayuntamiento-portal"}}, {"type": "Feature", "geometry": {"type": "Point", "coordinates": [-3.4792131, 40.4597296]}, "properties": {"id": "torrejon-de-ardoz-proy-213b53d4da3d91", "municipio": "Torrejón de Ardoz", "titulo": "EXPEDIENTE MATRIMONIAL DON ANDRES FELIPE RUBIO ZAPATA Y DOÑA DAYANA LYSEE PIEDRAHITA", "fecha": "2026-06-18", "tipo": "edicto", "url": "https://sede.ayto-torrejon.es/portal/tablonVirtual.do?expId=376428&subseccion=INFOTAB&opc_id=175&ent_id=1&idioma=1", "coordSource": "municipio_centroid_jitter", "sectorKey": "torrejon-de-ardoz", "catalogSource": "ayuntamiento-portal"}}, {"type": "Feature", "geometry": {"type": "Point", "coordinates": [-3.4792357, 40.4615167]}, "properties": {"id": "torrejon-de-ardoz-proy-5ef0e9eff6490e", "municipio": "Torrejón de Ardoz", "titulo": "EXPEDIENTE RECTIFICACION DE CABIDA DE FINCAS PARCELA CRTA LOECHES 9,600", "fecha": "2026-06-11", "tipo": "edicto", "url": "https://sede.ayto-torrejon.es/portal/tablonVirtual.do?expId=375676&subseccion=INFOTAB&opc_id=175&ent_id=1&idioma=1", "coordSource": "municipio_centroid_jitter", "sectorKey": "torrejon-de-ardoz", "catalogSource": "ayuntamiento-portal"}}, {"type": "Feature", "geometry": {"type": "Point", "coordinates": [-3.4794282, 40.4586285]}, "properties": {"id": "torrejon-de-ardoz-proy-ff94db9f01f7b8", "municipio": "Torrejón de Ardoz", "titulo": "CALIFICADA AMENABAR TORREJÓN S.L PARCELA R2 - AMBITO DELIMITADO POR LAS CALLES PLATA, ZARZA, PINO Y PASEO CONVIVENCIA RE 29361", "fecha": "2026-05-11", "tipo": "licencia publicada", "url": "https://sede.ayto-torrejon.es/portal/tablonVirtual.do?expId=279313&subseccion=TABURB&opc_id=175&ent_id=1&idioma=1", "coordSource": "municipio_centroid_jitter", "sectorKey": "torrejon-de-ardoz", "catalogSource": "ayuntamiento-portal"}}, {"type": "Feature", "geometry": {"type": "Point", "coordinates": [-3.4797744, 40.4609097]}, "properties": {"id": "torrejon-de-ardoz-proy-6ceea5936660c5", "municipio": "Torrejón de Ardoz", "titulo": "LISTA DEFINITIVA CANDIDATOS A JURADO 2025/2026", "fecha": "2025-01-07", "tipo": "edicto", "url": "https://sede.ayto-torrejon.es/portal/tablonVirtual.do?expId=221301&subseccion=INFOTAB&opc_id=175&ent_id=1&idioma=1", "coordSource": "municipio_centroid_jitter", "sectorKey": "torrejon-de-ardoz", "catalogSource": "ayuntamiento-portal"}}, {"type": "Feature", "geometry": {"type": "Point", "coordinates": [-3.4817903, 40.4599888]}, "properties": {"id": "torrejon-de-ardoz-proy-01f1c4fb7af89c", "municipio": "Torrejón de Ardoz", "titulo": "aprobación definitiva de Corrección de errores detectados en el Plan Especial de Esponjamiento y Modificación del Diseño Pormenorizado.pdf", "fecha": "", "tipo": "plan especial", "url": "https://www.ayto-torrejon.es/concejalias/urbanismo/ordenanzas-y-normativa", "coordSource": "municipio_centroid_jitter", "sectorKey": "torrejon-de-ardoz", "catalogSource": "ayuntamiento-portal"}}, {"type": "Feature", "geometry": {"type": "Point", "coordinates": [-3.4792831, 40.460553]}, "properties": {"id": "torrejon-de-ardoz-proy-0c7cdabb38beb4", "municipio": "Torrejón de Ardoz", "titulo": "Anuncio de aprobación definitiva del Proyecto de Reparcelación Voluntaria del ámbito AOS II 1-4.PDF", "fecha": "", "tipo": "aprobación planeamiento", "url": "https://www.ayto-torrejon.es/concejalias/urbanismo/ordenanzas-y-normativa", "coordSource": "municipio_centroid_jitter", "sectorKey": "torrejon-de-ardoz", "catalogSource": "ayuntamiento-portal"}}, {"type": "Feature", "geometry": {"type": "Point", "coordinates": [-3.4795832, 40.4601031]}, "properties": {"id": "torrejon-de-ardoz-proy-0d71d5dc130c42", "municipio": "Torrejón de Ardoz", "titulo": "Anexo_Plan Especial para aprob def Plan Especial de Reforma Interior Parcela 305–FRESNOS II Fincas Registrales 69644 y 72697.pdf", "fecha": "", "tipo": "plan especial", "url": "https://www.ayto-torrejon.es/concejalias/urbanismo/ordenanzas-y-normativa", "coordSource": "municipio_centroid_jitter", "sectorKey": "torrejon-de-ardoz", "catalogSource": "ayuntamiento-portal"}}, {"type": "Feature", "geometry": {"type": "Point", "coordinates": [-3.4805821, 40.460255]}, "properties": {"id": "torrejon-de-ardoz-proy-0dde50c4a6b267", "municipio": "Torrejón de Ardoz", "titulo": "DOCUMENTO PLAN ESPECIAL APROB.INIC.10.11.2025.pdf", "fecha": "", "tipo": "plan especial", "url": "https://www.ayto-torrejon.es/concejalias/urbanismo/ordenanzas-y-normativa", "coordSource": "municipio_centroid_jitter", "sectorKey": "torrejon-de-ardoz", "catalogSource": "ayuntamiento-portal"}}, {"type": "Feature", "geometry": {"type": "Point", "coordinates": [-3.4796074, 40.4603168]}, "properties": {"id": "torrejon-de-ardoz-proy-0dffe6df181099", "municipio": "Torrejón de Ardoz", "titulo": "251_documento modificacion tercera plan parcial soto del henares.pdf", "fecha": "", "tipo": "PGOU", "url": "https://www.ayto-torrejon.es/concejalias/urbanismo/ordenanzas-y-normativa", "coordSource": "municipio_centroid_jitter", "sectorKey": "torrejon-de-ardoz", "catalogSource": "ayuntamiento-portal"}}, {"type": "Feature", "geometry": {"type": "Point", "coordinates": [-3.4796895, 40.4600754]}, "properties": {"id": "torrejon-de-ardoz-proy-0e49a956596d2a", "municipio": "Torrejón de Ardoz", "titulo": "Anuncio de aprobación definitiva de la operación jurídica complementaria a la Modificación 4ª del Proyecto de Reparcelación del SUNP T-2, resultante de la Modificación 4ª del Plan Parcial del mismo ámbito.PDF", "fecha": "", "tipo": "PGOU", "url": "https://www.ayto-torrejon.es/concejalias/urbanismo/ordenanzas-y-normativa", "coordSource": "municipio_centroid_jitter", "sectorKey": "torrejon-de-ardoz", "catalogSource": "ayuntamiento-portal"}}, {"type": "Feature", "geometry": {"type": "Point", "coordinates": [-3.4803859, 40.4598107]}, "properties": {"id": "torrejon-de-ardoz-proy-184ea64bc62ed9", "municipio": "Torrejón de Ardoz", "titulo": "918_Proyecto reparcelación Zarza.pdf", "fecha": "", "tipo": "documento urbanismo", "url": "https://www.ayto-torrejon.es/concejalias/urbanismo/ordenanzas-y-normativa", "coordSource": "municipio_centroid_jitter", "sectorKey": "torrejon-de-ardoz", "catalogSource": "ayuntamiento-portal"}}, {"type": "Feature", "geometry": {"type": "Point", "coordinates": [-3.4793036, 40.4601586]}, "properties": {"id": "torrejon-de-ardoz-proy-1e1b58c334b64d", "municipio": "Torrejón de Ardoz", "titulo": "Anuncio de aprobación definitiva del Plan Especial de las parcelas T3, T4, T5, T6 y T7 del Sector Soto del Henares.PDF", "fecha": "", "tipo": "plan especial", "url": "https://www.ayto-torrejon.es/concejalias/urbanismo/ordenanzas-y-normativa", "coordSource": "municipio_centroid_jitter", "sectorKey": "torrejon-de-ardoz", "catalogSource": "ayuntamiento-portal"}}, {"type": "Feature", "geometry": {"type": "Point", "coordinates": [-3.4795104, 40.4598287]}, "properties": {"id": "torrejon-de-ardoz-proy-1fb020d380ff9e", "municipio": "Torrejón de Ardoz", "titulo": "PLAN ESPECIAL DE ESPONJAMIENTO DEL CASCO ANTIGUO DE TORREJÓN DE ARDOZ APROB.DEF_..pdf", "fecha": "", "tipo": "plan especial", "url": "https://www.ayto-torrejon.es/concejalias/urbanismo/ordenanzas-y-normativa", "coordSource": "municipio_centroid_jitter", "sectorKey": "torrejon-de-ardoz", "catalogSource": "ayuntamiento-portal"}}, {"type": "Feature", "geometry": {"type": "Point", "coordinates": [-3.4798985, 40.4591466]}, "properties": {"id": "torrejon-de-ardoz-proy-207a0215fa7f34", "municipio": "Torrejón de Ardoz", "titulo": "Texto Refundido Modificacion OCTAVA plan especial adecuacion usos.pdf", "fecha": "", "tipo": "plan especial", "url": "https://www.ayto-torrejon.es/concejalias/urbanismo/ordenanzas-y-normativa", "coordSource": "municipio_centroid_jitter", "sectorKey": "torrejon-de-ardoz", "catalogSource": "ayuntamiento-portal"}}, {"type": "Feature", "geometry": {"type": "Point", "coordinates": [-3.4795987, 40.4592189]}, "properties": {"id": "torrejon-de-ardoz-proy-21affe8c64bc89", "municipio": "Torrejón de Ardoz", "titulo": "Plan Especial ZU.I2_0.pdf", "fecha": "", "tipo": "plan especial", "url": "https://www.ayto-torrejon.es/concejalias/urbanismo/ordenanzas-y-normativa", "coordSource": "municipio_centroid_jitter", "sectorKey": "torrejon-de-ardoz", "catalogSource": "ayuntamiento-portal"}}, {"type": "Feature", "geometry": {"type": "Point", "coordinates": [-3.4796616, 40.4598218]}, "properties": {"id": "torrejon-de-ardoz-proy-23b41cba094c14", "municipio": "Torrejón de Ardoz", "titulo": "anuncio aprobacion definitiva estudio detalle estacion soto henares.pdf", "fecha": "", "tipo": "aprobación planeamiento", "url": "https://www.ayto-torrejon.es/concejalias/urbanismo/ordenanzas-y-normativa", "coordSource": "municipio_centroid_jitter", "sectorKey": "torrejon-de-ardoz", "catalogSource": "ayuntamiento-portal"}}, {"type": "Feature", "geometry": {"type": "Point", "coordinates": [-3.4798491, 40.4603325]}, "properties": {"id": "torrejon-de-ardoz-proy-23faf01e3b2a8c", "municipio": "Torrejón de Ardoz", "titulo": "Plan Especial aprob.inic_.5.7.21.pdf", "fecha": "", "tipo": "plan especial", "url": "https://www.ayto-torrejon.es/concejalias/urbanismo/ordenanzas-y-normativa", "coordSource": "municipio_centroid_jitter", "sectorKey": "torrejon-de-ardoz", "catalogSource": "ayuntamiento-portal"}}, {"type": "Feature", "geometry": {"type": "Point", "coordinates": [-3.4805261, 40.4602222]}, "properties": {"id": "torrejon-de-ardoz-proy-24d8983cb8a6bc", "municipio": "Torrejón de Ardoz", "titulo": "Anuncio de aprobación definitiva del Plan Especial de Reasignación de las Condiciones Urbanísticas de las Parcelas P1 y P2 de la UEDB-14 y de las Parcelas 311, 312 y V12 del PI ”Las Monjas”.pdf", "fecha": "", "tipo": "plan especial", "url": "https://www.ayto-torrejon.es/concejalias/urbanismo/ordenanzas-y-normativa", "coordSource": "municipio_centroid_jitter", "sectorKey": "torrejon-de-ardoz", "catalogSource": "ayuntamiento-portal"}}, {"type": "Feature", "geometry": {"type": "Point", "coordinates": [-3.4793112, 40.4614918]}, "properties": {"id": "torrejon-de-ardoz-proy-251dafe92a3aeb", "municipio": "Torrejón de Ardoz", "titulo": "251_documento modificacion segunda plan parcial soto del henares.pdf", "fecha": "", "tipo": "PGOU", "url": "https://www.ayto-torrejon.es/concejalias/urbanismo/ordenanzas-y-normativa", "coordSource": "municipio_centroid_jitter", "sectorKey": "torrejon-de-ardoz", "catalogSource": "ayuntamiento-portal"}}, {"type": "Feature", "geometry": {"type": "Point", "coordinates": [-3.4789082, 40.4600473]}, "properties": {"id": "torrejon-de-ardoz-proy-27216b7b8c767c", "municipio": "Torrejón de Ardoz", "titulo": "251_Plan especial de ajuste reservas dotaciones de Plan Parcial Soto Henares.pdf", "fecha": "", "tipo": "plan especial", "url": "https://www.ayto-torrejon.es/concejalias/urbanismo/ordenanzas-y-normativa", "coordSource": "municipio_centroid_jitter", "sectorKey": "torrejon-de-ardoz", "catalogSource": "ayuntamiento-portal"}}, {"type": "Feature", "geometry": {"type": "Point", "coordinates": [-3.4790096, 40.461088]}, "properties": {"id": "torrejon-de-ardoz-proy-2767352ded5c39", "municipio": "Torrejón de Ardoz", "titulo": "ANUNCIO APROBACION DEFINITIVA.PDF", "fecha": "", "tipo": "aprobación planeamiento", "url": "https://www.ayto-torrejon.es/concejalias/urbanismo/ordenanzas-y-normativa", "coordSource": "municipio_centroid_jitter", "sectorKey": "torrejon-de-ardoz", "catalogSource": "ayuntamiento-portal"}}, {"type": "Feature", "geometry": {"type": "Point", "coordinates": [-3.4802116, 40.4597616]}, "properties": {"id": "torrejon-de-ardoz-proy-2d27a41841d8d8", "municipio": "Torrejón de Ardoz", "titulo": "Anuncio de aprobación definitiva del Estudio de Detalle de las parcelas RC.2.1 y RC.2.2 del Sector Residencial SUP.R2..pdf", "fecha": "", "tipo": "aprobación planeamiento", "url": "https://www.ayto-torrejon.es/concejalias/urbanismo/ordenanzas-y-normativa", "coordSource": "municipio_centroid_jitter", "sectorKey": "torrejon-de-ardoz", "catalogSource": "ayuntamiento-portal"}}, {"type": "Feature", "geometry": {"type": "Point", "coordinates": [-3.4797222, 40.4602201]}, "properties": {"id": "torrejon-de-ardoz-proy-2e338643435625", "municipio": "Torrejón de Ardoz", "titulo": "anuncio aprob Plan Especial de Reforma Interior Parcela 305–FRESNOS II Fincas Registrales 69644 y 72697.pdf", "fecha": "", "tipo": "plan especial", "url": "https://www.ayto-torrejon.es/concejalias/urbanismo/ordenanzas-y-normativa", "coordSource": "municipio_centroid_jitter", "sectorKey": "torrejon-de-ardoz", "catalogSource": "ayuntamiento-portal"}}, {"type": "Feature", "geometry": {"type": "Point", "coordinates": [-3.4791811, 40.4589534]}, "properties": {"id": "torrejon-de-ardoz-proy-3398e04f2b38e5", "municipio": "Torrejón de Ardoz", "titulo": "DOCUMENTO MODIFICACION PLAN ESPECIAL APROB.DEF_.PLENO 26.10.22. WEBpdf.pdf", "fecha": "", "tipo": "plan especial", "url": "https://www.ayto-torrejon.es/concejalias/urbanismo/ordenanzas-y-normativa", "coordSource": "municipio_centroid_jitter", "sectorKey": "torrejon-de-ardoz", "catalogSource": "ayuntamiento-portal"}}, {"type": "Feature", "geometry": {"type": "Point", "coordinates": [-3.4796648, 40.4601114]}, "properties": {"id": "torrejon-de-ardoz-proy-38e894a38556ae", "municipio": "Torrejón de Ardoz", "titulo": "DOCUMENTO MODIFICACION APROB.DEFINITIVA_0.pdf", "fecha": "", "tipo": "PGOU", "url": "https://www.ayto-torrejon.es/concejalias/urbanismo/ordenanzas-y-normativa", "coordSource": "municipio_centroid_jitter", "sectorKey": "torrejon-de-ardoz", "catalogSource": "ayuntamiento-portal"}}, {"type": "Feature", "geometry": {"type": "Point", "coordinates": [-3.4815885, 40.459715]}, "properties": {"id": "torrejon-de-ardoz-proy-38f5514dd8c287", "municipio": "Torrejón de Ardoz", "titulo": "251_Plan especial limitacion estaciones documento y publicacion bocm aprob.def..pdf", "fecha": "", "tipo": "plan especial", "url": "https://www.ayto-torrejon.es/concejalias/urbanismo/ordenanzas-y-normativa", "coordSource": "municipio_centroid_jitter", "sectorKey": "torrejon-de-ardoz", "catalogSource": "ayuntamiento-portal"}}, {"type": "Feature", "geometry": {"type": "Point", "coordinates": [-3.4800276, 40.4606598]}, "properties": {"id": "torrejon-de-ardoz-proy-3a0e9de5049121", "municipio": "Torrejón de Ardoz", "titulo": "PLAN ESPECIAL WEB APROB.INIC.17.3.2025.pdf", "fecha": "", "tipo": "plan especial", "url": "https://www.ayto-torrejon.es/concejalias/urbanismo/ordenanzas-y-normativa", "coordSource": "municipio_centroid_jitter", "sectorKey": "torrejon-de-ardoz", "catalogSource": "ayuntamiento-portal"}}, {"type": "Feature", "geometry": {"type": "Point", "coordinates": [-3.4797703, 40.4598485]}, "properties": {"id": "torrejon-de-ardoz-proy-3ae8f4bad37c3a", "municipio": "Torrejón de Ardoz", "titulo": "PLANO OFICIAL TORREJON 2024.pdf", "fecha": "", "tipo": "documento urbanismo", "url": "https://www.ayto-torrejon.es/concejalias/urbanismo/ordenanzas-y-normativa", "coordSource": "municipio_centroid_jitter", "sectorKey": "torrejon-de-ardoz", "catalogSource": "ayuntamiento-portal"}}, {"type": "Feature", "geometry": {"type": "Point", "coordinates": [-3.4785757, 40.460205]}, "properties": {"id": "torrejon-de-ardoz-proy-3d2eff630463b5", "municipio": "Torrejón de Ardoz", "titulo": "Anuncio de aprobación definitiva de proyecto de urbanización del Plan Especial de las parcelas delimitadas por las calles Plata, Zarza, Pino y Paseo de la Convivencia.pdf", "fecha": "", "tipo": "plan especial", "url": "https://www.ayto-torrejon.es/concejalias/urbanismo/ordenanzas-y-normativa", "coordSource": "municipio_centroid_jitter", "sectorKey": "torrejon-de-ardoz", "catalogSource": "ayuntamiento-portal"}}, {"type": "Feature", "geometry": {"type": "Point", "coordinates": [-3.4800718, 40.4615555]}, "properties": {"id": "torrejon-de-ardoz-proy-3da7980b0f59f2", "municipio": "Torrejón de Ardoz", "titulo": "Ficha Parcela Resultante 1B VALIDA CORREGIDA.pdf", "fecha": "", "tipo": "documento urbanismo", "url": "https://www.ayto-torrejon.es/concejalias/urbanismo/ordenanzas-y-normativa", "coordSource": "municipio_centroid_jitter", "sectorKey": "torrejon-de-ardoz", "catalogSource": "ayuntamiento-portal"}}, {"type": "Feature", "geometry": {"type": "Point", "coordinates": [-3.4786962, 40.4603046]}, "properties": {"id": "torrejon-de-ardoz-proy-442e96e49b99e6", "municipio": "Torrejón de Ardoz", "titulo": "918_Modificación definitiva reparcelación UEBD 5 Manzana calle Libertad.pdf", "fecha": "", "tipo": "PGOU", "url": "https://www.ayto-torrejon.es/concejalias/urbanismo/ordenanzas-y-normativa", "coordSource": "municipio_centroid_jitter", "sectorKey": "torrejon-de-ardoz", "catalogSource": "ayuntamiento-portal"}}, {"type": "Feature", "geometry": {"type": "Point", "coordinates": [-3.4801906, 40.4600207]}, "properties": {"id": "torrejon-de-ardoz-proy-47ba3c6c122b34", "municipio": "Torrejón de Ardoz", "titulo": "aprobación definitiva de Operación Jurídica Complementaria Nº 2 al Proyecto de Reparcelación del Sector SUP.R2 “Aldovea” del Plan General de Ordenación Urbana de Torrejón de Ardoz.pdf", "fecha": "", "tipo": "aprobación planeamiento", "url": "https://www.ayto-torrejon.es/concejalias/urbanismo/ordenanzas-y-normativa", "coordSource": "municipio_centroid_jitter", "sectorKey": "torrejon-de-ardoz", "catalogSource": "ayuntamiento-portal"}}, {"type": "Feature", "geometry": {"type": "Point", "coordinates": [-3.4787632, 40.4587011]}, "properties": {"id": "torrejon-de-ardoz-proy-49507d6ade0130", "municipio": "Torrejón de Ardoz", "titulo": "PLAN ESPECIAL APROB.INIC.26.1.2026.pdf", "fecha": "", "tipo": "plan especial", "url": "https://www.ayto-torrejon.es/concejalias/urbanismo/ordenanzas-y-normativa", "coordSource": "municipio_centroid_jitter", "sectorKey": "torrejon-de-ardoz", "catalogSource": "ayuntamiento-portal"}}, {"type": "Feature", "geometry": {"type": "Point", "coordinates": [-3.477837, 40.4595559]}, "properties": {"id": "torrejon-de-ardoz-proy-4995ee1ed318d9", "municipio": "Torrejón de Ardoz", "titulo": "anuncio aprob def Plan Especial de Infraestructuras Trazado Sub-Tramo 4 del Tramo Oeste de la Circunvalación Sur.pdf", "fecha": "", "tipo": "plan especial", "url": "https://www.ayto-torrejon.es/concejalias/urbanismo/ordenanzas-y-normativa", "coordSource": "municipio_centroid_jitter", "sectorKey": "torrejon-de-ardoz", "catalogSource": "ayuntamiento-portal"}}, {"type": "Feature", "geometry": {"type": "Point", "coordinates": [-3.4799127, 40.4602264]}, "properties": {"id": "torrejon-de-ardoz-proy-49fbc05b08b374", "municipio": "Torrejón de Ardoz", "titulo": "251_Plan especial espacios libresuedb12 y uedb19.pdf", "fecha": "", "tipo": "plan especial", "url": "https://www.ayto-torrejon.es/concejalias/urbanismo/ordenanzas-y-normativa", "coordSource": "municipio_centroid_jitter", "sectorKey": "torrejon-de-ardoz", "catalogSource": "ayuntamiento-portal"}}, {"type": "Feature", "geometry": {"type": "Point", "coordinates": [-3.4796861, 40.4601074]}, "properties": {"id": "torrejon-de-ardoz-proy-4b1224700d1c35", "municipio": "Torrejón de Ardoz", "titulo": "PLAN ESPECIAL DE ACLARACIÓN DE USO CEMENTERIO Y FUNERARIO.pdf", "fecha": "", "tipo": "plan especial", "url": "https://www.ayto-torrejon.es/concejalias/urbanismo/ordenanzas-y-normativa", "coordSource": "municipio_centroid_jitter", "sectorKey": "torrejon-de-ardoz", "catalogSource": "ayuntamiento-portal"}}, {"type": "Feature", "geometry": {"type": "Point", "coordinates": [-3.4796635, 40.4599886]}, "properties": {"id": "torrejon-de-ardoz-proy-4b634532395abd", "municipio": "Torrejón de Ardoz", "titulo": "DOCUMENTO PLAN ESPECIAL.pdf", "fecha": "", "tipo": "plan especial", "url": "https://www.ayto-torrejon.es/concejalias/urbanismo/ordenanzas-y-normativa", "coordSource": "municipio_centroid_jitter", "sectorKey": "torrejon-de-ardoz", "catalogSource": "ayuntamiento-portal"}}, {"type": "Feature", "geometry": {"type": "Point", "coordinates": [-3.4793284, 40.4599301]}, "properties": {"id": "torrejon-de-ardoz-proy-4c26bca061751f", "municipio": "Torrejón de Ardoz", "titulo": "143_3. NORMAS URBANISTICAS.pdf", "fecha": "", "tipo": "documento urbanismo", "url": "https://www.ayto-torrejon.es/concejalias/urbanismo/ordenanzas-y-normativa", "coordSource": "municipio_centroid_jitter", "sectorKey": "torrejon-de-ardoz", "catalogSource": "ayuntamiento-portal"}}, {"type": "Feature", "geometry": {"type": "Point", "coordinates": [-3.4802056, 40.4598868]}, "properties": {"id": "torrejon-de-ardoz-proy-4f245621baecca", "municipio": "Torrejón de Ardoz", "titulo": "Texto Refundido Modificacion NOVENA Plan adecuacion usos_0.pdf", "fecha": "", "tipo": "PGOU", "url": "https://www.ayto-torrejon.es/concejalias/urbanismo/ordenanzas-y-normativa", "coordSource": "municipio_centroid_jitter", "sectorKey": "torrejon-de-ardoz", "catalogSource": "ayuntamiento-portal"}}, {"type": "Feature", "geometry": {"type": "Point", "coordinates": [-3.4803111, 40.4597235]}, "properties": {"id": "torrejon-de-ardoz-proy-590cf1862ece58", "municipio": "Torrejón de Ardoz", "titulo": "251_plan especial.pdf", "fecha": "", "tipo": "plan especial", "url": "https://www.ayto-torrejon.es/concejalias/urbanismo/ordenanzas-y-normativa", "coordSource": "municipio_centroid_jitter", "sectorKey": "torrejon-de-ardoz", "catalogSource": "ayuntamiento-portal"}}, {"type": "Feature", "geometry": {"type": "Point", "coordinates": [-3.4805304, 40.4596576]}, "properties": {"id": "torrejon-de-ardoz-proy-5f04cbbcb3d6a3", "municipio": "Torrejón de Ardoz", "titulo": "Anuncio de aprobación definitiva del estudio detalle de las parcelas T.11 Y T.12 SECTOR SUP.R5.pdf", "fecha": "", "tipo": "aprobación planeamiento", "url": "https://www.ayto-torrejon.es/concejalias/urbanismo/ordenanzas-y-normativa", "coordSource": "municipio_centroid_jitter", "sectorKey": "torrejon-de-ardoz", "catalogSource": "ayuntamiento-portal"}}, {"type": "Feature", "geometry": {"type": "Point", "coordinates": [-3.4788017, 40.460309]}, "properties": {"id": "torrejon-de-ardoz-proy-6003cee6b62a5e", "municipio": "Torrejón de Ardoz", "titulo": "DOCUMENTO MODIFICACION APROB.DEFINITIVA.pdf", "fecha": "", "tipo": "PGOU", "url": "https://www.ayto-torrejon.es/concejalias/urbanismo/ordenanzas-y-normativa", "coordSource": "municipio_centroid_jitter", "sectorKey": "torrejon-de-ardoz", "catalogSource": "ayuntamiento-portal"}}, {"type": "Feature", "geometry": {"type": "Point", "coordinates": [-3.4792372, 40.4588721]}, "properties": {"id": "torrejon-de-ardoz-proy-61365aeb85f54f", "municipio": "Torrejón de Ardoz", "titulo": "36747.21 DOCUMENTO MODIFICACION PLAN PARCIAL APROB.DEF_.30.3.22.pdf", "fecha": "", "tipo": "PGOU", "url": "https://www.ayto-torrejon.es/concejalias/urbanismo/ordenanzas-y-normativa", "coordSource": "municipio_centroid_jitter", "sectorKey": "torrejon-de-ardoz", "catalogSource": "ayuntamiento-portal"}}, {"type": "Feature", "geometry": {"type": "Point", "coordinates": [-3.4794731, 40.4596727]}, "properties": {"id": "torrejon-de-ardoz-proy-61d2508cb06d8e", "municipio": "Torrejón de Ardoz", "titulo": "406_02. Planos Informacion.pdf", "fecha": "", "tipo": "documento urbanismo", "url": "https://www.ayto-torrejon.es/concejalias/urbanismo/ordenanzas-y-normativa", "coordSource": "municipio_centroid_jitter", "sectorKey": "torrejon-de-ardoz", "catalogSource": "ayuntamiento-portal"}}, {"type": "Feature", "geometry": {"type": "Point", "coordinates": [-3.4796412, 40.4600406]}, "properties": {"id": "torrejon-de-ardoz-proy-633e93db1a0757", "municipio": "Torrejón de Ardoz", "titulo": "251_documento modificacion primera plan parcial soto del henares.pdf", "fecha": "", "tipo": "PGOU", "url": "https://www.ayto-torrejon.es/concejalias/urbanismo/ordenanzas-y-normativa", "coordSource": "municipio_centroid_jitter", "sectorKey": "torrejon-de-ardoz", "catalogSource": "ayuntamiento-portal"}}, {"type": "Feature", "geometry": {"type": "Point", "coordinates": [-3.4789604, 40.4592335]}, "properties": {"id": "torrejon-de-ardoz-proy-67779f3a95fd1f", "municipio": "Torrejón de Ardoz", "titulo": "PLAN ESPECIAL APROB.INIC.7.7.2025.pdf", "fecha": "", "tipo": "plan especial", "url": "https://www.ayto-torrejon.es/concejalias/urbanismo/ordenanzas-y-normativa", "coordSource": "municipio_centroid_jitter", "sectorKey": "torrejon-de-ardoz", "catalogSource": "ayuntamiento-portal"}}, {"type": "Feature", "geometry": {"type": "Point", "coordinates": [-3.4790104, 40.4609732]}, "properties": {"id": "torrejon-de-ardoz-proy-71448a641e187f", "municipio": "Torrejón de Ardoz", "titulo": "documento plan especial Barrio Zapateria aprob.def. 29.12.15.pdf", "fecha": "", "tipo": "plan especial", "url": "https://www.ayto-torrejon.es/concejalias/urbanismo/ordenanzas-y-normativa", "coordSource": "municipio_centroid_jitter", "sectorKey": "torrejon-de-ardoz", "catalogSource": "ayuntamiento-portal"}}, {"type": "Feature", "geometry": {"type": "Point", "coordinates": [-3.4792519, 40.4599826]}, "properties": {"id": "torrejon-de-ardoz-proy-7dbfffeafd3888", "municipio": "Torrejón de Ardoz", "titulo": "anuncio aprob.def_.proy_.urbanizacion modificacion cuarta plan parcial.pdf", "fecha": "", "tipo": "PGOU", "url": "https://www.ayto-torrejon.es/concejalias/urbanismo/ordenanzas-y-normativa", "coordSource": "municipio_centroid_jitter", "sectorKey": "torrejon-de-ardoz", "catalogSource": "ayuntamiento-portal"}}, {"type": "Feature", "geometry": {"type": "Point", "coordinates": [-3.4788875, 40.461052]}, "properties": {"id": "torrejon-de-ardoz-proy-811c6aefd4b0be", "municipio": "Torrejón de Ardoz", "titulo": "aprobación definitiva de los Estatutos de la Entidad urbanística de Conservación del Sector SUNP.I1 Los Almendros.pdf", "fecha": "", "tipo": "aprobación planeamiento", "url": "https://www.ayto-torrejon.es/concejalias/urbanismo/ordenanzas-y-normativa", "coordSource": "municipio_centroid_jitter", "sectorKey": "torrejon-de-ardoz", "catalogSource": "ayuntamiento-portal"}}, {"type": "Feature", "geometry": {"type": "Point", "coordinates": [-3.479301, 40.4603932]}, "properties": {"id": "torrejon-de-ardoz-proy-8177e470397347", "municipio": "Torrejón de Ardoz", "titulo": "Anuncio de aprobación definitiva de la MODIFICACIÓN 1ª PROY.REPARCELACIÓN DEL SECTOR SUNP.I1 LOS ALMENDROS.pdf", "fecha": "", "tipo": "PGOU", "url": "https://www.ayto-torrejon.es/concejalias/urbanismo/ordenanzas-y-normativa", "coordSource": "municipio_centroid_jitter", "sectorKey": "torrejon-de-ardoz", "catalogSource": "ayuntamiento-portal"}}, {"type": "Feature", "geometry": {"type": "Point", "coordinates": [-3.4811166, 40.4601376]}, "properties": {"id": "torrejon-de-ardoz-proy-851b1d691543e9", "municipio": "Torrejón de Ardoz", "titulo": "406_01. MEMORIA Plan Parcial Ordenacion SUP-R5 torrejón ENERO 2011.pdf", "fecha": "", "tipo": "documento urbanismo", "url": "https://www.ayto-torrejon.es/concejalias/urbanismo/ordenanzas-y-normativa", "coordSource": "municipio_centroid_jitter", "sectorKey": "torrejon-de-ardoz", "catalogSource": "ayuntamiento-portal"}}, {"type": "Feature", "geometry": {"type": "Point", "coordinates": [-3.4783476, 40.4613263]}, "properties": {"id": "torrejon-de-ardoz-proy-8554371a24cbf5", "municipio": "Torrejón de Ardoz", "titulo": "251_Modificacion Estudio de detalle de UE DB4 del PGOU.pdf", "fecha": "", "tipo": "PGOU", "url": "https://www.ayto-torrejon.es/concejalias/urbanismo/ordenanzas-y-normativa", "coordSource": "municipio_centroid_jitter", "sectorKey": "torrejon-de-ardoz", "catalogSource": "ayuntamiento-portal"}}, {"type": "Feature", "geometry": {"type": "Point", "coordinates": [-3.4797271, 40.460049]}, "properties": {"id": "torrejon-de-ardoz-proy-883baa21ff89ce", "municipio": "Torrejón de Ardoz", "titulo": "11.12.2024_PE PARCELAS 2.6 Y 2.7 T2.pdf", "fecha": "", "tipo": "documento urbanismo", "url": "https://www.ayto-torrejon.es/concejalias/urbanismo/ordenanzas-y-normativa", "coordSource": "municipio_centroid_jitter", "sectorKey": "torrejon-de-ardoz", "catalogSource": "ayuntamiento-portal"}}, {"type": "Feature", "geometry": {"type": "Point", "coordinates": [-3.4792109, 40.4602209]}, "properties": {"id": "torrejon-de-ardoz-proy-8b8bebd6616842", "municipio": "Torrejón de Ardoz", "titulo": "Anuncio de aprobación definitiva de cambio de sistema de actuación de cooperación a compensación en el Área AE.OD.1 “Barrio de San Benito”.pdf", "fecha": "", "tipo": "aprobación planeamiento", "url": "https://www.ayto-torrejon.es/concejalias/urbanismo/ordenanzas-y-normativa", "coordSource": "municipio_centroid_jitter", "sectorKey": "torrejon-de-ardoz", "catalogSource": "ayuntamiento-portal"}}, {"type": "Feature", "geometry": {"type": "Point", "coordinates": [-3.4802812, 40.4600535]}, "properties": {"id": "torrejon-de-ardoz-proy-8c9cc7b992ab67", "municipio": "Torrejón de Ardoz", "titulo": "918_anuncio aprob.def.modificacion proyecto urbanizacion web.pdf", "fecha": "", "tipo": "PGOU", "url": "https://www.ayto-torrejon.es/concejalias/urbanismo/ordenanzas-y-normativa", "coordSource": "municipio_centroid_jitter", "sectorKey": "torrejon-de-ardoz", "catalogSource": "ayuntamiento-portal"}}, {"type": "Feature", "geometry": {"type": "Point", "coordinates": [-3.4811967, 40.4600204]}, "properties": {"id": "torrejon-de-ardoz-proy-8e4cddb29769f2", "municipio": "Torrejón de Ardoz", "titulo": "Anuncio de aprobación definitiva del Proyecto de Reparcelación de los ámbitos AOS II2-4 y AD III-1.pdf", "fecha": "", "tipo": "aprobación planeamiento", "url": "https://www.ayto-torrejon.es/concejalias/urbanismo/ordenanzas-y-normativa", "coordSource": "municipio_centroid_jitter", "sectorKey": "torrejon-de-ardoz", "catalogSource": "ayuntamiento-portal"}}, {"type": "Feature", "geometry": {"type": "Point", "coordinates": [-3.4808067, 40.458941]}, "properties": {"id": "torrejon-de-ardoz-proy-909e8f13d9bf11", "municipio": "Torrejón de Ardoz", "titulo": "aprobación inicial del Proyecto de Reparcelación Centro de Servicios de la Estacion de Soto del Henares.pdf", "fecha": "", "tipo": "aprobación planeamiento", "url": "https://www.ayto-torrejon.es/concejalias/urbanismo/ordenanzas-y-normativa", "coordSource": "municipio_centroid_jitter", "sectorKey": "torrejon-de-ardoz", "catalogSource": "ayuntamiento-portal"}}, {"type": "Feature", "geometry": {"type": "Point", "coordinates": [-3.479871, 40.4600279]}, "properties": {"id": "torrejon-de-ardoz-proy-9257bee2fd2db3", "municipio": "Torrejón de Ardoz", "titulo": "28741.22 DOCUMENTO  APROBACION DEFINITIVA 30.11.22.pdf", "fecha": "", "tipo": "aprobación planeamiento", "url": "https://www.ayto-torrejon.es/concejalias/urbanismo/ordenanzas-y-normativa", "coordSource": "municipio_centroid_jitter", "sectorKey": "torrejon-de-ardoz", "catalogSource": "ayuntamiento-portal"}}, {"type": "Feature", "geometry": {"type": "Point", "coordinates": [-3.4802142, 40.4606008]}, "properties": {"id": "torrejon-de-ardoz-proy-92d8a552e60a35", "municipio": "Torrejón de Ardoz", "titulo": "DOCUMENTO MODIFICACION PGOU PARCELA TC4 GIRASOLES APROB.DEF.15_1_2025.pdf", "fecha": "", "tipo": "PGOU", "url": "https://www.ayto-torrejon.es/concejalias/urbanismo/ordenanzas-y-normativa", "coordSource": "municipio_centroid_jitter", "sectorKey": "torrejon-de-ardoz", "catalogSource": "ayuntamiento-portal"}}, {"type": "Feature", "geometry": {"type": "Point", "coordinates": [-3.4793803, 40.4600787]}, "properties": {"id": "torrejon-de-ardoz-proy-9878ff47b3c0e8", "municipio": "Torrejón de Ardoz", "titulo": "251_Modificacion Plan Parcial UE.DB.5 Manzana calle Libertad.pdf", "fecha": "", "tipo": "PGOU", "url": "https://www.ayto-torrejon.es/concejalias/urbanismo/ordenanzas-y-normativa", "coordSource": "municipio_centroid_jitter", "sectorKey": "torrejon-de-ardoz", "catalogSource": "ayuntamiento-portal"}}, {"type": "Feature", "geometry": {"type": "Point", "coordinates": [-3.479072, 40.4594659]}, "properties": {"id": "torrejon-de-ardoz-proy-995e0112529e32", "municipio": "Torrejón de Ardoz", "titulo": "918_Modificación 4ª del Plan Parcial del Sector SUNP.T2.pdf", "fecha": "", "tipo": "PGOU", "url": "https://www.ayto-torrejon.es/concejalias/urbanismo/ordenanzas-y-normativa", "coordSource": "municipio_centroid_jitter", "sectorKey": "torrejon-de-ardoz", "catalogSource": "ayuntamiento-portal"}}, {"type": "Feature", "geometry": {"type": "Point", "coordinates": [-3.4800956, 40.4600469]}, "properties": {"id": "torrejon-de-ardoz-proy-9d6a02ce6c3582", "municipio": "Torrejón de Ardoz", "titulo": "anuncio aprob.def_.modificacion 5 Plan Parcial del Sector SUNP.T2.pdf", "fecha": "", "tipo": "PGOU", "url": "https://www.ayto-torrejon.es/concejalias/urbanismo/ordenanzas-y-normativa", "coordSource": "municipio_centroid_jitter", "sectorKey": "torrejon-de-ardoz", "catalogSource": "ayuntamiento-portal"}}, {"type": "Feature", "geometry": {"type": "Point", "coordinates": [-3.4795962, 40.4601288]}, "properties": {"id": "torrejon-de-ardoz-proy-9ed8ed42c86cc6", "municipio": "Torrejón de Ardoz", "titulo": "251_documento plan especial aprobacion definitiva.pdf", "fecha": "", "tipo": "plan especial", "url": "https://www.ayto-torrejon.es/concejalias/urbanismo/ordenanzas-y-normativa", "coordSource": "municipio_centroid_jitter", "sectorKey": "torrejon-de-ardoz", "catalogSource": "ayuntamiento-portal"}}, {"type": "Feature", "geometry": {"type": "Point", "coordinates": [-3.479918, 40.4597744]}, "properties": {"id": "torrejon-de-ardoz-proy-a4f22447458ae6", "municipio": "Torrejón de Ardoz", "titulo": "DOCUMENTO PLAN ESPECIAL AJUSTE PARCELA T2 SOTO HENARES_compressed.pdf", "fecha": "", "tipo": "plan especial", "url": "https://www.ayto-torrejon.es/concejalias/urbanismo/ordenanzas-y-normativa", "coordSource": "municipio_centroid_jitter", "sectorKey": "torrejon-de-ardoz", "catalogSource": "ayuntamiento-portal"}}, {"type": "Feature", "geometry": {"type": "Point", "coordinates": [-3.4796026, 40.4605679]}, "properties": {"id": "torrejon-de-ardoz-proy-a9345a137b0940", "municipio": "Torrejón de Ardoz", "titulo": "603_01_MOD SUNP T2_Memoria_V6_signed2 INFORMACION PUBLICA.pdf", "fecha": "", "tipo": "documento urbanismo", "url": "https://www.ayto-torrejon.es/concejalias/urbanismo/ordenanzas-y-normativa", "coordSource": "municipio_centroid_jitter", "sectorKey": "torrejon-de-ardoz", "catalogSource": "ayuntamiento-portal"}}, {"type": "Feature", "geometry": {"type": "Point", "coordinates": [-3.4788214, 40.4606414]}, "properties": {"id": "torrejon-de-ardoz-proy-ae3f10cce7652f", "municipio": "Torrejón de Ardoz", "titulo": "ANUNCIO APROBACION DEFINITIVA disolucion junta (1).pdf", "fecha": "", "tipo": "aprobación planeamiento", "url": "https://www.ayto-torrejon.es/concejalias/urbanismo/ordenanzas-y-normativa", "coordSource": "municipio_centroid_jitter", "sectorKey": "torrejon-de-ardoz", "catalogSource": "ayuntamiento-portal"}}, {"type": "Feature", "geometry": {"type": "Point", "coordinates": [-3.4786496, 40.4607472]}, "properties": {"id": "torrejon-de-ardoz-proy-b20a40986cf475", "municipio": "Torrejón de Ardoz", "titulo": "Plan Especial de las parcelas delimitadas por las calles Plata, Zarza, Pino y Paseo de la Convivencia.pdf", "fecha": "", "tipo": "plan especial", "url": "https://www.ayto-torrejon.es/concejalias/urbanismo/ordenanzas-y-normativa", "coordSource": "municipio_centroid_jitter", "sectorKey": "torrejon-de-ardoz", "catalogSource": "ayuntamiento-portal"}}, {"type": "Feature", "geometry": {"type": "Point", "coordinates": [-3.4797, 40.4597055]}, "properties": {"id": "torrejon-de-ardoz-proy-b48c542dc5ddbc", "municipio": "Torrejón de Ardoz", "titulo": "251_PLAN ESPECIAL RM1 GIRASOLES aprob.def.31.1.18.pdf", "fecha": "", "tipo": "plan especial", "url": "https://www.ayto-torrejon.es/concejalias/urbanismo/ordenanzas-y-normativa", "coordSource": "municipio_centroid_jitter", "sectorKey": "torrejon-de-ardoz", "catalogSource": "ayuntamiento-portal"}}, {"type": "Feature", "geometry": {"type": "Point", "coordinates": [-3.4802945, 40.4600121]}, "properties": {"id": "torrejon-de-ardoz-proy-b49a8a60f37b36", "municipio": "Torrejón de Ardoz", "titulo": "Plan Especial de Ajuste Normativo en suelos para equipamientos (IES Isaac Peral, Pabellón Deportivo Sonia Abejón y Colegio Público Antonio Machado).PDF", "fecha": "", "tipo": "plan especial", "url": "https://www.ayto-torrejon.es/concejalias/urbanismo/ordenanzas-y-normativa", "coordSource": "municipio_centroid_jitter", "sectorKey": "torrejon-de-ardoz", "catalogSource": "ayuntamiento-portal"}}, {"type": "Feature", "geometry": {"type": "Point", "coordinates": [-3.4799795, 40.4594823]}, "properties": {"id": "torrejon-de-ardoz-proy-b8b5e8ea41692c", "municipio": "Torrejón de Ardoz", "titulo": "certificado aprob.def. y bocm modificacion art 47.1.pdf", "fecha": "", "tipo": "PGOU", "url": "https://www.ayto-torrejon.es/concejalias/urbanismo/ordenanzas-y-normativa", "coordSource": "municipio_centroid_jitter", "sectorKey": "torrejon-de-ardoz", "catalogSource": "ayuntamiento-portal"}}, {"type": "Feature", "geometry": {"type": "Point", "coordinates": [-3.4784085, 40.4608958]}, "properties": {"id": "torrejon-de-ardoz-proy-ba4ded18573bd5", "municipio": "Torrejón de Ardoz", "titulo": "ORDENANZA PROTECCION PAISAJE URBANO SOBRE INSTALACIONES PUBLICITARIAS.pdf", "fecha": "", "tipo": "documento urbanismo", "url": "https://www.ayto-torrejon.es/concejalias/urbanismo/ordenanzas-y-normativa", "coordSource": "municipio_centroid_jitter", "sectorKey": "torrejon-de-ardoz", "catalogSource": "ayuntamiento-portal"}}, {"type": "Feature", "geometry": {"type": "Point", "coordinates": [-3.4804197, 40.4614553]}, "properties": {"id": "torrejon-de-ardoz-proy-bc20489211e5ab", "municipio": "Torrejón de Ardoz", "titulo": "918_Anuncio Urbanizacion carretera de Loeches 19.pdf", "fecha": "", "tipo": "documento urbanismo", "url": "https://www.ayto-torrejon.es/concejalias/urbanismo/ordenanzas-y-normativa", "coordSource": "municipio_centroid_jitter", "sectorKey": "torrejon-de-ardoz", "catalogSource": "ayuntamiento-portal"}}, {"type": "Feature", "geometry": {"type": "Point", "coordinates": [-3.4788546, 40.4602967]}, "properties": {"id": "torrejon-de-ardoz-proy-bc405505c06476", "municipio": "Torrejón de Ardoz", "titulo": "modificación 6ª del Plan Parcial del Sector Soto del Henares para la Exclusión del Uso Genérico Funerario en su Categoría CM-2 Tanatorios y Servicios Auxiliares en las Condiciones de los Usos del Uso Global Dota.pdf", "fecha": "", "tipo": "PGOU", "url": "https://www.ayto-torrejon.es/concejalias/urbanismo/ordenanzas-y-normativa", "coordSource": "municipio_centroid_jitter", "sectorKey": "torrejon-de-ardoz", "catalogSource": "ayuntamiento-portal"}}, {"type": "Feature", "geometry": {"type": "Point", "coordinates": [-3.479579, 40.4595187]}, "properties": {"id": "torrejon-de-ardoz-proy-c63e45c1f00101", "municipio": "Torrejón de Ardoz", "titulo": "anuncio aprob.def_Plan_Especial_Mejora_Urbana_Ordenanza_ZU.I2_0.pdf", "fecha": "", "tipo": "aprobación planeamiento", "url": "https://www.ayto-torrejon.es/concejalias/urbanismo/ordenanzas-y-normativa", "coordSource": "municipio_centroid_jitter", "sectorKey": "torrejon-de-ardoz", "catalogSource": "ayuntamiento-portal"}}, {"type": "Feature", "geometry": {"type": "Point", "coordinates": [-3.4792333, 40.4603676]}, "properties": {"id": "torrejon-de-ardoz-proy-c83b9c40195718", "municipio": "Torrejón de Ardoz", "titulo": "modificación 6ª del Plan Parcial del Sector SUNP T-2 “Noreste” para la Concreción del Uso Genérico Cementerio y Funerario en el Uso Global Dotacional y Servicios de las Ordenanzas Particulares de las zonas 02, 04,.pdf", "fecha": "", "tipo": "PGOU", "url": "https://www.ayto-torrejon.es/concejalias/urbanismo/ordenanzas-y-normativa", "coordSource": "municipio_centroid_jitter", "sectorKey": "torrejon-de-ardoz", "catalogSource": "ayuntamiento-portal"}}, {"type": "Feature", "geometry": {"type": "Point", "coordinates": [-3.4789927, 40.4599658]}, "properties": {"id": "torrejon-de-ardoz-proy-cbf378df8e1f94", "municipio": "Torrejón de Ardoz", "titulo": "Plan Especial Web sin datos_Censurado.pdf", "fecha": "", "tipo": "plan especial", "url": "https://www.ayto-torrejon.es/concejalias/urbanismo/ordenanzas-y-normativa", "coordSource": "municipio_centroid_jitter", "sectorKey": "torrejon-de-ardoz", "catalogSource": "ayuntamiento-portal"}}, {"type": "Feature", "geometry": {"type": "Point", "coordinates": [-3.4787678, 40.4605606]}, "properties": {"id": "torrejon-de-ardoz-proy-cfdbfb2cbd8ac9", "municipio": "Torrejón de Ardoz", "titulo": "Anuncio de aprobación definitiva de los Estatutos y las Bases de Actuación de la Junta de Compensación del Barrio de San Benito - AE.OD.1.pdf", "fecha": "", "tipo": "aprobación planeamiento", "url": "https://www.ayto-torrejon.es/concejalias/urbanismo/ordenanzas-y-normativa", "coordSource": "municipio_centroid_jitter", "sectorKey": "torrejon-de-ardoz", "catalogSource": "ayuntamiento-portal"}}, {"type": "Feature", "geometry": {"type": "Point", "coordinates": [-3.4786751, 40.4607092]}, "properties": {"id": "torrejon-de-ardoz-proy-d425a8a885cb46", "municipio": "Torrejón de Ardoz", "titulo": "251_documento modificacion quinta plan parcial soto del henares.pdf", "fecha": "", "tipo": "PGOU", "url": "https://www.ayto-torrejon.es/concejalias/urbanismo/ordenanzas-y-normativa", "coordSource": "municipio_centroid_jitter", "sectorKey": "torrejon-de-ardoz", "catalogSource": "ayuntamiento-portal"}}, {"type": "Feature", "geometry": {"type": "Point", "coordinates": [-3.4811219, 40.459314]}, "properties": {"id": "torrejon-de-ardoz-proy-d5d4ef86063472", "municipio": "Torrejón de Ardoz", "titulo": "Anuncio de aprobación definitiva del Plan Especial para la reasignación de las condiciones urbanísticas de la parcela P7 de la UE.DB.14 y la parcela 122 del Sector Industrial Las Monjas.pdf", "fecha": "", "tipo": "plan especial", "url": "https://www.ayto-torrejon.es/concejalias/urbanismo/ordenanzas-y-normativa", "coordSource": "municipio_centroid_jitter", "sectorKey": "torrejon-de-ardoz", "catalogSource": "ayuntamiento-portal"}}, {"type": "Feature", "geometry": {"type": "Point", "coordinates": [-3.4799391, 40.4600374]}, "properties": {"id": "torrejon-de-ardoz-proy-d6cb340082aef1", "municipio": "Torrejón de Ardoz", "titulo": "Anuncio de aprobación definitiva del Proyecto de Reparcelación del ámbito AOS II1-4.pdf", "fecha": "", "tipo": "aprobación planeamiento", "url": "https://www.ayto-torrejon.es/concejalias/urbanismo/ordenanzas-y-normativa", "coordSource": "municipio_centroid_jitter", "sectorKey": "torrejon-de-ardoz", "catalogSource": "ayuntamiento-portal"}}, {"type": "Feature", "geometry": {"type": "Point", "coordinates": [-3.4796751, 40.4600643]}, "properties": {"id": "torrejon-de-ardoz-proy-da239329e0d253", "municipio": "Torrejón de Ardoz", "titulo": "certificado aprob.def. y bocm modificacion art 71.pdf", "fecha": "", "tipo": "PGOU", "url": "https://www.ayto-torrejon.es/concejalias/urbanismo/ordenanzas-y-normativa", "coordSource": "municipio_centroid_jitter", "sectorKey": "torrejon-de-ardoz", "catalogSource": "ayuntamiento-portal"}}, {"type": "Feature", "geometry": {"type": "Point", "coordinates": [-3.4807659, 40.4604611]}, "properties": {"id": "torrejon-de-ardoz-proy-dbab52b4b8ce8d", "municipio": "Torrejón de Ardoz", "titulo": "PLAN ESPECIAL APROB.DEF.30.10.2024.pdf", "fecha": "", "tipo": "plan especial", "url": "https://www.ayto-torrejon.es/concejalias/urbanismo/ordenanzas-y-normativa", "coordSource": "municipio_centroid_jitter", "sectorKey": "torrejon-de-ardoz", "catalogSource": "ayuntamiento-portal"}}, {"type": "Feature", "geometry": {"type": "Point", "coordinates": [-3.4790727, 40.459365]}, "properties": {"id": "torrejon-de-ardoz-proy-dc170f54b1f7a6", "municipio": "Torrejón de Ardoz", "titulo": "PLAN ESPECIAL APROB.INICIAL 29.12.23 reasignación condiciones urbanísticas parcela P7 de la UE.DB.14 y parcela 122 Sector Industrial Las Monjas.pdf", "fecha": "", "tipo": "plan especial", "url": "https://www.ayto-torrejon.es/concejalias/urbanismo/ordenanzas-y-normativa", "coordSource": "municipio_centroid_jitter", "sectorKey": "torrejon-de-ardoz", "catalogSource": "ayuntamiento-portal"}}, {"type": "Feature", "geometry": {"type": "Point", "coordinates": [-3.4789308, 40.4601102]}, "properties": {"id": "torrejon-de-ardoz-proy-dd45072cdca81c", "municipio": "Torrejón de Ardoz", "titulo": "plan especial antenas aprob.def.23.12.09.pdf", "fecha": "", "tipo": "plan especial", "url": "https://www.ayto-torrejon.es/concejalias/urbanismo/ordenanzas-y-normativa", "coordSource": "municipio_centroid_jitter", "sectorKey": "torrejon-de-ardoz", "catalogSource": "ayuntamiento-portal"}}, {"type": "Feature", "geometry": {"type": "Point", "coordinates": [-3.479954, 40.4602621]}, "properties": {"id": "torrejon-de-ardoz-proy-e0ba4b7def76ce", "municipio": "Torrejón de Ardoz", "titulo": "251_plan parcial soto del henares.pdf", "fecha": "", "tipo": "documento urbanismo", "url": "https://www.ayto-torrejon.es/concejalias/urbanismo/ordenanzas-y-normativa", "coordSource": "municipio_centroid_jitter", "sectorKey": "torrejon-de-ardoz", "catalogSource": "ayuntamiento-portal"}}, {"type": "Feature", "geometry": {"type": "Point", "coordinates": [-3.4786376, 40.4592916]}, "properties": {"id": "torrejon-de-ardoz-proy-e0bd8572e40584", "municipio": "Torrejón de Ardoz", "titulo": "251_documento modificacion cuarta plan parcial soto del henares.pdf", "fecha": "", "tipo": "PGOU", "url": "https://www.ayto-torrejon.es/concejalias/urbanismo/ordenanzas-y-normativa", "coordSource": "municipio_centroid_jitter", "sectorKey": "torrejon-de-ardoz", "catalogSource": "ayuntamiento-portal"}}, {"type": "Feature", "geometry": {"type": "Point", "coordinates": [-3.4794937, 40.4600397]}, "properties": {"id": "torrejon-de-ardoz-proy-e1d39fb58039cc", "municipio": "Torrejón de Ardoz", "titulo": "PLAN ESPECIAL APROB.INIC.29.4.2025.pdf", "fecha": "", "tipo": "plan especial", "url": "https://www.ayto-torrejon.es/concejalias/urbanismo/ordenanzas-y-normativa", "coordSource": "municipio_centroid_jitter", "sectorKey": "torrejon-de-ardoz", "catalogSource": "ayuntamiento-portal"}}, {"type": "Feature", "geometry": {"type": "Point", "coordinates": [-3.4805921, 40.4602075]}, "properties": {"id": "torrejon-de-ardoz-proy-e303354121141a", "municipio": "Torrejón de Ardoz", "titulo": "Ficha Parcela Resultante 1C VALIDA CORREGIDA.pdf", "fecha": "", "tipo": "documento urbanismo", "url": "https://www.ayto-torrejon.es/concejalias/urbanismo/ordenanzas-y-normativa", "coordSource": "municipio_centroid_jitter", "sectorKey": "torrejon-de-ardoz", "catalogSource": "ayuntamiento-portal"}}, {"type": "Feature", "geometry": {"type": "Point", "coordinates": [-3.4813949, 40.4607014]}, "properties": {"id": "torrejon-de-ardoz-proy-e3673987a596cc", "municipio": "Torrejón de Ardoz", "titulo": "Anuncio de aprobación definitiva de la modificación del Plan Parcial SUP.R2 ORDENANZAS SUR4.2 Y ZUR5.2.pdf", "fecha": "", "tipo": "PGOU", "url": "https://www.ayto-torrejon.es/concejalias/urbanismo/ordenanzas-y-normativa", "coordSource": "municipio_centroid_jitter", "sectorKey": "torrejon-de-ardoz", "catalogSource": "ayuntamiento-portal"}}, {"type": "Feature", "geometry": {"type": "Point", "coordinates": [-3.4800556, 40.4593142]}, "properties": {"id": "torrejon-de-ardoz-proy-e4c68978404425", "municipio": "Torrejón de Ardoz", "titulo": "DOCUMENTO PLAN ESPECIAL APROB.DEF..pdf", "fecha": "", "tipo": "plan especial", "url": "https://www.ayto-torrejon.es/concejalias/urbanismo/ordenanzas-y-normativa", "coordSource": "municipio_centroid_jitter", "sectorKey": "torrejon-de-ardoz", "catalogSource": "ayuntamiento-portal"}}, {"type": "Feature", "geometry": {"type": "Point", "coordinates": [-3.4792366, 40.4596147]}, "properties": {"id": "torrejon-de-ardoz-proy-f2f7c284594ad8", "municipio": "Torrejón de Ardoz", "titulo": "PROYECTO DE MODIFICACIÓN PUNTUAL PP SUP-R3.pdf", "fecha": "", "tipo": "PGOU", "url": "https://www.ayto-torrejon.es/concejalias/urbanismo/ordenanzas-y-normativa", "coordSource": "municipio_centroid_jitter", "sectorKey": "torrejon-de-ardoz", "catalogSource": "ayuntamiento-portal"}}, {"type": "Feature", "geometry": {"type": "Point", "coordinates": [-3.480219, 40.4598532]}, "properties": {"id": "torrejon-de-ardoz-proy-f71c433a3bb210", "municipio": "Torrejón de Ardoz", "titulo": "Anuncio de aprobación definitiva de la Modificación del Plan Especial de la UE.DB_.14 “Acceso a las Monjas”.pdf", "fecha": "", "tipo": "plan especial", "url": "https://www.ayto-torrejon.es/concejalias/urbanismo/ordenanzas-y-normativa", "coordSource": "municipio_centroid_jitter", "sectorKey": "torrejon-de-ardoz", "catalogSource": "ayuntamiento-portal"}}, {"type": "Feature", "geometry": {"type": "Point", "coordinates": [-3.4797289, 40.4600897]}, "properties": {"id": "torrejon-de-ardoz-proy-fd492b1580ce8a", "municipio": "Torrejón de Ardoz", "titulo": "PLAN ESPECIAL AJUSTE NORMATIVO.pdf", "fecha": "", "tipo": "plan especial", "url": "https://www.ayto-torrejon.es/concejalias/urbanismo/ordenanzas-y-normativa", "coordSource": "municipio_centroid_jitter", "sectorKey": "torrejon-de-ardoz", "catalogSource": "ayuntamiento-portal"}}, {"type": "Feature", "geometry": {"type": "Point", "coordinates": [-3.4797022, 40.4601469]}, "properties": {"id": "torrejon-de-ardoz-proy-fd538a5d9cc12f", "municipio": "Torrejón de Ardoz", "titulo": "56112.23 DOCUMENTO PLAN ESPECIAL parcelas T3, T4, T5, T6 y T7 del Sector Soto del Henares.pdf", "fecha": "", "tipo": "plan especial", "url": "https://www.ayto-torrejon.es/concejalias/urbanismo/ordenanzas-y-normativa", "coordSource": "municipio_centroid_jitter", "sectorKey": "torrejon-de-ardoz", "catalogSource": "ayuntamiento-portal"}}, {"type": "Feature", "geometry": {"type": "Point", "coordinates": [-3.4792628, 40.4599231]}, "properties": {"id": "torrejon-de-ardoz-proy-ff5511ad271f2a", "municipio": "Torrejón de Ardoz", "titulo": "ANUNCIO APROB.DEF. disolucion entidad urbanistica conservacion sunpt-2.pdf", "fecha": "", "tipo": "aprobación planeamiento", "url": "https://www.ayto-torrejon.es/concejalias/urbanismo/ordenanzas-y-normativa", "coordSource": "municipio_centroid_jitter", "sectorKey": "torrejon-de-ardoz", "catalogSource": "ayuntamiento-portal"}}]}