{"type":"FeatureCollection","features":[{"type":"Feature","properties":{"expedienteGrupo":"711/2013/20329","sigma_layer_kind":"tramitados_ad","tourIndex":0},"geometry":{"type":"Polygon","coordinates":[[[-3.715462404861081,40.404369886878605],[-3.715557616706536,40.40442131598403],[-3.7155697418849463,40.404427862602226],[-3.715559336592258,40.40444684601892],[-3.715551297640551,40.40446671569607],[-3.7155490171499106,40.40447393705525],[-3.7155456154920876,40.4044865707874],[-3.7155411117446673,40.40450641858585],[-3.715537795938755,40.404527159938254],[-3.715536808322631,40.40454518416526],[-3.715536970493024,40.404560498559576],[-3.715537113584649,40.404574011260344],[-3.71554093498602,40.40460101478413],[-3.7155458584803847,40.404620804241304],[-3.715550715200182,40.40463428777124],[-3.7155579859739416,40.40465316179563],[-3.715599190481952,40.40470590707155],[-3.7156004210329288,40.404707485049734],[-3.715651948361483,40.404773508831084],[-3.7156827715173244,40.40481299393512],[-3.7156833210280937,40.40481369324026],[-3.715737189694007,40.404882675478476],[-3.7157372377846603,40.40488276527138],[-3.7157537637847238,40.40488978012548],[-3.715779793891013,40.40489953795821],[-3.7157928041277652,40.40490396194482],[-3.715828280527091,40.40491545408927],[-3.7158508309899267,40.404920467657305],[-3.715863718762683,40.404923342836305],[-3.7159003354180093,40.4049312242761],[-3.715934557078792,40.4049355169112],[-3.71596404600629,40.40493803703092],[-3.7159970606254156,40.404939634404684],[-3.716030056153684,40.404939430075885],[-3.7160912629977014,40.40493016809017],[-3.7160914748253613,40.40493013975108],[-3.716258356854051,40.40489643023212],[-3.716262577227037,40.40489544912793],[-3.7163134803704683,40.40488362020869],[-3.716345144653317,40.404869009546466],[-3.716365072573814,40.40485897611911],[-3.7163838125274924,40.40484804914303],[-3.7164025429240093,40.40483622131743],[-3.716420094904349,40.40482440079042],[-3.7164375693325877,40.40481082397522],[-3.7164434720642836,40.404806237826335],[-3.716469177373758,40.4047853577139],[-3.716484343855373,40.40477084924189],[-3.7164896009741373,40.40476539321277],[-3.71649833192209,40.40475634807026],[-3.716506821168027,40.404746736854314],[-3.7165111415746694,40.40474185419947],[-3.7165143997550336,40.40473793308708],[-3.716524011322819,40.4047263599495],[-3.7165390508087643,40.40470654592262],[-3.7165471754730355,40.40469478379839],[-3.7165505606329012,40.40468950153043],[-3.7165576091832837,40.404678502835175],[-3.7165668644818046,40.404662229174086],[-3.716574931816158,40.404645061968864],[-3.7165841488923395,40.40462518492035],[-3.716590999598185,40.40460442163118],[-3.7165955985783206,40.404593582259835],[-3.716600121128066,40.40457553611625],[-3.716604492106947,40.40455764406579],[-3.7166216653535367,40.40455568176377],[-3.7166587929744788,40.40455174892321],[-3.716666797241389,40.40455086146866],[-3.7167596229433353,40.40454054728295],[-3.7169766084887974,40.4045164360854],[-3.7170570035053667,40.40450856812431],[-3.717079024579463,40.404505900010584],[-3.717114348014543,40.40450297821838],[-3.7171991070347974,40.40449434434965],[-3.717425130978509,40.4044713203968],[-3.7174699452489004,40.40446656482253],[-3.717587578413924,40.4044540960238],[-3.717630209920352,40.40445020979452],[-3.7186799767391165,40.40433830161235],[-3.7186882159615933,40.40433734949411],[-3.7187926454940574,40.40432337594553],[-3.718793151535372,40.40432330973624],[-3.7188624887661255,40.40431403177686],[-3.718864171578152,40.40431380509704],[-3.71892828378582,40.40430522625362],[-3.7189285324958026,40.40430534182491],[-3.7189285074901153,40.404305206844526],[-3.7191565363879486,40.4042791219812],[-3.7193529395023432,40.40425680101845],[-3.719353197023885,40.40425663725326],[-3.719395780787828,40.404253822748124],[-3.719400738682187,40.40425349460187],[-3.719439824803421,40.404250909050745],[-3.7194452419851194,40.40425055101759],[-3.7194886265724656,40.40424768645007],[-3.719510414944557,40.40424531662039],[-3.719543185687764,40.404241743301306],[-3.719778195991045,40.404216154309616],[-3.719830464546861,40.40420981086786],[-3.719911191817972,40.4042000109166],[-3.7200972977857996,40.4041802032663],[-3.7201360257782583,40.40417608817069],[-3.720302549230914,40.40415996073076],[-3.7203235162192287,40.404157929200046],[-3.7204174497516584,40.40414883040932],[-3.720549031974027,40.40413608249602],[-3.7205575131976674,40.40412688544976],[-3.720568373338404,40.404117538441646],[-3.7205805402789687,40.404109174284635],[-3.7205940159407347,40.40410197314752],[-3.7206083299263164,40.40409602805203],[-3.7206236000758626,40.40409133826344],[-3.7206283021302453,40.40409022787114],[-3.720663181486319,40.404086587038506],[-3.7206363733291625,40.403924347858954],[-3.7206307005886528,40.40388637400337],[-3.7206079485569186,40.40388456083829],[-3.720585931260038,40.40387981514625],[-3.720565286569378,40.40387227709737],[-3.7205466179644255,40.403862177167106],[-3.7205304704843285,40.403849791240674],[-3.7205173076402813,40.40383548580206],[-3.7204931592719652,40.40380550098501],[-3.720476029268191,40.40377280574929],[-3.720466399350034,40.40373837007454],[-3.7205012205752506,40.40373481974377],[-3.720497942228764,40.403726876165784],[-3.72049508707719,40.40371993896504],[-3.720491536331962,40.40370744751035],[-3.720487970154232,40.40369461380748],[-3.720481732427735,40.403662220069954],[-3.720480477199146,40.40365502064566],[-3.720464024785984,40.40354881628504],[-3.7204576161221175,40.40350038748789],[-3.7204576142011825,40.40350020731871],[-3.720451107580389,40.403442589892336],[-3.7204494061140765,40.403371428937774],[-3.7204489111155348,40.403347107565914],[-3.720445356758186,40.403345327901256],[-3.7204439766821458,40.40332641747881],[-3.7204965333515756,40.4033173241789],[-3.720578791320283,40.40330309077703],[-3.7212094111290916,40.4031939782522],[-3.7212262437477706,40.40319106243142],[-3.721312147935893,40.40317620215744],[-3.7217669105878888,40.40309746296417],[-3.721829267443948,40.403491751495416],[-3.7218476702711403,40.40361044805232],[-3.721864738082587,40.40371999973676],[-3.7218648678016044,40.40372000793595],[-3.7218646937378503,40.40372026127627],[-3.7219041013892094,40.403989386032634],[-3.7219667033041537,40.40444395248763],[-3.7219695643157733,40.404466862669814],[-3.721965288228812,40.404470339838454],[-3.7219681800849416,40.404471871338984],[-3.721970203730145,40.40452119229157],[-3.721976151153255,40.40466641716492],[-3.721977502814726,40.404682625024485],[-3.7219789035372584,40.40469129199832],[-3.721987469392732,40.40469113040234],[-3.7221482071992953,40.40468271214551],[-3.722161457716023,40.40468201677058],[-3.722193423951013,40.40468034863578],[-3.722353996821588,40.404671940132204],[-3.7223589424647736,40.404671566890315],[-3.7224987498330084,40.40466090051668],[-3.722516534118756,40.40465988848101],[-3.722515968358096,40.404651063142296],[-3.7225152828306185,40.40464205837086],[-3.7225149989871866,40.40463755561697],[-3.7225143144232504,40.404628640930035],[-3.722513511055822,40.404619636894935],[-3.7225124238455263,40.404606130105854],[-3.7225121400024714,40.40460162735191],[-3.7225109359156474,40.404588211383654],[-3.7225089323162224,40.40456615171827],[-3.7225049520920797,40.40452455475406],[-3.722501388966749,40.4044889011597],[-3.722497473288201,40.40445333985853],[-3.7224932031305498,40.40441769068145],[-3.722489468872636,40.40438807422263],[-3.722485498938197,40.404358459236164],[-3.722480287037361,40.40432290603312],[-3.722474580666404,40.40428519374592],[-3.7224672393253435,40.40423785198444],[-3.722461188118854,40.404200952665704],[-3.722455020042783,40.4041641441672],[-3.7224494979971743,40.4041326469746],[-3.7224417421585794,40.40409062314316],[-3.722412898416682,40.403939000763934],[-3.7224122793646264,40.40393621182427],[-3.7224121048551018,40.40393532101803],[-3.7223509329583804,40.40366767475843],[-3.722350711122286,40.4036667662296],[-3.7223244651379694,40.403515587049085],[-3.7223182862530577,40.4034887786595],[-3.7223182843271627,40.4034885984904],[-3.7222514594593683,40.40316829349303],[-3.7222101806177363,40.402966748441706],[-3.7221641450285716,40.4027391068088],[-3.7221530487049423,40.40269322991587],[-3.7221417406064305,40.40262753441565],[-3.722077048167453,40.402308116854044],[-3.722067014832891,40.40225142243999],[-3.72204593348664,40.4021533553445],[-3.72203470259201,40.40209486659259],[-3.7220172815458006,40.40200848840912],[-3.7220086576634883,40.40197340692839],[-3.721988966591126,40.40189515106721],[-3.722005444340827,40.40189324636371],[-3.721999311938539,40.40187076200735],[-3.7219871433915093,40.401834801752024],[-3.721973806126594,40.4017997496987],[-3.7219581121661087,40.40176471235865],[-3.7219412398679106,40.40172968237349],[-3.7219231988574313,40.40169556058862],[-3.721902810782622,40.401662354360504],[-3.721875169777355,40.40161207619624],[-3.721848736032676,40.40156449320595],[-3.7218067432189352,40.40149448468884],[-3.721797057038754,40.40147908560804],[-3.7217364560228106,40.40137588672829],[-3.7216601693272144,40.401262659530964],[-3.7216035503686955,40.40119022869324],[-3.721543379867404,40.4011096397621],[-3.7214908210477313,40.40104330068252],[-3.721438262331851,40.40097696157737],[-3.7214108046721863,40.40094379936711],[-3.7213773687946734,40.40090256629239],[-3.721341585895289,40.40086224875585],[-3.7213046247002297,40.400821938558344],[-3.7212653261027704,40.40078344474146],[-3.7211987526523966,40.40072889571624],[-3.7211835592462474,40.400740702261594],[-3.7211301015976455,40.40070050390652],[-3.7210101381131486,40.400612062312334],[-3.7208013675605196,40.400483633458904],[-3.72061531267516,40.400385693467996],[-3.720462558772731,40.40031636567404],[-3.720253111179475,40.4002347961733],[-3.7201242126024496,40.40019235552602],[-3.7201237393514752,40.400192178292194],[-3.720040282577718,40.40016765283688],[-3.7199339068198554,40.40013768440627],[-3.719848827390504,40.40011569145305],[-3.719727162338754,40.400088520734926],[-3.7196220801788193,40.40006934583098],[-3.7194285087729653,40.4000399285867],[-3.7194094213159783,40.40003796625348],[-3.7193232563264,40.40002909686277],[-3.71932224316697,40.40004019332264],[-3.7193200689466557,40.400073954799645],[-3.719319868535347,40.40007394703734],[-3.7192990627489397,40.400399907251064],[-3.719176552202025,40.40037857908795],[-3.719052347175016,40.40036411722917],[-3.7189270846964204,40.40035658978105],[-3.718801436951545,40.40035604661602],[-3.7186760755502415,40.40036248355847],[-3.718434225202839,40.400379707339816],[-3.7181928362606924,40.400400441284134],[-3.7179520143538016,40.40042464870226],[-3.717836904209961,40.400439895009534],[-3.717723753108649,40.4004620750297],[-3.7176132547991823,40.40049104932698],[-3.717506102556314,40.40052663342564],[-3.717436931734391,40.400553459191116],[-3.7173703897452164,40.40058260195276],[-3.7173701586681585,40.400583035821434],[-3.717364997468148,40.40060748240341],[-3.7173559133446736,40.40064758404757],[-3.7173544164403207,40.40065421499576],[-3.717341769114143,40.40069501442456],[-3.717330892369224,40.400724991991844],[-3.7173183447870004,40.40075409703528],[-3.7173172460702832,40.40075827504755],[-3.7173154237126624,40.40076088997214],[-3.7173074308496865,40.40077946219067],[-3.717283935746042,40.40082077936105],[-3.7172573801075743,40.40086130469608],[-3.7172501910890046,40.400870124118114],[-3.7172167816723443,40.40091108835734],[-3.717202399095578,40.40092497044487],[-3.7171670897723272,40.400959027494096],[-3.7171537919441646,40.400971857796144],[-3.7171161827323655,40.40100018131243],[-3.7171054856858423,40.40100823869374],[-3.7170726978314197,40.401030054778055],[-3.717025879872492,40.40106121917421],[-3.71701756708754,40.401065198674765],[-3.7170161160725526,40.40106616263337],[-3.7170100751280852,40.40106879470405],[-3.716973576495649,40.401086291402976],[-3.716942318667229,40.40110126909351],[-3.716913404030513,40.40111162861629],[-3.716906150434008,40.40111436730001],[-3.7168759808817216,40.40112529315606],[-3.7168505242164636,40.401132811387306],[-3.716843458129134,40.40113434169021],[-3.716822766427806,40.40114002856157],[-3.716794186784156,40.401146421990305],[-3.716779875272059,40.401149240455865],[-3.7167784388372045,40.40114935746924],[-3.71675095020531,40.40115417654714],[-3.716732241549823,40.4011568420828],[-3.716711774673797,40.401159284278194],[-3.716690243272596,40.40116135468767],[-3.7166667157846254,40.401162996021114],[-3.7166441359728153,40.4011639918327],[-3.716523263065623,40.40115935351386],[-3.7165190307988496,40.40115919055042],[-3.7163549341751843,40.40111572056743],[-3.716380688046212,40.40106064176213],[-3.7162380994648405,40.40102287622591],[-3.716104318850826,40.40098669561285],[-3.7160271610687543,40.40096493907884],[-3.715966822063463,40.40094899730556],[-3.7157614090654443,40.40089422367535],[-3.7156706529686123,40.40087028079549],[-3.7156265377738644,40.40097533825194],[-3.71562602097022,40.400976611728396],[-3.7156185005755007,40.40099533406053],[-3.7155575088116812,40.40104683795915],[-3.715600588078556,40.401080976964494],[-3.7156078254385854,40.40108671599121],[-3.7158011303428666,40.4012399257951],[-3.7158593773582833,40.40128641231826],[-3.7159039675572907,40.401321875195244],[-3.7157438110926866,40.401502444340366],[-3.7157210586326332,40.40152720694666],[-3.71569796985652,40.401513538970946],[-3.715690985608313,40.40152169035763],[-3.7156187672477428,40.40160141709289],[-3.7155625274447703,40.4017511804455],[-3.715561461525363,40.40175401588749],[-3.7158513540057316,40.40181944711363],[-3.715856775930475,40.401820665805346],[-3.715881049268023,40.40188718257863],[-3.715896214789299,40.401930476322555],[-3.715946559635815,40.402074156429016],[-3.715975834101035,40.402157768437505],[-3.7158441616819573,40.40218397123866],[-3.715807671676001,40.40219124223054],[-3.7158662133896105,40.40236225015649],[-3.7157943186162625,40.40237691155124],[-3.7156943673094016,40.402397350204154],[-3.7155544563619425,40.40242794603728],[-3.715496849861807,40.40244091520962],[-3.7154690947357087,40.40244622212151],[-3.715462743945474,40.40244743259683],[-3.7153971283870826,40.40226045012364],[-3.7152391545175627,40.401809172542215],[-3.715186988339868,40.40166805294731],[-3.7151784919798447,40.401644681938485],[-3.715103136631668,40.40142802960575],[-3.7150910194891127,40.40139657282623],[-3.7150825136653802,40.401372300961356],[-3.7150800616431328,40.40136330706312],[-3.7150523172789023,40.40128606376704],[-3.7149464690961844,40.40130815086329],[-3.714794493113223,40.401339874438904],[-3.7147220148663083,40.401354998236556],[-3.714738049591196,40.40140479130881],[-3.7147597744681007,40.401468909649665],[-3.7147724858537763,40.40150642588946],[-3.714774249823526,40.4015116492503],[-3.7148124934599105,40.40162451259929],[-3.7148510228189,40.401728725467045],[-3.7148822491198823,40.401813181554665],[-3.7149113258084334,40.401899398681486],[-3.7149343354961957,40.40196574328669],[-3.7149303024547393,40.401965479933665],[-3.7149455788617374,40.40201819659601],[-3.7149940858192934,40.402147627139726],[-3.715007410015253,40.40218177917938],[-3.7150583788004834,40.402321104435686],[-3.715075417098109,40.40236657590517],[-3.715076569052889,40.40236964087082],[-3.715092373997536,40.40241548933644],[-3.7151239266576694,40.40250177216836],[-3.715150651703302,40.40257729199473],[-3.715194360169234,40.40269864396466],[-3.715221085279077,40.40277415476239],[-3.7152540620619505,40.40286691526691],[-3.715263596556883,40.40289371229482],[-3.7152903218242206,40.40296922307269],[-3.7153090923355037,40.40302133247221],[-3.7153340308040477,40.403090574977305],[-3.715346145310365,40.40312396868545],[-3.715347395757257,40.40312742943723],[-3.7153595301669546,40.40316158879064],[-3.7154364865319147,40.40337447420137],[-3.715449116117827,40.403415324210904],[-3.7154701774687875,40.403483428502966],[-3.7154835783895064,40.40352477824227],[-3.7154861090368403,40.403531168023676],[-3.7154862420932715,40.403531491526444],[-3.7155782973462768,40.40378906742527],[-3.7155916148764474,40.40382141761607],[-3.7156060967847377,40.40385466150459],[-3.7156972979250398,40.40410049476657],[-3.715697843660882,40.40410195085596],[-3.715700512657264,40.404109159599884],[-3.7157019682395203,40.404113069530325],[-3.715702934095352,40.40411636086706],[-3.7156649246091122,40.40413492956936],[-3.715656607159354,40.404149638788176],[-3.7156504646417394,40.40416051470413],[-3.715604725198137,40.40421143771287],[-3.7155926700554534,40.40422485473722],[-3.7155687928600236,40.404251444095024],[-3.7155469654955517,40.40427574147061],[-3.715534013550272,40.40429016404412],[-3.715462404861081,40.404369886878605]],[[-3.719068381575398,40.40318452919721],[-3.7190214668266317,40.40320554178441],[-3.718954070288163,40.40319331215721],[-3.718949441835457,40.40319247606722],[-3.718907838453675,40.40313562632504],[-3.7188973270617933,40.403121268177166],[-3.7188621454798545,40.403073198358506],[-3.7186781267049733,40.402834701322845],[-3.718608899651441,40.402752248244035],[-3.718573088657583,40.40270922731849],[-3.7185688994065287,40.402704253325304],[-3.718487153953082,40.40260705806479],[-3.7184485148488227,40.402559604197386],[-3.718447680029435,40.4025586724424],[-3.7183362013820305,40.402434742746934],[-3.7183446126113453,40.402395672252126],[-3.718347035590915,40.40238526074364],[-3.718348049772137,40.40238089405778],[-3.7186194577344502,40.40220252187007],[-3.718681575283642,40.40216170312643],[-3.718686259992196,40.402158971289985],[-3.7188469696606137,40.402053160857086],[-3.718869988361591,40.40203800865227],[-3.7188935268193264,40.40203515958781],[-3.718917094025941,40.40203501305791],[-3.718941868344621,40.40203756173567],[-3.718991704526716,40.40206968446813],[-3.719055786534255,40.40211162855347],[-3.719103275686735,40.40214466673896],[-3.7191578925835467,40.40218306600833],[-3.7192149141118795,40.40222594581507],[-3.7192534484006066,40.40225576934999],[-3.71925650210928,40.40225812874603],[-3.7193289960302045,40.402315335752114],[-3.7193896392826398,40.40236631010243],[-3.719437205502762,40.40240655491673],[-3.719499096619352,40.40246292687975],[-3.719539550011325,40.40250141409971],[-3.719585997794486,40.40254617034115],[-3.719639609602751,40.40260079194065],[-3.719668216673702,40.40263124469083],[-3.7197314091036526,40.402700221109484],[-3.7197644726305166,40.40273748397072],[-3.7197880415827043,40.402764031093604],[-3.719806958858494,40.40278534587957],[-3.719822977673211,40.40280339040023],[-3.71983398687093,40.40281579039944],[-3.719825669801081,40.4028348603011],[-3.719812578774794,40.40286487890127],[-3.719808778017706,40.402866515184],[-3.719802736832327,40.40286912938332],[-3.719797235203975,40.402871505987896],[-3.719705373271705,40.402911195150665],[-3.7196267770749114,40.40294501786216],[-3.719068381575398,40.40318452919721]],[[-3.718583271855499,40.4015712116073],[-3.71762324985487,40.40130468582136],[-3.717475924813037,40.4012637800228],[-3.7174755183408292,40.40126323299225],[-3.7174885093755514,40.40123593600395],[-3.71749638216783,40.401219373540265],[-3.717505490249374,40.401200397990976],[-3.7175147105172965,40.40118089021009],[-3.717521743381957,40.401166242877885],[-3.7175293502081512,40.40115015954257],[-3.717553324140316,40.40109956001909],[-3.7175626621198026,40.40108004249458],[-3.7175786833528264,40.40104624917454],[-3.7175932090738346,40.40101588857722],[-3.7176023151883366,40.40099673285073],[-3.7176260590842145,40.40094667528253],[-3.71763389865996,40.40093032022343],[-3.7176410446200565,40.40091523073747],[-3.717650034786999,40.40089625590785],[-3.717659142783002,40.40087728034615],[-3.7176797749162787,40.40083381869557],[-3.717890637914608,40.40089232987436],[-3.717934249796143,40.40090440150778],[-3.717965807202974,40.40091321462292],[-3.7179936886831935,40.40092098748617],[-3.7180267943266747,40.40093022340564],[-3.7180304578089896,40.40093120066165],[-3.7180605963491633,40.40093956309969],[-3.7180958171769483,40.40094934442546],[-3.718126664748404,40.40095789163309],[-3.718160586642723,40.40096741974361],[-3.7182021896937916,40.40097896320875],[-3.71823373442861,40.40098768623858],[-3.7182960928712387,40.40100509176828],[-3.7183286543561582,40.40101412377296],[-3.7183635208001222,40.401023817127886],[-3.718394250604214,40.40103236499549],[-3.718428881398112,40.40104205979471],[-3.7184695389918705,40.40105333876594],[-3.7185009777440765,40.401062062381094],[-3.7185240253616167,40.401068495776066],[-3.7185241751939464,40.40106817952781],[-3.718537960241918,40.40103912972959],[-3.7186116154420468,40.40088434675505],[-3.719003720154221,40.401001549521055],[-3.718995614777909,40.401019473901684],[-3.7189866355171106,40.401039439763665],[-3.7189509464234685,40.401118581061716],[-3.7189209514619725,40.40117911926791],[-3.7187465118433205,40.40154608875161],[-3.7187169351657277,40.4016083180047],[-3.718583271855499,40.4015712116073]],[[-3.7181916532962758,40.4023016849653],[-3.7181811054533407,40.40230715591746],[-3.71816700336512,40.40231084713269],[-3.718160168846198,40.40231088958274],[-3.718145802362571,40.40231187971952],[-3.7181269389436498,40.40231109597218],[-3.7181139482057417,40.40230847393639],[-3.7181056709298494,40.4023058226257],[-3.7180950082058493,40.40230048341126],[-3.718083164762616,40.40229049384451],[-3.7180652568125803,40.402275379747365],[-3.718046254915964,40.40225934450773],[-3.717999877556001,40.40221999264152],[-3.7179523027453256,40.4021788463795],[-3.7179445725618714,40.40217222767349],[-3.7178952149631024,40.402129651007556],[-3.7178476498493453,40.40208940554741],[-3.717799948775587,40.40204744918979],[-3.717791740579796,40.402040202806575],[-3.717750105663181,40.40200352411547],[-3.717703719084238,40.401963271279016],[-3.717629765843061,40.401899423616406],[-3.7175683603453478,40.40184641701737],[-3.7175348329220954,40.40181747176066],[-3.7174813095113266,40.40177095677885],[-3.71745514657552,40.401748596469204],[-3.7174016232743106,40.40170208144901],[-3.717375450828643,40.401678820273794],[-3.7173195518058573,40.40163051814211],[-3.717294576893266,40.40160905133123],[-3.7172398658997845,40.40156164269626],[-3.717147084453637,40.401480235731114],[-3.7171046233102,40.40144225561293],[-3.7171030648542396,40.40144086887378],[-3.7171006699164404,40.40143728010223],[-3.717099462888429,40.40143458486953],[-3.7170982367421126,40.40143008794302],[-3.717100507409586,40.4014219657049],[-3.7171028258727863,40.40141834770124],[-3.7171051538950226,40.401415630544456],[-3.717110532243836,40.401411633200865],[-3.717118039269304,40.40140834337987],[-3.717121574318893,40.401408321455236],[-3.717128634858478,40.401407376758776],[-3.717134536167369,40.401408241064054],[-3.7171865365265786,40.40142233303494],[-3.7174843606556918,40.40150336872131],[-3.717700649532958,40.40156328801624],[-3.7177448223396277,40.40157598687136],[-3.717991123847628,40.401646764423354],[-3.7180044336509996,40.40165059170644],[-3.7181758119325443,40.401698176297096],[-3.718263306994467,40.40172556090289],[-3.718323613767872,40.401745006197515],[-3.718417067766584,40.401778660009086],[-3.718479807965178,40.40180529735089],[-3.718493808834655,40.40181204822799],[-3.718562723866848,40.4018453138591],[-3.7186977464781736,40.401909348919524],[-3.718724992432118,40.40192269315362],[-3.7187264869658136,40.40195241376351],[-3.7187065794144036,40.401964249285555],[-3.7181916532962758,40.4023016849653]]]}},{"type":"Feature","properties":{"expedienteGrupo":"711/2007/07846","sigma_layer_kind":"tramitados_ad","tourIndex":1},"geometry":{"type":"Polygon","coordinates":[[[-3.5856021353792835,40.40684303192534],[-3.5855606318776676,40.40681360220887],[-3.5849261822153577,40.40633013336251],[-3.5843993505699836,40.40594467657882],[-3.5839427285780197,40.405608322724476],[-3.5830998525069555,40.40496544415501],[-3.5823235792585315,40.404376179406135],[-3.5813335363499568,40.403621595300855],[-3.581109694886557,40.40345135843711],[-3.5810857479632445,40.40325670208351],[-3.5810577971881425,40.402937650185535],[-3.580779843490855,40.4007050419505],[-3.5803143724552604,40.39693975310516],[-3.5802749756016436,40.39653570310664],[-3.5802625392202225,40.3959929666783],[-3.580164114510832,40.394036852751846],[-3.580144202766844,40.393802265259836],[-3.57993689396959,40.39345356237224],[-3.5791856123733203,40.39331587574816],[-3.5793679714992983,40.393132437545674],[-3.5795543691205074,40.39295151037211],[-3.5797449001014043,40.39277316580546],[-3.579939574744505,40.39259723260065],[-3.5801381604852267,40.392424072268476],[-3.580340655770695,40.39225350461447],[-3.5805469561017156,40.3920857103253],[-3.5807571550356307,40.39192060782897],[-3.5809710308757157,40.39175845047347],[-3.58118858215144,40.39159906707291],[-3.581409811187438,40.391442727868494],[-3.5818280389259667,40.39116126056563],[-3.582023692038183,40.39103171585204],[-3.5822172089018105,40.39090046982966],[-3.582257031770972,40.390872881599805],[-3.582672510359498,40.39057537983306],[-3.582897509639484,40.39040614474081],[-3.5831186050629737,40.390233856784995],[-3.583335774699059,40.390058705289896],[-3.583548912514994,40.389880690812426],[-3.5837579006983966,40.38969981396937],[-3.5834107575696934,40.38959994305755],[-3.582812152386833,40.389428265795075],[-3.5818288568499272,40.38914518692898],[-3.581471850579591,40.38904859407604],[-3.580535340196431,40.388780494317],[-3.579392619201661,40.38845232948916],[-3.578327536844872,40.388137458929705],[-3.5776517532588774,40.38793442870815],[-3.5769451822210128,40.38775425112445],[-3.576597727005735,40.38765688379734],[-3.5764777565484445,40.38762567973478],[-3.5758602544483344,40.387429285468336],[-3.575260246102714,40.387171268544435],[-3.5746524106547386,40.3867819343357],[-3.574211553694666,40.38647735456105],[-3.573739188938051,40.38615383006421],[-3.5722372418447375,40.38511988913961],[-3.5708947848164994,40.384204061686354],[-3.570049828373977,40.38362973571029],[-3.569192642751155,40.38300186833961],[-3.5686039604882267,40.38254051475722],[-3.568112639244649,40.38215570795564],[-3.5680454049816555,40.38210378526188],[-3.5677480219457345,40.38187551274082],[-3.567493644349256,40.3817037769486],[-3.5671506193238596,40.38155338559],[-3.5669059277898656,40.38149682783086],[-3.566707889931649,40.38146851881002],[-3.5664284815933756,40.381444391881054],[-3.5661226263756363,40.38142741186749],[-3.5656540937881145,40.38139825373378],[-3.565342730441591,40.381370586736196],[-3.5651019689076664,40.38133293413623],[-3.564915762253146,40.38128230265082],[-3.5646838548929907,40.38119037092272],[-3.564450432524574,40.38105799509717],[-3.5642277482933484,40.38087114220569],[-3.5640663434901816,40.380672377211376],[-3.5638375756467573,40.380319343637375],[-3.5635022327670534,40.37978834890247],[-3.5631553828901796,40.37923155294207],[-3.562731903927687,40.3785553973035],[-3.5625860233605433,40.37832259013763],[-3.5622505069868193,40.37778250217245],[-3.5620894540604366,40.37752525423087],[-3.56197502597995,40.377362744865245],[-3.5617948250786835,40.37715424792436],[-3.561473550660743,40.376838316979715],[-3.5610499140685974,40.37642333072603],[-3.5607895859715666,40.37616729223154],[-3.5603820628480447,40.37576249575482],[-3.5598997756776423,40.37527626575673],[-3.559766040985237,40.37515825368409],[-3.5595681463878517,40.374986596135116],[-3.5594108381379805,40.374852490248784],[-3.5592822778861537,40.37479021920026],[-3.5590850333700055,40.37471261317203],[-3.5589373704314657,40.37466215498914],[-3.5587897724561084,40.37461953426197],[-3.5586152942372613,40.374574151254826],[-3.5584132374276547,40.37452701824251],[-3.558224403304883,40.3744834247102],[-3.557919585487032,40.37441677749845],[-3.5574588141149364,40.374322511535034],[-3.5571312669941775,40.37425633216872],[-3.556725468547832,40.374171528309226],[-3.556453636558798,40.37410489860697],[-3.5561500334559333,40.37404230400163],[-3.555803383864393,40.37397341989304],[-3.5556049186378664,40.37391851683115],[-3.555326450711268,40.373818132039666],[-3.555020336510725,40.3736645540976],[-3.5547572808426557,40.37347545292189],[-3.554623668496045,40.37377311648038],[-3.5544196741795226,40.37419464176949],[-3.5542604929302426,40.37452054501053],[-3.554075538736725,40.37485107607676],[-3.5539454705690785,40.37504999054992],[-3.5538696615793026,40.37515711206597],[-3.5536385960863446,40.37546731337286],[-3.5532891310195445,40.37590448808726],[-3.5530947421418873,40.37614830457264],[-3.5528399289078783,40.37644934740784],[-3.552564256128802,40.37674957941811],[-3.552429531690982,40.376885630543256],[-3.5522022386259033,40.3771241070972],[-3.5520135363813203,40.37729915479153],[-3.551786911049657,40.37748986984957],[-3.551705224378839,40.37755593625464],[-3.551347747335764,40.37780935665188],[-3.5509378837301693,40.378080494257084],[-3.550550517330884,40.37832414451083],[-3.5502667515662147,40.378486119143524],[-3.550035119398004,40.378612718472176],[-3.5494630407475363,40.37890119908979],[-3.5494695471877047,40.37906405349573],[-3.5494812602095864,40.379476256243144],[-3.5495018992235425,40.3798865336355],[-3.5495261118990773,40.38024218960426],[-3.5495184498243706,40.380533041106496],[-3.5494976397264937,40.380755665781315],[-3.549468449251701,40.380932834102666],[-3.5494266183778507,40.38103321449882],[-3.549350412213029,40.38116565053943],[-3.549248032091572,40.381310102910895],[-3.549117187394088,40.38147612309948],[-3.5489801126005935,40.38161344256553],[-3.548827620842599,40.381767321761835],[-3.548696707519518,40.381880106785445],[-3.548567536719685,40.38198991037745],[-3.548475589654007,40.38210070846861],[-3.548233190623588,40.38247059294599],[-3.5480805028990265,40.38270249120936],[-3.547999061206985,40.38283053666575],[-3.54786224562064,40.38300046663526],[-3.547686232880074,40.38321833051859],[-3.5475048735325547,40.3834453186707],[-3.54721223618275,40.38379715023915],[-3.5469029441043727,40.38418627656163],[-3.546626013929403,40.38457272650926],[-3.546432158293292,40.384828772415844],[-3.546251367085292,40.38507026057773],[-3.5461479439666572,40.385203814003944],[-3.546076576536859,40.38530946782905],[-3.5460251852611115,40.385467009993654],[-3.545880172386604,40.38608364913285],[-3.5458048335334267,40.38642725273704],[-3.54575924713735,40.3865451271718],[-3.5457033852696087,40.38664674354711],[-3.545598864100733,40.38680525693171],[-3.5455199234093184,40.38692174807042],[-3.5448402797418077,40.386723138700425],[-3.5448008357357703,40.38671161266543],[-3.5446905919659533,40.386905918448974],[-3.5451546126606783,40.38704401303594],[-3.5451000733476286,40.38713301009327],[-3.5448590015268975,40.3875565844221],[-3.5446617596171928,40.387876797236395],[-3.544512691370246,40.388123709809086],[-3.5443641008093056,40.38837008839367],[-3.5441967372342607,40.38867024954368],[-3.5441268967568513,40.38889472535193],[-3.5440817107186926,40.38904827335302],[-3.543951557624688,40.389360781722395],[-3.5438857640140453,40.389546589162],[-3.5438264919858273,40.389721464843056],[-3.543743012128271,40.38994825680931],[-3.543686718196443,40.390127262603144],[-3.5436165427387203,40.39029435148423],[-3.5435382209945194,40.39049021772669],[-3.54346486454986,40.39071606096789],[-3.543416953864201,40.39088277479665],[-3.543377176726038,40.39103530605258],[-3.543342057558172,40.39116781514382],[-3.5432810250214546,40.39135855483596],[-3.5431991854722753,40.39155533825698],[-3.5431037390304083,40.39177443806311],[-3.543051499527067,40.391931982736416],[-3.543012590980723,40.39213415004211],[-3.542996097839989,40.392281175328655],[-3.542984748754253,40.392481861827584],[-3.542987049193622,40.392694916816275],[-3.542996161794086,40.392936048274954],[-3.5429997498152317,40.393162700976816],[-3.543030018413527,40.39339571494611],[-3.5433269785835577,40.3933408148208],[-3.543818907839825,40.393251924677855],[-3.5443931277303373,40.39315427558012],[-3.544988027812519,40.39306283255333],[-3.5453961883578047,40.393004601132574],[-3.5459428221217966,40.39293491264177],[-3.546898176052979,40.392816901247315],[-3.5472519830027314,40.39278387560552],[-3.548058502064501,40.39270925314562],[-3.5486969486298885,40.39265776533263],[-3.5490700220381153,40.39263239956152],[-3.5495543402663507,40.3926074859406],[-3.5500995129274724,40.392590848483806],[-3.550744533805245,40.39258012941771],[-3.551318862355282,40.39258442869083],[-3.5518043263766583,40.39258599601293],[-3.5523685676926506,40.392610329449326],[-3.5529565031731916,40.392663294937165],[-3.5534232933243235,40.39271539583804],[-3.5539962827161737,40.39278617553461],[-3.55448068791872,40.39287395397916],[-3.5548994342871567,40.39297248706181],[-3.5552575389216168,40.39306140880984],[-3.555597882562302,40.39315400942431],[-3.5559472759510946,40.39325801611615],[-3.55625860481629,40.39336120485287],[-3.5565274014227906,40.39346478664884],[-3.5567714236189447,40.39356460417687],[-3.5571134119584604,40.39371323812504],[-3.5574988658992663,40.39388859876902],[-3.558021545699107,40.39413085535452],[-3.5584420468905757,40.39432613402919],[-3.558801060966452,40.394495131422914],[-3.559117612234505,40.39464441386343],[-3.559532673609543,40.394836561654735],[-3.5599036421737407,40.395011353678505],[-3.560291280049862,40.39519254128845],[-3.560624615822994,40.395347332903945],[-3.560939404659198,40.3954962585002],[-3.561635283628695,40.395831461207436],[-3.5620048559893918,40.39599291072241],[-3.562579790393387,40.396266073111754],[-3.562586415843331,40.39626928415789],[-3.563142020065955,40.396539835042134],[-3.5635724989814017,40.39674108243369],[-3.564092361217007,40.39697792864905],[-3.564588690627301,40.397204346755224],[-3.5651218611334556,40.397481754420696],[-3.565566611512434,40.39769724006022],[-3.5665187119088384,40.39815863856643],[-3.5669369677877047,40.398361284588475],[-3.5671629456400207,40.39847080825642],[-3.567393669084776,40.398582659570295],[-3.5678895478059602,40.39882284053974],[-3.5683052089118554,40.39902423304195],[-3.56854575730404,40.39914089866846],[-3.5687386242445136,40.399234635911924],[-3.568996113445797,40.39934778479764],[-3.5692262868000197,40.39943558081682],[-3.5693910253794927,40.399491346909194],[-3.5695602055228663,40.39954276651651],[-3.5696646193387362,40.39957162184264],[-3.569828313251938,40.39964316740202],[-3.570022954719115,40.39973734419919],[-3.5701642332085517,40.39980574749229],[-3.5702929697045507,40.39986808627801],[-3.570382659510995,40.39991152724186],[-3.5704796848359717,40.39995843648681],[-3.570585585258664,40.40000971631675],[-3.5706824922675344,40.40005653588296],[-3.5707562084327042,40.40009220845968],[-3.5708290967787333,40.40012752471151],[-3.570914172633141,40.400168735761135],[-3.5709837472666934,40.400202356545954],[-3.5710690596666064,40.40024364739456],[-3.5711490474529937,40.40028235184022],[-3.571257433352541,40.40033478995664],[-3.571387236955554,40.40039766278878],[-3.5718250427698996,40.40060947376504],[-3.572200504287478,40.40077852808611],[-3.5724631491053334,40.4009577705094],[-3.572862230400965,40.4011880577193],[-3.5733234442581225,40.40142145893891],[-3.5740945605388394,40.40180395224126],[-3.574920717297175,40.40220148217358],[-3.575690305016857,40.402582269627736],[-3.576422677921596,40.4029372822295],[-3.5764793857893573,40.40296772054712],[-3.5766137671434737,40.40302867272979],[-3.5769145973163647,40.40319069631269],[-3.577290043200736,40.40338233788667],[-3.5777119710924388,40.403593394843924],[-3.5780489308649734,40.403776577481416],[-3.5784254721739512,40.4039729036002],[-3.5787055439953632,40.40411817030153],[-3.578979695602848,40.40426005151523],[-3.5792552029374654,40.4043949792676],[-3.579523727765571,40.4045263467255],[-3.579801615011271,40.40466369369317],[-3.580091413157508,40.40481558397639],[-3.5803596215255404,40.404952257422146],[-3.580577249882672,40.405057382115274],[-3.5807732042318685,40.405149921447936],[-3.5809639072523964,40.40523473000055],[-3.5812405762762536,40.40535307942124],[-3.581450524875172,40.405441934601875],[-3.5816091500217415,40.40551023656457],[-3.581813824406755,40.40558866706139],[-3.582112662851211,40.40569456036685],[-3.582369861894315,40.405783626432196],[-3.5826401196417996,40.40588227485955],[-3.583029233342393,40.40600166593494],[-3.5834399478105707,40.40612482962],[-3.583788411908282,40.406244963785085],[-3.5840236515334962,40.406327659487644],[-3.5844212822573094,40.40646375975107],[-3.584928762827033,40.40662823117267],[-3.5856021353792835,40.40684303192534]]]}},{"type":"Feature","properties":{"expedienteGrupo":"714/2002/05540","sigma_layer_kind":"urbanizacion","tourIndex":2},"geometry":{"type":"Polygon","coordinates":[[[-3.5856021353792835,40.40684303192534],[-3.581109694886557,40.40345135843711],[-3.5805367367448295,40.398983532950474],[-3.5802558485289957,40.39510376501593],[-3.58011899075018,40.39348689259665],[-3.5793679714992983,40.393132437545674],[-3.580340655770695,40.39225350461447],[-3.5837579006983966,40.38969981396937],[-3.5776517532588774,40.38793442870815],[-3.575260246102714,40.387171268544435],[-3.5680454049816555,40.38210378526188],[-3.5671506193238596,40.38155338559],[-3.5656540937881145,40.38139825373378],[-3.5646838548929907,40.38119037092272],[-3.5635022327670534,40.37978834890247],[-3.5622505069868193,40.37778250217245],[-3.5610499140685974,40.37642333072603],[-3.5594108381379805,40.374852490248784],[-3.558224403304883,40.3744834247102],[-3.555803383864393,40.37397341989304],[-3.5547572808426557,40.37347545292189],[-3.5538696615793026,40.37515711206597],[-3.5522022386259033,40.3771241070972],[-3.5494695471877047,40.37906405349573],[-3.5494266183778507,40.38103321449882],[-3.548475589654007,40.38210070846861],[-3.5461479439666572,40.385203814003944],[-3.545598864100733,40.38680525693171],[-3.5448402797418077,40.386723138700425],[-3.5446905919659533,40.386905918448974],[-3.5451000733476286,40.38713301009327],[-3.544512691370246,40.388123709809086],[-3.543743012128271,40.38994825680931],[-3.543012590980723,40.39213415004211],[-3.543030018413527,40.39339571494611],[-3.546898176052979,40.392816901247315],[-3.550744533805245,40.39258012941771],[-3.5534232933243235,40.39271539583804],[-3.5559472759510946,40.39325801611615],[-3.559532673609543,40.394836561654735],[-3.5651218611334556,40.397481754420696],[-3.570585585258664,40.40000971631675],[-3.574920717297175,40.40220148217358],[-3.5812405762762536,40.40535307942124],[-3.5856021353792835,40.40684303192534]]]}},{"type":"Feature","properties":{"expedienteGrupo":"711/2010/13994","sigma_layer_kind":"tramitados_ad","tourIndex":3},"geometry":{"type":"Polygon","coordinates":[[[-3.5856021353792835,40.40684303192534],[-3.5855606318776676,40.40681360220887],[-3.5849261822153577,40.40633013336251],[-3.5843993505699836,40.40594467657882],[-3.5839427285780197,40.405608322724476],[-3.5830998525069555,40.40496544415501],[-3.5823235792585315,40.404376179406135],[-3.5813335363499568,40.403621595300855],[-3.581109694886557,40.40345135843711],[-3.5810857479632445,40.40325670208351],[-3.5810577971881425,40.402937650185535],[-3.580779843490855,40.4007050419505],[-3.5803143724552604,40.39693975310516],[-3.5802749756016436,40.39653570310664],[-3.5802625392202225,40.3959929666783],[-3.580164114510832,40.394036852751846],[-3.580144202766844,40.393802265259836],[-3.57993689396959,40.39345356237224],[-3.5791856123733203,40.39331587574816],[-3.5793679714992983,40.393132437545674],[-3.5795543691205074,40.39295151037211],[-3.5797449001014043,40.39277316580546],[-3.579939574744505,40.39259723260065],[-3.5801381604852267,40.392424072268476],[-3.580340655770695,40.39225350461447],[-3.5805469561017156,40.3920857103253],[-3.5807571550356307,40.39192060782897],[-3.5809710308757157,40.39175845047347],[-3.58118858215144,40.39159906707291],[-3.581409811187438,40.391442727868494],[-3.5818280389259667,40.39116126056563],[-3.582023692038183,40.39103171585204],[-3.5822172089018105,40.39090046982966],[-3.582257031770972,40.390872881599805],[-3.582672510359498,40.39057537983306],[-3.582897509639484,40.39040614474081],[-3.5831186050629737,40.390233856784995],[-3.583335774699059,40.390058705289896],[-3.583548912514994,40.389880690812426],[-3.5837579006983966,40.38969981396937],[-3.5834107575696934,40.38959994305755],[-3.582812152386833,40.389428265795075],[-3.5818288568499272,40.38914518692898],[-3.581471850579591,40.38904859407604],[-3.580535340196431,40.388780494317],[-3.579392619201661,40.38845232948916],[-3.578327536844872,40.388137458929705],[-3.5776517532588774,40.38793442870815],[-3.5769451822210128,40.38775425112445],[-3.576597727005735,40.38765688379734],[-3.5764777565484445,40.38762567973478],[-3.5758602544483344,40.387429285468336],[-3.575260246102714,40.387171268544435],[-3.5746524106547386,40.3867819343357],[-3.574211553694666,40.38647735456105],[-3.573739188938051,40.38615383006421],[-3.5722372418447375,40.38511988913961],[-3.5708947848164994,40.384204061686354],[-3.570049828373977,40.38362973571029],[-3.569192642751155,40.38300186833961],[-3.5686039604882267,40.38254051475722],[-3.568112639244649,40.38215570795564],[-3.5680454049816555,40.38210378526188],[-3.5677480219457345,40.38187551274082],[-3.567493644349256,40.3817037769486],[-3.5671506193238596,40.38155338559],[-3.5669059277898656,40.38149682783086],[-3.566707889931649,40.38146851881002],[-3.5664284815933756,40.381444391881054],[-3.5661226263756363,40.38142741186749],[-3.5656540937881145,40.38139825373378],[-3.565342730441591,40.381370586736196],[-3.5651019689076664,40.38133293413623],[-3.564915762253146,40.38128230265082],[-3.5646838548929907,40.38119037092272],[-3.564450432524574,40.38105799509717],[-3.5642277482933484,40.38087114220569],[-3.5640663434901816,40.380672377211376],[-3.5638375756467573,40.380319343637375],[-3.5635022327670534,40.37978834890247],[-3.5631553828901796,40.37923155294207],[-3.562731903927687,40.3785553973035],[-3.5625860233605433,40.37832259013763],[-3.5622505069868193,40.37778250217245],[-3.5620894540604366,40.37752525423087],[-3.56197502597995,40.377362744865245],[-3.5617948250786835,40.37715424792436],[-3.561473550660743,40.376838316979715],[-3.5610499140685974,40.37642333072603],[-3.5607895859715666,40.37616729223154],[-3.5603820628480447,40.37576249575482],[-3.5598997756776423,40.37527626575673],[-3.559766040985237,40.37515825368409],[-3.5595681463878517,40.374986596135116],[-3.5594108381379805,40.374852490248784],[-3.5592822778861537,40.37479021920026],[-3.5590850333700055,40.37471261317203],[-3.5589373704314657,40.37466215498914],[-3.5587897724561084,40.37461953426197],[-3.5586152942372613,40.374574151254826],[-3.5584132374276547,40.37452701824251],[-3.558224403304883,40.3744834247102],[-3.557919585487032,40.37441677749845],[-3.5574588141149364,40.374322511535034],[-3.5571312669941775,40.37425633216872],[-3.556725468547832,40.374171528309226],[-3.556453636558798,40.37410489860697],[-3.5561500334559333,40.37404230400163],[-3.555803383864393,40.37397341989304],[-3.5556049186378664,40.37391851683115],[-3.555326450711268,40.373818132039666],[-3.555020336510725,40.3736645540976],[-3.5547572808426557,40.37347545292189],[-3.554623668496045,40.37377311648038],[-3.5544196741795226,40.37419464176949],[-3.5542604929302426,40.37452054501053],[-3.554075538736725,40.37485107607676],[-3.5539454705690785,40.37504999054992],[-3.5538696615793026,40.37515711206597],[-3.5536385960863446,40.37546731337286],[-3.5532891310195445,40.37590448808726],[-3.5530947421418873,40.37614830457264],[-3.5528399289078783,40.37644934740784],[-3.552564256128802,40.37674957941811],[-3.552429531690982,40.376885630543256],[-3.5522022386259033,40.3771241070972],[-3.5520135363813203,40.37729915479153],[-3.551786911049657,40.37748986984957],[-3.551705224378839,40.37755593625464],[-3.551347747335764,40.37780935665188],[-3.5509378837301693,40.378080494257084],[-3.550550517330884,40.37832414451083],[-3.5502667515662147,40.378486119143524],[-3.550035119398004,40.378612718472176],[-3.5494630407475363,40.37890119908979],[-3.5494695471877047,40.37906405349573],[-3.5494812602095864,40.379476256243144],[-3.5495018992235425,40.3798865336355],[-3.5495261118990773,40.38024218960426],[-3.5495184498243706,40.380533041106496],[-3.5494976397264937,40.380755665781315],[-3.549468449251701,40.380932834102666],[-3.5494266183778507,40.38103321449882],[-3.549350412213029,40.38116565053943],[-3.549248032091572,40.381310102910895],[-3.549117187394088,40.38147612309948],[-3.5489801126005935,40.38161344256553],[-3.548827620842599,40.381767321761835],[-3.548696707519518,40.381880106785445],[-3.548567536719685,40.38198991037745],[-3.548475589654007,40.38210070846861],[-3.548233190623588,40.38247059294599],[-3.5480805028990265,40.38270249120936],[-3.547999061206985,40.38283053666575],[-3.54786224562064,40.38300046663526],[-3.547686232880074,40.38321833051859],[-3.5475048735325547,40.3834453186707],[-3.54721223618275,40.38379715023915],[-3.5469029441043727,40.38418627656163],[-3.546626013929403,40.38457272650926],[-3.546432158293292,40.384828772415844],[-3.546251367085292,40.38507026057773],[-3.5461479439666572,40.385203814003944],[-3.546076576536859,40.38530946782905],[-3.5460251852611115,40.385467009993654],[-3.545880172386604,40.38608364913285],[-3.5458048335334267,40.38642725273704],[-3.54575924713735,40.3865451271718],[-3.5457033852696087,40.38664674354711],[-3.545598864100733,40.38680525693171],[-3.5455199234093184,40.38692174807042],[-3.5448402797418077,40.386723138700425],[-3.5448008357357703,40.38671161266543],[-3.5446905919659533,40.386905918448974],[-3.5451546126606783,40.38704401303594],[-3.5451000733476286,40.38713301009327],[-3.5448590015268975,40.3875565844221],[-3.5446617596171928,40.387876797236395],[-3.544512691370246,40.388123709809086],[-3.5443641008093056,40.38837008839367],[-3.5441967372342607,40.38867024954368],[-3.5441268967568513,40.38889472535193],[-3.5440817107186926,40.38904827335302],[-3.543951557624688,40.389360781722395],[-3.5438857640140453,40.389546589162],[-3.5438264919858273,40.389721464843056],[-3.543743012128271,40.38994825680931],[-3.543686718196443,40.390127262603144],[-3.5436165427387203,40.39029435148423],[-3.5435382209945194,40.39049021772669],[-3.54346486454986,40.39071606096789],[-3.543416953864201,40.39088277479665],[-3.543377176726038,40.39103530605258],[-3.543342057558172,40.39116781514382],[-3.5432810250214546,40.39135855483596],[-3.5431991854722753,40.39155533825698],[-3.5431037390304083,40.39177443806311],[-3.543051499527067,40.391931982736416],[-3.543012590980723,40.39213415004211],[-3.542996097839989,40.392281175328655],[-3.542984748754253,40.392481861827584],[-3.542987049193622,40.392694916816275],[-3.542996161794086,40.392936048274954],[-3.5429997498152317,40.393162700976816],[-3.543030018413527,40.39339571494611],[-3.5433269785835577,40.3933408148208],[-3.543818907839825,40.393251924677855],[-3.5443931277303373,40.39315427558012],[-3.544988027812519,40.39306283255333],[-3.5453961883578047,40.393004601132574],[-3.5459428221217966,40.39293491264177],[-3.546898176052979,40.392816901247315],[-3.5472519830027314,40.39278387560552],[-3.548058502064501,40.39270925314562],[-3.5486969486298885,40.39265776533263],[-3.5490700220381153,40.39263239956152],[-3.5495543402663507,40.3926074859406],[-3.5500995129274724,40.392590848483806],[-3.550744533805245,40.39258012941771],[-3.551318862355282,40.39258442869083],[-3.5518043263766583,40.39258599601293],[-3.5523685676926506,40.392610329449326],[-3.5529565031731916,40.392663294937165],[-3.5534232933243235,40.39271539583804],[-3.5539962827161737,40.39278617553461],[-3.55448068791872,40.39287395397916],[-3.5548994342871567,40.39297248706181],[-3.5552575389216168,40.39306140880984],[-3.555597882562302,40.39315400942431],[-3.5559472759510946,40.39325801611615],[-3.55625860481629,40.39336120485287],[-3.5565274014227906,40.39346478664884],[-3.5567714236189447,40.39356460417687],[-3.5571134119584604,40.39371323812504],[-3.5574988658992663,40.39388859876902],[-3.558021545699107,40.39413085535452],[-3.5584420468905757,40.39432613402919],[-3.558801060966452,40.394495131422914],[-3.559117612234505,40.39464441386343],[-3.559532673609543,40.394836561654735],[-3.5599036421737407,40.395011353678505],[-3.560291280049862,40.39519254128845],[-3.560624615822994,40.395347332903945],[-3.560939404659198,40.3954962585002],[-3.561635283628695,40.395831461207436],[-3.5620048559893918,40.39599291072241],[-3.562579790393387,40.396266073111754],[-3.562586415843331,40.39626928415789],[-3.563142020065955,40.396539835042134],[-3.5635724989814017,40.39674108243369],[-3.564092361217007,40.39697792864905],[-3.564588690627301,40.397204346755224],[-3.5651218611334556,40.397481754420696],[-3.565566611512434,40.39769724006022],[-3.5665187119088384,40.39815863856643],[-3.5669369677877047,40.398361284588475],[-3.5671629456400207,40.39847080825642],[-3.567393669084776,40.398582659570295],[-3.5678895478059602,40.39882284053974],[-3.5683052089118554,40.39902423304195],[-3.56854575730404,40.39914089866846],[-3.5687386242445136,40.399234635911924],[-3.568996113445797,40.39934778479764],[-3.5692262868000197,40.39943558081682],[-3.5693910253794927,40.399491346909194],[-3.5695602055228663,40.39954276651651],[-3.5696646193387362,40.39957162184264],[-3.569828313251938,40.39964316740202],[-3.570022954719115,40.39973734419919],[-3.5701642332085517,40.39980574749229],[-3.5702929697045507,40.39986808627801],[-3.570382659510995,40.39991152724186],[-3.5704796848359717,40.39995843648681],[-3.570585585258664,40.40000971631675],[-3.5706824922675344,40.40005653588296],[-3.5707562084327042,40.40009220845968],[-3.5708290967787333,40.40012752471151],[-3.570914172633141,40.400168735761135],[-3.5709837472666934,40.400202356545954],[-3.5710690596666064,40.40024364739456],[-3.5711490474529937,40.40028235184022],[-3.571257433352541,40.40033478995664],[-3.571387236955554,40.40039766278878],[-3.5718250427698996,40.40060947376504],[-3.572200504287478,40.40077852808611],[-3.5724631491053334,40.4009577705094],[-3.572862230400965,40.4011880577193],[-3.5733234442581225,40.40142145893891],[-3.5740945605388394,40.40180395224126],[-3.574920717297175,40.40220148217358],[-3.575690305016857,40.402582269627736],[-3.576422677921596,40.4029372822295],[-3.5764793857893573,40.40296772054712],[-3.5766137671434737,40.40302867272979],[-3.5769145973163647,40.40319069631269],[-3.577290043200736,40.40338233788667],[-3.5777119710924388,40.403593394843924],[-3.5780489308649734,40.403776577481416],[-3.5784254721739512,40.4039729036002],[-3.5787055439953632,40.40411817030153],[-3.578979695602848,40.40426005151523],[-3.5792552029374654,40.4043949792676],[-3.579523727765571,40.4045263467255],[-3.579801615011271,40.40466369369317],[-3.580091413157508,40.40481558397639],[-3.5803596215255404,40.404952257422146],[-3.580577249882672,40.405057382115274],[-3.5807732042318685,40.405149921447936],[-3.5809639072523964,40.40523473000055],[-3.5812405762762536,40.40535307942124],[-3.581450524875172,40.405441934601875],[-3.5816091500217415,40.40551023656457],[-3.581813824406755,40.40558866706139],[-3.582112662851211,40.40569456036685],[-3.582369861894315,40.405783626432196],[-3.5826401196417996,40.40588227485955],[-3.583029233342393,40.40600166593494],[-3.5834399478105707,40.40612482962],[-3.583788411908282,40.406244963785085],[-3.5840236515334962,40.406327659487644],[-3.5844212822573094,40.40646375975107],[-3.584928762827033,40.40662823117267],[-3.5856021353792835,40.40684303192534]]]}},{"type":"Feature","properties":{"expedienteGrupo":"714/2000/06949","sigma_layer_kind":"gestion","tourIndex":4},"geometry":{"type":"Polygon","coordinates":[[[-3.5856021353792835,40.40684303192534],[-3.5855606318776676,40.40681360220887],[-3.5849261822153577,40.40633013336251],[-3.5843993505699836,40.40594467657882],[-3.5839427285780197,40.405608322724476],[-3.5830998525069555,40.40496544415501],[-3.5823235792585315,40.404376179406135],[-3.5813335363499568,40.403621595300855],[-3.581109694886557,40.40345135843711],[-3.5810857479632445,40.40325670208351],[-3.5810577971881425,40.402937650185535],[-3.580779843490855,40.4007050419505],[-3.5803143724552604,40.39693975310516],[-3.5802749756016436,40.39653570310664],[-3.5802625392202225,40.3959929666783],[-3.580164114510832,40.394036852751846],[-3.580144202766844,40.393802265259836],[-3.57993689396959,40.39345356237224],[-3.5791856123733203,40.39331587574816],[-3.5793679714992983,40.393132437545674],[-3.5795543691205074,40.39295151037211],[-3.5797449001014043,40.39277316580546],[-3.579939574744505,40.39259723260065],[-3.5801381604852267,40.392424072268476],[-3.580340655770695,40.39225350461447],[-3.5805469561017156,40.3920857103253],[-3.5807571550356307,40.39192060782897],[-3.5809710308757157,40.39175845047347],[-3.58118858215144,40.39159906707291],[-3.581409811187438,40.391442727868494],[-3.5818280389259667,40.39116126056563],[-3.582023692038183,40.39103171585204],[-3.5822172089018105,40.39090046982966],[-3.582257031770972,40.390872881599805],[-3.582672510359498,40.39057537983306],[-3.582897509639484,40.39040614474081],[-3.5831186050629737,40.390233856784995],[-3.583335774699059,40.390058705289896],[-3.583548912514994,40.389880690812426],[-3.5837579006983966,40.38969981396937],[-3.5834107575696934,40.38959994305755],[-3.582812152386833,40.389428265795075],[-3.5818288568499272,40.38914518692898],[-3.581471850579591,40.38904859407604],[-3.580535340196431,40.388780494317],[-3.579392619201661,40.38845232948916],[-3.578327536844872,40.388137458929705],[-3.5776517532588774,40.38793442870815],[-3.5769451822210128,40.38775425112445],[-3.576597727005735,40.38765688379734],[-3.5764777565484445,40.38762567973478],[-3.5758602544483344,40.387429285468336],[-3.575260246102714,40.387171268544435],[-3.5746524106547386,40.3867819343357],[-3.574211553694666,40.38647735456105],[-3.573739188938051,40.38615383006421],[-3.5722372418447375,40.38511988913961],[-3.5708947848164994,40.384204061686354],[-3.570049828373977,40.38362973571029],[-3.569192642751155,40.38300186833961],[-3.5686039604882267,40.38254051475722],[-3.568112639244649,40.38215570795564],[-3.5680454049816555,40.38210378526188],[-3.5677480219457345,40.38187551274082],[-3.567493644349256,40.3817037769486],[-3.5671506193238596,40.38155338559],[-3.5669059277898656,40.38149682783086],[-3.566707889931649,40.38146851881002],[-3.5664284815933756,40.381444391881054],[-3.5661226263756363,40.38142741186749],[-3.5656540937881145,40.38139825373378],[-3.565342730441591,40.381370586736196],[-3.5651019689076664,40.38133293413623],[-3.564915762253146,40.38128230265082],[-3.5646838548929907,40.38119037092272],[-3.564450432524574,40.38105799509717],[-3.5642277482933484,40.38087114220569],[-3.5640663434901816,40.380672377211376],[-3.5638375756467573,40.380319343637375],[-3.5635022327670534,40.37978834890247],[-3.5631553828901796,40.37923155294207],[-3.562731903927687,40.3785553973035],[-3.5625860233605433,40.37832259013763],[-3.5622505069868193,40.37778250217245],[-3.5620894540604366,40.37752525423087],[-3.56197502597995,40.377362744865245],[-3.5617948250786835,40.37715424792436],[-3.561473550660743,40.376838316979715],[-3.5610499140685974,40.37642333072603],[-3.5607895859715666,40.37616729223154],[-3.5603820628480447,40.37576249575482],[-3.5598997756776423,40.37527626575673],[-3.559766040985237,40.37515825368409],[-3.5595681463878517,40.374986596135116],[-3.5594108381379805,40.374852490248784],[-3.5592822778861537,40.37479021920026],[-3.5590850333700055,40.37471261317203],[-3.5589373704314657,40.37466215498914],[-3.5587897724561084,40.37461953426197],[-3.5586152942372613,40.374574151254826],[-3.5584132374276547,40.37452701824251],[-3.558224403304883,40.3744834247102],[-3.557919585487032,40.37441677749845],[-3.5574588141149364,40.374322511535034],[-3.5571312669941775,40.37425633216872],[-3.556725468547832,40.374171528309226],[-3.556453636558798,40.37410489860697],[-3.5561500334559333,40.37404230400163],[-3.555803383864393,40.37397341989304],[-3.5556049186378664,40.37391851683115],[-3.555326450711268,40.373818132039666],[-3.555020336510725,40.3736645540976],[-3.5547572808426557,40.37347545292189],[-3.554623668496045,40.37377311648038],[-3.5544196741795226,40.37419464176949],[-3.5542604929302426,40.37452054501053],[-3.554075538736725,40.37485107607676],[-3.5539454705690785,40.37504999054992],[-3.5538696615793026,40.37515711206597],[-3.5536385960863446,40.37546731337286],[-3.5532891310195445,40.37590448808726],[-3.5530947421418873,40.37614830457264],[-3.5528399289078783,40.37644934740784],[-3.552564256128802,40.37674957941811],[-3.552429531690982,40.376885630543256],[-3.5522022386259033,40.3771241070972],[-3.5520135363813203,40.37729915479153],[-3.551786911049657,40.37748986984957],[-3.551705224378839,40.37755593625464],[-3.551347747335764,40.37780935665188],[-3.5509378837301693,40.378080494257084],[-3.550550517330884,40.37832414451083],[-3.5502667515662147,40.378486119143524],[-3.550035119398004,40.378612718472176],[-3.5494630407475363,40.37890119908979],[-3.5494695471877047,40.37906405349573],[-3.5494812602095864,40.379476256243144],[-3.5495018992235425,40.3798865336355],[-3.5495261118990773,40.38024218960426],[-3.5495184498243706,40.380533041106496],[-3.5494976397264937,40.380755665781315],[-3.549468449251701,40.380932834102666],[-3.5494266183778507,40.38103321449882],[-3.549350412213029,40.38116565053943],[-3.549248032091572,40.381310102910895],[-3.549117187394088,40.38147612309948],[-3.5489801126005935,40.38161344256553],[-3.548827620842599,40.381767321761835],[-3.548696707519518,40.381880106785445],[-3.548567536719685,40.38198991037745],[-3.548475589654007,40.38210070846861],[-3.548233190623588,40.38247059294599],[-3.5480805028990265,40.38270249120936],[-3.547999061206985,40.38283053666575],[-3.54786224562064,40.38300046663526],[-3.547686232880074,40.38321833051859],[-3.5475048735325547,40.3834453186707],[-3.54721223618275,40.38379715023915],[-3.5469029441043727,40.38418627656163],[-3.546626013929403,40.38457272650926],[-3.546432158293292,40.384828772415844],[-3.546251367085292,40.38507026057773],[-3.5461479439666572,40.385203814003944],[-3.546076576536859,40.38530946782905],[-3.5460251852611115,40.385467009993654],[-3.545880172386604,40.38608364913285],[-3.5458048335334267,40.38642725273704],[-3.54575924713735,40.3865451271718],[-3.5457033852696087,40.38664674354711],[-3.545598864100733,40.38680525693171],[-3.5455199234093184,40.38692174807042],[-3.5448402797418077,40.386723138700425],[-3.5448008357357703,40.38671161266543],[-3.5446905919659533,40.386905918448974],[-3.5451546126606783,40.38704401303594],[-3.5451000733476286,40.38713301009327],[-3.5448590015268975,40.3875565844221],[-3.5446617596171928,40.387876797236395],[-3.544512691370246,40.388123709809086],[-3.5443641008093056,40.38837008839367],[-3.5441967372342607,40.38867024954368],[-3.5441268967568513,40.38889472535193],[-3.5440817107186926,40.38904827335302],[-3.543951557624688,40.389360781722395],[-3.5438857640140453,40.389546589162],[-3.5438264919858273,40.389721464843056],[-3.543743012128271,40.38994825680931],[-3.543686718196443,40.390127262603144],[-3.5436165427387203,40.39029435148423],[-3.5435382209945194,40.39049021772669],[-3.54346486454986,40.39071606096789],[-3.543416953864201,40.39088277479665],[-3.543377176726038,40.39103530605258],[-3.543342057558172,40.39116781514382],[-3.5432810250214546,40.39135855483596],[-3.5431991854722753,40.39155533825698],[-3.5431037390304083,40.39177443806311],[-3.543051499527067,40.391931982736416],[-3.543012590980723,40.39213415004211],[-3.542996097839989,40.392281175328655],[-3.542984748754253,40.392481861827584],[-3.5429870374112453,40.392694916871584],[-3.542996161794086,40.392936048274954],[-3.5429997498152317,40.393162700976816],[-3.543030018413527,40.39339571494611],[-3.5433269785835577,40.3933408148208],[-3.543818907839825,40.393251924677855],[-3.5443931277303373,40.39315427558012],[-3.544988027812519,40.39306283255333],[-3.5453961883578047,40.393004601132574],[-3.5459428221217966,40.39293491264177],[-3.546898176052979,40.392816901247315],[-3.5472519830027314,40.39278387560552],[-3.548058502064501,40.39270925314562],[-3.5486969486298885,40.39265776533263],[-3.5490700220381153,40.39263239956152],[-3.5495543402663507,40.3926074859406],[-3.5500995129274724,40.392590848483806],[-3.550744533805245,40.39258012941771],[-3.551318862355282,40.39258442869083],[-3.5518043263766583,40.39258599601293],[-3.5523685676926506,40.392610329449326],[-3.5529565031731916,40.392663294937165],[-3.5534232933243235,40.39271539583804],[-3.5539962827161737,40.39278617553461],[-3.55448068791872,40.39287395397916],[-3.5548994342871567,40.39297248706181],[-3.5552575389216168,40.39306140880984],[-3.555597882562302,40.39315400942431],[-3.5559472759510946,40.39325801611615],[-3.55625860481629,40.39336120485287],[-3.5565274014227906,40.39346478664884],[-3.5567714236189447,40.39356460417687],[-3.5571134119584604,40.39371323812504],[-3.5574988658992663,40.39388859876902],[-3.558021545699107,40.39413085535452],[-3.5584420468905757,40.39432613402919],[-3.558801060966452,40.394495131422914],[-3.559117612234505,40.39464441386343],[-3.559532673609543,40.394836561654735],[-3.5599036421737407,40.395011353678505],[-3.560291280049862,40.39519254128845],[-3.560624615822994,40.395347332903945],[-3.560939404659198,40.3954962585002],[-3.561635283628695,40.395831461207436],[-3.5620048559893918,40.39599291072241],[-3.562579790393387,40.396266073111754],[-3.562586415843331,40.39626928415789],[-3.563142020065955,40.396539835042134],[-3.5635724989814017,40.39674108243369],[-3.564092361217007,40.39697792864905],[-3.564588690627301,40.397204346755224],[-3.5651218611334556,40.397481754420696],[-3.565566611512434,40.39769724006022],[-3.5665187119088384,40.39815863856643],[-3.5669369677877047,40.398361284588475],[-3.5671629456400207,40.39847080825642],[-3.567393669084776,40.398582659570295],[-3.5678895478059602,40.39882284053974],[-3.5683052089118554,40.39902423304195],[-3.56854575730404,40.39914089866846],[-3.5687386242445136,40.399234635911924],[-3.568996113445797,40.39934778479764],[-3.5692262868000197,40.39943558081682],[-3.5693910253794927,40.399491346909194],[-3.5695602055228663,40.39954276651651],[-3.5696646193387362,40.39957162184264],[-3.569828313251938,40.39964316740202],[-3.570022954719115,40.39973734419919],[-3.5701642332085517,40.39980574749229],[-3.5702929697045507,40.39986808627801],[-3.570382659510995,40.39991152724186],[-3.5704796848359717,40.39995843648681],[-3.570585585258664,40.40000971631675],[-3.5706824922675344,40.40005653588296],[-3.5707562084327042,40.40009220845968],[-3.5708290967787333,40.40012752471151],[-3.570914172633141,40.400168735761135],[-3.5709837472666934,40.400202356545954],[-3.5710690596666064,40.40024364739456],[-3.5711490474529937,40.40028235184022],[-3.571257433352541,40.40033478995664],[-3.571387236955554,40.40039766278878],[-3.5718250427698996,40.40060947376504],[-3.572200504287478,40.40077852808611],[-3.5724631491053334,40.4009577705094],[-3.572862230400965,40.4011880577193],[-3.5733234442581225,40.40142145893891],[-3.5740945605388394,40.40180395224126],[-3.574920717297175,40.40220148217358],[-3.575690305016857,40.402582269627736],[-3.576422677921596,40.4029372822295],[-3.5764793857893573,40.40296772054712],[-3.5766137671434737,40.40302867272979],[-3.5769145973163647,40.40319069631269],[-3.577290043200736,40.40338233788667],[-3.5777119710924388,40.403593394843924],[-3.5780489308649734,40.403776577481416],[-3.5784254721739512,40.4039729036002],[-3.5787055439953632,40.40411817030153],[-3.578979695602848,40.40426005151523],[-3.5792552029374654,40.4043949792676],[-3.579523727765571,40.4045263467255],[-3.579801615011271,40.40466369369317],[-3.580091413157508,40.40481558397639],[-3.5803596215255404,40.404952257422146],[-3.580577249882672,40.405057382115274],[-3.5807732042318685,40.405149921447936],[-3.5809639072523964,40.40523473000055],[-3.5812405762762536,40.40535307942124],[-3.581450524875172,40.405441934601875],[-3.5816091500217415,40.40551023656457],[-3.581813824406755,40.40558866706139],[-3.582112662851211,40.40569456036685],[-3.582369861894315,40.405783626432196],[-3.5826401196417996,40.40588227485955],[-3.583029233342393,40.40600166593494],[-3.5834399478105707,40.40612482962],[-3.583788411908282,40.406244963785085],[-3.5840236515334962,40.406327659487644],[-3.5844212822573094,40.40646375975107],[-3.584928762827033,40.40662823117267],[-3.5856021353792835,40.40684303192534]]]}},{"type":"Feature","properties":{"expedienteGrupo":"135/2023/01246","sigma_layer_kind":"tramitados_ad","tourIndex":5},"geometry":{"type":"Polygon","coordinates":[[[-3.562569419156064,40.413368153289795],[-3.5626071795770295,40.41336917677235],[-3.5628147548094895,40.41338529280465],[-3.5634163789223936,40.413447237105885],[-3.563438570315316,40.41344976862808],[-3.5636210451691808,40.41347063619805],[-3.563738892366282,40.413484115838045],[-3.563778862966421,40.41348868675068],[-3.5639378369227317,40.41350685757572],[-3.5640852593140004,40.413517859252345],[-3.5641424069443017,40.41352010297259],[-3.564309275396626,40.4135266761087],[-3.5645839260080905,40.41352983983759],[-3.564765309434631,40.41352582783265],[-3.564765651152254,40.41352581715438],[-3.564787605238621,40.41352533153262],[-3.5650361797875063,40.41348709868172],[-3.5653787891773208,40.41344218023026],[-3.5656908150868705,40.41340462668057],[-3.5661770836829474,40.41334369646312],[-3.5665949703143616,40.41328038759019],[-3.56712463745986,40.4131931143572],[-3.5675659274912905,40.41310986718907],[-3.567961173219177,40.4130287454462],[-3.5679721629675014,40.413026520271124],[-3.568399797351223,40.412939886522395],[-3.568411575433717,40.41293750427561],[-3.5684437915044143,40.41293097646721],[-3.5684766312333434,40.412924328465365],[-3.5685401535158596,40.412909601587316],[-3.5686271716297577,40.41288575003689],[-3.5687153042080695,40.412852883852565],[-3.5687599235240137,40.4128328443801],[-3.568808055805945,40.41281008488209],[-3.568860852668741,40.41278279787076],[-3.5689887380903507,40.412711897720726],[-3.5690415390000987,40.412683709698136],[-3.5690849643478098,40.41266187415891],[-3.569281050938706,40.412573529723616],[-3.5694207361323076,40.41250852600233],[-3.569521725403243,40.412461532699496],[-3.5696391956588704,40.41241500766573],[-3.5698059223664202,40.412353338746534],[-3.5703970537210905,40.41213470142138],[-3.5706838487584145,40.41204139352286],[-3.570777944006155,40.412018406330795],[-3.5708921129935223,40.41199983350061],[-3.5710039932359585,40.41198937103042],[-3.5710742903785304,40.41198570849769],[-3.571173839781357,40.411980532037425],[-3.571252572099292,40.41197643132607],[-3.571611132910076,40.41195993837376],[-3.571896789033449,40.411946786948185],[-3.5719323811969037,40.41194515142148],[-3.5721617471054152,40.41193068316428],[-3.5722421918398357,40.41192560933283],[-3.5723104952952447,40.411918964898994],[-3.5724400163969516,40.411901233475994],[-3.572617757585147,40.41187690269138],[-3.5728496825779636,40.411787599927116],[-3.572900491688139,40.41176803269787],[-3.5729003497256673,40.41176797033767],[-3.5729006550827274,40.411767842697415],[-3.57314679470424,40.41186623629773],[-3.5739038102120326,40.41201084285883],[-3.574476015733944,40.41212014632184],[-3.576477521678183,40.4125024579094],[-3.5766031977538035,40.41253964235984],[-3.576744813892455,40.41258153999463],[-3.5768116139895656,40.412540981195875],[-3.576862931945986,40.41251758082914],[-3.5769367569051194,40.412470167031394],[-3.577031591161312,40.4124096932723],[-3.577216850636746,40.41229696579892],[-3.57738884400639,40.41219043045479],[-3.577608313899331,40.41205383761216],[-3.5778797759645022,40.41189156987334],[-3.578064491194816,40.41177342028752],[-3.5781369330426425,40.41172709372587],[-3.578178569277563,40.411700443859154],[-3.578272322896676,40.411637902392606],[-3.5783007847794286,40.411617066168404],[-3.5783668477274144,40.411575978618835],[-3.5784813179476624,40.41149244127993],[-3.578689815856718,40.41135096429193],[-3.578836692660379,40.41125730034941],[-3.5788418854799358,40.41125398603593],[-3.5788419440988677,40.41125394970611],[-3.5788626565214807,40.411240701753556],[-3.5791198443872116,40.41107625929296],[-3.5792410552187515,40.41099968749636],[-3.5792651918542338,40.41098444031769],[-3.5792985422778565,40.41096336313688],[-3.579529521374095,40.410817402581706],[-3.5795394172972403,40.41081140698276],[-3.579802069408488,40.410652323043976],[-3.579955326556638,40.410559499561195],[-3.580509294433182,40.41021866256075],[-3.580687130971539,40.41011852544358],[-3.580845691800641,40.41005066534985],[-3.5809795104608932,40.409882360916065],[-3.581026884070886,40.40983651885978],[-3.5814187223861014,40.40964021408792],[-3.5816331971841784,40.40953725160387],[-3.5816544298035504,40.409527054613505],[-3.5816985030836226,40.409505895767566],[-3.5818337300301555,40.409433061571725],[-3.5820286690102097,40.40932807952286],[-3.582304982860165,40.40915965075546],[-3.5826233302973653,40.40897430667541],[-3.58264217531147,40.408963346752714],[-3.582650231607722,40.408958657465604],[-3.582762598273111,40.40888651395792],[-3.582803163687552,40.40886047142574],[-3.582815282971735,40.40885269855705],[-3.58288986187925,40.408804826689],[-3.582941596987581,40.40877161061739],[-3.5834695425823035,40.40847380988295],[-3.5835652502891864,40.408429821980604],[-3.583597332885694,40.40841508334443],[-3.583612264850975,40.40840822413142],[-3.5836594318874893,40.40838654441161],[-3.583685757635877,40.40837253751992],[-3.5836916351607315,40.408369408722216],[-3.583699061303629,40.40836546128832],[-3.583815995203239,40.408291554942494],[-3.5838236141244373,40.40828673264547],[-3.5839805736722155,40.40818855173423],[-3.584108021544145,40.40811214151611],[-3.584289784425188,40.40799302388135],[-3.584510368143325,40.40785894381713],[-3.5845219099786547,40.407851218733555],[-3.5846107190671703,40.407790589012684],[-3.584730589528619,40.40771033350013],[-3.584777499412317,40.40767946535138],[-3.584844952064984,40.40763507874081],[-3.5848908557103636,40.40759962099938],[-3.5848945462698953,40.40759709780324],[-3.585079953702683,40.40747046492122],[-3.5852572644699006,40.40735750347836],[-3.5852640662030257,40.4073536041497],[-3.5854636150962156,40.40723925954086],[-3.585657862583841,40.40712794146673],[-3.5856575314380232,40.40712780800769],[-3.5856627413237776,40.407125177991226],[-3.585770642649419,40.407083811204664],[-3.585838471449868,40.40704625099785],[-3.5855613422931882,40.40683030146698],[-3.585283408427305,40.40674165380263],[-3.584931116954706,40.40662925530904],[-3.5849291788016577,40.40662863447746],[-3.584928575987279,40.40662843031789],[-3.5849244869324757,40.40662711765814],[-3.5849093357974575,40.40662221227614],[-3.584746124102571,40.40656933460012],[-3.584695813390501,40.40655303932203],[-3.584421095728179,40.40646399493029],[-3.5844154668133488,40.40646178011728],[-3.584414902083239,40.406461891080774],[-3.584277693296268,40.406414926409376],[-3.58427721793602,40.40641446934776],[-3.5842455660146975,40.40640392648551],[-3.584240506981602,40.40640219527536],[-3.5842042544744936,40.406389783738504],[-3.5840244698147927,40.4063282499546],[-3.5840234532965423,40.40632790373445],[-3.584015816885517,40.40632522155986],[-3.583788225533202,40.40624521698068],[-3.583781617908128,40.406242935005395],[-3.5835955414781706,40.40617875661731],[-3.5834397254583026,40.406125010923844],[-3.5834354600040164,40.406123735137676],[-3.5830290937926312,40.40600188285684],[-3.5826399797803004,40.4058824557462],[-3.582369722342868,40.40578384335333],[-3.582215786130746,40.4057305730261],[-3.582112523764777,40.405694831339915],[-3.5818136022069607,40.40558886637953],[-3.5816089396836692,40.40551044483176],[-3.581450303294946,40.40544220598899],[-3.5814489312518805,40.405441627297485],[-3.5812403662474925,40.40535332372263],[-3.5811275902208215,40.405304754979404],[-3.581024756599546,40.40525431632754],[-3.580898151434826,40.405195492427175],[-3.580785742052293,40.40514290344965],[-3.5807218736537596,40.40511619695552],[-3.580588159634183,40.40505290386897],[-3.580439056442498,40.40498157969476],[-3.580271021115772,40.40490134124382],[-3.5801160031803354,40.404827343604154],[-3.580102054521644,40.40482102613715],[-3.579803227814094,40.40466486579748],[-3.579801428316269,40.404663910847646],[-3.579769236967361,40.40464800904633],[-3.579722701518874,40.40462501692323],[-3.5795235767321762,40.40452659973718],[-3.57933514777642,40.40443442597406],[-3.5792550046887635,40.40439522350638],[-3.578979485183282,40.404260250769006],[-3.578877708051627,40.404207579654994],[-3.5787053810211886,40.40411840535373],[-3.5784252737692253,40.403973129820166],[-3.5782344518878646,40.403873641822464],[-3.578048756105086,40.403776812591644],[-3.5779083480450486,40.40370047764463],[-3.5778385169926743,40.40366250193823],[-3.577711736871694,40.40359356718705],[-3.577289868131354,40.40338253696092],[-3.577111424783255,40.40329148087084],[-3.5771085604006463,40.403290017675126],[-3.5769145740557424,40.40319073246515],[-3.5766135686585114,40.40302888993801],[-3.576591019905067,40.40301865993625],[-3.5765633248578506,40.40300608619844],[-3.5764791989345217,40.402967919678915],[-3.5764612749666966,40.402958297230896],[-3.576433832789869,40.40294358704445],[-3.5764225148653974,40.40293750826985],[-3.575690094822914,40.40258249590178],[-3.5753459626626123,40.40241221602275],[-3.575115074783446,40.40229797608944],[-3.575103997901224,40.402292499595546],[-3.574982826454003,40.402232543030586],[-3.5749205307463874,40.402201717337796],[-3.5745035165709633,40.402001040217556],[-3.5745024989404817,40.40200054977311],[-3.5745009606725655,40.40199980966061],[-3.5744819808228576,40.40199067864079],[-3.5744690002430723,40.401984436761104],[-3.5744680417624957,40.401983973049774],[-3.5742527910471193,40.40188039253983],[-3.5740943854640097,40.40180415131077],[-3.5738363870869123,40.40167616938682],[-3.5737162699131764,40.40161659364312],[-3.5736489214605043,40.40158317969022],[-3.5734765921798726,40.40149769127256],[-3.573456308435092,40.4014876296032],[-3.573323304533496,40.401421657831975],[-3.573274437318625,40.401396935897],[-3.5732164807318525,40.401367610304014],[-3.573095194631943,40.401306246893114],[-3.5729195739235817,40.40121738652897],[-3.5728620317564754,40.40118825690374],[-3.572537106067445,40.401000774159954],[-3.5725175548372405,40.400989510486625],[-3.572482584998098,40.40096933206353],[-3.5724722705212395,40.4009633830673],[-3.5724629861168347,40.40095800555304],[-3.5724253891218596,40.40093234456568],[-3.5723198403613314,40.40086030771765],[-3.572211494542833,40.400786356665456],[-3.5722003530822133,40.400778763071095],[-3.5721026667250597,40.40073478651081],[-3.5719822327368425,40.40068056192553],[-3.571873533651947,40.400631630584485],[-3.571824868072533,40.40060971787481],[-3.571805935725539,40.40060054113166],[-3.571467499633384,40.40043678007286],[-3.571387109163277,40.40039787963881],[-3.57132561534183,40.40036812011391],[-3.5712572823734026,40.40033505196659],[-3.5711489081049237,40.400282595774385],[-3.5711264617349,40.40027172454652],[-3.5710688492359033,40.40024384663415],[-3.5710423917222305,40.40023104022415],[-3.5709835606314457,40.40020258269521],[-3.570914801883426,40.40016929121877],[-3.570828957353725,40.400127759636575],[-3.570818331764426,40.400122613837716],[-3.570756021873083,40.400092443617304],[-3.5706991432287225,40.40006491325203],[-3.570682293848066,40.400056762089896],[-3.570678164407145,40.40005477343989],[-3.5706462049992678,40.400039309379],[-3.5706352836306823,40.40003402087719],[-3.5705854455288106,40.40000991520658],[-3.570535832187124,40.39998590750549],[-3.570483781271842,40.39996070458908],[-3.5704795571176313,40.399958662344595],[-3.570393937845039,40.39991722842567],[-3.5703825432718714,40.399911717006475],[-3.5703811707506126,40.399911057103054],[-3.5702928536933025,40.39986830306875],[-3.570164070214762,40.399805982532776],[-3.570110576054225,40.39978008385335],[-3.569828150257349,40.39964340244203],[-3.569793909257626,40.39962842687016],[-3.569664491542442,40.39957183869081],[-3.5695605144755396,40.39954307130433],[-3.5695594276590357,40.39954275232984],[-3.5693911220762686,40.399491634724455],[-3.569389916667332,40.399491226241295],[-3.569338687104839,40.39947390172991],[-3.5692261357390795,40.39943583381548],[-3.569084331255734,40.399381729410614],[-3.5689959857994524,40.39934801966258],[-3.5687384611712747,40.3992348619417],[-3.5686560961481946,40.39919481614129],[-3.5685988631022885,40.39916698917784],[-3.5685456175699324,40.3991410975559],[-3.5684736897934526,40.39910623459626],[-3.568465265279352,40.399102149842236],[-3.568305211941918,40.39902459339138],[-3.568304703133503,40.39902434363708],[-3.5678896926129786,40.39882324523842],[-3.56778422194354,40.39877215901149],[-3.5676254007023678,40.39869519917247],[-3.5676220640973164,40.39869358490306],[-3.5674949410954984,40.3986319829592],[-3.5673935293483865,40.3985828584564],[-3.567212003394291,40.39849488320464],[-3.567205412933887,40.39849168126311],[-3.56716280612997,40.39847103416846],[-3.5670779712536467,40.39842992726557],[-3.5669367811438644,40.39836151073132],[-3.5666086598994355,40.39820251365184],[-3.5665185486796718,40.39815884657568],[-3.5661470777698043,40.39797883509212],[-3.5661162560904187,40.39796390474581],[-3.5655664838571783,40.39769747492146],[-3.5654940387206473,40.39766237838732],[-3.56536351208374,40.3975991240417],[-3.56512170960942,40.397481953361684],[-3.5645909061105145,40.397205777395605],[-3.5645885273191817,40.39720454575306],[-3.564563154785171,40.397192966799835],[-3.564384672330829,40.39711155787527],[-3.564092221774858,40.39697816356622],[-3.5637666181490872,40.39682978583838],[-3.5635640211732533,40.396737601190075],[-3.5634920597071558,40.396703735283026],[-3.5634772253553124,40.39669679848267],[-3.563361366421942,40.396642659677156],[-3.5631418806964326,40.39654007896692],[-3.5627246682141047,40.396336900512985],[-3.562586335462116,40.39626953680415],[-3.5625849749482135,40.3962688857582],[-3.5625829753802805,40.39626790448421],[-3.5625827506042924,40.39626779746843],[-3.562581141523624,40.396267012495095],[-3.562580336983305,40.3962666200084],[-3.5625796980792397,40.396266307797866],[-3.5620076858126857,40.395994545636526],[-3.5620047164670474,40.3959931366284],[-3.561707568328106,40.395863326685074],[-3.5616351440305847,40.39583167810426],[-3.5616013555879054,40.395815409587755],[-3.56093930033325,40.39549646621594],[-3.56084203645544,40.395450478000384],[-3.56083182729535,40.39544563556697],[-3.560781870468438,40.39542201270662],[-3.5607493623765945,40.39540662963237],[-3.5606244526570108,40.39534754991381],[-3.560291116808487,40.395192749289095],[-3.5599035143544473,40.39501157051622],[-3.5597913363950866,40.3949587166051],[-3.5597603907098376,40.39494412749828],[-3.559532569131099,40.39483675135175],[-3.559196202750422,40.394681070309225],[-3.559117460773488,40.394644621805504],[-3.5589998893793977,40.394589162537336],[-3.558839141348052,40.39451333500006],[-3.558800932846673,40.394495312224414],[-3.5586491651404426,40.39442390053601],[-3.558441942856391,40.39432637777781],[-3.5582860672961902,40.39425398543577],[-3.5581528907339,40.39419212308622],[-3.55802140601843,40.394131063238305],[-3.5574987262917652,40.39388881566096],[-3.5573597188504884,40.393825557062534],[-3.557113283984107,40.39371343694223],[-3.556972503465181,40.39365226752416],[-3.5567713077231584,40.39356483897199],[-3.5567195830082583,40.39354368234554],[-3.5566220685867314,40.393503781925176],[-3.5565272616646846,40.393464985522115],[-3.556258476691805,40.393361385651616],[-3.556094045399428,40.3933068965763],[-3.5559471479741434,40.39325821493206],[-3.5556358356958118,40.39316552990779],[-3.555597789931807,40.39315420807003],[-3.5555742303803872,40.393147798663676],[-3.5552574581466434,40.39306161640751],[-3.5549088817999883,40.3929750723883],[-3.5548973112368367,40.3929722269762],[-3.5545484893836674,40.39289011553315],[-3.554480559790365,40.392874134776],[-3.554407751514551,40.392860952179134],[-3.554191450783829,40.39282177231606],[-3.5539961903029336,40.392786401205385],[-3.5534405626827823,40.39271775465767],[-3.553435868362929,40.39271717351413],[-3.5534232008355064,40.39271561249961],[-3.5529563403572824,40.39266355698028],[-3.552953557585884,40.392663309022794],[-3.552564567516582,40.3926282040644],[-3.552531633953128,40.39262524427867],[-3.5524788787388895,40.39262047826487],[-3.5523684396327226,40.39261051925261],[-3.551804186459309,40.39258617686306],[-3.5513254508867806,40.392584667551574],[-3.55131887582745,40.392584635836414],[-3.5507525128708686,40.392580388715615],[-3.550744429378859,40.39258032811577],[-3.5507328955697077,40.39258051818551],[-3.5500994438462015,40.39259104701314],[-3.54955425954758,40.39260770254317],[-3.5494045155364655,40.39261539617916],[-3.5493435885106326,40.39261852351536],[-3.5490699763721367,40.392632579960804],[-3.5486968204863967,40.39265794612314],[-3.54855219869018,40.39266961440053],[-3.5485512095568397,40.39266969116584],[-3.5485463111657265,40.39267009278616],[-3.548514259393369,40.39267268630166],[-3.5484285601468346,40.39267959737415],[-3.5483937764649864,40.39268240201381],[-3.548058421194734,40.392709451729594],[-3.5478977768455278,40.392724312284656],[-3.5472519136940988,40.392784047106865],[-3.5468980481230026,40.39281710906217],[-3.545942776592763,40.39293511105744],[-3.5453961429724954,40.3930048175656],[-3.5452483906411394,40.39302587497493],[-3.5452211799672755,40.3930297600826],[-3.5449878052535677,40.393062995766506],[-3.544930175878286,40.393071853056504],[-3.544821719199671,40.39308852648009],[-3.544793592929577,40.39309284823903],[-3.544619433694352,40.393119623920164],[-3.544393105398767,40.393154428840354],[-3.544316268340927,40.39316750242934],[-3.5441233402056933,40.39320033876049],[-3.5441018657848473,40.393203989402515],[-3.5438962526817095,40.39323896614941],[-3.5438188388843574,40.393252141221105],[-3.5434625225611267,40.39331651089562],[-3.543402940367164,40.39332727752777],[-3.5433803969906656,40.39333134747891],[-3.5433268858442357,40.39334100444815],[-3.5431641932366356,40.39337109347174],[-3.5430299258180318,40.393395922590784],[-3.543029900950406,40.39339576054332],[-3.542522171835163,40.39348945125048],[-3.5420732352015483,40.39359303543337],[-3.542070330230476,40.39370244683116],[-3.5420693708221274,40.393738559892974],[-3.5420737133224587,40.393914208418636],[-3.5420672010678262,40.39397786136992],[-3.5430310474606492,40.39377757079231],[-3.54302900099963,40.39392765436343],[-3.543025966125686,40.39415124799855],[-3.5430235611403043,40.39421856644208],[-3.5430237196835628,40.39422070085942],[-3.5430411279788987,40.394461829329465],[-3.5430474755700483,40.39454939520649],[-3.543057265782807,40.39480880290667],[-3.543019244792693,40.39505417369146],[-3.5429956302129675,40.39531954912369],[-3.5429936425018713,40.3953728113665],[-3.542983164195186,40.39565408024591],[-3.5429774972549004,40.39575833336026],[-3.5429647469979924,40.39599295466052],[-3.5429579405910054,40.396028707777724],[-3.5429280579810802,40.396185687840934],[-3.542921783194401,40.39621868166845],[-3.542918853005928,40.39628371423604],[-3.542904141638548,40.39661016564968],[-3.542905260640099,40.39669813443382],[-3.5429055452725513,40.39672036760062],[-3.5429118534268684,40.396785410841524],[-3.5429212901100153,40.39683211484653],[-3.5429247015636287,40.39684899993371],[-3.5429346417899996,40.396890908722185],[-3.542986368734394,40.39710910990485],[-3.543026982222758,40.39730361521465],[-3.5430297030366074,40.39731666565682],[-3.543043036528116,40.397380504705616],[-3.5430597648601747,40.397460616291525],[-3.543083521639124,40.397564857314386],[-3.5431297161367445,40.39776753465524],[-3.5431982599152114,40.398091315626935],[-3.543271954306582,40.39837996381726],[-3.543285135263388,40.398432100701676],[-3.5433305689965047,40.39861181727037],[-3.543406078198787,40.39891059207354],[-3.5434353131608076,40.39902625783551],[-3.5434527088781556,40.39909986162333],[-3.5435368326679435,40.39945570459698],[-3.5435771095965602,40.39962263431592],[-3.543590470313351,40.3996780135892],[-3.5435907383198866,40.39967910243199],[-3.543627505315531,40.39983156197345],[-3.5436529860772965,40.39994774081205],[-3.5436830668070747,40.400084934291705],[-3.543701877562708,40.40017323424572],[-3.5437166465333583,40.40024250793734],[-3.543741457115863,40.40033540134411],[-3.5437618453408097,40.40041176580195],[-3.543813838769802,40.400597964854576],[-3.543853177056211,40.400738871533484],[-3.5438634423238025,40.40077416599538],[-3.5438798280660184,40.40083051298824],[-3.543898807905552,40.400885586500436],[-3.5439103427189798,40.400919019108514],[-3.5439007389168893,40.40091906428378],[-3.543900526808374,40.4009190652815],[-3.5436533739732154,40.400920317678256],[-3.5429633632704607,40.40092380309708],[-3.54297654634825,40.40096443534822],[-3.5429779119383653,40.40096866321791],[-3.5430034429150066,40.401061841681475],[-3.543067204194263,40.40129458090983],[-3.5430678717811444,40.40129700122521],[-3.543101733530864,40.401417915622424],[-3.543145652947051,40.401574702086435],[-3.5432110471987017,40.40180815427133],[-3.544167350648537,40.401803612643874],[-3.544180595819541,40.40180355030894],[-3.5442876246959365,40.402191645477465],[-3.544293410300075,40.40220913195134],[-3.5443275084169796,40.40231224285384],[-3.5443435264641074,40.402340401993975],[-3.5443609311415294,40.40237099607209],[-3.5444259597487484,40.402485303789256],[-3.544517265003935,40.40263432594986],[-3.544565744281745,40.40273932402496],[-3.544622567668016,40.40286923800519],[-3.5446246640682233,40.40287493089621],[-3.54462908527009,40.40288687416698],[-3.5446468426861166,40.40293488114289],[-3.5447079399227848,40.403058414514724],[-3.5447507993469727,40.403183979743034],[-3.5447763508193657,40.403258824143585],[-3.544779882229731,40.403270023844016],[-3.544796016232547,40.403296434602886],[-3.544844242641263,40.40343134397468],[-3.5448338649189366,40.40343337487843],[-3.544856569749581,40.40348838560829],[-3.544864504227482,40.40351657375151],[-3.5448732032031725,40.40354749705994],[-3.5448924571292393,40.40361590256694],[-3.5449561459441292,40.403804928792105],[-3.5449626683903825,40.403821682016655],[-3.545002382008268,40.40392383828363],[-3.5450084230775887,40.403939350517525],[-3.545014608904083,40.40395527648758],[-3.54510493915649,40.40418754687505],[-3.545108778239347,40.40419742978355],[-3.5451217512741464,40.40423077438734],[-3.5451380820086014,40.40427276090978],[-3.5452483791558773,40.40459296500003],[-3.545404883728735,40.405003393417104],[-3.545435698419802,40.40510668158927],[-3.5454472542172826,40.40514544730783],[-3.5454596332668658,40.405186920881704],[-3.5454735816090293,40.40524322504525],[-3.545488395042517,40.40530303867585],[-3.5454954315730585,40.40535278077908],[-3.5454982321195256,40.405372686695564],[-3.5454974179447323,40.40542365503747],[-3.545487671352268,40.40546594470718],[-3.545487116527929,40.40546728968113],[-3.545467144728223,40.40551594296947],[-3.54543971629414,40.405565009811646],[-3.5454298066941825,40.405582732418964],[-3.545424101225216,40.405597146871116],[-3.545417252127834,40.40561442260344],[-3.5454074575751333,40.405639099693964],[-3.5453202207425947,40.40578174688318],[-3.5451912909631593,40.406028492585314],[-3.5451671403847667,40.406088030499426],[-3.5451440628156385,40.4061388785739],[-3.5451104250548875,40.40621301991443],[-3.5450848909457098,40.4062909879472],[-3.5450650039973532,40.40635168593024],[-3.5450529399992963,40.40639309458054],[-3.545036506330978,40.40644944290077],[-3.5450170753229964,40.40651992260994],[-3.545010385762915,40.40655554009591],[-3.545001175876321,40.406604520950324],[-3.5449978346783864,40.40668414112515],[-3.5449964260972475,40.406716985941294],[-3.5449938456980736,40.40677696268639],[-3.544991061438816,40.4068233546662],[-3.5449893363727076,40.40685202975909],[-3.544975738289035,40.406951653434646],[-3.54496630576714,40.407003725454274],[-3.5449273465665514,40.407218911275805],[-3.5449148001803668,40.40728821435651],[-3.5448881951362883,40.4074351340292],[-3.544847711703768,40.40767620112866],[-3.544840497204357,40.40774612772624],[-3.544838333549169,40.40776719218937],[-3.544839311004423,40.407816791689996],[-3.544840554014149,40.40783793920021],[-3.5448420969046275,40.40786412138434],[-3.5448677828437645,40.40800070443021],[-3.54496685299951,40.408431908540024],[-3.5450591464641596,40.408906784550375],[-3.545181038667835,40.40944635035481],[-3.5451922353265295,40.4094887304104],[-3.5451949462511414,40.4094989789899],[-3.5452386152760824,40.40966435127314],[-3.545254200512992,40.40972331439219],[-3.5452707103296413,40.40978584975985],[-3.5452787099045073,40.40981614566416],[-3.5452962040488325,40.40988235209656],[-3.5453137133702475,40.409965036092125],[-3.5453247779075783,40.41001730874222],[-3.545331774384728,40.41005035714708],[-3.5453489407870444,40.41013143012383],[-3.5453638039413637,40.410201657999444],[-3.5453890949251203,40.41032118851471],[-3.5453746199969594,40.41032241896501],[-3.5453982065978793,40.41041038964213],[-3.5454187916272057,40.41048714913849],[-3.5455259829736065,40.41088687251907],[-3.5455458879384167,40.410961112647975],[-3.5455495090845783,40.410974600195914],[-3.5455543050059264,40.41097447846681],[-3.545569637590138,40.41104148784313],[-3.5455702121006953,40.41104403470618],[-3.545572252679292,40.41105298912723],[-3.545572968336366,40.411100742963406],[-3.545573513101066,40.411137551555136],[-3.545573538636928,40.41113925415362],[-3.5455735390734455,40.41113930820612],[-3.545573541401534,40.411139596486166],[-3.545576147523621,40.411313441701424],[-3.5455612395299365,40.41140993638555],[-3.5455603186500517,40.41140974253063],[-3.5455607133236198,40.41141337133349],[-3.545560701974496,40.41141342544161],[-3.5455384359725137,40.41155765799441],[-3.5455381008810454,40.41155994788543],[-3.5456380940014047,40.41158035011709],[-3.545770859429152,40.411607435474],[-3.5461758501116196,40.41169005541467],[-3.546201964103452,40.411695382556026],[-3.5492836209962078,40.41232401483245],[-3.549280668250488,40.41232325407811],[-3.5492836433225214,40.41232386157182],[-3.549283985037031,40.412323850939345],[-3.549328109072994,40.412304560053],[-3.5493614281903563,40.41228999620747],[-3.549458519692915,40.412247543468965],[-3.5496570248593473,40.41216371630915],[-3.5496989892842308,40.412147012148175],[-3.5497921284767027,40.41210992031143],[-3.5499625524909897,40.41205146061994],[-3.5500086097656736,40.412038043215475],[-3.5500977730108,40.41201207825691],[-3.5500992786497374,40.41201171072973],[-3.5502177526449152,40.411982678266526],[-3.550402538942355,40.411951167847285],[-3.550590904832068,40.41192504554241],[-3.5507922643049175,40.411902473679504],[-3.550854343326339,40.41189829501534],[-3.5509150323610013,40.41189421303179],[-3.551095014451587,40.41188211196441],[-3.5514167127620087,40.411874280830304],[-3.5514869189575746,40.4118723513761],[-3.5515482993501384,40.41187067119027],[-3.5516948038234473,40.41186664787451],[-3.551870351878025,40.41185860283097],[-3.552041119427348,40.411842481171774],[-3.5522989757326924,40.411810618823836],[-3.5523649240300257,40.41180399742026],[-3.5524426664759656,40.411801238582164],[-3.5527749628249117,40.411789434076354],[-3.5529552026832327,40.41177866222729],[-3.5530576348654317,40.411765559576075],[-3.553331888609558,40.411703931530994],[-3.5534026636679616,40.41168802508934],[-3.553537154091964,40.411742552977586],[-3.5537037899041923,40.41179761146205],[-3.553765404120087,40.411814406627194],[-3.5538597154582865,40.41184010828228],[-3.553884858571221,40.41184481671038],[-3.5542020400744887,40.4119042433253],[-3.5544250855734205,40.41193921036655],[-3.5546471159559445,40.411965352936775],[-3.5549323816578715,40.411998948423644],[-3.555267510671151,40.412047790378075],[-3.5556948579549665,40.41213133264529],[-3.5558474880887356,40.412169860598546],[-3.5562972066367164,40.41228340146404],[-3.5566020215956606,40.412372025389296],[-3.5569365915632676,40.41249564964544],[-3.557196830266081,40.412609712158726],[-3.55780124287617,40.41286807042319],[-3.558274002662384,40.41302615947166],[-3.5588679359841398,40.41315663366832],[-3.5594554339526123,40.413221369600905],[-3.5601748457942595,40.41327465260044],[-3.560824706733884,40.413326466684794],[-3.561190340181746,40.413357125296216],[-3.561512283650754,40.41337809395215],[-3.561802267117052,40.413381189825586],[-3.562149877562998,40.41337050018022],[-3.5623505307632213,40.4133663982726],[-3.562410631259134,40.4133651689977],[-3.5624385956197813,40.41336459152263],[-3.562569419156064,40.413368153289795]],[[-3.5491545969577625,40.407144775727836],[-3.5491545135117293,40.40714465900586],[-3.549154596005904,40.40714465861405],[-3.5491545969577625,40.407144775727836]]]}},{"type":"Feature","properties":{"expedienteGrupo":"711/2008/05297","sigma_layer_kind":"tramitados_ad","tourIndex":6},"geometry":{"type":"Polygon","coordinates":[[[-3.6788551521939206,40.364077913154496],[-3.6789805750018623,40.36373528032781],[-3.679163591379263,40.363347083298265],[-3.6793654628118206,40.36298246921957],[-3.679621100956088,40.36259015105998],[-3.679745506874034,40.362429507808265],[-3.679803362361046,40.36237367148357],[-3.6800989850937875,40.362245535282284],[-3.680401796102089,40.3620827699703],[-3.680829109122655,40.361956739990795],[-3.6811512902140398,40.361857093796225],[-3.6814812270651673,40.36178038330479],[-3.6818341518529203,40.36174100533649],[-3.6821424511372403,40.36175063793558],[-3.682412292155523,40.361787785310646],[-3.6822190228518443,40.36127233278373],[-3.682196623797779,40.36120003146823],[-3.6822015079222252,40.36118216457145],[-3.682293214482186,40.36120171395366],[-3.682442653131833,40.36123525614429],[-3.68261061743503,40.36127228344407],[-3.6829166735055945,40.36136209951067],[-3.683307961496908,40.361494934345615],[-3.6834519871720333,40.36154048034778],[-3.6835120731653013,40.36155544077835],[-3.6835657064047918,40.36154836693935],[-3.683614068731325,40.36153249528066],[-3.6836415826979363,40.361515215289465],[-3.6836679321495116,40.361488752859195],[-3.683681118153283,40.36146498088849],[-3.6836847991222177,40.36143297670303],[-3.6836756111811706,40.361386183521226],[-3.6836543525048913,40.361345317629734],[-3.6836200322167905,40.3612938981636],[-3.6836037967409356,40.36127228211698],[-3.6834344951731963,40.361137875421036],[-3.683261904974191,40.36102762337331],[-3.6828754132619124,40.36077341600552],[-3.68255374833506,40.36054863598475],[-3.6824448321908787,40.36048080929809],[-3.6823024950721317,40.36039218839521],[-3.6821652367175277,40.36030497882031],[-3.6820217823541954,40.360210598310246],[-3.681950706987933,40.36015795361662],[-3.6818594109390252,40.36007262582992],[-3.6815720357872777,40.359802243826486],[-3.681350848077639,40.35957849887675],[-3.6811207186065023,40.35941281599185],[-3.681048926817258,40.35928882257985],[-3.6809911665294486,40.35921330575555],[-3.6809474437141976,40.35915176050763],[-3.6808822092474713,40.3590473682986],[-3.6808491169393527,40.35898891362487],[-3.6808106537714274,40.35891166145757],[-3.6807723790968825,40.35882972341453],[-3.68073471410616,40.35872643010957],[-3.680684078960631,40.35855013999897],[-3.680669556120823,40.35844103470359],[-3.6806656344791273,40.35829700164257],[-3.6806673527616813,40.358210233514335],[-3.6806716553977785,40.35809939577125],[-3.680677179198541,40.3580514346366],[-3.680681088721539,40.357971770828875],[-3.680650537065159,40.35786023729668],[-3.6807072248643284,40.35781756070388],[-3.6808107254843567,40.3574178465535],[-3.680847790118211,40.35727420283806],[-3.6808792991932493,40.35715194347921],[-3.680927137337273,40.356965983432566],[-3.680977046776748,40.35676469562384],[-3.6810624574057877,40.35646346753099],[-3.680772528046681,40.35605318638193],[-3.680386009997248,40.355476254004614],[-3.680021403396235,40.3549357685624],[-3.679607972889237,40.354327820032296],[-3.6794840832379174,40.354104400390526],[-3.6793201320941025,40.35411329153527],[-3.679315465573211,40.3541059314442],[-3.678824568120534,40.3541105254442],[-3.678718758688837,40.35403284792772],[-3.677955638614966,40.35410011743855],[-3.6777860219566167,40.35396659599389],[-3.677517387031391,40.35376420286681],[-3.6772815905406717,40.35359531102341],[-3.677037875151416,40.35342222173888],[-3.6767477461986857,40.35321319575356],[-3.6764260627790013,40.35296911879761],[-3.6762166489262915,40.35278718736141],[-3.6759615293914276,40.352545792009145],[-3.675799549840696,40.35236258254451],[-3.675604586694542,40.35213092511544],[-3.675439786908258,40.35189972183742],[-3.6752850533848282,40.35167529748635],[-3.675016091338582,40.351271906159525],[-3.674621986667465,40.35067157434936],[-3.6742748129992644,40.35009953555706],[-3.6739722014714227,40.34953209192464],[-3.6737055148507185,40.34904922334977],[-3.673474416077798,40.348531993180586],[-3.6731091072099153,40.34783923441151],[-3.672868497604314,40.347383059268836],[-3.6726975970329807,40.346939811726656],[-3.6725588954246655,40.346607270418254],[-3.672407082114457,40.346117424117445],[-3.6723045527850156,40.345715851171],[-3.6721936763835212,40.34534035408366],[-3.6721246928698963,40.3450678674425],[-3.6720855482149073,40.344943858553705],[-3.672042622972444,40.344830412336016],[-3.6719986781980185,40.344709134051314],[-3.671944770727152,40.34455683201177],[-3.6718754103320976,40.3444372328805],[-3.671788299332387,40.34429557426061],[-3.671722666079607,40.34418369225538],[-3.6716311059263775,40.34405755511074],[-3.6714996376960762,40.34390831585189],[-3.671433276605406,40.343853565012374],[-3.6713629792729807,40.3437818096602],[-3.671299870217429,40.3437106431859],[-3.671236824559881,40.34363398071738],[-3.671154257896173,40.343522917375616],[-3.671051065045515,40.343363333156695],[-3.6702707204242637,40.34222503606385],[-3.669817789853095,40.34157061223527],[-3.6695281038690655,40.341159579407076],[-3.6693838088221487,40.34095040181304],[-3.6693037923926086,40.340823925654504],[-3.669240138353532,40.340685192386076],[-3.6691891324508696,40.340551521130365],[-3.6691373925011406,40.3404376742707],[-3.669113245473298,40.34038889416373],[-3.668948554289574,40.34005740835179],[-3.668785411720395,40.339739508169146],[-3.6687054621160233,40.339618346589816],[-3.6686537465301567,40.3395437793422],[-3.668509495650954,40.33935037539138],[-3.6683738745370134,40.339184309271616],[-3.6683248088354783,40.33912765481175],[-3.6681981432175386,40.339057745692436],[-3.6681100699416813,40.33899726234861],[-3.6680360146085813,40.33893633760987],[-3.667905088946435,40.33882835297497],[-3.667785264688565,40.33872381767504],[-3.667662623347675,40.33862010933489],[-3.667529322073176,40.338509876675964],[-3.6674007747679775,40.33840413002636],[-3.6671928850067563,40.338239560552566],[-3.6670583917916573,40.338102585975356],[-3.666966072993442,40.3380052787034],[-3.6668579398636245,40.33789210728146],[-3.6668042549209927,40.33783241567053],[-3.6666550649970673,40.33763867743552],[-3.66648535341237,40.337404065497125],[-3.6662614292683946,40.337092998386545],[-3.6660918105394065,40.33686874586141],[-3.6659288307411195,40.3366239139301],[-3.665718265015823,40.33631791304748],[-3.6655007386877725,40.335986266641015],[-3.6653232268974403,40.335687822710966],[-3.665122203839095,40.33541789260255],[-3.664866302227611,40.33508484394512],[-3.6646567229610354,40.33480640345053],[-3.6643778106103477,40.334396547479116],[-3.663973005050981,40.333896519882586],[-3.6636772121937353,40.333491984362574],[-3.663328438594871,40.333027669639925],[-3.663070428101593,40.332693818099536],[-3.662741576078172,40.33225542387112],[-3.662429690217847,40.33185295923908],[-3.6621254106021235,40.331434603031504],[-3.6617130006165177,40.33083946469238],[-3.661527781428634,40.33047312941729],[-3.6613159406886493,40.33003126883228],[-3.6611110303692036,40.32967324376663],[-3.6608536108538194,40.32933839264758],[-3.6606187243972554,40.32910369354777],[-3.6601688052437824,40.328668316397746],[-3.6600470349484584,40.328518017244],[-3.659948911597371,40.328316681112476],[-3.6598995916618167,40.32822029385205],[-3.6598727086122964,40.32804656979817],[-3.6598477486679633,40.32786481658086],[-3.6598166427899352,40.32787391311667],[-3.659005393670535,40.328192949529715],[-3.657986687245958,40.328593342327174],[-3.657014252491642,40.32897283229303],[-3.6560551747891337,40.329345751709354],[-3.655130135743548,40.32970946120385],[-3.6539993364785244,40.33027180828991],[-3.6524026909555847,40.331076498202314],[-3.651421958294433,40.33156716133926],[-3.650969374431763,40.33179340741521],[-3.650610616704448,40.331971096031424],[-3.650287848248732,40.33212093201187],[-3.650053973637811,40.33223549208796],[-3.6499185031242867,40.33234886819066],[-3.6497979508639977,40.332471169518136],[-3.6495786100045895,40.332580502737905],[-3.6494961647312474,40.33267466125931],[-3.649412936127231,40.33279765352147],[-3.649329474677766,40.332945512388136],[-3.649231236146002,40.333222105334436],[-3.6492097226708524,40.33334808443307],[-3.6492530383086716,40.33343333850233],[-3.649281253312149,40.333491920031314],[-3.649701446236787,40.33366723082654],[-3.6502627262064213,40.3338967931543],[-3.6506283170536213,40.334049425068145],[-3.650809998072485,40.334188585929994],[-3.6510309746856118,40.33434834556697],[-3.651223594366692,40.33444834433758],[-3.651438904954742,40.33452064688818],[-3.651642546536159,40.33455472573959],[-3.651844880654877,40.334599721722675],[-3.6520362675910945,40.33468152752531],[-3.6522465279648606,40.334853949072716],[-3.6525286427119346,40.3351148044626],[-3.652853789081962,40.33539396618833],[-3.6529931224122763,40.33551020897849],[-3.653359127412567,40.33572986717562],[-3.6536469606218276,40.33591148775923],[-3.6540038998846986,40.3361538081679],[-3.6543159942556955,40.33637375909235],[-3.654609835415006,40.33657957795872],[-3.654807409388054,40.336752435939495],[-3.6549769883129284,40.33695211026622],[-3.655185150649958,40.33719823334376],[-3.6554361572111644,40.33750277202975],[-3.6556988940831734,40.33783912713732],[-3.6559385691324846,40.3381535399198],[-3.6561597608135274,40.33841797501948],[-3.656334074481724,40.33861942225735],[-3.6565502452977854,40.338791892366935],[-3.656661713821414,40.33888640551274],[-3.6568987403137814,40.338780012630004],[-3.6575251611775794,40.3395409810523],[-3.6575719218859444,40.3395915269742],[-3.6578509475001204,40.339893819838046],[-3.658140163985955,40.34020381092112],[-3.658360699839775,40.34043553310589],[-3.6590211356383344,40.341119451281365],[-3.6594730681379906,40.34158446049583],[-3.659816582873545,40.34197962569144],[-3.660161656440523,40.34235190665031],[-3.6604733803266,40.34273409788119],[-3.6607899783292446,40.343107440416766],[-3.661287434173452,40.3436751570336],[-3.6617024805179836,40.34413468335977],[-3.661992083499026,40.34443114854427],[-3.661954854266119,40.344681816445274],[-3.661813355288639,40.345651021381876],[-3.661670985887039,40.346590590825535],[-3.6615342407895297,40.346670833846744],[-3.661411933534833,40.346746489562506],[-3.6613496674221833,40.34678495437433],[-3.6612365462220926,40.346860827653146],[-3.6611879607858593,40.346901556547095],[-3.6611309261763703,40.34695728892745],[-3.6609032872272365,40.34724354972394],[-3.6608038547730652,40.34738294003478],[-3.6607401088391023,40.347476188678144],[-3.6605244386147966,40.34781886778184],[-3.6603227400240197,40.34808515910567],[-3.6600544844844065,40.34848282311786],[-3.659815903108683,40.34878301827408],[-3.6597714556087877,40.34884984952406],[-3.6596770060123403,40.34899354382014],[-3.6595933493820003,40.349108977815135],[-3.659523431268575,40.349196314920846],[-3.659467838784166,40.34925537163232],[-3.659415236325061,40.34929621276667],[-3.6593489710948592,40.349347582391005],[-3.659270103250964,40.34941073572116],[-3.6591249772853995,40.349489753353524],[-3.6589429618139557,40.34958962096202],[-3.658831874929049,40.34964538985302],[-3.658611580484349,40.3497443938813],[-3.658504102365044,40.349783835328864],[-3.6584294232038936,40.3498056121941],[-3.658317254651558,40.3498349899111],[-3.658198417654499,40.34985673867372],[-3.6579340706825225,40.34991824371956],[-3.657747143387026,40.34996128959057],[-3.6575024829519265,40.3500251141665],[-3.6573185477352412,40.35007318746505],[-3.6571252101771043,40.35013526907912],[-3.656884593253736,40.35021546604513],[-3.6563544534315926,40.35039640662938],[-3.6558571108591744,40.35057183439634],[-3.6553789670282444,40.35074923235351],[-3.655230873416131,40.35080222544452],[-3.6551096978584625,40.35085030003682],[-3.6550063169774085,40.350899805285074],[-3.6549048460667213,40.350952002373546],[-3.654805712547271,40.351002384308],[-3.654711399476579,40.351064180501844],[-3.6545566054533185,40.351167220496876],[-3.654338042515313,40.35131251365831],[-3.6541367814912262,40.35146924027386],[-3.6545212268907927,40.3517477005804],[-3.6547627706953176,40.35190858834076],[-3.6550908586507553,40.35195908272952],[-3.6555246860703883,40.35202104019047],[-3.6557573612511844,40.35204405494405],[-3.6559429187223986,40.35205336325849],[-3.656137522078494,40.352060457760054],[-3.656282503427746,40.35205062602601],[-3.656391690322629,40.35204117744138],[-3.656463896540645,40.35203121792467],[-3.656544572908165,40.35202039945773],[-3.6566185224971512,40.35199593421524],[-3.656742077836259,40.351962439369935],[-3.6569332218066046,40.35189216352117],[-3.657158830875839,40.35180592551105],[-3.657468087979076,40.35168758944971],[-3.658007769119016,40.35150623814531],[-3.6586633216651463,40.35127674625124],[-3.6589266072489584,40.351178308045064],[-3.6590644755323263,40.35112752168575],[-3.659241238143233,40.35104408051039],[-3.6594150339873712,40.35096921467876],[-3.6595194582688557,40.35091834817356],[-3.659771310181139,40.35090358723113],[-3.6598151010962106,40.35091423850078],[-3.660177083777599,40.35104866162054],[-3.6605194569579598,40.351175366633605],[-3.6605034285875457,40.3513670829291],[-3.6605147288474407,40.35166837466923],[-3.660552742114828,40.35188455749493],[-3.660602409257269,40.35219563023273],[-3.6606293464930513,40.352506382307226],[-3.6606487799388163,40.352604471088],[-3.6609014747422988,40.35273574125158],[-3.6617602280173505,40.353224992000186],[-3.662746820183737,40.35377900036012],[-3.6637412549782495,40.35432772989946],[-3.6646755733279366,40.35482094858328],[-3.6648829678481594,40.35493047895755],[-3.665250866531319,40.35482367709139],[-3.666035077784523,40.354587907833306],[-3.66672648617326,40.35439978613079],[-3.6670049876229616,40.35432772876961],[-3.6672212783827636,40.35430017448058],[-3.6674498688950865,40.35425408905873],[-3.6677368947535487,40.35422261200802],[-3.667939144162472,40.354204236684396],[-3.668091297838754,40.35419299734905],[-3.668332938331412,40.35418061911085],[-3.6685267880242667,40.35418220151886],[-3.668725420855929,40.35419114344872],[-3.6688954635546778,40.354202682860425],[-3.669070176179752,40.354222032966774],[-3.6692198868378365,40.354237662553984],[-3.669426145989242,40.35426755046944],[-3.6696437952671994,40.3543060208524],[-3.669890718408284,40.354327654347316],[-3.6699273123378866,40.35433655063742],[-3.67018317870307,40.354381285217165],[-3.6708201157140885,40.354486161931916],[-3.671050554359708,40.3545197806336],[-3.6712797391927197,40.35456944243651],[-3.67149147700924,40.35461722306838],[-3.6717596723324126,40.354705585948416],[-3.6719718738545457,40.35478813831478],[-3.6721227246083723,40.3548709567459],[-3.67229914829325,40.35495560834078],[-3.6724562984533677,40.355057227841414],[-3.672609441864154,40.35515732986316],[-3.6727925471337843,40.35529797873313],[-3.6729233273944466,40.35543469746401],[-3.6730310204023375,40.355558946599714],[-3.673115385799492,40.35567025912921],[-3.6731856741902718,40.35576453615464],[-3.6732392324863032,40.355856838419854],[-3.6732839770830488,40.35595099379634],[-3.673317963262694,40.35602908541667],[-3.6733625715085894,40.356121349632765],[-3.673406079730178,40.35620956611954],[-3.673442661068947,40.35635908510781],[-3.673539386272267,40.35667204909329],[-3.673585592717931,40.356794664719935],[-3.6736282611968583,40.35691676038327],[-3.6737029993945027,40.357089931250584],[-3.6739941433800283,40.35751959271773],[-3.6737029585198817,40.35760759685885],[-3.6737821059358793,40.357785877179325],[-3.6739310246016426,40.35817169090385],[-3.674071100790118,40.35857880850875],[-3.674294380866069,40.35914652427044],[-3.6744502584805283,40.35950797197308],[-3.674513564665633,40.3597164346303],[-3.674458141449211,40.35976838022441],[-3.6743954841293887,40.35982712482967],[-3.6743718843818174,40.359846181633955],[-3.6743130027185087,40.35989382293713],[-3.6742443418929542,40.359952872737054],[-3.6741682189510763,40.35999583963566],[-3.674103099328899,40.36003207558715],[-3.674025376190853,40.360068114681546],[-3.6739142661766766,40.36011019520586],[-3.6737803403495213,40.360155480664034],[-3.673702865266781,40.360180977404],[-3.67246667392436,40.36054177155561],[-3.6723047718796984,40.360592623453904],[-3.6722441991252928,40.36063621942051],[-3.672191621042093,40.36071400361571],[-3.6722131945538616,40.36081099673739],[-3.672251888207196,40.360866087939364],[-3.672405102125278,40.36092456747537],[-3.6724694034251755,40.36093617576314],[-3.6726613017948706,40.36094091573906],[-3.6727936094390503,40.36093401991925],[-3.6729681430296273,40.36092166195756],[-3.6733424394358867,40.36089957317417],[-3.6737027956371513,40.36089684394029],[-3.6738237696045393,40.360899031109696],[-3.674221812009793,40.36087256683313],[-3.6746728659009107,40.36082390875565],[-3.6750003535560034,40.36078479011857],[-3.675195289011139,40.36127221773056],[-3.6752836063470635,40.361471623836906],[-3.6753786996587783,40.36152386209515],[-3.6755478505769683,40.36164467769532],[-3.675738403446671,40.361785728644534],[-3.6759230585636002,40.3619033899915],[-3.676063813859387,40.361987442332556],[-3.6761684710600915,40.362041966401065],[-3.6762975079393114,40.36208472602715],[-3.6764402472470734,40.36211974759993],[-3.6766004036996214,40.36215340582249],[-3.6767944281945155,40.362193721583445],[-3.6769205260618016,40.36223694816744],[-3.6770490233075512,40.36227277307644],[-3.6771363971618274,40.36230658634169],[-3.677224365351544,40.36234093660832],[-3.677323543025509,40.36240089719187],[-3.6774880565949926,40.36250615127985],[-3.6775657544882225,40.3625733637047],[-3.677641664674138,40.36265021731513],[-3.677715106403419,40.36272753579616],[-3.6777637040857725,40.3627937384109],[-3.677800844902438,40.362856674771],[-3.677840362802772,40.36294527321624],[-3.6778868382061183,40.36305824561625],[-3.6779330823077263,40.36320689551744],[-3.678328641468023,40.36321467535814],[-3.6783345527602824,40.36394537140137],[-3.6788551521939206,40.364077913154496]]]}},{"type":"Feature","properties":{"expedienteGrupo":"714/2000/06033","sigma_layer_kind":"tramitados_ad","tourIndex":7},"geometry":{"type":"Polygon","coordinates":[[[-3.7386828954385534,40.37336327742884],[-3.7387037887621357,40.373473000909286],[-3.739367980355869,40.373442692980014],[-3.7398082396108174,40.37340325535762],[-3.74024354504375,40.373342820536244],[-3.7404518810292253,40.37330785581225],[-3.740656022139553,40.37327062926922],[-3.7411104412902074,40.37315620337479],[-3.7413939988526104,40.37309434920274],[-3.7416189439980383,40.37303052786477],[-3.741849821023128,40.37298026276517],[-3.7418584536185984,40.372972594699675],[-3.7419506355414525,40.37289070521605],[-3.741961612142676,40.37269079498372],[-3.7419654558068904,40.3725128496445],[-3.7419796128428535,40.372408532554445],[-3.742022443823352,40.372271238361385],[-3.742099213992634,40.372045148904085],[-3.7421683590024117,40.371901406445424],[-3.7422668119651297,40.37174709735017],[-3.7423730846230217,40.37160878317666],[-3.7424781456220093,40.37146635952401],[-3.742562338357333,40.37136513324888],[-3.742737351742996,40.37118280030924],[-3.7429422626898807,40.37098898663066],[-3.7431534748001405,40.37081345660379],[-3.743193814441544,40.37077992675992],[-3.743153498373132,40.3707544828804],[-3.7407784187373716,40.369255858561694],[-3.741931836284906,40.368251949508256],[-3.7419720760884934,40.36821691619824],[-3.7423520800633763,40.36791479865993],[-3.7427224828784147,40.36761926412016],[-3.742830020888611,40.3675496627791],[-3.742970538171529,40.36746827276791],[-3.743154193409741,40.367397082977476],[-3.743223099463106,40.36738018052784],[-3.7433097694118698,40.36736776751618],[-3.743461507620129,40.367352575768244],[-3.7435825194001446,40.36734732924069],[-3.743691566133315,40.36734545686323],[-3.743817884355769,40.36735041931828],[-3.744876023526564,40.36745613248491],[-3.744994936077489,40.367462402627176],[-3.745074292696471,40.36745972920257],[-3.74523058859305,40.367438091287454],[-3.745306116518174,40.36741931607802],[-3.745379233325002,40.36739551126087],[-3.745482858073965,40.36735051852733],[-3.7455776541808237,40.36729531223972],[-3.745785809974034,40.36715724789442],[-3.7459288677465494,40.367065243202745],[-3.7460018966931594,40.36701215896631],[-3.7460372080940707,40.36697692179591],[-3.746109639707028,40.36690279607409],[-3.74617607278066,40.36683051083112],[-3.7462000115507115,40.366773328733565],[-3.7462383084216295,40.36666813454959],[-3.746272403270247,40.3664147676722],[-3.7463256178835302,40.3658595804202],[-3.746339971522142,40.36569906261868],[-3.74636090385461,40.36554448440178],[-3.746375860747723,40.36547497269989],[-3.7464303140745803,40.36538027787927],[-3.746514713406468,40.36527229949985],[-3.746619459543267,40.36519907296785],[-3.746698470707854,40.365164274185695],[-3.746778073980495,40.3651308409106],[-3.7468612845667013,40.365101978929744],[-3.746999554965809,40.36509321193435],[-3.7471545952726535,40.36510134562784],[-3.7477717639848547,40.365150816775405],[-3.74882530445111,40.36522882064309],[-3.7487892789008503,40.36543346153184],[-3.7501470685158034,40.36552156422739],[-3.7502703391079644,40.36523600473767],[-3.750633654377626,40.36505344700711],[-3.7508844420118512,40.36491655623386],[-3.7510083480125958,40.36486159792878],[-3.7511334489006822,40.36484002848982],[-3.751270520524877,40.3648124982059],[-3.75139562558693,40.364805108790755],[-3.751585386664903,40.36481321816002],[-3.7519864547080513,40.36484039508695],[-3.7526503051917013,40.36489666284883],[-3.753002973543417,40.36480271748194],[-3.753605709319718,40.36467606037304],[-3.753746960368496,40.36464638278157],[-3.7538633575480747,40.36353815256973],[-3.7551856556866805,40.3636191211688],[-3.7550333142203165,40.365102402142554],[-3.754528115150171,40.36507525755776],[-3.7545268888807386,40.36521772654127],[-3.7541319065505343,40.365194753031204],[-3.7540304060292042,40.36632158896976],[-3.754604468835904,40.36632440324985],[-3.755614328705126,40.36631823291047],[-3.7559620169452734,40.36591740695377],[-3.75652178545101,40.36618637100848],[-3.7567636560133417,40.36629229416076],[-3.757042860816935,40.36643055833909],[-3.7572247382960593,40.36651362073124],[-3.7574264617546724,40.36617996294976],[-3.7575832933048874,40.365918554594614],[-3.7584189402229513,40.366095484749074],[-3.7593278137253683,40.366291090435034],[-3.7601593297743965,40.36647169279521],[-3.7612037393545528,40.366691915512305],[-3.7616800610461194,40.3667922938961],[-3.7621356527803758,40.367508407713935],[-3.762140187010725,40.36752405366487],[-3.7621376120720593,40.36754641320005],[-3.7614556786178666,40.368217074077485],[-3.760362437636461,40.36933022402597],[-3.761569863341403,40.3699847808822],[-3.761860140803093,40.369980706743846],[-3.761810429681675,40.37014974755339],[-3.7617109029662923,40.37034889152348],[-3.7616002666706008,40.370480936757126],[-3.7614309290781396,40.37069297275936],[-3.7611926995059815,40.371067634690824],[-3.7611279615532855,40.37114085426818],[-3.7604752456232697,40.37213564411074],[-3.7603881787882494,40.372284866656464],[-3.760978357420847,40.37238176928745],[-3.7621201537697404,40.372569233981174],[-3.762337993334536,40.37260323992459],[-3.7623470085489994,40.372604648976626],[-3.7634802945918784,40.37278155261452],[-3.765586644289072,40.37312443226693],[-3.7656559827842804,40.37313323455202],[-3.766289832207108,40.373213649559275],[-3.768962286107675,40.373635805848515],[-3.7706348089907586,40.373910809980494],[-3.7709313687759787,40.37281522926673],[-3.7711904610499527,40.37185804285468],[-3.771757838788565,40.37195733980914],[-3.771790293595395,40.37189671727301],[-3.7719211064528864,40.371585481047504],[-3.771937953043851,40.37135963684446],[-3.771979674529785,40.3708001911351],[-3.771916056609836,40.37079503015951],[-3.770932219075221,40.37071512373324],[-3.7700605492225376,40.37063064222094],[-3.7672873274645977,40.370093682857615],[-3.767085452935103,40.370459548015994],[-3.7666460789001697,40.36997422278782],[-3.766605571922265,40.36985054419916],[-3.766554754303426,40.3697150419334],[-3.7665192173101096,40.369509149404486],[-3.7665311119160436,40.36913368860906],[-3.7666420206958016,40.368216989642995],[-3.766656524865449,40.368122829513794],[-3.7667235361323064,40.36780718398345],[-3.766786500222599,40.36740053731085],[-3.7668632046766026,40.36693844756508],[-3.7669098190344705,40.36672403722625],[-3.7669415892024265,40.3666236273429],[-3.7669954213037555,40.36651711611819],[-3.7670807372153856,40.366388873303805],[-3.76717955536655,40.366291180801234],[-3.7672863498288875,40.36621035438193],[-3.767390945235035,40.36614647055343],[-3.767512211023864,40.366074683124985],[-3.767674902008553,40.366014485578425],[-3.767837821076647,40.36597441261717],[-3.7680479911493703,40.3659330886834],[-3.768356238383568,40.36588463524914],[-3.768852064705844,40.365807357226316],[-3.7694475284017095,40.365702828346386],[-3.770002956985843,40.36560452699382],[-3.770932036020675,40.36546031790471],[-3.771445884635151,40.365406476431694],[-3.7714590749996026,40.365323747975665],[-3.7714691991410074,40.36510638096084],[-3.7714751252917096,40.36497534911847],[-3.7714827306688705,40.36483664833589],[-3.7714967078821564,40.36456366043883],[-3.7715156856113192,40.364151817931614],[-3.7715384982373292,40.363693102480035],[-3.7715692177829303,40.36324613616147],[-3.771597023506925,40.362813243443185],[-3.7716190391256306,40.36279185309125],[-3.7717661919261265,40.36269310440209],[-3.771966701848046,40.36258038662185],[-3.7721464006848886,40.36248731215117],[-3.772792169076426,40.36213958080851],[-3.772900654718777,40.36222345132293],[-3.7735667959963917,40.361874047952156],[-3.773838640496765,40.36173186746952],[-3.774355118411655,40.3614668761765],[-3.774989810573736,40.362179758405254],[-3.7753119508132156,40.36254301745019],[-3.775675004998034,40.362950046656294],[-3.774776284843425,40.36341817482103],[-3.7748087968693977,40.3634474798308],[-3.7754873101526947,40.3642196155808],[-3.7761506672858793,40.36497311000165],[-3.776170148267743,40.36507170996356],[-3.7764040237569807,40.36505130205374],[-3.776666649097663,40.36497651988223],[-3.7769740477753087,40.3647135425659],[-3.77802412899035,40.36377858179166],[-3.778371356273932,40.36346708905438],[-3.7787411412913348,40.36312037094615],[-3.7789417236493033,40.36294425258882],[-3.7791491491661695,40.36276212375323],[-3.7794530299098,40.36250115451119],[-3.779644754491536,40.36233650014631],[-3.780087245008564,40.3619370527695],[-3.780308776035571,40.361733682331305],[-3.7803312519859666,40.36167077327786],[-3.7803482740576406,40.36160267574044],[-3.7799241096685154,40.36161454610379],[-3.779501788894742,40.36159937517876],[-3.779425571846818,40.36159987085022],[-3.7788474707644544,40.361572242666206],[-3.778488987424242,40.36154410644838],[-3.7782026131905826,40.361507465823024],[-3.7779280459933084,40.36147031263053],[-3.7776615164248577,40.361431564181785],[-3.7774008118173117,40.3613882714109],[-3.777022813351012,40.36132510829954],[-3.77677748666228,40.361272233222586],[-3.775919740318506,40.36100644775877],[-3.775429173787973,40.36084724979445],[-3.774998713198552,40.360751206210146],[-3.7745194819692323,40.36065081192188],[-3.77385140578357,40.36046698480162],[-3.773490463047947,40.36033426280441],[-3.773176508358848,40.36017130630638],[-3.7727270670078883,40.35996457812051],[-3.772232546995006,40.35978579813353],[-3.7713871480193113,40.359907819616325],[-3.7709301822609715,40.35980600963173],[-3.769855869870668,40.35956664072414],[-3.7681904583984664,40.359195548390915],[-3.7630420181162956,40.35803778849177],[-3.7584346955076744,40.35685905300879],[-3.757040896436547,40.35736095652657],[-3.7542611773908083,40.35801318915926],[-3.7512340520525553,40.35875205345566],[-3.746505977331079,40.35975822072597],[-3.743151934586877,40.360545578505416],[-3.73980893692173,40.36127420017156],[-3.73912016585321,40.361427245524176],[-3.7386295059441825,40.361529219276306],[-3.7383546267829484,40.361594299598785],[-3.738072530948184,40.36164565038597],[-3.7380133814302017,40.3616550279636],[-3.7376211040697984,40.36176004530224],[-3.737350188919506,40.36182592679543],[-3.736892358594038,40.36192571988146],[-3.7362889028888477,40.36206264600691],[-3.7356973872920882,40.36218984426779],[-3.735362208595481,40.362267445343825],[-3.73494383429545,40.36235925001366],[-3.7342099178340007,40.36252606670339],[-3.733844247819474,40.36260946963345],[-3.73338199323489,40.36271061025618],[-3.7329740909558162,40.36280417024899],[-3.732518498861667,40.362910661657544],[-3.7319373866401353,40.36304391001563],[-3.731554667939766,40.36312396311827],[-3.73113577658778,40.3632212078086],[-3.7306970532644694,40.36332307183516],[-3.730515643345718,40.3633602543355],[-3.7301348607311695,40.363491264092296],[-3.7296979872256055,40.36361315793623],[-3.7292627626982546,40.363733021690905],[-3.728413182125138,40.36375638505986],[-3.7274054305252426,40.36394668507034],[-3.7268295587576095,40.364083838832386],[-3.7251423370188994,40.36445883102995],[-3.722900401256513,40.364800438098364],[-3.721869686161285,40.36512315934477],[-3.721810980750374,40.365151481050326],[-3.721774606933883,40.36516992450053],[-3.721738650487408,40.36518885182686],[-3.7217031348687857,40.36520825387418],[-3.721668059981614,40.36522812163438],[-3.721633449475991,40.365248463969415],[-3.721599303159505,40.36526926286264],[-3.721565644490208,40.36529050915902],[-3.72153247356398,40.365312211867455],[-3.7214998018696672,40.36533434388935],[-3.7214676412804013,40.36535691416019],[-3.7214359916039945,40.365379904663335],[-3.7214048882680637,40.36540332418734],[-3.7213743074300614,40.36542714585403],[-3.721344284517696,40.365451378451915],[-3.72131481933899,40.36547600396442],[-3.7212859118940305,40.36550102239194],[-3.721257585545374,40.36552641557097],[-3.721229840389249,40.365552192510464],[-3.7212026997883014,40.36557833504689],[-3.7211761399962895,40.36560482531051],[-3.721150208314542,40.365631681025],[-3.721124880804843,40.36565886630358],[-3.721100181118092,40.365686390008314],[-3.7210761091587163,40.36571424313102],[-3.7210526765123997,40.3657424075817],[-3.7210298949569336,40.36577088328724],[-3.7210077643968447,40.36579966123951],[-3.72098629641797,40.36582872334844],[-3.7209654910209236,40.365858069614355],[-3.7209453599836,40.36588769996421],[-3.720925902922736,40.36591757836429],[-3.7209071435855847,40.36594772268513],[-3.72088905813031,40.365978106048296],[-3.7208716819855714,40.3660087372424],[-3.7208550029909446,40.3660395803071],[-3.720839033116509,40.36607065318633],[-3.7208237602978316,40.36610192892819],[-3.7208092198677996,40.36613340731272],[-3.720795399858007,40.366165070396605],[-3.720782288492026,40.366196918253465],[-3.7207699209109077,40.36622893264631],[-3.7207582853382593,40.36626111364875],[-3.720747381487165,40.36629343423545],[-3.720737209454572,40.36632590341511],[-3.720727792604329,40.36635850302414],[-3.720719107286742,40.36639122420091],[-3.7207111768657106,40.36642404878178],[-3.72070400143825,40.36645698577544],[-3.720697580621625,40.36648999914793],[-3.7206919028314256,40.3665231069898],[-3.720686991239723,40.36655627312029],[-3.720682822388764,40.36658950669477],[-3.7206794315159555,40.366622798484656],[-3.720676783002286,40.3666561216846],[-3.720674912181167,40.36668947607448],[-3.720654203252243,40.36715034922169],[-3.72062821366946,40.36772920253789],[-3.7206024093501378,40.368217107654424],[-3.720533397235715,40.36877434578343],[-3.720412756931763,40.369632350255195],[-3.720287060932018,40.37036315934092],[-3.720190919307523,40.371009098545294],[-3.7203575968579674,40.3710350156773],[-3.7210754026172608,40.37115939948237],[-3.7214886393216733,40.371237255423296],[-3.72165729073982,40.37127916754642],[-3.721676840844755,40.37167859041004],[-3.7216908236315818,40.37185424378161],[-3.7216711926197075,40.37202142213721],[-3.721636399859077,40.37227565999088],[-3.7215728137494093,40.37257584373847],[-3.7215592673781464,40.37269950615104],[-3.7215861235254337,40.37284852935048],[-3.7216566916688487,40.37305264972466],[-3.7217527512843955,40.373287728398076],[-3.7218477867364865,40.37348527244003],[-3.7220613437026593,40.37347610130145],[-3.722927152259193,40.373405448164284],[-3.723986908494387,40.37333718715317],[-3.725277607164666,40.3732632790416],[-3.726117307362684,40.37321245966651],[-3.7269557506799984,40.37315660600892],[-3.727747028750875,40.373110664815925],[-3.727998281632744,40.373100777016695],[-3.728356593827635,40.3730851423084],[-3.7286731713443433,40.37308259842905],[-3.7288820818698243,40.37308625491759],[-3.7292628165511763,40.3731171342116],[-3.731087184022456,40.37327910341447],[-3.73303457830813,40.3734514082937],[-3.7338310374784696,40.37353459212352],[-3.7339457339399287,40.37354656707535],[-3.735589280769494,40.372220750808985],[-3.736814430815139,40.372189167372326],[-3.7384045430888455,40.372160610624015],[-3.738499835589641,40.37247019444101],[-3.7385518263224005,40.37274182910575],[-3.7386152865096656,40.373060562118766],[-3.7386828954385534,40.37336327742884]],[[-3.7397182884997338,40.36821701169188],[-3.7394768332130264,40.36867211027171],[-3.7392533516811253,40.369111291457656],[-3.737308269387818,40.37071578858608],[-3.7354724365750758,40.37069030699273],[-3.7292626235038866,40.37058060433547],[-3.7234430509582794,40.370511587504076],[-3.721641841528517,40.370469110958894],[-3.72172240283565,40.36821715962051],[-3.7217735002665973,40.36631166559481],[-3.72295983793604,40.36633321074641],[-3.724237336272816,40.36600234896301],[-3.7261651342691606,40.365503506842344],[-3.727735876603103,40.36509967385372],[-3.729262464572799,40.3647042242052],[-3.7301048413681084,40.364490249172434],[-3.7305842591249982,40.36436488680793],[-3.733734701812721,40.363540040543306],[-3.7347659727000853,40.364110085409116],[-3.7361515858522893,40.36487062495902],[-3.7371023316330296,40.36540243113839],[-3.738601866501246,40.36623831481853],[-3.7401581213278203,40.367102717056525],[-3.740479035735846,40.367281664687965],[-3.739808838101935,40.36803358365969],[-3.7397182884997338,40.36821701169188]]]}},{"type":"Feature","properties":{"expedienteGrupo":"716/2001/00160","sigma_layer_kind":"tramitados_ad","tourIndex":8},"geometry":{"type":"Polygon","coordinates":[[[-3.638162469225407,40.438455867957764],[-3.638315477472768,40.43866399663046],[-3.6384209773112843,40.438810621572145],[-3.638675472957539,40.439164712062734],[-3.6387664430764337,40.43928466013481],[-3.639227565941432,40.43991743682592],[-3.639887691842299,40.440839462081705],[-3.6411430970858456,40.4425432025523],[-3.6413483027181557,40.442806055608415],[-3.641529679219641,40.442984571951975],[-3.6419704593629807,40.44331299927126],[-3.642211357008512,40.443452463199186],[-3.6431046302410004,40.443883975181066],[-3.644525312320275,40.44454485637738],[-3.6453121196751517,40.44492062934742],[-3.6470292074077535,40.44573823005091],[-3.647459708535531,40.44595054050059],[-3.647932325153263,40.446229487192035],[-3.648609684202208,40.44671848161318],[-3.6495579796140816,40.4475931482002],[-3.649670482455584,40.44779314665163],[-3.650379875143648,40.44873602256722],[-3.6513836163085713,40.45009962295593],[-3.6522235746658813,40.45119663407767],[-3.6531062379195625,40.45242010017207],[-3.653358105544491,40.45273546941081],[-3.6547506026809033,40.45426229166087],[-3.6561575441861627,40.45584532083548],[-3.6574436447316807,40.457316389236595],[-3.658398774351319,40.458391572517336],[-3.658955591278842,40.458786155556325],[-3.6607879602911853,40.46002880051635],[-3.6619847527930345,40.46083153632331],[-3.6628662429520893,40.461435438047886],[-3.663733972520634,40.46204293448288],[-3.6642084562020845,40.46249427974161],[-3.6644142984395374,40.46280636610533],[-3.664770268196026,40.46338863301207],[-3.664831525556278,40.463525550553136],[-3.665036441946176,40.464210757036675],[-3.6653279149067686,40.46526152673978],[-3.6653616671647997,40.46541269231256],[-3.665609976932165,40.466291241658425],[-3.6658011090712015,40.46698003930425],[-3.66588212866758,40.46725060763381],[-3.6660832553648546,40.468016788257295],[-3.666370184665355,40.46907110326796],[-3.6665605249856585,40.469760516471],[-3.666608273580058,40.46993681694756],[-3.666659694744025,40.470126609673144],[-3.6666780207008145,40.47019046766819],[-3.666685356438751,40.47021655137256],[-3.6667993061571904,40.470645621965716],[-3.6668336529836716,40.47077875657637],[-3.6668422218898518,40.47081023853554],[-3.66688373546756,40.47095234074922],[-3.6668886230991804,40.47096942959184],[-3.666894743782092,40.4709919167017],[-3.6669338271275804,40.47112682573868],[-3.6669680675223972,40.471249150147884],[-3.666975421319152,40.47127703551833],[-3.666996205116111,40.47135078913229],[-3.6670047474340657,40.4713795685386],[-3.66700721932953,40.47138856324312],[-3.6670328494846935,40.471477604128985],[-3.6674090871757703,40.4728834528508],[-3.6681287741336894,40.4755149485884],[-3.667891666567978,40.475490472273115],[-3.668707796340265,40.47589920158924],[-3.665498008134579,40.464137235819756],[-3.6653980550045224,40.46370452430252],[-3.665222822489632,40.463261804521814],[-3.664819910993886,40.46260114256083],[-3.6642254408761423,40.461920697222354],[-3.6639152348030657,40.461651029667415],[-3.6612734070845807,40.45987558325277],[-3.659966035433914,40.458969489532876],[-3.6592850507115813,40.45851920535931],[-3.6591057984710393,40.45835839909044],[-3.658568278134876,40.457902076283105],[-3.658382188942099,40.457741298811364],[-3.6579881414469506,40.457278939751035],[-3.657200571235374,40.45640640358183],[-3.655773185109953,40.454763386275424],[-3.6557699530449987,40.45475968389498],[-3.655504013729991,40.454464264702814],[-3.653773522346563,40.45254190458855],[-3.6530952889475805,40.45165827963446],[-3.6519527155633553,40.45009863089499],[-3.6505405511587603,40.44821160490482],[-3.650111245696589,40.447624128099314],[-3.649303686824445,40.44678296395594],[-3.6486219047120128,40.44622821462079],[-3.647817488584014,40.44571068905838],[-3.6473023535348412,40.445431673649196],[-3.6453598342335836,40.4445080833441],[-3.6431977928628094,40.443486483449234],[-3.642154280901519,40.44296502291478],[-3.6416718591833797,40.44252919664812],[-3.640875714683595,40.44143211598689],[-3.6391795570533105,40.43910616916804],[-3.6385980655152212,40.438281200895275],[-3.638162469225407,40.438455867957764]]]}},{"type":"Feature","properties":{"expedienteGrupo":"711/2009/13049","sigma_layer_kind":"tramitados_ad","tourIndex":9},"geometry":{"type":"Polygon","coordinates":[[[-3.57845400706904,40.44037669083067],[-3.5786215354445265,40.44040144711951],[-3.578600707606539,40.44035138902281],[-3.5786562239296416,40.44036282290109],[-3.5787590727264766,40.44039383968695],[-3.578812176899673,40.44039897923736],[-3.5789017315645957,40.440392224483524],[-3.5790588862413597,40.44037602292931],[-3.579325846038638,40.44034955919736],[-3.5795262241726795,40.44032756379638],[-3.5796132740091227,40.440317487703055],[-3.579833588057433,40.44029655397914],[-3.5800456099829567,40.44027117493939],[-3.5802175281483737,40.44024418598304],[-3.5804799935153366,40.44018881411292],[-3.580789457939398,40.440114286547285],[-3.581401747796363,40.439947604599894],[-3.5815918514015133,40.439910251832366],[-3.581746951123093,40.43988976866024],[-3.581758154120209,40.43988720776975],[-3.5818974885424906,40.439865290212346],[-3.582084866330792,40.43982365304222],[-3.5822428108507687,40.439784443101836],[-3.582321581934895,40.43975792912928],[-3.582373328009857,40.439742353090274],[-3.5825107705022834,40.43971030915323],[-3.5826027917735552,40.43968894445746],[-3.5826034939453133,40.43968969767826],[-3.582638092964633,40.43967789263292],[-3.5826784280650936,40.439673572206374],[-3.5827793302354207,40.439651117558476],[-3.5828281119315806,40.439645925666746],[-3.5828771056931203,40.43964071466711],[-3.582984383543983,40.43963837191067],[-3.583366690590437,40.43962423606812],[-3.5834075451067093,40.43962272358709],[-3.583460617847684,40.43962425754522],[-3.5834716225251406,40.43964104891065],[-3.5835012429151414,40.43968621488559],[-3.5835132047658718,40.4397059743992],[-3.5835182403175505,40.439742886051135],[-3.583533567969875,40.43974280868254],[-3.583623144620147,40.43973875287407],[-3.5836596795906366,40.43973676661364],[-3.583654760826111,40.43971336794024],[-3.583671421543343,40.43962066186936],[-3.5836738853107635,40.439606964696125],[-3.583735748523972,40.43961194064421],[-3.5837478780967915,40.439612915435546],[-3.583821375305519,40.43961882358511],[-3.583892094877567,40.43961577271214],[-3.5842395599489425,40.43956358459607],[-3.5844128153108863,40.43953755562213],[-3.5844384865369214,40.439533732136226],[-3.5845021550383978,40.43953341024028],[-3.5846081755619417,40.4395220632931],[-3.5849527014067464,40.43948050054882],[-3.585028673297316,40.43947128724691],[-3.585038144704901,40.439475743835764],[-3.5850630139892004,40.43948823063429],[-3.5850923729733832,40.439474568484734],[-3.585182804219576,40.43948753423089],[-3.5852623742181824,40.439498933266165],[-3.5852831512014447,40.43950180106101],[-3.585294247511739,40.439503276418606],[-3.5854280279034314,40.43951686934038],[-3.5854854415486375,40.439522695716775],[-3.5857757437894255,40.439552189163315],[-3.5858632669330444,40.43958327728435],[-3.586025117000685,40.43961938499526],[-3.5863003516665155,40.43967745810768],[-3.586388858573569,40.43968601823858],[-3.586712144913939,40.439710495153],[-3.5869186039036562,40.43972387061948],[-3.587055444127521,40.43973128393741],[-3.587206346749697,40.43972871572004],[-3.587347746403308,40.439718087451666],[-3.58761196316958,40.43972935739745],[-3.5878797014698582,40.43973880702304],[-3.588086121423595,40.43974766707302],[-3.5881919457416243,40.43975442600835],[-3.588256006599901,40.439758514477695],[-3.588394002508836,40.439763217617795],[-3.588431413749523,40.43976302719744],[-3.5884895055177557,40.43976273149081],[-3.5886320604986968,40.43974939305847],[-3.588995891368716,40.43969078297335],[-3.5891819686193873,40.43966551035863],[-3.5892977620191395,40.43965266785663],[-3.589343348671674,40.439647570584654],[-3.5894999731030897,40.43962515031611],[-3.589648296877485,40.43959736675024],[-3.589868298233697,40.439541289257185],[-3.5901153936070767,40.43948237033144],[-3.5902583449251044,40.43944704581402],[-3.5902676868333607,40.43944474585499],[-3.590294230111354,40.43943821390461],[-3.590462439231616,40.43939230967463],[-3.590622284454561,40.439333835275626],[-3.5906276899126364,40.43933173557967],[-3.5906610760216906,40.4393189433377],[-3.5908032574922397,40.439264441833764],[-3.5908396816323225,40.43924985022409],[-3.5908401515921198,40.43924965863234],[-3.590936031538236,40.43921151077133],[-3.5910959153670894,40.43915754003992],[-3.5912605624412692,40.43910895014979],[-3.5914805371477487,40.439050167013534],[-3.5916969585644427,40.43898959983763],[-3.591870958058635,40.43893195216903],[-3.5920154735205316,40.438873554327905],[-3.5920976422873947,40.43883169192131],[-3.592172673526752,40.43878265878548],[-3.59224982555682,40.438706587614135],[-3.5923642476593294,40.43857806397687],[-3.592435417201032,40.4384921223985],[-3.5924900485001885,40.43840265291225],[-3.592534770380762,40.43829918008652],[-3.5925443632877294,40.438277148856905],[-3.5925754850356384,40.438195907963426],[-3.5926344522955493,40.43806317278064],[-3.5927007386724426,40.43795832806958],[-3.5927844647926017,40.43782546586528],[-3.592830644184615,40.437713516943376],[-3.592878249317242,40.43760282195516],[-3.5929346343198354,40.437471541297725],[-3.5929807182499096,40.437348781948685],[-3.5930372705740767,40.437209752601284],[-3.5930613504339095,40.437141718908435],[-3.5931178058822835,40.43698231155911],[-3.5932256655153925,40.436672414612616],[-3.5932510922660383,40.436599373944034],[-3.5932742064391205,40.43653285867551],[-3.593343132430347,40.436326197831285],[-3.5934371058502967,40.43597796636995],[-3.5934836274750768,40.43580999715965],[-3.5935321994073024,40.43570359422185],[-3.5935826880115584,40.43554567671015],[-3.593616093928956,40.43545631563446],[-3.593672183844426,40.435265035847564],[-3.593715764484597,40.43512608174642],[-3.5937923716580653,40.43498874178662],[-3.5938409991315976,40.43490083399245],[-3.5940660534652396,40.43452346896319],[-3.5940792787067175,40.43449898648588],[-3.59410944790143,40.434443876264154],[-3.5941428320059874,40.43437896568687],[-3.594228842143679,40.434211730125526],[-3.5943329787694642,40.433974166777105],[-3.594335036446124,40.433969516539236],[-3.5943421108094107,40.433953489110706],[-3.5943700022713405,40.43389415627434],[-3.5943919091324643,40.433851430848065],[-3.5944800650020974,40.43368701289591],[-3.5945819868340583,40.43347928064317],[-3.5945805312543286,40.43347197278237],[-3.5948078040387657,40.433093153376426],[-3.5949815564115606,40.432794131837966],[-3.595160049358654,40.43249005857168],[-3.5952959375925886,40.43225204254342],[-3.595310526634336,40.43222722856911],[-3.5953455609565492,40.43213579549274],[-3.5953770215164305,40.432053561031275],[-3.595415657766152,40.43195615439932],[-3.595456602458987,40.43185315025192],[-3.5954967517534104,40.43172681674474],[-3.5955055564872924,40.4317092037429],[-3.5955235172292968,40.431673705656024],[-3.5955477335763404,40.43162565276073],[-3.595555779281835,40.43160218778193],[-3.5956490640058427,40.43131152566009],[-3.5956689163153155,40.431236558158425],[-3.5956920768910883,40.4311490510248],[-3.595734483198584,40.43099802099058],[-3.5957585354305532,40.43086862616413],[-3.5957668978119726,40.43082361889309],[-3.5958009360283794,40.43067290222123],[-3.595821220083176,40.430526670857724],[-3.5958397824243313,40.43039909709939],[-3.5958397549347034,40.43027576331136],[-3.5958386123898967,40.43014630911165],[-3.5958236940384194,40.43004557469573],[-3.5957800623691965,40.4299775109322],[-3.5957608113613224,40.429946889267036],[-3.5957220839410633,40.42991888148553],[-3.59594434002692,40.42961486064641],[-3.595991897516287,40.42955072327886],[-3.5959960464212584,40.429550620808875],[-3.5960052321394964,40.42954950137656],[-3.5960174772713676,40.42954772652818],[-3.5960298394941943,40.42954586098428],[-3.5960390211549793,40.42954428210849],[-3.5960543225963755,40.429541500503106],[-3.5960585593677497,40.42954066784449],[-3.596071740433554,40.429538077350074],[-3.5960848012252002,40.42953521720265],[-3.5960977425379874,40.42953217748871],[-3.5961104456894644,40.429528868729754],[-3.5961205601004305,40.42952611386099],[-3.596133141385406,40.42952235527524],[-3.5961431339301884,40.42951915058022],[-3.5961557104396134,40.4295148514734],[-3.5961588838395744,40.4295137540229],[-3.596169929408608,40.429509642990105],[-3.5961806197246364,40.429505353607176],[-3.5961913084482164,40.42950088405038],[-3.5962016411231494,40.429496146057126],[-3.59621185431865,40.42949122849806],[-3.596218895706182,40.429487588563184],[-3.5962218301478184,40.429486131981136],[-3.5962292220124032,40.42948212987599],[-3.5962389580872594,40.429476584141376],[-3.5962422414147834,40.429474585216276],[-3.5962461109937114,40.42947222290539],[-3.596257951524316,40.429464684323804],[-3.5962615845329124,40.429462233141976],[-3.5962707248031487,40.429455969753256],[-3.5962795114113875,40.42944970818788],[-3.5962863026954213,40.42944444790915],[-3.5962929760916467,40.42943918823808],[-3.5962994121219785,40.42943374960983],[-3.5963039731032156,40.429429581920054],[-3.59630981731104,40.42942387607216],[-3.596314022243701,40.42941943994687],[-3.5963206749468295,40.4294118380269],[-3.5963211409236635,40.42941120498959],[-3.5963311709614736,40.42939890094047],[-3.596339217611563,40.42938894947524],[-3.596371052120071,40.42934932560589],[-3.5963829460426497,40.429334489402265],[-3.5963908747909454,40.42932453854154],[-3.5964026500225175,40.42930961285758],[-3.596438326161997,40.42926447362824],[-3.5964917212019896,40.42919663024217],[-3.5964976665454684,40.429189031961435],[-3.596514451143047,40.42916732362893],[-3.596531117843645,40.42914561590226],[-3.5965539544925935,40.429115047462886],[-3.59655884760268,40.42910844560447],[-3.5965603610183403,40.42910627562205],[-3.596561753363652,40.4291037459022],[-3.596563604517069,40.42909977236613],[-3.596564641611626,40.42909706429829],[-3.5965685128231275,40.4290815487488],[-3.5965698773064614,40.42907586600361],[-3.596571019549968,40.429071715944424],[-3.5965723983615603,40.42906765475502],[-3.5965742487173347,40.42906359113231],[-3.596575641061263,40.42906106141228],[-3.596578201917325,40.42905735448535],[-3.5965820491712384,40.429052469743105],[-3.5965897452695446,40.429042880431105],[-3.596597205593606,40.429033292335276],[-3.5966029191193183,40.429026145697975],[-3.596633350613985,40.428987880352906],[-3.5966446589668912,40.42897349759637],[-3.596654102636383,40.428961556906884],[-3.596656085997062,40.428959204316754],[-3.596735214206555,40.428801768093074],[-3.5967620914771725,40.42874820566535],[-3.5967834081503147,40.42870575307249],[-3.5969298809248427,40.42833832834154],[-3.597041114511328,40.42811883390878],[-3.5973224648563646,40.42753990011332],[-3.5974638033852573,40.42725898811674],[-3.597536672007567,40.42710068274901],[-3.597548239424261,40.42707566787401],[-3.5975535605171465,40.42706283850109],[-3.597602488081479,40.42694475614188],[-3.597637159056308,40.42686619812096],[-3.5976846693885,40.42677315922082],[-3.5977089700541307,40.42672168196106],[-3.5977090863411294,40.42672150117871],[-3.5977124427140708,40.4267144567613],[-3.597716942668319,40.42669010904066],[-3.597724214066217,40.426632593658496],[-3.597726858207984,40.42661167897384],[-3.5977828815549326,40.426414991848745],[-3.5978238990904803,40.426254418519385],[-3.597832514856445,40.42622359902391],[-3.5978993154540335,40.42598465766952],[-3.5980100932614016,40.42558137977886],[-3.598044443919811,40.4254667870386],[-3.5980962130719867,40.42532237427956],[-3.5981200022947246,40.425266485128745],[-3.5981400975460005,40.42521944396269],[-3.598162095596836,40.42517428485061],[-3.5982418918532324,40.42499999711019],[-3.5982581857554115,40.424957678321384],[-3.5983110307295454,40.424820359027784],[-3.5983766887758173,40.424647045257515],[-3.598392375347074,40.42460804492526],[-3.598426282674642,40.424523364431465],[-3.5984306646399777,40.42451235069552],[-3.5984122395337352,40.424499058600745],[-3.5983947160560263,40.42448641048867],[-3.598450862263463,40.42435720020779],[-3.598472799075895,40.424265284320086],[-3.598490488790983,40.42426610266292],[-3.598520207458921,40.42426747134691],[-3.598603051533463,40.42413136597631],[-3.598611557076964,40.42413339402152],[-3.598679166634444,40.42392772742597],[-3.5986962710520176,40.42387583674795],[-3.5987014381347064,40.42386031440411],[-3.5987093679659523,40.4238373002317],[-3.5987175343443965,40.42381437492427],[-3.5987260551466638,40.42379153787136],[-3.5987368823576187,40.42376292307371],[-3.5987479469105823,40.42373448722701],[-3.59876167229339,40.42370036188965],[-3.5987755163379664,40.423666326026535],[-3.5987943284059862,40.423620913012606],[-3.598797327690174,40.42361351004748],[-3.5988097963263463,40.42358389574395],[-3.598822146276424,40.42355419196308],[-3.5988378499193723,40.42351717346937],[-3.5988537892979076,40.423480153752294],[-3.5988667301892385,40.4234506270865],[-3.598879907620721,40.42342118928448],[-3.598893320793134,40.423391750259654],[-3.5989069705051446,40.42336240009846],[-3.5989209754315508,40.423333228276626],[-3.5989317445392563,40.42331137055677],[-3.5989463396233723,40.423282285764984],[-3.5989962827182738,40.4231849093239],[-3.5990535279609412,40.42307353097648],[-3.599084004151566,40.4230141835162],[-3.5991222460600065,40.42293993085082],[-3.5991330222346773,40.42291888389006],[-3.5992031337395334,40.42278293413607],[-3.5992549373181193,40.422682755124164],[-3.5992764939746835,40.422641165660515],[-3.5992920240915667,40.42261121110557],[-3.5992936463563048,40.422608049524186],[-3.59930211210146,40.422592329870476],[-3.5993109330658344,40.422576788555965],[-3.5993199897755455,40.42256124601874],[-3.5993294017041313,40.422545881820625],[-3.599339168051887,40.42253060587506],[-3.5993491709440155,40.422515418793],[-3.599359410380382,40.42250032057443],[-3.599370122109961,40.42248530999708],[-3.5993809533085206,40.42247047898062],[-3.599392021050952,40.422455736827416],[-3.599403443211608,40.422441082926284],[-3.5994151019158496,40.422426517888226],[-3.599416641065938,40.42242461800493],[-3.5994268792891577,40.42241204232437],[-3.59943901187996,40.42239774509881],[-3.5994512631396973,40.4223835373473],[-3.59946386881703,40.42236941784747],[-3.599483014671243,40.4223484175457],[-3.599495976357509,40.42233456646825],[-3.599515833436249,40.42231401292623],[-3.599529269005455,40.422300429659586],[-3.5995564969495284,40.42227362163378],[-3.599598457029387,40.42223322360261],[-3.5996254555702545,40.42220713747525],[-3.5996283775440725,40.42220432050165],[-3.5998313956317523,40.4220085905114],[-3.5998374730516947,40.42200270308851],[-3.599916206622287,40.42195384382373],[-3.600101129197048,40.42183908162271],[-3.6001013641433035,40.42183899031257],[-3.600112736220363,40.42183199430516],[-3.6001649176652655,40.42180109261934],[-3.6001881356862104,40.421787368402846],[-3.6002054896585682,40.421777007978555],[-3.60021979333305,40.4217682850191],[-3.600234797837657,40.421758837694235],[-3.600252730752052,40.42174730307874],[-3.600270544185578,40.42173558889949],[-3.600318821254208,40.42170308578371],[-3.600358190375964,40.42167630461554],[-3.600375766424429,40.4216644114714],[-3.6004112761266556,40.421641073771184],[-3.6004805417816006,40.42159602907823],[-3.600534569587317,40.42156070319352],[-3.600565511780862,40.42154072252455],[-3.6005966897017427,40.42152074062267],[-3.600627988681873,40.421501118446045],[-3.6006515521108557,40.42148649143529],[-3.6006754707504505,40.42147204275548],[-3.6006993909023084,40.421457765235125],[-3.6007236663449795,40.42144367505409],[-3.600739969710348,40.421434491186574],[-3.600772814657462,40.42141640148785],[-3.6008359303777713,40.42138237959746],[-3.601078421581235,40.42125174897262],[-3.601085343174859,40.42124801927055],[-3.6012979220450827,40.421147183520155],[-3.602016949753133,40.42081370992832],[-3.6022205369534284,40.42074913574351],[-3.6022426357306556,40.42074217374269],[-3.602257093748506,40.420737593896845],[-3.602288477847136,40.42072761052666],[-3.6023002248163687,40.42072304479835],[-3.6023634066093435,40.420696589343855],[-3.6024500758213374,40.42066028167762],[-3.6024653428331024,40.420653895777015],[-3.6024658127109066,40.4206537131472],[-3.602612615636874,40.42059285760279],[-3.602919139043583,40.42046576324294],[-3.6029549714477316,40.42045233304931],[-3.6029962090070486,40.42043698275013],[-3.603551670933303,40.42022912813644],[-3.6036322643890335,40.42019897746577],[-3.603822420078061,40.42012230834594],[-3.603912975866302,40.42008579910275],[-3.604058635406854,40.42002918195482],[-3.6042105498740806,40.41997343284174],[-3.604265417779824,40.41995331713287],[-3.6044785292020456,40.419864238586534],[-3.604527300326497,40.41984384832092],[-3.604664691811245,40.419785471827154],[-3.6048610097948375,40.419725885996144],[-3.6050377844960995,40.41966901473607],[-3.6050431911590395,40.41966727471932],[-3.6051502182328856,40.419640579272006],[-3.6051924414188057,40.419630096935414],[-3.605198674775154,40.41962853276541],[-3.6052233732660697,40.41962236740246],[-3.6053267544003584,40.41959660079311],[-3.6053383976295406,40.41959365693115],[-3.605459440497659,40.41956572564386],[-3.6055080810835185,40.41955449786888],[-3.605530136990528,40.41954940935009],[-3.6055418819170995,40.419544663121656],[-3.6055668976035222,40.41953444194404],[-3.6055883909375805,40.4195257707522],[-3.6056171770443703,40.419514061336564],[-3.6056828176746634,40.419487347942635],[-3.605781415675019,40.41944088513083],[-3.6057948551757075,40.419441084984555],[-3.605816982679083,40.41944135643063],[-3.605830928774588,40.41944152659844],[-3.6058368222291954,40.41944149571647],[-3.6058701528617263,40.41942393355791],[-3.60588529912183,40.41941598026071],[-3.6059361934101744,40.41938926291836],[-3.60597878093111,40.41936686839887],[-3.6060013204286236,40.41935657001494],[-3.6060750455063104,40.41932312929573],[-3.6061830401548454,40.41927301325552],[-3.6062390800027977,40.41925226883963],[-3.606262341190708,40.419243588252584],[-3.6063087472972275,40.419226407855525],[-3.60631250372955,40.41922467643347],[-3.606328704099932,40.419217294130426],[-3.6063361039463424,40.41921437242158],[-3.6063980039668353,40.41918990347805],[-3.6064568490659594,40.41916653161378],[-3.606614121656437,40.41910408452647],[-3.6066165879939542,40.41910308058873],[-3.6070862345913484,40.41891043408332],[-3.607503265768705,40.41873941363669],[-3.607757758677846,40.41863509348268],[-3.6079247575688496,40.418566566417084],[-3.6081534295677744,40.418474732589424],[-3.608429549670599,40.418363819673395],[-3.608454449044659,40.41835386875473],[-3.6087164077443386,40.41825429101405],[-3.6090818040838997,40.418122636068084],[-3.609406181443296,40.41801732247878],[-3.6094107636066224,40.41801567669432],[-3.609518273189801,40.4179776232353],[-3.609625900679871,40.41793958707272],[-3.6097610484998413,40.41789472995234],[-3.6097865433402783,40.4178854963317],[-3.6099231833412606,40.41783621670836],[-3.6099702077828866,40.41782245502516],[-3.6100842938494258,40.41779482587166],[-3.6100851172848216,40.41779464134523],[-3.6101775332533554,40.41777818057252],[-3.6102196282716075,40.417770688087415],[-3.6102578896578152,40.41774592742018],[-3.6103431427230555,40.417690756320226],[-3.6103965801302196,40.417656230743304],[-3.6104094558178104,40.41764625279078],[-3.6104867180875804,40.41758729491813],[-3.610500081823177,40.417579152228384],[-3.610565225249544,40.41748221299782],[-3.6105664979691383,40.41747826931375],[-3.610596409351168,40.41738521884391],[-3.610581765631791,40.4172726287654],[-3.6105829426699936,40.41726853243212],[-3.610520765970662,40.41683431733105],[-3.610454928320515,40.41632620207058],[-3.610361241425013,40.41547916833735],[-3.6103075234486726,40.415055881377576],[-3.6102461535253463,40.41458267042944],[-3.6102084400201013,40.41423862377579],[-3.6101605342047987,40.41394314474134],[-3.61014848821738,40.41390789274058],[-3.61014539273919,40.41389924234668],[-3.6101424838152667,40.41389167205711],[-3.610139410214461,40.41388413867278],[-3.6101375204403414,40.4138797882534],[-3.6101313921135323,40.413874640375454],[-3.610113840721539,40.413862750925105],[-3.6101055967084585,40.41385825385426],[-3.61009157252507,40.41385061608916],[-3.6102733441609205,40.41385066580593],[-3.6102417745565614,40.413606091919746],[-3.6101230680731633,40.412498908416765],[-3.610086889410969,40.41216146615999],[-3.609949662118165,40.412166613631946],[-3.609617311844344,40.412155807793496],[-3.609430895713915,40.41213426784092],[-3.6089283651380746,40.41208556382084],[-3.6081554256751907,40.41194134258229],[-3.6068054962577873,40.41169834319545],[-3.6052582295543942,40.41141050499954],[-3.604936458752929,40.411369756204586],[-3.6042371610421995,40.411274042701216],[-3.604150375773449,40.41125638795788],[-3.602795603473373,40.41098264600443],[-3.602779778831658,40.410979124873194],[-3.6027515569753787,40.41097314582629],[-3.6027304224612053,40.41096893164283],[-3.60270197213799,40.41096376459204],[-3.602673405572015,40.41095877832177],[-3.6026376410549306,40.410952838562615],[-3.602523382083727,40.41093370415468],[-3.6024482245284726,40.410924636253874],[-3.602378729621664,40.41091616943804],[-3.602301802683697,40.41090693047864],[-3.6022976705555387,40.41090614118655],[-3.6021518579516845,40.41087744096877],[-3.6019550409544148,40.41083873576696],[-3.6018781878704274,40.41082454114615],[-3.6017401828720645,40.410799043033855],[-3.601648505853357,40.41077456496519],[-3.6016377674950983,40.41077308929893],[-3.6016103716033396,40.41076719576576],[-3.6015964399566793,40.41076447543977],[-3.601402932328948,40.41072674307578],[-3.6013660961292757,40.41071954722547],[-3.601042795603948,40.41065194847057],[-3.6003453038784246,40.41050602141379],[-3.6003383377062224,40.410504616131],[-3.60026465697104,40.41048923278299],[-3.6001895588247237,40.410473496382345],[-3.599940154480084,40.41041875427134],[-3.599712596593797,40.41036876321352],[-3.599554589752875,40.41033363642226],[-3.5990842324369114,40.41022922676815],[-3.598855017874793,40.41017834169379],[-3.598352452940534,40.410070041779974],[-3.5979692707284614,40.40998733875365],[-3.5978498832153103,40.4099610189744],[-3.597623744196849,40.4099111966401],[-3.5975504118909054,40.40989508903052],[-3.5975001070847084,40.40988408764629],[-3.5974708151082124,40.40987694165649],[-3.597444240120298,40.40987050234674],[-3.597296720481033,40.40983486781781],[-3.5969876253859194,40.40976006713457],[-3.5966167605770574,40.409670449111736],[-3.596461091705877,40.409632783474244],[-3.5961177474152617,40.4095497786863],[-3.5954262182935888,40.40938252969854],[-3.595148429391768,40.40931567103808],[-3.592812740175172,40.40881342235582],[-3.592467855570329,40.40873925251125],[-3.592467655051943,40.408740577874504],[-3.5924302631041014,40.40899503292262],[-3.592486088872635,40.40901083709689],[-3.5925000305478982,40.40901478370735],[-3.5924953249690827,40.40905340274671],[-3.5924363250592544,40.4091702285914],[-3.5923040405511055,40.40928425864594],[-3.5921123876819867,40.409348159729404],[-3.591972096103122,40.40934609427984],[-3.5918435909214015,40.409314508617435],[-3.591314059298529,40.40915291022446],[-3.5910333400153025,40.40906575917791],[-3.590742448378383,40.4089541096582],[-3.590354243670614,40.408812766857956],[-3.5899399696693144,40.40862809592398],[-3.5895241673706106,40.40846386389928],[-3.5891665277013205,40.40830898274759],[-3.5889079324823214,40.40818761437837],[-3.5889078614583356,40.40818757870378],[-3.5887042974943815,40.40808829913766],[-3.588665334125509,40.40806929914693],[-3.5884806852337894,40.40799828349376],[-3.58844387365725,40.40805448035129],[-3.5883758096401346,40.40815835917949],[-3.588375204588027,40.40815925415821],[-3.588374436899745,40.408160420237245],[-3.5883741768456994,40.40816033146965],[-3.5881264134448037,40.40845990995164],[-3.587957055743383,40.408659070320304],[-3.5878096631158534,40.40885931697986],[-3.587730375533107,40.40903072153333],[-3.5876319475917366,40.40914521380163],[-3.587171376224515,40.40977454107044],[-3.5865692772269555,40.41056608140185],[-3.5856049568168347,40.411867692155575],[-3.585334987162705,40.41226805349112],[-3.5852058536286755,40.41242544719075],[-3.5839242348724505,40.4141605084776],[-3.5838532121557964,40.414261768850864],[-3.5837053041821716,40.41446792269177],[-3.583597055622065,40.41462612803698],[-3.583500405933975,40.41476265295002],[-3.5834071905563785,40.41488744864694],[-3.5833792694467794,40.41492993220608],[-3.583294731816007,40.415104233960996],[-3.583281317004767,40.415131355902865],[-3.5832809927476186,40.41513202421057],[-3.5831893129918715,40.41531738001785],[-3.5831847912608006,40.415326078568796],[-3.583184710157154,40.415326241141294],[-3.583066274848247,40.41555403843245],[-3.583066124037305,40.41555431847442],[-3.583235604424538,40.41559504956806],[-3.583222548224103,40.4156173047896],[-3.583150216946063,40.41574067959011],[-3.5831025456168475,40.41582197470013],[-3.583096731183278,40.415872085490335],[-3.583092255597893,40.41591071196213],[-3.5829604174446494,40.415817592272425],[-3.5829598895939436,40.415816522853554],[-3.5829597884153284,40.415817090935654],[-3.5829187036792445,40.41605658820764],[-3.582934095930393,40.416064618773134],[-3.582957738644367,40.41607260773742],[-3.582947317511122,40.416094282068244],[-3.582926024290564,40.41608538034843],[-3.582911896192535,40.41608725339423],[-3.582907236064643,40.4160935832436],[-3.5828642666443398,40.416361946062985],[-3.582829594874117,40.41659751903111],[-3.582815569162053,40.41687217739177],[-3.582800796322148,40.417114902328244],[-3.5827894587588696,40.41734868194255],[-3.5827769691527194,40.41754594456039],[-3.5827636314842373,40.41775558090556],[-3.582753425840248,40.417788605562144],[-3.5826799126363067,40.41802537420555],[-3.5826240553891022,40.418215585014664],[-3.5825531260485644,40.4183584479667],[-3.5824058422789715,40.41863847128866],[-3.582349209345323,40.41874023476675],[-3.582273443958743,40.41888422100205],[-3.5821471116888226,40.419117255236536],[-3.5820739955343894,40.419250056743245],[-3.5820035314911625,40.41941707932856],[-3.5819434560978545,40.41955859894625],[-3.5818420808929514,40.41979634507528],[-3.5816720204176744,40.420202618044904],[-3.5815693229262164,40.42039654143118],[-3.5815113304642905,40.42047625710491],[-3.5814946945961044,40.42049912471885],[-3.581506731390768,40.42050889307568],[-3.5816520863969363,40.420626757315425],[-3.581652598049234,40.42062594392494],[-3.5821791667407124,40.421052719974476],[-3.582613623483776,40.42137602916396],[-3.5830492841991877,40.42170177208087],[-3.583316355388918,40.42191664258267],[-3.583637114035764,40.422108727785854],[-3.583777404207781,40.42220576789095],[-3.584111884861268,40.422546179838974],[-3.5841139779286877,40.42254830441331],[-3.5842852214636913,40.42272258440138],[-3.5844228218235767,40.42271287985526],[-3.5845459417361827,40.422886474767864],[-3.5845505123616435,40.4228929201688],[-3.584559701389294,40.42290588280111],[-3.584578861642483,40.42294182219084],[-3.584841497219499,40.42311843200832],[-3.585100875746513,40.42324549883075],[-3.5853559539444833,40.423352325449635],[-3.5856649024441936,40.423458869614954],[-3.5860404914246606,40.423569588714585],[-3.5860346392040157,40.42358799687287],[-3.585976706210657,40.42377207544999],[-3.5859695355848626,40.42380157143687],[-3.5859542298986407,40.42389885682372],[-3.5859473596922586,40.42399150483185],[-3.585954481827224,40.424146604832245],[-3.585969623445965,40.42447869229717],[-3.585986082227645,40.42481311542138],[-3.585981632762169,40.42502034643473],[-3.586001665569223,40.42516889444073],[-3.5860387657286723,40.42558744762584],[-3.5861049109526997,40.42619990871384],[-3.5861389240118235,40.426560098726],[-3.5861744897479495,40.42682072170564],[-3.586182635357288,40.42688041948558],[-3.586184990004564,40.42689771395193],[-3.5861924569885506,40.42695256829674],[-3.586192591273993,40.426953099150424],[-3.5861931749087064,40.42695786198409],[-3.586221417395896,40.42716520644528],[-3.586222386730268,40.427172300669426],[-3.5862532469049464,40.42748151529621],[-3.5863086607602224,40.42791664211322],[-3.586332806816636,40.428090664760624],[-3.5859632276393945,40.42833578310723],[-3.585624394096119,40.42856623093713],[-3.5851684962680346,40.428877369887466],[-3.5846746767303492,40.42920715837704],[-3.584211989737069,40.42951129179901],[-3.5838570141460373,40.42974281599995],[-3.5837319691589706,40.42981551989156],[-3.583569124018615,40.429852369224335],[-3.5832962482578523,40.42991230517767],[-3.5832237849895154,40.42993068887329],[-3.583053353264721,40.42999010740232],[-3.582877104611462,40.43005856406417],[-3.582804875533863,40.430090450891996],[-3.582751309043705,40.43011279310398],[-3.5826399022324518,40.43018137299147],[-3.582496499230686,40.430285519578504],[-3.582307206440107,40.43041368104336],[-3.5821476842737985,40.430521692187604],[-3.5820246386386865,40.43060788873588],[-3.581939163420479,40.43066237335575],[-3.5818331722222227,40.43071660080367],[-3.5816334776749605,40.43081454308312],[-3.581251601913897,40.4309907798954],[-3.581275370686547,40.43101282266607],[-3.580953355542164,40.43118579352069],[-3.5807220013312113,40.43133146112375],[-3.5806201302719916,40.43139891007166],[-3.5804256817709614,40.43157267114495],[-3.5801358571351805,40.43182908211953],[-3.579867282859602,40.432104214697986],[-3.5798680228778617,40.43221781515588],[-3.580320012468081,40.4325437470015],[-3.5802401572334563,40.43260784183033],[-3.579806305507402,40.43373615007321],[-3.5797636672759325,40.43385216625576],[-3.5796313166323714,40.43421233609313],[-3.579608954573031,40.434273178221],[-3.579883313460023,40.43489261601223],[-3.5796133733131876,40.4350088351005],[-3.578292605900963,40.43559705566165],[-3.5773718934623875,40.43600957836433],[-3.576475364650932,40.4364111622774],[-3.5760117679348746,40.43661878030031],[-3.575909812393764,40.43666399115089],[-3.575945749084844,40.4367426683163],[-3.576044783780743,40.436690913401804],[-3.5760455702498417,40.436690504075784],[-3.576060382276009,40.436721268239474],[-3.576374223825112,40.43737322023288],[-3.57653279216107,40.43770270118983],[-3.5765672786749927,40.43777847545584],[-3.576614732786807,40.43786778869061],[-3.576849669329362,40.4383445464956],[-3.5771704064031846,40.43899583107562],[-3.577254400022501,40.43916622316621],[-3.5774034312622116,40.43946872330356],[-3.577420640083624,40.439503853699634],[-3.5776125236541563,40.43974875189689],[-3.5776609090121694,40.43979500579902],[-3.577867666199047,40.43999347771164],[-3.577922882039854,40.44004009375555],[-3.578171711159587,40.440250922393155],[-3.578316303037804,40.44034970401471],[-3.57845400706904,40.44037669083067]]]}},{"type":"Feature","properties":{"expedienteGrupo":"711/2009/12335","sigma_layer_kind":"tramitados_ad","tourIndex":10},"geometry":{"type":"MultiPolygon","coordinates":[[[[-3.5820439253313743,40.4399204270953],[-3.5827489828988597,40.439742919520256],[-3.583369680073441,40.4396304282119],[-3.58375269253586,40.439594260427036],[-3.584028960186459,40.43956755865713],[-3.584270337895395,40.439542194735466],[-3.584647718872673,40.4395093948025],[-3.5848783558513175,40.43951002996972],[-3.5854566012786497,40.4394982831314],[-3.5856500752423788,40.43953721320273],[-3.585948424762215,40.439595881766834],[-3.5862506245147623,40.43966336790286],[-3.5871949577406568,40.43973290871931],[-3.587397061539849,40.43971054857169],[-3.5879633716332457,40.43972946255424],[-3.588255984061972,40.43973834335182],[-3.588531277026692,40.43974874401972],[-3.58878712915476,40.4397202339061],[-3.5890308785796865,40.439683055133976],[-3.589299314576972,40.43965087615245],[-3.5894476299572373,40.43963561545211],[-3.5898203915736913,40.43954669587129],[-3.590066222354538,40.43949147720901],[-3.5903652328643574,40.43935571591158],[-3.5909155558432286,40.439210750568016],[-3.5914728954364707,40.43906079173391],[-3.591798461224361,40.43896885497525],[-3.5920536545785002,40.438865746154775],[-3.592265383125332,40.438727363839156],[-3.5923956732479714,40.438593191287644],[-3.5925421044668284,40.438430818638714],[-3.592621206235981,40.43832041277651],[-3.5927132146926977,40.438123634070145],[-3.59281193036791,40.43785826208381],[-3.5928936818327895,40.43766171599793],[-3.5931121215663726,40.43683725909216],[-3.5932623986734926,40.436347116751485],[-3.5934253792516504,40.43580149433598],[-3.593559492089341,40.435390984374614],[-3.593625322058331,40.43523469978657],[-3.593776736785719,40.4349028397565],[-3.5939623608194164,40.43450485753615],[-3.594114029516538,40.43421561752595],[-3.594293667449434,40.43390280099632],[-3.5945189507851407,40.43352398339823],[-3.594787954741736,40.43307764281928],[-3.5950639574786436,40.43260847266821],[-3.5951697648760814,40.43242729656158],[-3.595263611898619,40.43225356935871],[-3.595342937502267,40.4321310882605],[-3.595403837025249,40.43203149490174],[-3.5954600083897246,40.431942556542054],[-3.5955667115230066,40.4316359694584],[-3.5956301157835986,40.43139275879902],[-3.595672907478132,40.43117848326769],[-3.595725917142182,40.430905055682025],[-3.5957401794452553,40.43071768400011],[-3.595753418477641,40.43060139900583],[-3.595748412496442,40.43035475694824],[-3.5957309656369776,40.43012645835636],[-3.5957138867595004,40.43000798722409],[-3.5959913365554512,40.42959935704266],[-3.5961587786122315,40.42957660172422],[-3.596244776058766,40.42952931115479],[-3.5963145218349886,40.42947066285005],[-3.596441585685376,40.4293345112162],[-3.5965260813997517,40.42922272335698],[-3.5966695833999496,40.429012432222905],[-3.5967677566049243,40.4288356183078],[-3.5969272321108123,40.42856542426347],[-3.597068071613908,40.42827965047935],[-3.5971577923797624,40.42806711391583],[-3.597267589151053,40.427778617309045],[-3.597371356291329,40.42750159324312],[-3.5974395302428523,40.427290969579744],[-3.5975864034707263,40.42683633419524],[-3.5977085522624535,40.426464079120315],[-3.597819903056732,40.42612530333864],[-3.5979770153045423,40.42565466839671],[-3.598151154114994,40.42512484568412],[-3.5982811055229416,40.42475579280001],[-3.5984202120669204,40.42431723250063],[-3.5985441449650164,40.423949111333776],[-3.598609426207391,40.423772015552956],[-3.598666283006007,40.42365658533954],[-3.5987139013223666,40.42353624795451],[-3.5987782775105104,40.42340474261087],[-3.598849162628019,40.42326284309244],[-3.598923555333666,40.423131015507536],[-3.599004029328207,40.4229937509271],[-3.5990876586635476,40.422865388910424],[-3.599217613417677,40.42268507471554],[-3.599314625520905,40.4225518683633],[-3.5993778838403276,40.42246730568509],[-3.599570058731651,40.422245046625186],[-3.599696355118813,40.42211764306638],[-3.5998206858428974,40.422006546963395],[-3.5999808807708615,40.42187355276852],[-3.600100029785041,40.42177770857188],[-3.600324768705708,40.421612306592195],[-3.600496887566226,40.42149483544454],[-3.600657821467657,40.42139219701639],[-3.6007856743601017,40.42132091064606],[-3.6008793197863533,40.42127357684681],[-3.601068864810262,40.42117925766381],[-3.6012437669714257,40.42109663601347],[-3.601410876379769,40.421025856510866],[-3.60160562512561,40.42094817614896],[-3.6018021407730876,40.420870405180146],[-3.602088442282345,40.42076215713751],[-3.602314810897647,40.42067467120946],[-3.6025631694677007,40.420581313440024],[-3.6028823211900414,40.420455955173914],[-3.6031558963880665,40.42034858166408],[-3.6036271581693344,40.42016180569097],[-3.603925175474636,40.420046194586035],[-3.6042542626777867,40.41992519507466],[-3.6046556233194256,40.41977977147001],[-3.6048959422234295,40.41971076620461],[-3.6053562373163577,40.41959160855791],[-3.605603621983308,40.41949571780715],[-3.6059652380401617,40.41936039879788],[-3.606413414112547,40.41919166050172],[-3.606758228720876,40.41906408484164],[-3.6070115199330477,40.41897006099265],[-3.607614663402188,40.418771666298426],[-3.6084200094052754,40.4184470776273],[-3.6086571655038022,40.41832890068801],[-3.6094470154437945,40.418000683708456],[-3.6100537042685996,40.41780505941983],[-3.6102693413541056,40.417719236168914],[-3.6103756533841054,40.4176661611078],[-3.610426388686374,40.41761958663967],[-3.6104894894173123,40.41755745125935],[-3.610534739824655,40.417490905572635],[-3.6105571582287688,40.41741520110144],[-3.610569557655437,40.41736558574374],[-3.6105380226151773,40.417123849765666],[-3.6104919897443897,40.416829946727745],[-3.610451113564985,40.41653142180346],[-3.6103135896583294,40.41539852743044],[-3.6100087577380826,40.412105229329214],[-3.609168176693521,40.41203830924119],[-3.6082732548381506,40.41198356091577],[-3.6070658111052682,40.411769923218465],[-3.6050639522095516,40.41143201750168],[-3.602773457297598,40.41099450029397],[-3.6017606307888776,40.41079763930547],[-3.6003269570046363,40.41050246799685],[-3.5995477226608785,40.41033409545802],[-3.5975762457175753,40.40990434298049],[-3.5970540647132725,40.409780399920464],[-3.593305172432177,40.408870446612774],[-3.5924754411861617,40.40868769067337],[-3.5924324089729063,40.40897094063937],[-3.5924022722525337,40.4090447713599],[-3.592305095659184,40.409181450558975],[-3.592167568723508,40.409263489021086],[-3.592023944569494,40.40929399953925],[-3.59189263298276,40.409293185320735],[-3.59174157119224,40.40925903030556],[-3.5915611909897907,40.40920920514236],[-3.591372017739828,40.40915385705509],[-3.5912059942731243,40.409101480406164],[-3.5909496918282846,40.40901394304025],[-3.5905721286273153,40.40885775366424],[-3.590258111679859,40.408725455087676],[-3.589946300867724,40.40858652271687],[-3.589845855981388,40.40854778257901],[-3.5895709874521406,40.40844180515889],[-3.5886984671845057,40.408045418532495],[-3.58852117629675,40.408465982441236],[-3.588442744253307,40.40868123036717],[-3.5883839926340055,40.40885034164641],[-3.588245872066065,40.40912727206729],[-3.5880876684818293,40.40940431347052],[-3.584171509624943,40.413748093935176],[-3.583849477546367,40.41418287717251],[-3.5835484484158457,40.414633049103124],[-3.5833019498940115,40.41501195358106],[-3.5831128525365226,40.415362459704866],[-3.582973817565615,40.41566855959397],[-3.582935645400701,40.41580848286731],[-3.582878191653472,40.41604833292726],[-3.582841531928731,40.416252933714986],[-3.5828355996926846,40.416385036697974],[-3.582848577770278,40.41659136923723],[-3.5828542542211665,40.416827108167354],[-3.582788772333584,40.41779095894801],[-3.582638818144379,40.41825306945309],[-3.5822534109464717,40.41898330458458],[-3.5820989476190026,40.41925120139814],[-3.581890621558327,40.419767569050066],[-3.5816484930911843,40.42034230495099],[-3.5815278245362268,40.42052453483961],[-3.581538042896975,40.420520249178956],[-3.581339758642786,40.42081282495546],[-3.580904357458339,40.421551631075175],[-3.5802303727212923,40.422567869164325],[-3.579893182394583,40.423054501049336],[-3.579296316765338,40.423700497428364],[-3.578838289037838,40.424147830418285],[-3.577944152643326,40.42525722049422],[-3.5774830726624853,40.42601293455126],[-3.5764968475402816,40.42882111629676],[-3.5763261534560256,40.429680170333455],[-3.576974944095822,40.4298351423083],[-3.5771766344324147,40.43035767893045],[-3.579136893586895,40.43315610625306],[-3.5791241662117748,40.433624010090256],[-3.579883347668114,40.43489248070491],[-3.5796134074445187,40.435008690784606],[-3.578292640112598,40.43559692035478],[-3.5773719158861965,40.43600944311661],[-3.5764753870766737,40.43641102702984],[-3.5760117785716266,40.43661864511161],[-3.576475972694011,40.4375867137887],[-3.576512684592023,40.43766076525682],[-3.5765327335180834,40.437702737518485],[-3.576567220031961,40.43777851178452],[-3.5766920865271246,40.43801347550714],[-3.576740459316962,40.438127468887856],[-3.5768269541161795,40.438342443613884],[-3.5769178843596596,40.43852587348375],[-3.577017648647921,40.43873438540718],[-3.5772010255522733,40.43909626417641],[-3.577360069641226,40.43938529991469],[-3.5774206280619305,40.43950382673256],[-3.577503023738624,40.43961134348702],[-3.5776125587943883,40.43974872469418],[-3.5777414831349827,40.43987835120883],[-3.5778676899344397,40.43999349561107],[-3.5779774816785146,40.44007808219102],[-3.5780639528736082,40.44015188433878],[-3.578171617375021,40.440250985925516],[-3.5783163150600195,40.440349730981694],[-3.578555102334092,40.4404837528819],[-3.578751294469756,40.44047678883581],[-3.5789867214165376,40.44046361892929],[-3.5793869416124906,40.44044362271853],[-3.579951680860672,40.4403808087485],[-3.580547353059001,40.44026385450824],[-3.5812527681040986,40.44012834540137],[-3.5820439253313743,40.4399204270953]]],[[[-3.5832368369752703,40.441397960456236],[-3.583363428839596,40.440481372668685],[-3.582610038708058,40.4404683070945],[-3.5818987931253274,40.44049658318257],[-3.5814464701620112,40.44054827369454],[-3.580649836772155,40.44067581873539],[-3.579755832713007,40.44076266632552],[-3.57907522896845,40.440738825242995],[-3.5795826899274075,40.44091358909687],[-3.5801758534081762,40.44103224476135],[-3.5815650818139164,40.4412438596261],[-3.5832368369752703,40.441397960456236]]]]}},{"type":"Feature","properties":{"expedienteGrupo":"711/2014/13124","sigma_layer_kind":"tramitados_ad","tourIndex":11},"geometry":{"type":"MultiPolygon","coordinates":[[[[-3.5820439253313743,40.4399204270953],[-3.5827489828988597,40.439742919520256],[-3.583369680073441,40.4396304282119],[-3.58375269253586,40.439594260427036],[-3.584028960186459,40.43956755865713],[-3.584270337895395,40.439542194735466],[-3.584647718872673,40.4395093948025],[-3.5848783558513175,40.43951002996972],[-3.5854566012786497,40.4394982831314],[-3.5856500752423788,40.43953721320273],[-3.585948424762215,40.439595881766834],[-3.5862506245147623,40.43966336790286],[-3.5871949577406568,40.43973290871931],[-3.587397061539849,40.43971054857169],[-3.5879633716332457,40.43972946255424],[-3.588255984061972,40.43973834335182],[-3.588531277026692,40.43974874401972],[-3.58878712915476,40.4397202339061],[-3.5890308785796865,40.439683055133976],[-3.589299314576972,40.43965087615245],[-3.5894476299572373,40.43963561545211],[-3.5898203915736913,40.43954669587129],[-3.590066222354538,40.43949147720901],[-3.5903652328643574,40.43935571591158],[-3.5909155558432286,40.439210750568016],[-3.5914728954364707,40.43906079173391],[-3.591798461224361,40.43896885497525],[-3.5920536545785002,40.438865746154775],[-3.592265383125332,40.438727363839156],[-3.5923956732479714,40.438593191287644],[-3.5925421044668284,40.438430818638714],[-3.592621206235981,40.43832041277651],[-3.5927132146926977,40.438123634070145],[-3.59281193036791,40.43785826208381],[-3.5928936818327895,40.43766171599793],[-3.5931121215663726,40.43683725909216],[-3.5932623986734926,40.436347116751485],[-3.5934253792516504,40.43580149433598],[-3.593559492089341,40.435390984374614],[-3.593625322058331,40.43523469978657],[-3.593776736785719,40.4349028397565],[-3.5939623608194164,40.43450485753615],[-3.594114029516538,40.43421561752595],[-3.594293667449434,40.43390280099632],[-3.5945189507851407,40.43352398339823],[-3.594787954741736,40.43307764281928],[-3.5950639574786436,40.43260847266821],[-3.5951697648760814,40.43242729656158],[-3.595263611898619,40.43225356935871],[-3.595342937502267,40.4321310882605],[-3.595403837025249,40.43203149490174],[-3.5954600083897246,40.431942556542054],[-3.5955667115230066,40.4316359694584],[-3.5956301157835986,40.43139275879902],[-3.595672907478132,40.43117848326769],[-3.595725917142182,40.430905055682025],[-3.5957401794452553,40.43071768400011],[-3.595753418477641,40.43060139900583],[-3.595748412496442,40.43035475694824],[-3.5957309656369776,40.43012645835636],[-3.5957138867595004,40.43000798722409],[-3.5959913365554512,40.42959935704266],[-3.5961587786122315,40.42957660172422],[-3.596244776058766,40.42952931115479],[-3.5963145218349886,40.42947066285005],[-3.596441585685376,40.4293345112162],[-3.5965260813997517,40.42922272335698],[-3.5966695833999496,40.429012432222905],[-3.5967677566049243,40.4288356183078],[-3.5969272321108123,40.42856542426347],[-3.597068071613908,40.42827965047935],[-3.5971577923797624,40.42806711391583],[-3.597267589151053,40.427778617309045],[-3.597371356291329,40.42750159324312],[-3.5974395302428523,40.427290969579744],[-3.5975864034707263,40.42683633419524],[-3.5977085522624535,40.426464079120315],[-3.597819903056732,40.42612530333864],[-3.5979770153045423,40.42565466839671],[-3.598151154114994,40.42512484568412],[-3.5982811055229416,40.42475579280001],[-3.5984202120669204,40.42431723250063],[-3.5985441449650164,40.423949111333776],[-3.598609426207391,40.423772015552956],[-3.598666283006007,40.42365658533954],[-3.5987139013223666,40.42353624795451],[-3.5987782775105104,40.42340474261087],[-3.598849162628019,40.42326284309244],[-3.598923555333666,40.423131015507536],[-3.599004029328207,40.4229937509271],[-3.5990876586635476,40.422865388910424],[-3.599217613417677,40.42268507471554],[-3.599314625520905,40.4225518683633],[-3.5993778838403276,40.42246730568509],[-3.599570058731651,40.422245046625186],[-3.599696355118813,40.42211764306638],[-3.5998206858428974,40.422006546963395],[-3.5999808807708615,40.42187355276852],[-3.600100029785041,40.42177770857188],[-3.600324768705708,40.421612306592195],[-3.600496887566226,40.42149483544454],[-3.600657821467657,40.42139219701639],[-3.6007856743601017,40.42132091064606],[-3.6008793197863533,40.42127357684681],[-3.601068864810262,40.42117925766381],[-3.6012437669714257,40.42109663601347],[-3.601410876379769,40.421025856510866],[-3.60160562512561,40.42094817614896],[-3.6018021407730876,40.420870405180146],[-3.602088442282345,40.42076215713751],[-3.602314810897647,40.42067467120946],[-3.6025631694677007,40.420581313440024],[-3.6028823211900414,40.420455955173914],[-3.6031558963880665,40.42034858166408],[-3.6036271581693344,40.42016180569097],[-3.603925175474636,40.420046194586035],[-3.6042542626777867,40.41992519507466],[-3.6046556233194256,40.41977977147001],[-3.6048959422234295,40.41971076620461],[-3.6053562373163577,40.41959160855791],[-3.605603621983308,40.41949571780715],[-3.6059652380401617,40.41936039879788],[-3.606413414112547,40.41919166050172],[-3.606758228720876,40.41906408484164],[-3.6070115199330477,40.41897006099265],[-3.607614663402188,40.418771666298426],[-3.6084200094052754,40.4184470776273],[-3.6086571655038022,40.41832890068801],[-3.6094470154437945,40.418000683708456],[-3.6100537042685996,40.41780505941983],[-3.6102693413541056,40.417719236168914],[-3.6103756533841054,40.4176661611078],[-3.610426388686374,40.41761958663967],[-3.6104894894173123,40.41755745125935],[-3.610534739824655,40.417490905572635],[-3.6105571582287688,40.41741520110144],[-3.610569557655437,40.41736558574374],[-3.6105380226151773,40.417123849765666],[-3.6104919897443897,40.416829946727745],[-3.610451113564985,40.41653142180346],[-3.6103135896583294,40.41539852743044],[-3.6100087577380826,40.412105229329214],[-3.609168176693521,40.41203830924119],[-3.6082732548381506,40.41198356091577],[-3.6070658111052682,40.411769923218465],[-3.6050639522095516,40.41143201750168],[-3.602773457297598,40.41099450029397],[-3.6017606307888776,40.41079763930547],[-3.6003269570046363,40.41050246799685],[-3.5995477226608785,40.41033409545802],[-3.5975762457175753,40.40990434298049],[-3.5970540647132725,40.409780399920464],[-3.593305172432177,40.408870446612774],[-3.5924754411861617,40.40868769067337],[-3.5924324089729063,40.40897094063937],[-3.5924022722525337,40.4090447713599],[-3.592305095659184,40.409181450558975],[-3.592167568723508,40.409263489021086],[-3.592023944569494,40.40929399953925],[-3.59189263298276,40.409293185320735],[-3.59174157119224,40.40925903030556],[-3.5915611909897907,40.40920920514236],[-3.591372017739828,40.40915385705509],[-3.5912059942731243,40.409101480406164],[-3.5909496918282846,40.40901394304025],[-3.5905721286273153,40.40885775366424],[-3.590258111679859,40.408725455087676],[-3.589946300867724,40.40858652271687],[-3.589845855981388,40.40854778257901],[-3.5895709874521406,40.40844180515889],[-3.5886984671845057,40.408045418532495],[-3.58852117629675,40.408465982441236],[-3.588442744253307,40.40868123036717],[-3.5883839926340055,40.40885034164641],[-3.588245872066065,40.40912727206729],[-3.5880876684818293,40.40940431347052],[-3.584171509624943,40.413748093935176],[-3.583849477546367,40.41418287717251],[-3.5835484484158457,40.414633049103124],[-3.5833019498940115,40.41501195358106],[-3.5831128525365226,40.415362459704866],[-3.582973817565615,40.41566855959397],[-3.582935645400701,40.41580848286731],[-3.582878191653472,40.41604833292726],[-3.582841531928731,40.416252933714986],[-3.5828355996926846,40.416385036697974],[-3.582848577770278,40.41659136923723],[-3.5828542542211665,40.416827108167354],[-3.582788772333584,40.41779095894801],[-3.582638818144379,40.41825306945309],[-3.5822534109464717,40.41898330458458],[-3.5820989476190026,40.41925120139814],[-3.581890621558327,40.419767569050066],[-3.5816484930911843,40.42034230495099],[-3.5815278245362268,40.42052453483961],[-3.581538042896975,40.420520249178956],[-3.581339758642786,40.42081282495546],[-3.580904357458339,40.421551631075175],[-3.5802303727212923,40.422567869164325],[-3.579893182394583,40.423054501049336],[-3.579296316765338,40.423700497428364],[-3.578838289037838,40.424147830418285],[-3.577944152643326,40.42525722049422],[-3.5774830726624853,40.42601293455126],[-3.5764968475402816,40.42882111629676],[-3.5763261534560256,40.429680170333455],[-3.576974944095822,40.4298351423083],[-3.5771766344324147,40.43035767893045],[-3.579136893586895,40.43315610625306],[-3.5791241662117748,40.433624010090256],[-3.579883347668114,40.43489248070491],[-3.5796134074445187,40.435008690784606],[-3.578292640112598,40.43559692035478],[-3.5773719158861965,40.43600944311661],[-3.5764753870766737,40.43641102702984],[-3.5760117785716266,40.43661864511161],[-3.576475972694011,40.4375867137887],[-3.576512684592023,40.43766076525682],[-3.5765327335180834,40.437702737518485],[-3.576567220031961,40.43777851178452],[-3.5766920865271246,40.43801347550714],[-3.576740459316962,40.438127468887856],[-3.5768269541161795,40.438342443613884],[-3.5769178843596596,40.43852587348375],[-3.577017648647921,40.43873438540718],[-3.5772010255522733,40.43909626417641],[-3.577360069641226,40.43938529991469],[-3.5774206280619305,40.43950382673256],[-3.577503023738624,40.43961134348702],[-3.5776125587943883,40.43974872469418],[-3.5777414831349827,40.43987835120883],[-3.5778676899344397,40.43999349561107],[-3.5779774816785146,40.44007808219102],[-3.5780639528736082,40.44015188433878],[-3.578171617375021,40.440250985925516],[-3.5783163150600195,40.440349730981694],[-3.578555102334092,40.4404837528819],[-3.578751294469756,40.44047678883581],[-3.5789867214165376,40.44046361892929],[-3.5793869416124906,40.44044362271853],[-3.579951680860672,40.4403808087485],[-3.580547353059001,40.44026385450824],[-3.5812527681040986,40.44012834540137],[-3.5820439253313743,40.4399204270953]]],[[[-3.5832368369752703,40.441397960456236],[-3.583363428839596,40.440481372668685],[-3.582610038708058,40.4404683070945],[-3.5818987931253274,40.44049658318257],[-3.5814464701620112,40.44054827369454],[-3.580649836772155,40.44067581873539],[-3.579755832713007,40.44076266632552],[-3.57907522896845,40.440738825242995],[-3.5795826899274075,40.44091358909687],[-3.5801758534081762,40.44103224476135],[-3.5815650818139164,40.4412438596261],[-3.5832368369752703,40.441397960456236]]]]}},{"type":"Feature","properties":{"expedienteGrupo":"135/2018/00904","sigma_layer_kind":"tramitados_ad","tourIndex":12},"geometry":{"type":"Polygon","coordinates":[[[-3.5227792533676237,40.41422118793981],[-3.5229811198804684,40.41433812300065],[-3.523088592609944,40.41439628603453],[-3.523294178043492,40.414521483076534],[-3.523359312151285,40.414561188644996],[-3.5238817502197075,40.414902528598425],[-3.524154125369144,40.41506914256177],[-3.5244948416045383,40.41529345542963],[-3.5245221586799054,40.41532017860466],[-3.5245664736565083,40.41536377075973],[-3.5246194712135117,40.415449296866676],[-3.5246899370698226,40.415554563681724],[-3.524847328742055,40.41584763583824],[-3.5249753444282717,40.416059768329525],[-3.525131146664019,40.41625572927682],[-3.5252779373858623,40.41636740584942],[-3.525494971629731,40.4164781413661],[-3.52566034226556,40.41657045354338],[-3.5256957501548323,40.4165901125573],[-3.5257717762033227,40.416635533040974],[-3.5259053552362953,40.416715376703024],[-3.526133395339263,40.41682693483072],[-3.526133560983453,40.41682701515875],[-3.5261624550605926,40.41684115406997],[-3.526376497797064,40.4169457663407],[-3.526783146929883,40.41715680809098],[-3.5269350016012107,40.41723557628323],[-3.5272207956313575,40.417381040497546],[-3.5275274816371125,40.41756171529969],[-3.528255254359438,40.41804975714034],[-3.529279625485883,40.418779330940886],[-3.530089186363758,40.41932050962587],[-3.5307351235099906,40.4197684600267],[-3.5311902477185466,40.42008408428547],[-3.5311593420690133,40.419911909511285],[-3.531148728058323,40.41985279561254],[-3.530730183887368,40.41752135516447],[-3.5302263748109746,40.41471468623348],[-3.5302861497100024,40.41471228594833],[-3.530294067940477,40.41471197935871],[-3.53029734359531,40.41471184721659],[-3.5304070076251803,40.414707461266225],[-3.5304413346249683,40.41470199743033],[-3.5305078814894766,40.41469141273276],[-3.530572734945328,40.4146783222309],[-3.5306079095026055,40.414671223810345],[-3.530721321129191,40.41464277509384],[-3.530732966841939,40.41463983872716],[-3.5308476099615773,40.41460462741399],[-3.5308584235469525,40.41460079394591],[-3.530920953455097,40.41457852464205],[-3.5309686706846275,40.41455965669482],[-3.531000631448045,40.41454707736679],[-3.5310423183453676,40.41452877762961],[-3.5310726227082756,40.41451540408018],[-3.5311184398917663,40.41449474297979],[-3.5311328748368904,40.41448828021369],[-3.531172710777563,40.41447143038721],[-3.5312451928321553,40.41444073672943],[-3.531307823318681,40.41441630457169],[-3.5313393153376036,40.41440408766772],[-3.531496935652216,40.41434840773852],[-3.5315711159625973,40.41432536379891],[-3.5316549506823423,40.414299482599446],[-3.531864332781861,40.41424474433388],[-3.5320383633323478,40.414207546909324],[-3.532348550307375,40.41415665921588],[-3.5325395399242163,40.41413424795605],[-3.532550620732253,40.414132935645036],[-3.53280257085867,40.41411358552297],[-3.5329988883715253,40.4141061941385],[-3.5332379266751888,40.41410707394949],[-3.5332777666296153,40.414107250565834],[-3.533363964852034,40.41411361878976],[-3.5334042980945144,40.41411655887854],[-3.5334057604992353,40.41411666925008],[-3.5334080837893187,40.41411683871362],[-3.53363441386709,40.41413830805613],[-3.533667806597766,40.41414146927692],[-3.533675048976907,40.41414215657559],[-3.5336946057585243,40.414144012268885],[-3.5337053396094427,40.41414503480392],[-3.5337076632570783,40.41414524930525],[-3.5337079109794005,40.41414527518903],[-3.5338276853274055,40.41416010076667],[-3.533956178583775,40.414176012091566],[-3.53395773592062,40.41417620309955],[-3.533965369313953,40.41417714983793],[-3.5339799753653587,40.41417895627382],[-3.533981804068376,40.414179182064586],[-3.533990452067297,40.41418025024276],[-3.533990711647206,40.414180285080256],[-3.534005203114568,40.41418250646044],[-3.534005734131775,40.41418258508971],[-3.5342931798102803,40.4142266359342],[-3.5345645710279383,40.41427645403767],[-3.5345742500757193,40.41427822912342],[-3.5345833035309595,40.41427988998271],[-3.5346932571022154,40.4143032736621],[-3.5346988887981063,40.41430447285446],[-3.5347708373184936,40.41431976186505],[-3.534842573363387,40.414335006768184],[-3.535075468144396,40.414391983789045],[-3.535115537775712,40.41440178942868],[-3.5351671098512516,40.41441440670542],[-3.5353000544188644,40.41405043654844],[-3.535490377914008,40.41352933414812],[-3.5356285797237565,40.41315099673745],[-3.5356946003470977,40.41313825832008],[-3.535781087129221,40.41312020876232],[-3.5358087051575655,40.41311161223017],[-3.535825530118886,40.41310639907537],[-3.535932239191752,40.413067165396455],[-3.5360169872660108,40.41300974497018],[-3.5360517441313326,40.412978412366314],[-3.536109891551385,40.41292264674239],[-3.536124045262677,40.41290906747215],[-3.5361266081344827,40.412905271768636],[-3.536158642577901,40.412857645294736],[-3.5361901346244458,40.41278623731705],[-3.536208433115623,40.412745431348796],[-3.536210182035545,40.412741549327215],[-3.5362190402288407,40.4126844806757],[-3.5362240892964216,40.41265238488173],[-3.5362205242736886,40.41257447274405],[-3.53621288375784,40.412517669797694],[-3.536306170655187,40.41253975085592],[-3.5363193840516622,40.41254284274858],[-3.536326359501265,40.412544071665465],[-3.536419609469729,40.41256000860045],[-3.5364708787492445,40.412568779822955],[-3.5364710557516563,40.41256880602897],[-3.5366518746411755,40.412585813924466],[-3.5368036602480974,40.41259790223323],[-3.536934558541444,40.412593420517744],[-3.5370636792369057,40.412586244182634],[-3.537065682115941,40.412586144788264],[-3.5371938709831916,40.41257888254522],[-3.5372656916038063,40.41256935955728],[-3.537281233164112,40.412567305337404],[-3.537285231038703,40.41256611557731],[-3.537327669507941,40.41255376509188],[-3.537421307836092,40.41253107742439],[-3.5374631568131947,40.41251574761891],[-3.537504276082989,40.412499069826346],[-3.5375721967815665,40.412473438498346],[-3.5376266364142426,40.41244219408682],[-3.537701281237413,40.41240103577311],[-3.537777849208458,40.41236013873897],[-3.53785046183022,40.41227989030829],[-3.5378759624527594,40.41223932084428],[-3.5378957906228083,40.41217021893209],[-3.5378830879484173,40.41203883532579],[-3.5378668107045,40.41187593650889],[-3.5378745350346206,40.41182319736536],[-3.53790405340955,40.411742518724985],[-3.5379539066424983,40.41168156547716],[-3.5379817856408224,40.41164368764906],[-3.5381185995413027,40.411553500566946],[-3.5381767005086666,40.41150854502672],[-3.538290387194164,40.41142693393668],[-3.5385047481239056,40.41142342222162],[-3.5386700151912533,40.41144148139097],[-3.538699977828828,40.411444738223935],[-3.5387002019717326,40.4114447642069],[-3.538764469958843,40.41146230276561],[-3.5388329393497666,40.41148053342738],[-3.5388547427414156,40.41148633277304],[-3.538854943528766,40.41148638589185],[-3.5388941485226346,40.411497284359115],[-3.539012637156265,40.411530155790004],[-3.53908190384568,40.41154046359165],[-3.539085408358635,40.411540969779544],[-3.539085549930433,40.41154098713767],[-3.539162611683118,40.411562186579616],[-3.539173006226145,40.41156503903676],[-3.5391731952282997,40.41156509220997],[-3.5392488951235497,40.41158252313374],[-3.5392491312685106,40.41158257608695],[-3.5392873861105234,40.411591073423295],[-3.5393136804225795,40.411596914799105],[-3.53935715404479,40.4116065769701],[-3.5395147003367944,40.411630346676354],[-3.53962511835306,40.411613344746705],[-3.53966594945316,40.411591712526935],[-3.539681773281026,40.411558638350435],[-3.539682538396861,40.41155704016923],[-3.5397063155886244,40.41152368561988],[-3.539711898305919,40.4115158216471],[-3.539734854158717,40.41146670500786],[-3.5397607508131257,40.41141982690914],[-3.539769216932747,40.411386363640204],[-3.539767595545363,40.411375199930404],[-3.539762997599224,40.41134404992294],[-3.539759780741322,40.411324965656554],[-3.5397569258221773,40.411308402247286],[-3.5397476883886188,40.41124385015023],[-3.5397363440471494,40.4111648933328],[-3.539732559047007,40.411110099658984],[-3.539731946663416,40.411101309639506],[-3.5397314313323864,40.41103680691411],[-3.539728120412364,40.41097496591233],[-3.539727968891362,40.410972227854245],[-3.5397279046557517,40.41094943513951],[-3.539727818558537,40.41092538125321],[-3.5397278033549284,40.41089249812103],[-3.539730844746712,40.410668337591495],[-3.539767988728679,40.41049212643565],[-3.5399221192606922,40.41054744338215],[-3.5400138110720683,40.41057953801446],[-3.5401555161383578,40.4106123088559],[-3.5401940096359827,40.410621228207106],[-3.540271301494761,40.41063149780493],[-3.540429755252524,40.410652559302314],[-3.5404871636618864,40.41065391259384],[-3.540609630724962,40.41065676350376],[-3.5407895576646915,40.4106659221879],[-3.5409334210508976,40.41067525832779],[-3.540984515807243,40.41068294727795],[-3.5410939156852184,40.41069946254995],[-3.5412285436000226,40.410713787536515],[-3.5412739229139962,40.41071862020147],[-3.5413169466927106,40.41073101349967],[-3.5413939453584047,40.4107531937446],[-3.5414279670928135,40.41076294444161],[-3.541528941250535,40.41080311159821],[-3.541657583187467,40.41085431132443],[-3.541959040201605,40.41094037701775],[-3.5422090705115203,40.41100525045909],[-3.5422851426186033,40.41102498397932],[-3.542470606908693,40.411049879991225],[-3.5426956506231457,40.41111314886825],[-3.543179492179592,40.4112481844765],[-3.5432764582705807,40.41125871999692],[-3.5433311809874106,40.41126458904206],[-3.5434830177187777,40.41131109210031],[-3.543657263859924,40.41133171456999],[-3.54369888305882,40.411333500869276],[-3.543836946367955,40.41133951829154],[-3.543956373508265,40.4113452358351],[-3.5439997630324016,40.411347320006605],[-3.5440176947713797,40.411347956364345],[-3.5442187028093106,40.41135484833241],[-3.5443797234910455,40.41135769395433],[-3.5444096647885432,40.41135827370644],[-3.544452157490058,40.411367533170356],[-3.544536446050419,40.411385866142076],[-3.5445427862620864,40.4113872417007],[-3.544544616302569,40.411387638491036],[-3.5445992881847594,40.41140179554206],[-3.544828425923064,40.41146081570903],[-3.5448532978287366,40.41146268050703],[-3.544859665709021,40.41146310095383],[-3.544881189112885,40.41145750397676],[-3.544894478550093,40.4114539278012],[-3.544949751886114,40.41143889238493],[-3.544968745574412,40.411442595691206],[-3.545115099599857,40.41147111326365],[-3.544973072713508,40.41142672829819],[-3.5448029306935203,40.41134073650111],[-3.5446533294613514,40.41127048568241],[-3.5445162452746652,40.41119584234633],[-3.544483960412325,40.41116623734409],[-3.544436382193841,40.41112261412127],[-3.5444716808678907,40.41112401548581],[-3.544504562627014,40.411125320112546],[-3.5445388473076376,40.41112667217726],[-3.5445774353258455,40.41112820216342],[-3.5446184756189725,40.41112982869478],[-3.5446638536824966,40.41113005638609],[-3.544712013434867,40.41113030699115],[-3.544781259198043,40.41113065642646],[-3.5448488430486167,40.41113099563358],[-3.544905052937582,40.41113128029586],[-3.544970119106356,40.41113218085221],[-3.545012447538933,40.41113277413543],[-3.5450522769918646,40.41113332512895],[-3.5450993439577845,40.41113398613338],[-3.54516416263323,40.4111348877473],[-3.545218360897928,40.41113564120597],[-3.545258862277234,40.41113620697806],[-3.545301508924507,40.41113679865475],[-3.5453886764197615,40.41113800915677],[-3.5454294223892107,40.41113821335156],[-3.5454736979224815,40.41113910358996],[-3.5455211150431523,40.41113933934325],[-3.545573541401534,40.411139596486166],[-3.5455735390734455,40.41113930820612],[-3.545573538636928,40.41113925415362],[-3.545573513101066,40.411137551555136],[-3.545572968336366,40.411100742963406],[-3.545572252679292,40.41105298912723],[-3.5455702121006953,40.41104403470618],[-3.545569637590138,40.41104148784313],[-3.5455543050059264,40.41097447846681],[-3.5455495090845783,40.410974600195914],[-3.5455458879384167,40.410961112647975],[-3.5455259829736065,40.41088687251907],[-3.5454187916272057,40.41048714913849],[-3.5453982065978793,40.41041038964213],[-3.5453746199969594,40.41032241896501],[-3.5453890949251203,40.41032118851471],[-3.5453638039413637,40.410201657999444],[-3.5453489407870444,40.41013143012383],[-3.545331774384728,40.41005035714708],[-3.5453247779075783,40.41001730874222],[-3.5452709035200334,40.410039049518936],[-3.5451321649306125,40.41008194737328],[-3.544990801991296,40.41011950602764],[-3.5448688217177047,40.41015353169577],[-3.5447441028150766,40.410181191697525],[-3.544617245427629,40.410202366079034],[-3.544144907971205,40.409989335607364],[-3.5438138496267597,40.409843630455356],[-3.5438168962855583,40.40982972409765],[-3.543843101551163,40.40974401441563],[-3.5438788647269255,40.40965826877668],[-3.543909011005484,40.40957900006245],[-3.5440342117386363,40.40924975913552],[-3.5440350312268376,40.409247611114246],[-3.5440380534913256,40.40923800220406],[-3.5440691629499073,40.40913935034029],[-3.544084835321267,40.40907170835378],[-3.54408693401914,40.40902644577581],[-3.544087346332603,40.40901764194622],[-3.5440880603147042,40.40887799755593],[-3.5440736411490175,40.408733910814405],[-3.5440670205684555,40.40868890548121],[-3.544044783560761,40.408580900924264],[-3.544031726322322,40.408468348619046],[-3.5440301218171473,40.408454968646645],[-3.544030071702514,40.40845459950937],[-3.5440127909412653,40.40831076945932],[-3.5440041025787363,40.408238746548484],[-3.5440012377106753,40.40820788584216],[-3.5439928113435197,40.40811716781394],[-3.543953386327287,40.40800267645957],[-3.5439230964374104,40.40791469193483],[-3.543920031241973,40.40790578734479],[-3.5439115995864747,40.40782024956332],[-3.5439124362503747,40.40780266887239],[-3.543921728259837,40.40761298359133],[-3.543927279889585,40.407617462025605],[-3.543937584462283,40.4075228179902],[-3.5439381220311548,40.40750029270878],[-3.5439428359920573,40.40744171137563],[-3.5439665399747122,40.40722989498978],[-3.543983974483166,40.40713963186033],[-3.5440159225826133,40.40696959691796],[-3.544026798333087,40.40689176116132],[-3.5440798380709135,40.40675638407059],[-3.5440902274850243,40.40667524425327],[-3.544100260798853,40.40663916063051],[-3.5441028923314737,40.40659860728664],[-3.5440880603633587,40.40645002688998],[-3.544093224776525,40.40640496608399],[-3.5441006771886046,40.406368894604405],[-3.5441020240855816,40.406364924261055],[-3.5441077221704487,40.406348086461506],[-3.5441495897358384,40.40622450977069],[-3.544216459337872,40.40606654475916],[-3.544247556044296,40.40599431655671],[-3.544260396092383,40.40597019280319],[-3.544276776905331,40.405939403662735],[-3.54430523161477,40.40588594483327],[-3.5443763358188347,40.405750473537005],[-3.544405398230932,40.405700786634746],[-3.5445074027014436,40.4055156196897],[-3.544508970054129,40.40551561230869],[-3.5445383372937274,40.405515474007814],[-3.5445441691638444,40.40550063557564],[-3.5446022109950923,40.40535300930474],[-3.5446258690759627,40.405271815933745],[-3.544620287741434,40.405230003942464],[-3.544616851398648,40.405204290126065],[-3.5446194344851567,40.405159232437065],[-3.5445265948992155,40.40515516513848],[-3.5445254007148748,40.40515175631174],[-3.544471715128128,40.40499903452733],[-3.5444696887992526,40.40499326923291],[-3.5443799806025496,40.40476640091371],[-3.544320701412465,40.40461266032674],[-3.544262867029449,40.40446268771928],[-3.5442606151620226,40.40445671627283],[-3.5442357716912123,40.40439075141932],[-3.544216622023314,40.40439084155216],[-3.544209733389704,40.40435933309512],[-3.5441960768991048,40.40430984728788],[-3.5441905618738727,40.40430988225328],[-3.5441894226223685,40.4043074371383],[-3.544180057295928,40.40428739991813],[-3.544154355797983,40.40419242976159],[-3.544154137295181,40.40419163798857],[-3.544150833573419,40.404179437188375],[-3.5441362782964494,40.40411930683864],[-3.5441192366316216,40.40404895384216],[-3.5441146606352727,40.40403095716322],[-3.5440891682910247,40.403953157360405],[-3.544079031568278,40.40392219571433],[-3.544078874527637,40.40392171897064],[-3.544068979593794,40.40389151295071],[-3.544067465537982,40.40388788940497],[-3.544037064002119,40.40381509472402],[-3.544036233115047,40.40381289140228],[-3.544000889227769,40.40371902964579],[-3.543993037687019,40.40369817446652],[-3.543944890443002,40.40356998516458],[-3.5439204075966653,40.40350482034618],[-3.543876710894074,40.40338341195137],[-3.543818280578788,40.40330556880472],[-3.543769143280621,40.40324025863896],[-3.5437213760479302,40.40317677986688],[-3.5436742043480844,40.40311407305732],[-3.5436413896069228,40.403064947525564],[-3.5436142052381148,40.40302427308398],[-3.5435185550738493,40.4028535406721],[-3.5434784606720875,40.402768151612065],[-3.543432694586684,40.402664752957456],[-3.543421960608219,40.40261074875295],[-3.543412032797721,40.40252070432286],[-3.5433981481712298,40.402444192149275],[-3.5433961211434992,40.4024383187272],[-3.5433532729043433,40.40231377095196],[-3.5433491661604473,40.402315988472765],[-3.543344848172564,40.402318315095364],[-3.543263560991585,40.4020063602261],[-3.5432627828443204,40.402003381866805],[-3.5432231074003537,40.40185126025886],[-3.543222888481835,40.401850414431],[-3.5432110471987017,40.40180815427133],[-3.543145652947051,40.401574702086435],[-3.543101733530864,40.401417915622424],[-3.5430678717811444,40.40129700122521],[-3.543067204194263,40.40129458090983],[-3.5430034429150066,40.401061841681475],[-3.5429779119383653,40.40096866321791],[-3.54297654634825,40.40096443534822],[-3.5429633632704607,40.40092380309708],[-3.542916116654155,40.400778140401805],[-3.542913724047888,40.40077075515515],[-3.5428998236066382,40.40071269363227],[-3.5428891784405807,40.400668184545765],[-3.5428889589512775,40.40066726664687],[-3.542901072661003,40.40066720977122],[-3.5429014733089903,40.4006672078901],[-3.5428925377362277,40.40063160979747],[-3.542865341259813,40.4005232317401],[-3.5428507502931694,40.4004642815485],[-3.542820824523416,40.40034325848775],[-3.542789305273487,40.400226296997374],[-3.5427701150036883,40.4001272778309],[-3.542769222165584,40.40012321891208],[-3.5427556228459496,40.400061534288085],[-3.5427383787627664,40.399983271983515],[-3.5426915350254986,40.3998626886509],[-3.5426789849395184,40.39983039582692],[-3.5426505482512294,40.399706897222124],[-3.542649974385719,40.399704404390874],[-3.5426239578572365,40.39958291246029],[-3.5425922457629335,40.39943890644497],[-3.5425530127528355,40.399276926487595],[-3.542520313712158,40.39914645676499],[-3.5424743745040677,40.398975481103754],[-3.5424586096385497,40.398915536341306],[-3.542443610585387,40.39885850693667],[-3.5424116306837563,40.39872802479048],[-3.54241113339257,40.398726261336684],[-3.542388359884549,40.398646087938715],[-3.5423669200532824,40.39857057500116],[-3.542288652720529,40.398224091141955],[-3.542263327902271,40.398143127865744],[-3.542235988174513,40.397994605660685],[-3.5422135566966277,40.397814528522105],[-3.5421713711601783,40.39760301208945],[-3.542169694132013,40.397595200039305],[-3.5421384693403017,40.397450002358546],[-3.54210866983404,40.39731500531323],[-3.5420868880722676,40.39722908837761],[-3.5420790149521175,40.397198025813765],[-3.542074162209762,40.39717184104065],[-3.5420740142370883,40.39717102190466],[-3.542081743987676,40.39717098566766],[-3.542080710851716,40.39716558504055],[-3.5420671432601356,40.397094476616246],[-3.542063557316062,40.3970866645035],[-3.5420588801780264,40.39707649711716],[-3.5420478908725612,40.396933096450816],[-3.5420426861152268,40.39684684953602],[-3.5420446800676957,40.39672520808585],[-3.542056860409601,40.396499923028976],[-3.542056366395732,40.396436852505715],[-3.54205049511799,40.39621165205911],[-3.542048844593809,40.39607048690038],[-3.542048254316304,40.396020389955424],[-3.5420481751946804,40.39601346231361],[-3.5420478103412676,40.395987067304404],[-3.542045562264155,40.39582428305443],[-3.542044710694563,40.39579890835643],[-3.5420444317049933,40.395790567219464],[-3.5420407183294755,40.395680159846236],[-3.5420443181101664,40.39566619685429],[-3.5420453694826572,40.39566211980366],[-3.542041111243155,40.395360334243044],[-3.542037134250252,40.39532431640436],[-3.5420340181754058,40.39521050978367],[-3.5420335358945763,40.395192980295825],[-3.5420324389287603,40.39515316512493],[-3.5420325198866873,40.39492080150206],[-3.5420326951787544,40.39489416971874],[-3.5420331366429214,40.39482431993374],[-3.542028866662401,40.39479731258594],[-3.5420446665483056,40.39479273396228],[-3.542043075500832,40.394739794815195],[-3.5420430747784297,40.394739704727364],[-3.542041147008373,40.394675631884226],[-3.5420397901953535,40.39463279987226],[-3.542035721213161,40.394504484009964],[-3.5420285994455893,40.39435106502295],[-3.542021494264422,40.394198240555674],[-3.5420557346111594,40.39419808005161],[-3.5420598469194267,40.39410697854922],[-3.5420644912996546,40.39400435188354],[-3.5420672010678262,40.39397786136992],[-3.5420737133224587,40.393914208418636],[-3.5420693708221274,40.393738559892974],[-3.542070330230476,40.39370244683116],[-3.5420732352015483,40.39359303543337],[-3.5420745942730387,40.39354210949872],[-3.542079555834582,40.393355615406705],[-3.5420812973231333,40.39334209355768],[-3.5420812291304156,40.39328803913669],[-3.5420858094674204,40.393245026126934],[-3.5420862341421127,40.39324508719994],[-3.5420871595415897,40.393213550929175],[-3.542081268308317,40.39321357854694],[-3.542084119083914,40.39310916745749],[-3.5420844849092337,40.39309601242181],[-3.5420849678576936,40.39307836128425],[-3.5420856601077713,40.393053015373674],[-3.5420849890839414,40.393023702830334],[-3.5420843391126047,40.39300583177552],[-3.542083162089642,40.392992765054515],[-3.5419556919070327,40.392949758394785],[-3.5416181313760875,40.39283588806146],[-3.5415615031567893,40.392816783671186],[-3.5415444426080622,40.39281102565889],[-3.541196131989742,40.39269351970132],[-3.541152972837482,40.39267896474256],[-3.5410970656228056,40.39266010900512],[-3.5410882754540776,40.392657141089764],[-3.541085014578244,40.39265603921691],[-3.5410794143755697,40.392654146478144],[-3.5410733297980954,40.39265209384135],[-3.540540700249319,40.392472402360504],[-3.539889207062488,40.39225261426827],[-3.5397700039162396,40.39220870171385],[-3.539762369823264,40.39220589046506],[-3.5397213631304285,40.39219078437471],[-3.539190676692194,40.39199528458007],[-3.537341150566614,40.391313893874994],[-3.535746143160452,40.39144776480619],[-3.535160854156223,40.391496890043044],[-3.532860830469322,40.39168988350716],[-3.5323739061057355,40.39152297990823],[-3.5322014970436206,40.391463871840564],[-3.5321735558089644,40.391454297603026],[-3.532172291640886,40.39145386197363],[-3.532084616360609,40.39142380557287],[-3.532073930060894,40.39141638617671],[-3.5317180352000865,40.391169019897404],[-3.529151072560901,40.38938476153113],[-3.529150931390536,40.38938478920452],[-3.5268906489330636,40.38979452103757],[-3.5253077077058546,40.39044524512517],[-3.5247890974722282,40.39065843159718],[-3.5247889078791985,40.39066284693214],[-3.5247884394379105,40.39067384019868],[-3.5247882321523782,40.39067597630358],[-3.524784329804085,40.390715138690396],[-3.524768975832096,40.39086978704742],[-3.5247472775976236,40.39103439225099],[-3.524725963037496,40.391246924280914],[-3.524726823380103,40.39130311933437],[-3.5247290570355854,40.39145123732338],[-3.524747757053704,40.39164566859725],[-3.524762729003517,40.39185920712597],[-3.5247871658903143,40.39201549471771],[-3.5248381729350267,40.39213535491608],[-3.524890984895478,40.392244846397695],[-3.5250190428684425,40.392442474890665],[-3.5251849012923566,40.39269172503845],[-3.5253820458984575,40.3929820945975],[-3.5255268048203074,40.3931738807746],[-3.5256189076986706,40.393306707149385],[-3.5256653103836952,40.393394785662174],[-3.5256864413563513,40.39344532089471],[-3.525685516836054,40.39347946968947],[-3.525680699168209,40.39348876198287],[-3.5257123512825763,40.39353309614559],[-3.525728802770825,40.39355613876992],[-3.525744177888181,40.39357410513805],[-3.5256149294864763,40.39361338691102],[-3.5256145525844054,40.39361340664249],[-3.5256144234664952,40.3936134702933],[-3.5230421827287257,40.39490287121595],[-3.5230103269094872,40.39491125865474],[-3.52288541082221,40.39499017594973],[-3.5225603075301533,40.395081097197874],[-3.522451447886433,40.395174833544814],[-3.5222477860610883,40.39538377424805],[-3.5218185778030318,40.39572392349787],[-3.521490801298342,40.395992865086754],[-3.5213909661164826,40.39606385673318],[-3.521295505053899,40.396122972566275],[-3.5212800248432887,40.39613255598842],[-3.5212267529510624,40.3961617154186],[-3.5211822133918456,40.396177231688554],[-3.5211333265700504,40.396192857625046],[-3.521082271188948,40.39622371873262],[-3.5210555442854368,40.396237208711],[-3.5210311061744903,40.39624953520222],[-3.520984576801704,40.39628208760605],[-3.520915294497174,40.39632852645324],[-3.520881356045159,40.39635577878323],[-3.520639862720731,40.39654967062844],[-3.520457789975867,40.39670193364388],[-3.5202918593168917,40.39685412373889],[-3.5201666131193505,40.397007391859155],[-3.520034724792033,40.39717195111621],[-3.519932769403641,40.39732160066986],[-3.5198381109592405,40.39743797366497],[-3.519761248932791,40.39750422091374],[-3.5196832160483438,40.397571464376576],[-3.5196393570707696,40.39761742782465],[-3.51961846696007,40.397735757418644],[-3.5195978011559688,40.39785261751183],[-3.5195975535677673,40.39785260060615],[-3.519508649251931,40.39784544141752],[-3.5194980930821527,40.39789630029045],[-3.5194965022731517,40.39790396519091],[-3.5194959172493596,40.39790603991723],[-3.519495124972644,40.397908746213204],[-3.519493635378057,40.39791424846969],[-3.5194885836580974,40.39793156867892],[-3.519483409243043,40.39794979035126],[-3.5194806394051215,40.39795737045714],[-3.5194721094661845,40.39798056222063],[-3.519445088250714,40.398054017859316],[-3.5194359801974935,40.39807865367629],[-3.5194312314102576,40.3980893958631],[-3.5194209117515145,40.39811277584447],[-3.5193897503530103,40.398181114867505],[-3.519371795566074,40.39822146628722],[-3.519357070174389,40.3982542355373],[-3.519353408510659,40.39826230613797],[-3.519350337553785,40.398269040735414],[-3.5193388616675563,40.39829377727014],[-3.5193352815142083,40.398301721376384],[-3.5193268042173758,40.39831950741888],[-3.5193178874532416,40.39833837652897],[-3.5193108020058705,40.39835327340044],[-3.5193036125812776,40.39836844101201],[-3.519278327582941,40.398420987649466],[-3.5192387787082056,40.39850350861484],[-3.5192326421657136,40.398516148939905],[-3.5192310076930404,40.398519669836475],[-3.51922893444682,40.39852436388903],[-3.519206686730621,40.398573473405065],[-3.5191721450356224,40.39864975556914],[-3.519149809178232,40.39870120784038],[-3.5191320738470075,40.398741017687215],[-3.519123157665944,40.3987599768697],[-3.5191210553024446,40.398763950321204],[-3.519108057796862,40.39878851348008],[-3.5190757632841074,40.39884901956394],[-3.5190677571915003,40.398866803470746],[-3.5190566352992465,40.39889162847736],[-3.5190427310199657,40.398922411991784],[-3.5190339256848335,40.39894200130771],[-3.519012849125934,40.39899020461438],[-3.518910572348965,40.39922449535183],[-3.5188784485823645,40.3992980818522],[-3.5188368289492242,40.39939343193876],[-3.5188143981198756,40.39944485753827],[-3.518808561744046,40.39945824424916],[-3.518801278486847,40.39947503388955],[-3.5187983816855013,40.39948144336145],[-3.51879003648807,40.399499589133576],[-3.5187776799891517,40.399526329583544],[-3.5187360203173905,40.39961649956663],[-3.518703553682241,40.39968691634239],[-3.5186322394690954,40.39983931015692],[-3.518621121439417,40.399863144097665],[-3.518572325460827,40.399984715776014],[-3.5185227175814346,40.40010800280487],[-3.5184769034368464,40.400251182950704],[-3.5184646051814363,40.40029015748558],[-3.5184600354338156,40.400308916941384],[-3.5184067470346503,40.400523933237594],[-3.5183877753879234,40.400600866067414],[-3.518373492715836,40.40065921908997],[-3.518351269557147,40.40075625682091],[-3.5182328868846273,40.40127282968475],[-3.518192541957591,40.401447093658504],[-3.518192290861944,40.40144815785954],[-3.5181635388671095,40.401571351238374],[-3.51814000917017,40.401668665042955],[-3.5181364680295193,40.40168327567915],[-3.5181360097934586,40.401684989464606],[-3.518135558464481,40.40168760413068],[-3.5181320179706157,40.401703836404685],[-3.51811088577852,40.40180492328675],[-3.5181055295887793,40.4018302629025],[-3.5181006761851594,40.401871996855924],[-3.518098445341661,40.40189151158748],[-3.51809804743107,40.40189494584353],[-3.518093927838802,40.401930946710586],[-3.5180911430156954,40.40196735601597],[-3.518089877422033,40.401986731285355],[-3.5180895342177076,40.40198961574015],[-3.518088987836195,40.40199520384001],[-3.5180854621232744,40.40202720199786],[-3.51808337375836,40.40204531967732],[-3.5180740135928756,40.40210022712962],[-3.518066225788843,40.40214656887617],[-3.518065211494569,40.402152609527974],[-3.5180647774255718,40.40215747639513],[-3.518063478671362,40.4021725274368],[-3.5180513049365234,40.402321592746205],[-3.5180512509984156,40.40234376442023],[-3.5180508976193625,40.402482137000995],[-3.518051126904046,40.40251204623516],[-3.518060539253408,40.402648402061786],[-3.518061600084469,40.40266380289485],[-3.518076627574367,40.40276553855879],[-3.5180848285113675,40.40282072768518],[-3.518089837531926,40.402843858665456],[-3.518115354746537,40.40295960153771],[-3.5181346649565852,40.403034290656144],[-3.518138547118544,40.40304877793347],[-3.518147382348464,40.40308063060518],[-3.5181687083857964,40.40315693232347],[-3.518185808145282,40.40320460399522],[-3.518208099622962,40.403266946260814],[-3.5182690681737676,40.403395323143485],[-3.518331352580934,40.4035262166438],[-3.5183697227026243,40.40359676617129],[-3.5184070053260372,40.40366533855594],[-3.518422625920684,40.403690674219646],[-3.5185646508165247,40.40392193191657],[-3.5185734075017017,40.403935829741386],[-3.51864039573821,40.40404223321587],[-3.5186659379916083,40.40408274974094],[-3.5186856180348496,40.40411491408277],[-3.5187089033237413,40.40415309835298],[-3.5187890967768514,40.40428481215581],[-3.5188207017813524,40.40434441877785],[-3.5188334610296543,40.40436848792756],[-3.518849962224454,40.40439949531894],[-3.518860963721213,40.40442025699974],[-3.518866010066085,40.4044313155622],[-3.5188893660809217,40.404481751868026],[-3.5189246102028267,40.40455790087523],[-3.5189632946753076,40.40464160208297],[-3.518970496859437,40.40465715552003],[-3.5189773295535973,40.404673701617284],[-3.518988630503678,40.404701218774214],[-3.5190000389767855,40.40472892463857],[-3.5190428907412366,40.40484729218903],[-3.5190633595590244,40.40491765155123],[-3.5190723174955854,40.40494851258778],[-3.5190889306480315,40.405026276723774],[-3.519094812875775,40.40505408846824],[-3.5190988803410623,40.405077313713164],[-3.5191177599374033,40.40518930228793],[-3.5191291471584054,40.40526024295317],[-3.5191398079468827,40.405328664327044],[-3.5191535379586534,40.40542689207302],[-3.5191703524020586,40.40556150277035],[-3.519207368815556,40.405871249929056],[-3.5192214635524333,40.405987773520465],[-3.5192337235816584,40.406078710468016],[-3.51925644636367,40.40624599766979],[-3.519271312134788,40.40635548167093],[-3.519273432556567,40.40637069754171],[-3.5192738089479545,40.40637366885718],[-3.519274866661222,40.406388619227236],[-3.5192751258970496,40.406391681159924],[-3.5192763118292887,40.40640951386883],[-3.519281339093128,40.406480933521436],[-3.5192929885462867,40.40664727943265],[-3.519294602550555,40.40670240792558],[-3.519299466003157,40.4068751807732],[-3.519301192296283,40.40700778708543],[-3.5193021142859218,40.40708327926579],[-3.5192991280032087,40.40714095096554],[-3.519294297538489,40.407217820345785],[-3.519285609453993,40.407343266137296],[-3.519274294537902,40.407482687838396],[-3.5192718270236045,40.40751278933689],[-3.5192552725723303,40.40765900040188],[-3.519250302325738,40.40770235652509],[-3.5192259093286786,40.407842287399],[-3.5192191470759395,40.40788096683152],[-3.519209595150201,40.407926235437884],[-3.5191950329045834,40.407995851127865],[-3.519183878783324,40.408048874756865],[-3.51916716524708,40.40812841011829],[-3.5191496557869906,40.408211732874356],[-3.5191427354561737,40.40824518772851],[-3.5191172713847916,40.408351609503576],[-3.5191125880140737,40.40837096407087],[-3.5190939000536643,40.40844817492372],[-3.5190777482125233,40.40851494184314],[-3.519073521969097,40.40853243848045],[-3.519058455522234,40.4085978221305],[-3.519040319179371,40.408676282761185],[-3.519038839997643,40.4087138573693],[-3.519043256192724,40.40875176587687],[-3.519058137712628,40.40878656430795],[-3.5190779635082934,40.40882061981201],[-3.519095209012311,40.40885784008339],[-3.519104680463559,40.40889257270518],[-3.5191057032151516,40.40889836997689],[-3.5191061590655535,40.40890094453427],[-3.5191075260269287,40.40891165923172],[-3.5191086760089805,40.40892174426599],[-3.5191105794467705,40.40894092511318],[-3.5191116087904692,40.408952181872614],[-3.519111617788915,40.40895335301579],[-3.51911152348881,40.408954884986954],[-3.5191110401307446,40.408968671087145],[-3.5191105449872504,40.40898245724019],[-3.519108067824837,40.40899751356638],[-3.519106952997569,40.40900427539995],[-3.519106959227218,40.409005086191385],[-3.5191062020744486,40.40901545006095],[-3.519105340238411,40.409025994582535],[-3.5191061053161934,40.4090488742731],[-3.519108769389247,40.40905661014225],[-3.519111303132716,40.40906425650545],[-3.5191353937152248,40.40911649124122],[-3.5191726123922042,40.40917470312445],[-3.5192254888014283,40.40924752952251],[-3.5193016144749025,40.409307557650486],[-3.5193160213007437,40.409318898469834],[-3.5193609018636156,40.40935422878928],[-3.5194176984845122,40.4093988389926],[-3.5195302236497663,40.40948707311186],[-3.5195717480505824,40.40951967065162],[-3.519575637271475,40.40952272527909],[-3.5195953275686196,40.4095482947226],[-3.5196686246074296,40.40964347081959],[-3.5197183742403775,40.40970805869939],[-3.5197274099265683,40.40971979298238],[-3.5197305250728252,40.40972333757554],[-3.5198036342911205,40.40980630709295],[-3.519912352363878,40.40992957633062],[-3.5199128992076716,40.409930186490676],[-3.519828635127425,40.40996295308755],[-3.51977857752099,40.409982457609914],[-3.519781159703857,40.40998566225156],[-3.519826698075135,40.41004206171924],[-3.519923296538953,40.41016172773278],[-3.520017658317649,40.410278628918604],[-3.5200941592872375,40.410373384912056],[-3.5201041189752185,40.41038570960839],[-3.5201929237836915,40.41049565358819],[-3.520230949711519,40.410552870480934],[-3.520231438537459,40.41055359801879],[-3.5202440782041777,40.410572631434306],[-3.52027006414522,40.41061215455598],[-3.5202952715951814,40.410654654178174],[-3.520325338938964,40.41070533020665],[-3.5203802597254725,40.41081220125669],[-3.5204298586776885,40.410947294719534],[-3.5204877151180103,40.41112919831102],[-3.5205657413949014,40.41131309216089],[-3.520590568972858,40.41138271081576],[-3.520601397558148,40.41141293263714],[-3.520606118226527,40.41142750612453],[-3.520615043759577,40.41145548423805],[-3.520628701764163,40.41149803578382],[-3.520653796277086,40.41155792339245],[-3.520654325054512,40.411559245349075],[-3.520666644459981,40.41159020820538],[-3.5206797443214355,40.41162303242931],[-3.520683348082954,40.41163184511861],[-3.5206907559109237,40.41164487495375],[-3.520746670715144,40.41174291241573],[-3.5207507181636055,40.41174965101144],[-3.5207649112331754,40.41176985756117],[-3.5207975521370973,40.411816377678356],[-3.520819006776828,40.411845920976354],[-3.520847953166262,40.411885610804646],[-3.5209844645659327,40.41207257423596],[-3.520988145283667,40.41207760274649],[-3.5210268604542887,40.4121307621588],[-3.5210680750279035,40.412187063478335],[-3.5211690121764203,40.41232913249199],[-3.521173062453187,40.41233469987648],[-3.5211821079909527,40.41234763220518],[-3.5211992783606263,40.41237178928192],[-3.521202256795178,40.412375920041164],[-3.5212097632025485,40.41238642684901],[-3.521226565450228,40.412410225216995],[-3.5212611087109305,40.41245880871388],[-3.5212671973256624,40.41246733990796],[-3.5213192417676873,40.412538637502905],[-3.5213461739931895,40.41257536327974],[-3.52137769450377,40.41261558190832],[-3.5214040006792557,40.412649067218744],[-3.5214319967506214,40.41268465303083],[-3.5214331751676187,40.41268615223581],[-3.52143591374016,40.41268974352462],[-3.521534592584958,40.412815425830274],[-3.5216992491928267,40.413030811253485],[-3.5217847498215322,40.41314249860562],[-3.5218844098199016,40.41327296000345],[-3.521963708593452,40.413376657114526],[-3.521997699372922,40.4134191977715],[-3.5223954766229824,40.413917153836024],[-3.5225633769071463,40.41407576601887],[-3.5227792533676237,40.41422118793981]]]}},{"type":"Feature","properties":{"expedienteGrupo":"711/2008/01650","sigma_layer_kind":"tramitados_ad","tourIndex":13},"geometry":{"type":"MultiPolygon","coordinates":[[[[-3.5685072009270393,40.3822950501413],[-3.567806657044154,40.38177606130442],[-3.5671875173301313,40.38132446266772],[-3.5665610983434517,40.380936708043244],[-3.5653792467505387,40.380228635224285],[-3.563935345586889,40.37936031253405],[-3.562656469683359,40.378578908834506],[-3.561256949143112,40.37770834536025],[-3.560016847260665,40.37687885835466],[-3.5587192782326595,40.37603369835308],[-3.557563234361513,40.375273572404055],[-3.556784628400092,40.37475290118423],[-3.556066306184369,40.37427180929863],[-3.5554017838613032,40.374366562638386],[-3.5547270709381253,40.37467973381555],[-3.5542952176125384,40.37510541470341],[-3.553314512911719,40.37716406157391],[-3.548184522407116,40.3832916282197],[-3.5482112655195657,40.38330178086841],[-3.5495531497227244,40.38170225364064],[-3.5505717264582124,40.380482372915715],[-3.551766585090718,40.379057449843344],[-3.5531669969313313,40.377379455229736],[-3.5533465128232353,40.377161809330495],[-3.5538908700579945,40.376012221881886],[-3.554305585847477,40.37513297804787],[-3.554733853324955,40.37470238631934],[-3.5554037391865068,40.374396679843635],[-3.556058714330938,40.374299765156984],[-3.556789152755454,40.37478450151268],[-3.557550354361539,40.37529158072402],[-3.5587011306225906,40.37604574116598],[-3.559998770520749,40.376900883158285],[-3.5612309349830498,40.3777164447043],[-3.5626383221786915,40.37859096126863],[-3.5639119296836714,40.37936640878914],[-3.56535589732913,40.38024270453323],[-3.566537749003395,40.38095078659786],[-3.5671610699843095,40.38133858356953],[-3.567783324394109,40.381792131045465],[-3.568486471761115,40.382311107223636],[-3.569538447463168,40.38306963515485],[-3.5707452561735065,40.38394303950141],[-3.571902337969631,40.38479075773714],[-3.5733008786988303,40.38582071123624],[-3.5738856643897137,40.38620864449648],[-3.5764777565484445,40.38762567973478],[-3.5765741150980563,40.38744124202533],[-3.5780651781993345,40.3878567131406],[-3.5779790143671724,40.38803147937464],[-3.579483672470931,40.38981752077457],[-3.579849936762334,40.39132857695344],[-3.5827654258710284,40.3887860339333],[-3.5853373225460015,40.3851686561634],[-3.5855012531458312,40.38486148897441],[-3.5855040368631994,40.38482105093307],[-3.5854908258496794,40.384779765935626],[-3.585454340056134,40.38468330075954],[-3.5854150400366627,40.384596525618456],[-3.584917542725548,40.38406891906718],[-3.584889403252042,40.38408460214096],[-3.5853033831238594,40.384517044736164],[-3.5853947740184338,40.3846275925785],[-3.5854311160443717,40.3847020221805],[-3.5854498312414593,40.38475173888835],[-3.5854606497924024,40.38481470295077],[-3.5854633271921195,40.384844987085124],[-3.585449286755724,40.38487663515452],[-3.585305148165484,40.38514834127736],[-3.5827306265808243,40.38876748835241],[-3.5816342947335533,40.38969952385838],[-3.579886717683406,40.39122780571645],[-3.5795225789613996,40.38981355097494],[-3.5780041662368456,40.38803392125689],[-3.5780884122940266,40.38784707434869],[-3.576567876412519,40.38742671438737],[-3.576472112189758,40.38761038335373],[-3.573898553844927,40.38619063434811],[-3.57332162473487,40.385806653243264],[-3.571920401109112,40.384768731173075],[-3.5707764617848814,40.3839329123721],[-3.5695591933760915,40.38305556882184],[-3.5685072009270393,40.3822950501413]]],[[[-3.602749734847397,40.37863711469153],[-3.602698938493872,40.37855653150142],[-3.6011447501282614,40.37900750996936],[-3.6010117250159945,40.378723738095935],[-3.600798333151343,40.37846885246687],[-3.600430172109197,40.378183274187776],[-3.6001156463226223,40.3781376449079],[-3.5992524122205674,40.37904176422909],[-3.5980800388010246,40.37972409486594],[-3.597984131561559,40.379595976497924],[-3.5956486440532376,40.380817217157926],[-3.5944280669390314,40.38140839740234],[-3.593609353882609,40.3817663013244],[-3.5913287504348537,40.382551968922826],[-3.590362141783703,40.38285580349699],[-3.5903820359408734,40.38292550465092],[-3.591346882248464,40.38263289528817],[-3.5926684387178676,40.38216034879977],[-3.593648864184664,40.38183308137023],[-3.594453930206143,40.381479923062784],[-3.5956929803498174,40.38087801662089],[-3.597950507615208,40.3797049716485],[-3.5980422521912883,40.37981795821238],[-3.599310407424194,40.37908698682443],[-3.600152519113256,40.37823196835891],[-3.6004569015283874,40.37829340717676],[-3.6007996857136413,40.37862244211984],[-3.6009719306288805,40.37888146956045],[-3.6010703670933215,40.37912266392514],[-3.602749734847397,40.37863711469153]]],[[[-3.5472690441017902,40.38360919405507],[-3.54726603511533,40.3835663878658],[-3.546172920243177,40.38357153784915],[-3.5461717110896678,40.383614372999766],[-3.5472690441017902,40.38360919405507]]]]}},{"type":"Feature","properties":{"expedienteGrupo":"716/2005/00028","sigma_layer_kind":"tramitados_ad","tourIndex":14},"geometry":{"type":"Polygon","coordinates":[[[-3.5631211544333166,40.35932499960847],[-3.563167359509774,40.35924054788955],[-3.5626452342884227,40.35913094296228],[-3.5625949236356456,40.35895674311802],[-3.5626254376156665,40.358707391981696],[-3.5631261012589146,40.358194099238986],[-3.563402832098484,40.35819121094451],[-3.5636301694265278,40.35809196636102],[-3.5639403539715366,40.358177681122136],[-3.564053426066883,40.35806499255576],[-3.5637589176279776,40.357904443568074],[-3.5649335973411356,40.357774123851094],[-3.566357909155216,40.3576698318098],[-3.5670952611917426,40.35758835243975],[-3.567779930063256,40.357292969971084],[-3.56833653475729,40.356900868706205],[-3.570491001080418,40.35524516841234],[-3.5708223164835973,40.355284426345996],[-3.571146712032868,40.355237652852004],[-3.571452545545173,40.355091580941924],[-3.571617440926969,40.35487313144445],[-3.5716616229488345,40.35460651174682],[-3.5715197912081256,40.354305297173596],[-3.588551940956752,40.34312358694969],[-3.58873815075307,40.343206343667354],[-3.588980933410515,40.34323058563291],[-3.5891567878031956,40.3432151311797],[-3.589341763450937,40.34315596244534],[-3.5895073442200105,40.34305322472591],[-3.589615465635328,40.34290709412783],[-3.5896570387188795,40.342764951426496],[-3.5896605277841527,40.342619363151826],[-3.589611853597148,40.342492230344426],[-3.589525392819187,40.34239440781288],[-3.5893673116213756,40.342264201765964],[-3.5891193325586146,40.34218903108563],[-3.5888718920482336,40.342175732251945],[-3.588644173479747,40.34224239720026],[-3.5881046040822593,40.34134061907319],[-3.587319576161943,40.340624494063285],[-3.58637253476132,40.33993401437988],[-3.5854124604486763,40.33948651674451],[-3.585486223515227,40.3393777717779],[-3.5855185677484918,40.33923368614683],[-3.585467608041965,40.33905888640309],[-3.591588925259974,40.33583294415123],[-3.591763104695109,40.335923154215834],[-3.5919765776017067,40.335979108152216],[-3.592258631386948,40.33596136667069],[-3.592518747214386,40.33587039298791],[-3.592725045504903,40.33571450393955],[-3.5928195291887395,40.33555917862455],[-3.592860421547214,40.33536338831686],[-3.592811236532632,40.33518871776664],[-3.594755727769951,40.33416997570084],[-3.594926106780087,40.3342644619211],[-3.595049588394988,40.33431655761276],[-3.595133406410892,40.33433495562583],[-3.595251702767503,40.33435694200114],[-3.59542891574582,40.33436356160656],[-3.5957286293588613,40.33430930557569],[-3.5958954707605404,40.33425572434499],[-3.5960618480105286,40.33414942342019],[-3.5961838388306435,40.33403205349831],[-3.596246958192892,40.33393381615504],[-3.5963147541890885,40.33380918473368],[-3.5963479725585454,40.33366967716532],[-3.596316326920026,40.33342882613708],[-3.5961517573886526,40.33318111952945],[-3.5959388109086627,40.33302781710266],[-3.5956475324593953,40.3329200988255],[-3.5953840660592373,40.33289731056857],[-3.595297695434672,40.33267263312318],[-3.5953001737729706,40.332583573398466],[-3.5953733057368775,40.33249273558973],[-3.5959422362712283,40.33201338112932],[-3.595826585850935,40.3319183532014],[-3.5952857038569115,40.332397157343514],[-3.595196794640878,40.332495770142245],[-3.595140284626291,40.33263346928134],[-3.5951876712767628,40.33291787125149],[-3.595084095162186,40.33293634147762],[-3.594934523909509,40.3329802469283],[-3.594733703154755,40.33308672334898],[-3.594611579274162,40.33318902905845],[-3.594514443160686,40.333336396373724],[-3.5944467434339824,40.333472323801125],[-3.594438256862094,40.333626767127875],[-3.5944493869781873,40.33377357794612],[-3.5945183145213413,40.33394117324397],[-3.5926168679972124,40.33495863675241],[-3.5923872518616187,40.33483608956118],[-3.592141974960308,40.33479659682572],[-3.5918492721450317,40.334814392504676],[-3.591605134337654,40.334905282972514],[-3.5914253106465095,40.33504473703861],[-3.591320490623303,40.33523678152169],[-3.591300830669948,40.33542431844375],[-3.5913658727088764,40.335616827867774],[-3.5852491214511213,40.338834699110386],[-3.5849633856186367,40.33872761971348],[-3.584694849410662,40.33874439219181],[-3.5844002338253085,40.33885382026711],[-3.5842473339156284,40.33903963257069],[-3.58420129987999,40.33915294851972],[-3.584202928486331,40.33934312443212],[-3.5842848684646444,40.33949691195199],[-3.5844270299906467,40.33962470092069],[-3.5847302232019307,40.33973110777244],[-3.58489823135936,40.339740546826974],[-3.5850910647829015,40.339698949100566],[-3.586098218588347,40.34010921908577],[-3.58714303151198,40.34084887241618],[-3.5878786346323888,40.3414783381338],[-3.5883936521694375,40.342421999793714],[-3.588332524893331,40.342502375407996],[-3.5882860345732257,40.34262634409031],[-3.588282384547936,40.3427537435933],[-3.588321448427482,40.34286999769415],[-3.5712119860867904,40.354040047032186],[-3.570852434782728,40.35395158629818],[-3.5704994336058498,40.35397371582297],[-3.5702041615693196,40.35410385899644],[-3.569916585778124,40.35413559228696],[-3.569566300868585,40.35388867352394],[-3.5694062521627754,40.35401742793817],[-3.569798208710202,40.35428204312481],[-3.569929182392632,40.35440788664416],[-3.5699448003827396,40.354595642005386],[-3.569938391026397,40.35480087559798],[-3.57005096346005,40.354984495394866],[-3.569015463126328,40.35592408922719],[-3.5681817214255336,40.35664852563267],[-3.5675995065177837,40.35702129204096],[-3.567168192382021,40.3571791495418],[-3.566100168336341,40.357281717198326],[-3.565209965802234,40.35734445946774],[-3.564472849419271,40.357577009507025],[-3.5637091239668783,40.357792549096956],[-3.5637401404415026,40.35760549361053],[-3.563575719093053,40.35741939061234],[-3.56276908480291,40.358353830850916],[-3.562468984304802,40.35861843963224],[-3.562262084698067,40.35881082750395],[-3.5620753234188194,40.35891540383701],[-3.561825475330395,40.35895648339065],[-3.5612407477116745,40.35883969858532],[-3.5611892202879694,40.3589117246941],[-3.562285711432617,40.35914564661305],[-3.5631211544333166,40.35932499960847]]]}},{"type":"Feature","properties":{"expedienteGrupo":"714/2002/06748","sigma_layer_kind":"urbanizacion","tourIndex":15},"geometry":{"type":"Polygon","coordinates":[[[-3.5764773838324526,40.412500116234554],[-3.576747850563724,40.412579668975425],[-3.5858869235516924,40.40704520368435],[-3.5856021353792835,40.40684303192534],[-3.584928762827033,40.40662823117267],[-3.5844212822573094,40.40646375975107],[-3.5840236515334962,40.406327659487644],[-3.583788411908282,40.406244963785085],[-3.5834399478105707,40.40612482962],[-3.583029233342393,40.40600166593494],[-3.5826401196417996,40.40588227485955],[-3.582369861894315,40.405783626432196],[-3.582112662851211,40.40569456036685],[-3.581813824406755,40.40558866706139],[-3.5816091500217415,40.40551023656457],[-3.581450524875172,40.405441934601875],[-3.5812405762762536,40.40535307942124],[-3.5809639072523964,40.40523473000055],[-3.5807732042318685,40.405149921447936],[-3.580577249882672,40.405057382115274],[-3.5803596215255404,40.404952257422146],[-3.580091413157508,40.40481558397639],[-3.579801615011271,40.40466369369317],[-3.579523727765571,40.4045263467255],[-3.5792552029374654,40.4043949792676],[-3.578979695602848,40.40426005151523],[-3.5787055439953632,40.40411817030153],[-3.5784254721739512,40.4039729036002],[-3.5780489308649734,40.403776577481416],[-3.5777119710924388,40.403593394843924],[-3.577290043200736,40.40338233788667],[-3.5769145973163647,40.40319069631269],[-3.5766137671434737,40.40302867272979],[-3.5764793857893573,40.40296772054712],[-3.576422677921596,40.4029372822295],[-3.575690305016857,40.402582269627736],[-3.574920717297175,40.40220148217358],[-3.5740945605388394,40.40180395224126],[-3.5733234442581225,40.40142145893891],[-3.572862230400965,40.4011880577193],[-3.5724631491053334,40.4009577705094],[-3.572200504287478,40.40077852808611],[-3.5718250427698996,40.40060947376504],[-3.571387236955554,40.40039766278878],[-3.571257433352541,40.40033478995664],[-3.5711490474529937,40.40028235184022],[-3.5710690596666064,40.40024364739456],[-3.5709837472666934,40.400202356545954],[-3.570914172633141,40.400168735761135],[-3.5708290967787333,40.40012752471151],[-3.5707562084327042,40.40009220845968],[-3.5706824922675344,40.40005653588296],[-3.570585585258664,40.40000971631675],[-3.5704796848359717,40.39995843648681],[-3.570382659510995,40.39991152724186],[-3.5702929697045507,40.39986808627801],[-3.5701642332085517,40.39980574749229],[-3.570022954719115,40.39973734419919],[-3.569828313251938,40.39964316740202],[-3.5696646193387362,40.39957162184264],[-3.5695602055228663,40.39954276651651],[-3.5693910253794927,40.399491346909194],[-3.5692262868000197,40.39943558081682],[-3.568996113445797,40.39934778479764],[-3.5687386242445136,40.399234635911924],[-3.56854575730404,40.39914089866846],[-3.5683052089118554,40.39902423304195],[-3.5678895478059602,40.39882284053974],[-3.567393669084776,40.398582659570295],[-3.5671629456400207,40.39847080825642],[-3.5669369677877047,40.398361284588475],[-3.5665187119088384,40.39815863856643],[-3.565566611512434,40.39769724006022],[-3.5651218611334556,40.397481754420696],[-3.564588690627301,40.397204346755224],[-3.564092361217007,40.39697792864905],[-3.5635724989814017,40.39674108243369],[-3.563142020065955,40.396539835042134],[-3.562586415843331,40.39626928415789],[-3.562579790393387,40.396266073111754],[-3.5620048559893918,40.39599291072241],[-3.561635283628695,40.395831461207436],[-3.560939404659198,40.3954962585002],[-3.560624615822994,40.395347332903945],[-3.560291280049862,40.39519254128845],[-3.5599036421737407,40.395011353678505],[-3.559532673609543,40.394836561654735],[-3.559117612234505,40.39464441386343],[-3.558801060966452,40.394495131422914],[-3.5584420468905757,40.39432613402919],[-3.558021545699107,40.39413085535452],[-3.5574988658992663,40.39388859876902],[-3.5571134119584604,40.39371323812504],[-3.5567714236189447,40.39356460417687],[-3.5565274014227906,40.39346478664884],[-3.55625860481629,40.39336120485287],[-3.5559472759510946,40.39325801611615],[-3.555597882562302,40.39315400942431],[-3.5552575389216168,40.39306140880984],[-3.5548994342871567,40.39297248706181],[-3.55448068791872,40.39287395397916],[-3.5539962827161737,40.39278617553461],[-3.5534232933243235,40.39271539583804],[-3.5529565031731916,40.392663294937165],[-3.5523685676926506,40.392610329449326],[-3.5518043263766583,40.39258599601293],[-3.551318862355282,40.39258442869083],[-3.550744533805245,40.39258012941771],[-3.5500995129274724,40.392590848483806],[-3.5495543402663507,40.3926074859406],[-3.5490700220381153,40.39263239956152],[-3.5486969486298885,40.39265776533263],[-3.548058502064501,40.39270925314562],[-3.5472519830027314,40.39278387560552],[-3.546898176052979,40.392816901247315],[-3.5459428221217966,40.39293491264177],[-3.5453961883578047,40.393004601132574],[-3.544988027812519,40.39306283255333],[-3.5443931277303373,40.39315427558012],[-3.543818907839825,40.393251924677855],[-3.5433269785835577,40.3933408148208],[-3.543030018413527,40.39339571494611],[-3.543039305358954,40.39377585631496],[-3.5430235375026515,40.394218557543965],[-3.543047511280015,40.39454944008438],[-3.5430572537105607,40.39480876692688],[-3.543019280141055,40.39505417352546],[-3.5429955945749922,40.39531951325456],[-3.5429831995438614,40.39565408007993],[-3.542964711359684,40.39599291879138],[-3.542921736279533,40.39621870891609],[-3.5429041414938287,40.39661014763212],[-3.5429054977784378,40.396720322778016],[-3.542911912487028,40.396785428582476],[-3.5429246777803383,40.396848973018024],[-3.542986380734656,40.397109136875834],[-3.5430597883542054,40.39746060717206],[-3.543129656858491,40.397767489888075],[-3.5431982363485788,40.398091315737645],[-3.5432719662347747,40.39837998177946],[-3.5433305098622156,40.39861179052089],[-3.5434060784885166,40.39891062810862],[-3.543435289593851,40.39902625794627],[-3.543536785461288,40.39945569580977],[-3.543627470182077,40.39983158916597],[-3.54368300788877,40.40008493456874],[-3.543716682029385,40.400242525788656],[-3.543761880764454,40.40041177464448],[-3.5438531177748427,40.400738826766755],[-3.543879780930847,40.40083051320994],[-3.543910307367566,40.4009190192748],[-3.544180558146276,40.40180326219472],[-3.5442876249861697,40.40219168151255],[-3.544327484631187,40.402312215938515],[-3.544425971242519,40.40248526769872],[-3.5445173237066845,40.402634298646085],[-3.544565779488913,40.402739305840925],[-3.544622567522806,40.40286921998765],[-3.5446469022603706,40.40293496194424],[-3.544707880638814,40.40305836974847],[-3.5447763157572387,40.4032588603452],[-3.5448234798881093,40.40340818930305],[-3.544856522685201,40.4034883948392],[-3.5448924334880556,40.403615893669254],[-3.544956181587652,40.403804964660544],[-3.545138023086659,40.40427276118757],[-3.545248426366355,40.404592973786514],[-3.5454048249515773,40.40500341171255],[-3.5454472190090973,40.40514546549214],[-3.5454595744895743,40.4051869391772],[-3.545488442035342,40.405303020435944],[-3.5454981851266654,40.40537270493549],[-3.5454974175810916,40.40542360999363],[-3.5454876239229796,40.40546590889452],[-3.545467168079265,40.405515915832005],[-3.5454297597738775,40.405582759667624],[-3.5454241009343432,40.405597110836105],[-3.545407469214329,40.40563908162086],[-3.545320232527249,40.4057817468276],[-3.545191290890471,40.40602848357654],[-3.5451671406028233,40.406088057525714],[-3.545110389628021,40.406213011072346],[-3.5450649569310246,40.40635169516122],[-3.545036517752402,40.40644939780143],[-3.5450170518987645,40.406519940738555],[-3.5450011169523448,40.40660452122806],[-3.544997870323469,40.406684176993565],[-3.5449937869919395,40.40677698999041],[-3.5449893248785225,40.40685206584965],[-3.5449757385070213,40.40695168046093],[-3.544888183569302,40.40743516111102],[-3.544847699628206,40.40767616514914],[-3.5448382864818235,40.407767201420235],[-3.544839275286164,40.40781674681279],[-3.544842132259669,40.407864121217735],[-3.5448677471980394,40.40800066856179],[-3.5449668059317214,40.40843191777096],[-3.545059134896996,40.4089068116322],[-3.545180991381283,40.409446332559575],[-3.545296227837696,40.40988237901167],[-3.545391557907175,40.410332834667464],[-3.5455518587037425,40.41096344485866],[-3.5455722644648637,40.41105298907163],[-3.545576135592497,40.411313423739536],[-3.545533580563162,40.411591284825384],[-3.5463137736886634,40.411745719653666],[-3.548696884998884,40.41221744839006],[-3.548990225467256,40.412273173578896],[-3.5492641842540333,40.412307917830276],[-3.5494487240189714,40.41221695009663],[-3.54970988351857,40.41209823017213],[-3.5499784206837877,40.412002727031826],[-3.5502396645458845,40.4119090507858],[-3.550584043438808,40.41186263619536],[-3.550978933427189,40.41184031344635],[-3.5513121226475026,40.41182521156157],[-3.5517012496680573,40.41180444537086],[-3.552136605870345,40.41175823165986],[-3.5525591194201915,40.41171116776791],[-3.5528720364308364,40.41171058182543],[-3.5534465447043613,40.411774500537135],[-3.5538109190521725,40.411811143553294],[-3.5542182347451554,40.41186694914135],[-3.5546023317048383,40.411922675477335],[-3.554857554004904,40.41195767652756],[-3.5552892314843665,40.41200893796135],[-3.555563340442603,40.41206168474473],[-3.555962502433432,40.41217183916706],[-3.5563787699828073,40.412283720721994],[-3.5566519221317003,40.41237745187473],[-3.556880437169069,40.41246077566154],[-3.5570559252125156,40.41253110211604],[-3.5572495747827073,40.412631250950774],[-3.557478557241088,40.41272817502132],[-3.557688499603298,40.412817253467644],[-3.557860386688291,40.41287948788198],[-3.5580545308606806,40.41293937135267],[-3.558240902804409,40.4129857693796],[-3.5585336707807778,40.41305643718677],[-3.5588033077266807,40.413109188860254],[-3.5590771843434497,40.41314723458867],[-3.5593091661412566,40.413178824622605],[-3.5596874762654376,40.41321753484656],[-3.5599981326812413,40.41325622017134],[-3.5603438111001102,40.41326841938899],[-3.5606423547859674,40.41328049478335],[-3.560980562248264,40.41330137704723],[-3.561288715849035,40.41332241323289],[-3.5616811390137273,40.41334303023967],[-3.5621295381985836,40.41336248188105],[-3.562586521852835,40.413379547650074],[-3.562592770653117,40.41337978751713],[-3.5626667007775756,40.413383301667956],[-3.5628072995474365,40.413395860717955],[-3.5634769196866314,40.413456392608474],[-3.5637235624495953,40.413478974320824],[-3.5639861463311813,40.41350364893833],[-3.5641463072678015,40.413515750571136],[-3.5643482384396172,40.41351926965667],[-3.5643692174539954,40.413519167255345],[-3.5646355000775785,40.41352238071655],[-3.5647493148216816,40.41351732030008],[-3.5647738190778697,40.41351593933409],[-3.5648629363565707,40.41350325162894],[-3.564942540879723,40.413494664425514],[-3.5649852847250934,40.41348977083848],[-3.5651013887485212,40.41347659071094],[-3.5653448509257153,40.413442976817734],[-3.5655619846777182,40.41341813091556],[-3.5657375674708547,40.41339988437573],[-3.565826711572474,40.41339043906797],[-3.565878531964748,40.413385680913166],[-3.5661696909394736,40.4133475975622],[-3.5664569825097403,40.41331078468888],[-3.5664657841793637,40.41330623702352],[-3.5667315143194127,40.41325773620916],[-3.567083953338954,40.413190602172484],[-3.5673011866543094,40.41314971634319],[-3.567485809959258,40.41311341362741],[-3.5678096509403856,40.413051552919335],[-3.568096630777884,40.41299194451569],[-3.568105820720921,40.412991538997574],[-3.568231978834064,40.412968765703575],[-3.5684244316233387,40.412924576096046],[-3.5684613793060707,40.41291727726653],[-3.5685482140579596,40.41289964294677],[-3.568799146761701,40.41282984960132],[-3.5688836297214763,40.41279889315115],[-3.5689355364356996,40.412776475392306],[-3.5689804933511606,40.41275455127435],[-3.569037562233367,40.41272931524915],[-3.5690904992084076,40.412703288715456],[-3.569151401914303,40.412671457130415],[-3.56925941378898,40.412621375407355],[-3.569289956646335,40.41260933303107],[-3.569311088321052,40.412599409077195],[-3.569334674505809,40.412587040579666],[-3.5694077943571454,40.41254902252058],[-3.569482015461767,40.41251721526106],[-3.569588623184378,40.41246840141824],[-3.5698271502506844,40.412367414432076],[-3.5699120861042073,40.41233438290784],[-3.5699303958626216,40.41232528356803],[-3.570074420773025,40.412269077560886],[-3.5701657837853116,40.412229527617875],[-3.5702745439247594,40.41218448634431],[-3.5703580658018605,40.412151551557166],[-3.5704351556651077,40.41212459444081],[-3.5705323989452387,40.41208357374255],[-3.5705694417247433,40.41207366113501],[-3.5706081086950547,40.41206068641935],[-3.5706677461081053,40.412045256817905],[-3.570719502694387,40.41203310935802],[-3.5707724621875903,40.412023838844725],[-3.570780227802634,40.41202226896414],[-3.5708191752516596,40.41201459914578],[-3.5708681275830263,40.41200534837184],[-3.570929416800844,40.41199153211556],[-3.570954727847969,40.41198807376645],[-3.5710785193984846,40.411992417398004],[-3.571100208101566,40.411992670634355],[-3.5711627095431515,40.411996776350584],[-3.571201388675256,40.411999197906816],[-3.571247037361229,40.41200347692436],[-3.571329499134109,40.41199857394396],[-3.571350363603637,40.411998921297084],[-3.57155693433571,40.411980152428185],[-3.5716154359859082,40.41197121449547],[-3.571674385414366,40.41195948150216],[-3.5717328538037023,40.41196054376138],[-3.5718418713064155,40.41196000463243],[-3.572129798844978,40.411945075616124],[-3.5722453018243523,40.41193099038383],[-3.572367801041477,40.41192191549127],[-3.5724181879763504,40.41191508941312],[-3.5724702172598146,40.41190735427262],[-3.5725150824707637,40.41190262758158],[-3.5726286614056937,40.41188404695008],[-3.5727227557545307,40.41186105818064],[-3.572801318260714,40.41184112829002],[-3.572861828300294,40.4118174949651],[-3.5728715783030482,40.41181366284038],[-3.5764773838324526,40.412500116234554]]]}},{"type":"Feature","properties":{"expedienteGrupo":"511/2025/18629","sigma_layer_kind":"gestion","tourIndex":16},"geometry":{"type":"Polygon","coordinates":[[[-3.657510738658511,40.507105053963386],[-3.6575236517912084,40.506948036144145],[-3.6575280905495005,40.506806733045686],[-3.6575147897748552,40.50660016217212],[-3.6575053480602953,40.50643463198138],[-3.657498297800535,40.50626863773266],[-3.6574956919143484,40.50613957277595],[-3.6574917929077913,40.505997740526865],[-3.6574903968141603,40.505870488482415],[-3.6575004076708337,40.505745027371574],[-3.6574987925536298,40.50567753272952],[-3.657515481060283,40.505563898366695],[-3.657528027517041,40.50545758479204],[-3.657548226084947,40.50532752520568],[-3.6575774848088884,40.50520792746807],[-3.6576025238251675,40.505082867300786],[-3.6576317718052707,40.504960981340226],[-3.6576646625660985,40.50484593042727],[-3.6577087585175905,40.504697545786044],[-3.6577522895202765,40.50455417330021],[-3.6578407696639315,40.50430391533737],[-3.657898071149286,40.50415548246466],[-3.657953848443634,40.50405038214255],[-3.6580249770131434,40.503905095669985],[-3.65807356684237,40.50380366680811],[-3.6581460344976393,40.50368072376638],[-3.658215469880989,40.50355186106851],[-3.658281293573134,40.503423000882265],[-3.658352053121343,40.50331374297949],[-3.658413332927294,40.503225962261126],[-3.658463834976248,40.5031427744086],[-3.658528117760273,40.50305314770535],[-3.6585810897719617,40.50297998166505],[-3.6586602543187197,40.50287343239819],[-3.6587418289946116,40.50276595943601],[-3.658850293324334,40.50263969365101],[-3.6589104799466647,40.50256696379654],[-3.6590011244359646,40.50247223160493],[-3.6591292814549394,40.50232628587123],[-3.6592569944844953,40.50220496391537],[-3.65935055612749,40.502096079802115],[-3.659453105440837,40.501983063281834],[-3.659719431770726,40.501661942595575],[-3.6598120056164896,40.50154393769987],[-3.661101334050384,40.50016317636217],[-3.6613443424058336,40.49987741015906],[-3.661773919822971,40.49937685642104],[-3.662143172563038,40.498975753930075],[-3.6625403035388953,40.49856106711355],[-3.6629340440628626,40.498188479071054],[-3.663294439156022,40.497855143783845],[-3.6636705672739236,40.49753077098569],[-3.6639875489495224,40.49727383530881],[-3.6646548059063098,40.49671795940346],[-3.665157571857453,40.49627802549186],[-3.665869174643226,40.49567502281095],[-3.6669553659429464,40.49478489295603],[-3.6688419536627133,40.49321853430221],[-3.669059417100221,40.49301368262027],[-3.6691168426831466,40.49296313434696],[-3.6693033801265362,40.492802641071584],[-3.6695160991397557,40.49262767161194],[-3.6697886650322524,40.49240258956325],[-3.6700410754562456,40.49219421818595],[-3.67030806020719,40.491960032199145],[-3.670559613416111,40.49173699810303],[-3.6706791649086536,40.49163081873337],[-3.670910442231053,40.49141716271815],[-3.6710746703753805,40.49125323753807],[-3.671241045138188,40.49107508355016],[-3.671399022985131,40.490897482601596],[-3.671577699163786,40.4906952388274],[-3.6718136874568645,40.49038899577263],[-3.6719032938295606,40.49022556621317],[-3.6715322389664453,40.49059865690014],[-3.671525412490887,40.49059448939162],[-3.6715184925205837,40.490590412515324],[-3.671511479145312,40.49058643527965],[-3.671504383984661,40.49058253959922],[-3.671497195508818,40.49057875256777],[-3.6714899135381636,40.490575056168474],[-3.671482561671076,40.49057145026423],[-3.6714751164887316,40.490567953008956],[-3.671463465264038,40.49056274146527],[-3.6712436591784345,40.4904930729392],[-3.6712375074880272,40.49049030688875],[-3.671231239421989,40.49048770367479],[-3.6712248432708763,40.49048527237422],[-3.671218354432185,40.49048301278144],[-3.6712117611067026,40.49048092496497],[-3.671205075183328,40.49047901786469],[-3.671198308461171,40.49047729141205],[-3.6711914609402068,40.49047574560706],[-3.671184556218731,40.49047438031259],[-3.671177582497513,40.490473195597225],[-3.671170563464612,40.4904722003323],[-3.671163510919137,40.490471394449294],[-3.67115641306185,40.490470778016686],[-3.6711493052902417,40.49047035082895],[-3.6711421640058934,40.49047011302309],[-3.6711350364054414,40.49047006432505],[-3.6711278989802323,40.49047021388027],[-3.67112077514905,40.4904705435349],[-3.6711136650015934,40.490471062297324],[-3.6711065922259047,40.490471779038955],[-3.671099556642431,40.49047267574297],[-3.671092558340854,40.49047376141779],[-3.671085620919488,40.49047503592635],[-3.6710787324893515,40.49047649032882],[-3.671071928447931,40.490478124419624],[-3.6710651970857264,40.49047994727574],[-3.6710585618215985,40.490481940743315],[-3.6710520109460365,40.490484113899264],[-3.671045567967627,40.490486457598195],[-3.67104118383319,40.49048818574352],[-3.670944925830105,40.49051478044409],[-3.6706425044111906,40.49059156220335],[-3.670146177897688,40.490724422240504],[-3.6700022867308393,40.49079173347824],[-3.6693003107562125,40.49117426646646],[-3.6686585972986365,40.49137687137357],[-3.6683483236242176,40.49147875542822],[-3.6681305246687472,40.49142226747796],[-3.6679462028048384,40.491397918716174],[-3.6676790949021765,40.4914143269314],[-3.667326907877661,40.491502126172534],[-3.6673174683839997,40.49150218067802],[-3.667211554463002,40.49087227458472],[-3.667068828236464,40.490623803112484],[-3.666901045055055,40.49033171962303],[-3.666718242855956,40.490013470463495],[-3.6665156078522996,40.489660714012864],[-3.6663965095761712,40.48940625857589],[-3.6662981304871227,40.48922319653614],[-3.665007132984532,40.489403847203086],[-3.6647888671768434,40.48943181443395],[-3.6645717411951844,40.48946171162103],[-3.664466389381454,40.48947444341743],[-3.6643685382890925,40.48949037521879],[-3.664275511854816,40.48950377472048],[-3.6640614235788433,40.48953065351148],[-3.6638542180401013,40.48955670859301],[-3.6637663932671405,40.489568726464626],[-3.663639305181623,40.48958735707685],[-3.6636027299334346,40.48958894546416],[-3.6635671180459477,40.48959609583496],[-3.6634552508843616,40.48960867493093],[-3.663427627545682,40.48961344608278],[-3.6633593665015254,40.4896278558252],[-3.663158970547921,40.489656483167956],[-3.663094358898367,40.48966284484563],[-3.6629802876063615,40.489673292000084],[-3.66286974055384,40.48967375493815],[-3.66278321731277,40.48966937733168],[-3.662706961299307,40.489665147992184],[-3.6626114012119437,40.48965614643464],[-3.6625582134373507,40.48965189284304],[-3.66243791364256,40.48964692483312],[-3.6623364004261107,40.489637299517646],[-3.6622365006507542,40.48962495317595],[-3.6621532672741197,40.48961793464384],[-3.6620829761094797,40.48960349962076],[-3.6620014627159336,40.489594993659146],[-3.6619675200738033,40.48959431421342],[-3.661910398387395,40.48959558732007],[-3.661830716955719,40.489602998556585],[-3.661774748762771,40.4896063820921],[-3.6617046062433785,40.489614279156775],[-3.661643621009509,40.48962224987902],[-3.6615669870205387,40.48963358940409],[-3.6614231186364803,40.48965939466432],[-3.660811655101291,40.489744603622285],[-3.6608007212000127,40.48974626072257],[-3.6607897621978993,40.489747764813316],[-3.6607787545852166,40.48974912503786],[-3.6607677337592777,40.489750341193826],[-3.6607566761219856,40.48975141341612],[-3.660745593384129,40.48975233262883],[-3.660734497344874,40.48975309876448],[-3.6607233881809913,40.48975372983998],[-3.6607122656274793,40.48975419882998],[-3.6607011299495023,40.48975453275978],[-3.6606899927694765,40.4897547135451],[-3.6606788422884073,40.489754741253314],[-3.660667702192877,40.48975462475803],[-3.660656572394612,40.48975435505075],[-3.6606454411829503,40.48975394120742],[-3.6606343203570457,40.48975338316054],[-3.660620234164493,40.48975245467857],[-3.66032012644039,40.48912112930803],[-3.660271230732686,40.48905149925908],[-3.660224490929024,40.48885267761975],[-3.6603310551822745,40.48875900640503],[-3.6603114871560005,40.488677902571965],[-3.660305140848697,40.48865160568574],[-3.660285790412994,40.48865168921384],[-3.6602766180002657,40.48865126414341],[-3.6602690371127373,40.48865069484562],[-3.660261489591385,40.488649918150955],[-3.660253987323429,40.48864894300049],[-3.6602465303089553,40.488647769394234],[-3.6602391303469153,40.48864639726478],[-3.660231799324515,40.48864483555318],[-3.6602245488641456,40.488643066175136],[-3.6602173792307005,40.488641116156025],[-3.6602103020465777,40.48863896741155],[-3.6602033292872402,40.48863663789121],[-3.6601964609527555,40.488634127595056],[-3.6601897205526477,40.48863142737984],[-3.6601830964646376,40.48862855532985],[-3.6601766121982298,40.48862550230189],[-3.660170279640627,40.48862227723701],[-3.660164087081247,40.48861888921109],[-3.660158069916749,40.488615338021944],[-3.660152204637667,40.48861163281285],[-3.6601465148417707,40.488607773449026],[-3.6601410005290753,40.488603759930484],[-3.6601356853856055,40.488599601130936],[-3.6601305459018767,40.48859530619361],[-3.6601256174745136,40.488590874916376],[-3.660120900191762,40.48858631630768],[-3.6601163823430216,40.48858163944337],[-3.659873317160003,40.48829184039034],[-3.659861685395085,40.488280051030806],[-3.6598509791536387,40.48823385122315],[-3.6598118140757236,40.4881853904857],[-3.6596588826403567,40.48802164302057],[-3.6594732854971816,40.487824766664374],[-3.6592436994572903,40.487579456582075],[-3.658993762965523,40.48730054158067],[-3.658855825967513,40.4871566443209],[-3.6589605623425956,40.48703057958041],[-3.6589549094766327,40.487014792099245],[-3.658942960982306,40.486981437029],[-3.6588622932628803,40.48689132997985],[-3.658855673523579,40.48686716067489],[-3.6588511434049926,40.48686844775278],[-3.6585854903416632,40.48694397037636],[-3.657966556863633,40.48743288877295],[-3.657742015674673,40.48714645714449],[-3.6576358095303108,40.48707384581283],[-3.657521819910605,40.4870112966148],[-3.6573694440417257,40.48693871346492],[-3.6573106623336944,40.48692321006533],[-3.6571350220798933,40.48697677608518],[-3.6569522060468684,40.48704954466059],[-3.6568011924561445,40.48713601500616],[-3.6566483755705517,40.48723846826445],[-3.656351745877511,40.487435160930694],[-3.656159983924655,40.48756003275575],[-3.65597471202658,40.487571102435375],[-3.6558955778539723,40.48758485778016],[-3.655805055157125,40.48761415506656],[-3.6557097509807743,40.48764802892886],[-3.655609052260639,40.4876974467221],[-3.6551816059191036,40.487156090610284],[-3.6550562663693493,40.48713468412431],[-3.654762590925846,40.487289770673634],[-3.654513865263734,40.48740918774727],[-3.6543490408999326,40.48749063403965],[-3.6541682464985303,40.48780973644968],[-3.654134162512163,40.487913496231535],[-3.654067158806855,40.4880926940497],[-3.653711773211999,40.48830814474867],[-3.6531064775733246,40.488683681467094],[-3.6529217903838846,40.488678752072865],[-3.6528959056738075,40.48856588106701],[-3.6531887286991664,40.48813200419891],[-3.6535478221891715,40.48802989372154],[-3.65391749755742,40.48770155262073],[-3.6540438455347273,40.48750953265085],[-3.654050741182754,40.487189153435736],[-3.6539703170280577,40.487106473965895],[-3.654142626943848,40.486684078192695],[-3.654306536430599,40.48627410799261],[-3.6536704481244984,40.48596427699921],[-3.653872893656353,40.485335388092864],[-3.6539484729400487,40.48509296200459],[-3.6540094449894354,40.48496240159828],[-3.6540738866438227,40.484835587263845],[-3.6542861240706945,40.484508649244816],[-3.6544165073481234,40.48429305652945],[-3.6543565784839065,40.48395136192395],[-3.6543207472241424,40.48374981827448],[-3.6542533065480827,40.483737731674616],[-3.6541012916925855,40.483708502204],[-3.6539458511666894,40.48367884146848],[-3.6537797714887286,40.48364706954918],[-3.6535796617700966,40.48360892230899],[-3.6534241124503577,40.483580162380896],[-3.653320235849352,40.48356300197964],[-3.653256180592234,40.483552012769955],[-3.652997170064579,40.483512386625435],[-3.6525732716544277,40.483442078604384],[-3.6519723953598473,40.483347443341394],[-3.6512517270593756,40.48323546211337],[-3.6503210154536805,40.48303592023296],[-3.650070114353495,40.48299263830352],[-3.6496928773513866,40.48292638153295],[-3.6492828058663043,40.48285768638543],[-3.649048329516434,40.482816841477714],[-3.6488218950878943,40.48277793291814],[-3.6485775879408355,40.48273307920198],[-3.6483501842215658,40.48269147246858],[-3.64805200415205,40.48263909105654],[-3.6477812514306938,40.482591140710745],[-3.647460945342159,40.48253212506291],[-3.647225968120608,40.48248803603167],[-3.647127753346051,40.48247038789961],[-3.647096303546604,40.48246352799192],[-3.6469405758207083,40.482427913510456],[-3.6467571479776266,40.4823827241558],[-3.6465485434999922,40.48233272042674],[-3.6463736343254247,40.482302257498354],[-3.6462619574949873,40.4822833235638],[-3.6461307988949847,40.48226288583277],[-3.6459226014032935,40.4822244822346],[-3.645091321393416,40.482071828623305],[-3.644292261090968,40.481916142581106],[-3.6433190805512923,40.48174521320054],[-3.642759448815937,40.48162141763751],[-3.6421443089021497,40.4814890359309],[-3.6422352362514223,40.48168564676231],[-3.6423229763953135,40.48184241958723],[-3.642473440713348,40.48207876216525],[-3.642568570631309,40.48227543042979],[-3.642675553598242,40.482477762396286],[-3.6427885769254034,40.48274924045638],[-3.6428857364071283,40.48296057273891],[-3.6429434904652793,40.4831658539145],[-3.643013845870074,40.483394632378584],[-3.6430710937084076,40.483596240635315],[-3.6431227576424337,40.48385311384373],[-3.643161567034145,40.48409698655586],[-3.643182824307564,40.48434747940895],[-3.643186167047894,40.48466676523299],[-3.6431801402817556,40.4848820947927],[-3.643169569747164,40.48515910691857],[-3.643140302032707,40.48539330441763],[-3.6430930705779985,40.48567390788312],[-3.643037226025543,40.48593973951019],[-3.64299052614803,40.48617597986487],[-3.642968860055425,40.486273352053594],[-3.64293833676028,40.48652817793772],[-3.6428905305636046,40.48691564866025],[-3.642854509438179,40.48727076570326],[-3.642828183065674,40.48776891796238],[-3.6428306503484866,40.48806583925779],[-3.642840548930806,40.4883934217054],[-3.642860132315259,40.48876399502375],[-3.642895819401797,40.489092208746555],[-3.6429399788368007,40.489415456420716],[-3.6429768416532267,40.48964547501498],[-3.6430092554108002,40.489744366078824],[-3.6430422353158494,40.48989761397228],[-3.6431174059274416,40.490235688876474],[-3.6432213713598243,40.49062467517138],[-3.643332726823612,40.49094838642967],[-3.6434547306252214,40.491283596751714],[-3.643568261124158,40.49157535892219],[-3.643702108374268,40.491874106854006],[-3.6438965266689616,40.49227650739603],[-3.6440409705316106,40.49259223176549],[-3.6441747225497307,40.49284850245462],[-3.6443502278063185,40.493218539345364],[-3.644474808885004,40.49349160840923],[-3.6447396575459505,40.49412040569852],[-3.6449361583697915,40.49458860299816],[-3.645111927886367,40.49503459149536],[-3.6452948639545704,40.49551888171243],[-3.6454391189982642,40.49590213618245],[-3.6455440442571847,40.496182061417876],[-3.6456539210777263,40.4965130936045],[-3.645920861086371,40.49728862268047],[-3.6460842948777397,40.49782014617302],[-3.646165983699018,40.49812162388879],[-3.6462566757235764,40.498421672816235],[-3.6462969556082463,40.49857561743837],[-3.646337038174458,40.49871267139592],[-3.646439440734102,40.499087924282584],[-3.6465413756259393,40.49947457596725],[-3.646610925358518,40.499763814987105],[-3.646666394132836,40.49998152975937],[-3.646707637426495,40.50016309018422],[-3.646750858592427,40.50038344999173],[-3.6467924030330297,40.50058402653901],[-3.6468300478190847,40.500759471958865],[-3.646858290180867,40.50086154721374],[-3.6468813745302513,40.501002858193516],[-3.6469173691034795,40.50119566400615],[-3.6469739511619825,40.501514281351405],[-3.647013660746569,40.501723958058356],[-3.647062507175361,40.501955943744214],[-3.6471020210540606,40.50213414430646],[-3.6471308688695263,40.50233472869961],[-3.647157107413448,40.502502030695965],[-3.6471777679424076,40.50264152633561],[-3.6471905622903265,40.502770561613076],[-3.6472224679229392,40.50297979542265],[-3.647255612420205,40.50319633752463],[-3.6472799035805146,40.503339010962264],[-3.6473269829728365,40.50357602433651],[-3.647363878752116,40.503718654167436],[-3.647405005199014,40.50386674671695],[-3.647444861194512,40.50400298161173],[-3.6474579438401706,40.504071087856104],[-3.647522975037357,40.50407362436224],[-3.6475233924189676,40.50429498030436],[-3.647568121633556,40.504424908619534],[-3.6476114631456147,40.50454061059127],[-3.647693073825282,40.50473052978817],[-3.6477758987900843,40.50492271236232],[-3.6478574478811665,40.50510122647762],[-3.6479212048686085,40.505217768809054],[-3.648014668537261,40.50538209901897],[-3.6481165780733025,40.5055532465786],[-3.64821409722073,40.5056924820414],[-3.6482838407151292,40.505806720330014],[-3.6484116271636253,40.50598689352659],[-3.6484691760166044,40.5060701643863],[-3.6486132176823056,40.50625666949297],[-3.6487299922548813,40.50640358913801],[-3.648866646115645,40.50656184737853],[-3.6489652785596243,40.50668647246632],[-3.649088775762667,40.50682048023505],[-3.649230170267874,40.50696590071938],[-3.649371564096516,40.50710506883951],[-3.649505198582708,40.507225316618985],[-3.6497675719415996,40.50744636194865],[-3.6500435198111565,40.50768079864525],[-3.6503078653544745,40.507891813712774],[-3.6506260541618616,40.5081097952237],[-3.650904040699587,40.50829447110843],[-3.651201333205063,40.508472497050114],[-3.6515375591774615,40.5086523026922],[-3.6518738016469396,40.5088311883441],[-3.6522276330028296,40.50899793782469],[-3.652644871647839,40.50917311181592],[-3.6530837822651265,40.509342116830965],[-3.6535058924328747,40.50947760292022],[-3.653935119526814,40.50961773182223],[-3.654335736215592,40.50971281439931],[-3.654698740259669,40.5097997303951],[-3.6550698673509445,40.50986617599328],[-3.6554218247146784,40.50993242282217],[-3.655857304861194,40.50998676225813],[-3.6563640349110083,40.51004640702823],[-3.6565310632019434,40.510062124685106],[-3.656806332716637,40.510088019610066],[-3.657352324848918,40.51012980643651],[-3.657452007360532,40.50966002814729],[-3.6575168840557297,40.50929811331185],[-3.657545980977767,40.50903126588208],[-3.6575630698636714,40.50876520747615],[-3.657562870414874,40.508564733234216],[-3.6575597590135933,40.50839481577719],[-3.657525288182664,40.508023186957104],[-3.6575095979226813,40.50756956019769],[-3.657510738658511,40.507105053963386]]]}},{"type":"Feature","properties":{"expedienteGrupo":"711/2006/22418","sigma_layer_kind":"tramitados_ad","tourIndex":17},"geometry":{"type":"MultiPolygon","coordinates":[[[[-3.6637857353592396,40.373309409351926],[-3.6636037924103535,40.37337441830024],[-3.6634946300060727,40.37341378387736],[-3.6634183596556875,40.373443951543045],[-3.6633796841059474,40.37346399347361],[-3.6633234729764794,40.37349765866574],[-3.663261434056721,40.373537645621695],[-3.663170765152832,40.37359505820459],[-3.663033151767903,40.37368219069311],[-3.6630180317769767,40.37369109731031],[-3.6629991874892354,40.373702205484605],[-3.662962427177497,40.37372538948751],[-3.6629371395374113,40.37374130942392],[-3.6628668957751294,40.37378550541584],[-3.6627580181545905,40.373854049208084],[-3.662676131136834,40.37391217684789],[-3.6626107196784843,40.37396750729391],[-3.662591386895711,40.37398648316304],[-3.662591340309736,40.37398653748469],[-3.6625535385827708,40.37402369146134],[-3.6624812330897796,40.37409798048452],[-3.6623785375451434,40.37419766906955],[-3.662213250576297,40.37437132051083],[-3.6621931609706646,40.374392426798785],[-3.6621951104408357,40.37439422646906],[-3.66287666419662,40.375022752980456],[-3.6629199442813265,40.37506256844138],[-3.6629228447659066,40.37506524554113],[-3.6629351239392216,40.375076544658974],[-3.662945370358439,40.375085963513555],[-3.6630216841210093,40.37515615750117],[-3.663038387314422,40.3751452958381],[-3.6630649928845083,40.37512798092132],[-3.663065227052667,40.375127835432785],[-3.663065472911562,40.37512768086808],[-3.6631516279668292,40.37507342943594],[-3.6631621672822074,40.37506706261509],[-3.663317856887193,40.37496707840266],[-3.6638877565231622,40.37460324515429],[-3.6638902968195546,40.374601626947644],[-3.6639476540358364,40.374563450345086],[-3.6639886416145355,40.37453889039263],[-3.6642813165029637,40.37435522536472],[-3.6645716545628995,40.37417246492574],[-3.664740543274039,40.37406392535775],[-3.6647413860406277,40.374063379966195],[-3.6638901859315114,40.373270070549665],[-3.6637857353592396,40.373309409351926]]],[[[-3.652594173573193,40.38842579342053],[-3.652522441789727,40.38842672975761],[-3.6523865766067916,40.38842849636655],[-3.6523088281729477,40.38842984489775],[-3.651748077181756,40.388437520343906],[-3.651728236810208,40.38870158983529],[-3.651725179990602,40.38875115712125],[-3.6517147011028053,40.38888635269874],[-3.6517115488320653,40.388926019518706],[-3.6516906745697275,40.3892063111903],[-3.652250691609966,40.38924280275999],[-3.6523285018247935,40.38924776028779],[-3.6524402440099206,40.38925508489999],[-3.652461111679798,40.38925645365902],[-3.65256901041411,40.389263520550955],[-3.6525970174946334,40.38887056570773],[-3.652600102851576,40.38882280006026],[-3.652629256044699,40.38842533416137],[-3.652594173573193,40.38842579342053]]],[[[-3.6507684933549505,40.39049742759488],[-3.650775435358288,40.39050989315551],[-3.6507871620591454,40.390531034577066],[-3.6508050085730033,40.390564907447285],[-3.65082195033635,40.3905990376615],[-3.6508379870878302,40.39063339819424],[-3.6508531660401418,40.390667997789315],[-3.650860043324132,40.39068475203965],[-3.65086747558378,40.3907028545305],[-3.650873579946085,40.390718874384405],[-3.650880809074246,40.39073790595482],[-3.6509194599831396,40.39084850930931],[-3.65093160300288,40.3908871800765],[-3.650948713430501,40.39095104835358],[-3.6509585001170657,40.390989732381904],[-3.6509671290862418,40.39102932383638],[-3.650975749391212,40.39106801442888],[-3.650981759502755,40.391099935864375],[-3.650983200107764,40.391107603505624],[-3.6509870549715497,40.39112983427558],[-3.650990203593452,40.391130113849854],[-3.6514953297781343,40.39118006231555],[-3.651496599269136,40.391179748853716],[-3.6514966668350235,40.39117942414554],[-3.6515043610833646,40.39114521829633],[-3.651543869874237,40.390965714641794],[-3.6515469337961717,40.3909510936301],[-3.6515742798510202,40.39082139772211],[-3.6516334798641448,40.3905480974545],[-3.6516340663794704,40.3905453824106],[-3.6515988011547615,40.390542887415535],[-3.651575125916884,40.39054120999457],[-3.651560970433453,40.39053948793743],[-3.651474669745756,40.390533938086435],[-3.6512618545000524,40.39051910969224],[-3.6507608848119277,40.39048426307518],[-3.6507684933549505,40.39049742759488]]],[[[-3.660894346736774,40.381688879499116],[-3.6608884240590283,40.38227385678269],[-3.6610286183837055,40.3822739473756],[-3.6614445072005313,40.3822760828428],[-3.6615069428026987,40.38227572570029],[-3.66150716911433,40.3821784260336],[-3.6615088020617077,40.38162395107725],[-3.661508808995278,40.38162345553658],[-3.6614463739072005,40.38162380366674],[-3.661022251951308,40.38162263418912],[-3.6608950171856875,40.38162246952064],[-3.660894346736774,40.381688879499116]]],[[[-3.6468368950079997,40.38806150682201],[-3.6468081685727713,40.388099478715574],[-3.6466173323287463,40.3883491972615],[-3.6466030195539427,40.38836792613973],[-3.6468660984058885,40.38848839298448],[-3.646866051883551,40.38848845630845],[-3.64686963785746,40.388490129959784],[-3.6470270290502884,40.38856222313328],[-3.6470305807223187,40.38856400508076],[-3.6473454017833236,40.38871089328468],[-3.6475467846747174,40.38845660994495],[-3.647618957889628,40.38836521381859],[-3.6476112897195865,40.3883617251957],[-3.647489971268241,40.3883064760584],[-3.647308917099404,40.38822280414123],[-3.6472532914805567,40.388197899030565],[-3.647232381442506,40.3881883673198],[-3.647208335551111,40.38817741169997],[-3.646885270431264,40.388030578231444],[-3.646866342631852,40.38802256691263],[-3.6468368950079997,40.38806150682201]]],[[[-3.657402973261307,40.387055036433495],[-3.657382158322459,40.38709659663709],[-3.6573625275195214,40.38713634828473],[-3.6573405431729795,40.387178816038364],[-3.6573209298382228,40.387220369399614],[-3.657298966065288,40.38726374694721],[-3.657278171450785,40.387306198916434],[-3.657257368228445,40.38734776803862],[-3.6572353954422496,40.38739022669621],[-3.657214583324151,40.3874308859415],[-3.6571926194161475,40.38747426346839],[-3.6571718159155595,40.3875158145576],[-3.6571486737423,40.38755918976273],[-3.657598770065351,40.387804381310616],[-3.6577841023937725,40.38743286395572],[-3.657815565684528,40.38736926990894],[-3.6579223429017245,40.387154786361],[-3.657560227877355,40.387049286411845],[-3.657459774472852,40.387020019445885],[-3.6574249076890997,40.38700986622036],[-3.657402973261307,40.387055036433495]]],[[[-3.6580214675148524,40.39509979440356],[-3.658037760137301,40.3951272695003],[-3.6580671744893825,40.39517240881561],[-3.658090946465359,40.395216517163114],[-3.6580922552353203,40.39521902325045],[-3.6581115533749378,40.39526351741881],[-3.658112999911961,40.39526686056711],[-3.6581162669879963,40.39527565286193],[-3.6581066322324034,40.39527726627052],[-3.658112289562641,40.395290720678794],[-3.6581186907179553,40.3953067474528],[-3.6581255749331114,40.39532397869497],[-3.6581413133205487,40.39536713274566],[-3.6581426562451638,40.39537193595571],[-3.658149850595699,40.39539681414775],[-3.658158396650195,40.395427396407975],[-3.6581647697081086,40.39545021619213],[-3.6583964984971837,40.39552634810793],[-3.658487119101846,40.395556120638894],[-3.6585083677462187,40.39551776505807],[-3.65852595537578,40.395485826776124],[-3.6585298342681893,40.395478795614245],[-3.6585318952373105,40.39547505411394],[-3.6585333889515863,40.39547235188943],[-3.6585349519571313,40.39546950512486],[-3.6585377192017803,40.395464480311446],[-3.658540474663415,40.395459455565074],[-3.65873056766165,40.395117838227385],[-3.6587280373297197,40.39511694272422],[-3.6587125594591017,40.39511143625321],[-3.6586622829294946,40.395093542309105],[-3.6586613133374932,40.39509319647766],[-3.658658274514644,40.39509211467857],[-3.6586524696233322,40.39509012970826],[-3.6586452815226282,40.39508767513483],[-3.6586140218344716,40.395076907145125],[-3.658610392218385,40.395075657537106],[-3.658215985216045,40.39494013632623],[-3.6582161011990273,40.39493994647511],[-3.6581332189378353,40.39491095851895],[-3.658132859644366,40.39491157318204],[-3.658076973742201,40.39489237756334],[-3.657990289563953,40.39486258230527],[-3.6578418215487223,40.394811705869955],[-3.6578175434982954,40.39484996144924],[-3.6578394199015287,40.3948748822643],[-3.657846152329107,40.39488258277086],[-3.657858252750874,40.39489944200898],[-3.6578701260669244,40.3949159692015],[-3.657909090752869,40.394960531695915],[-3.6579230733941843,40.394978281126576],[-3.6579457730347382,40.39500787295433],[-3.657964475124675,40.39503230729774],[-3.6579777482919638,40.395026799288715],[-3.6580214675148524,40.39509979440356]]],[[[-3.645829771568183,40.39470681494673],[-3.6458298404254634,40.3947140218372],[-3.6458336560401814,40.39474463144494],[-3.6458410290604584,40.39477882482058],[-3.6458507766396924,40.39481119410478],[-3.645864047376757,40.394843561727434],[-3.645895138179739,40.394891136260036],[-3.6459201515427706,40.39491802381775],[-3.6459320546047107,40.394930570057085],[-3.6459322809695407,40.394930830056275],[-3.6460153590290743,40.39501660098248],[-3.646171165855488,40.39516797507134],[-3.64619258119919,40.39518947721904],[-3.646196141812277,40.395192160048744],[-3.6462187440433875,40.39521455646791],[-3.6463840641124383,40.39537489519813],[-3.646393584972305,40.39538475197744],[-3.6464181483749125,40.39536824514054],[-3.6464720286431973,40.39533204268375],[-3.64668063943486,40.395194127170996],[-3.6467015168679446,40.39518032559746],[-3.6467017157928723,40.39518018033944],[-3.6467069907811305,40.395176078727346],[-3.6467085464016398,40.39517487181764],[-3.6466871512148753,40.39515426155329],[-3.646657407279209,40.39512560780937],[-3.646501599471455,40.394974234382275],[-3.646454271279585,40.39492792197538],[-3.646454021261528,40.394927653100346],[-3.6463386537647056,40.3948156753454],[-3.6462101938016795,40.39469118493688],[-3.646048783090541,40.39468569041745],[-3.646046119212113,40.394685597191746],[-3.646005112394038,40.39468420465753],[-3.645834431553008,40.39467904091036],[-3.6458295047464593,40.39467888824602],[-3.645829771568183,40.39470681494673]]],[[[-3.6580045848886917,40.38749306063181],[-3.6580155531999368,40.38753173735411],[-3.658319953408784,40.38769667316124],[-3.658468017464112,40.38777781294832],[-3.658486560413928,40.387746175503956],[-3.6585109062350663,40.387705495910026],[-3.6585352520271814,40.387664816310945],[-3.6585595714664185,40.38762143412626],[-3.6585839084245944,40.38757985365666],[-3.6586059154335446,40.387540989182355],[-3.6586302523348,40.3874994087029],[-3.6586534022216575,40.38745692505999],[-3.658677739151782,40.38741535357898],[-3.6587008978447844,40.38737377979517],[-3.658142103932986,40.38721841034296],[-3.6580045848886917,40.38749306063181]]],[[[-3.6764619188825263,40.380120799917684],[-3.676388792060604,40.3801697957627],[-3.676370070354743,40.380182518016056],[-3.676241356093958,40.380269749203705],[-3.676212104464694,40.38028974029359],[-3.6761664691864038,40.3803206561218],[-3.6760833899756693,40.38037698932424],[-3.6760635108563844,40.380390610196145],[-3.6759769129023754,40.38044968464358],[-3.6760897950561158,40.3805463230867],[-3.6761183100542025,40.38057047194914],[-3.676217968620977,40.38065589916805],[-3.67630354394937,40.38059822693425],[-3.676324594749142,40.38058278833849],[-3.676450962420853,40.38049646269001],[-3.6764802140672375,40.38047647154026],[-3.6766089075231445,40.380388330291574],[-3.6766288100003455,40.38037470018037],[-3.676698559452321,40.380326066294856],[-3.6766998813897045,40.38032513963027],[-3.6764620710299174,40.38012069992749],[-3.6764619188825263,40.380120799917684]]],[[[-3.661273141853552,40.377883319032556],[-3.6611390793635934,40.37814805263527],[-3.6616990796438,40.37831331111871],[-3.661830766796421,40.37804679765882],[-3.6615720453170932,40.37797170058326],[-3.66153894802334,40.37796017807421],[-3.661274293384069,40.37788060971318],[-3.661273141853552,40.377883319032556]]],[[[-3.6757821605497116,40.378981203136114],[-3.6757574226346623,40.378997798330275],[-3.6757539067274796,40.37899962069756],[-3.6757492218512295,40.37900235080656],[-3.6757836800193693,40.37903187950514],[-3.6758359607245943,40.37907661051144],[-3.6758751759578128,40.37911062494421],[-3.6759334036233438,40.37915984372047],[-3.675978521005701,40.379197400234844],[-3.676029626949293,40.379241255126125],[-3.676139608979983,40.37916583652194],[-3.6761571614849955,40.37915402205147],[-3.676264805304884,40.37908041882111],[-3.676272988046712,40.37907406459209],[-3.676302248145212,40.37905497434523],[-3.676315761909009,40.379045715029896],[-3.676077208846396,40.37884182837726],[-3.6760697941264664,40.378835448231015],[-3.6760399310278955,40.378808352240874],[-3.6757821605497116,40.378981203136114]]],[[[-3.6663208192076207,40.39640137804726],[-3.666302191719384,40.396423107191744],[-3.6662381235742267,40.396498251765166],[-3.6662241529618256,40.396515449522134],[-3.666193864039261,40.39655075946553],[-3.66618653690721,40.396558153093494],[-3.66617052933134,40.39657431752567],[-3.6661635306915503,40.39658156511428],[-3.666283149549922,40.39664303859345],[-3.6663589384299042,40.39668224183042],[-3.6664738474179837,40.39674284134422],[-3.6664808460407152,40.39673559373718],[-3.6664912840172703,40.39672222715494],[-3.6665006280862484,40.396710254276186],[-3.666555403160959,40.396648676758275],[-3.6666122960037817,40.396583195080346],[-3.666678881999377,40.39650650423999],[-3.6663614131951485,40.39635477435426],[-3.666360430520316,40.39635430253577],[-3.6663208192076207,40.39640137804726]]],[[[-3.6658762820798114,40.40187245111248],[-3.6658289818490584,40.401913345425946],[-3.6659805022252416,40.40200868073504],[-3.665981154414297,40.40200909139611],[-3.665982509341732,40.402007867366684],[-3.6659863642361104,40.40200442171412],[-3.666037772058382,40.40195822435729],[-3.666042082605568,40.401954379678784],[-3.6660430406134012,40.40195353631625],[-3.6660429219771036,40.401953455917926],[-3.6658918024847402,40.401859334606364],[-3.6658762820798114,40.40187245111248]]]]}},{"type":"Feature","properties":{"expedienteGrupo":"511/2025/19416","sigma_layer_kind":"gestion","tourIndex":18},"geometry":{"type":"Polygon","coordinates":[[[-3.682859506535176,40.51272708654284],[-3.682848860613219,40.51272951879359],[-3.6828831311070966,40.5128509364378],[-3.6828889873909176,40.51287087456269],[-3.68291683924082,40.51296112329346],[-3.683294742363824,40.51419296442547],[-3.6833441892340875,40.51444757880808],[-3.6833985565800202,40.514727551131614],[-3.6835317107581735,40.51542882692853],[-3.683552587742201,40.51553878314103],[-3.683605431170677,40.51573013480619],[-3.6836066085872203,40.515942521572036],[-3.683606663392078,40.51595140401906],[-3.683608730210675,40.515958481792936],[-3.683609342167664,40.51596062228984],[-3.683641026825608,40.5160735325178],[-3.683651706926962,40.51611160398657],[-3.683656605900651,40.516129052259984],[-3.683658651410526,40.516136355381164],[-3.683666489867088,40.51616428162623],[-3.6837380534123603,40.51641929641892],[-3.683743944954981,40.51644032435474],[-3.6837597942270754,40.51649686048547],[-3.683818732654207,40.51670704958711],[-3.683827379400406,40.51673783586341],[-3.683871004337901,40.5168930802158],[-3.6838717393843208,40.51689571547165],[-3.6838760997029074,40.51691125703546],[-3.683889413913732,40.51695876321682],[-3.683907700453631,40.51702395145308],[-3.68403372397036,40.51747328983647],[-3.684066036267497,40.517603673452726],[-3.6841200139460586,40.51782152225597],[-3.6842542574339987,40.517843682060985],[-3.68425523853508,40.51784381138471],[-3.6843388020927015,40.51785758661261],[-3.6844077507206854,40.517868961889256],[-3.6845577561817846,40.5178936946156],[-3.6846148211995584,40.51790310415894],[-3.684650614079731,40.51790901813862],[-3.6846910538933964,40.51791568834621],[-3.68469609117618,40.51791652335213],[-3.684697261783944,40.51791671461145],[-3.6847193812289922,40.51790138554115],[-3.6847515229232943,40.51787910527378],[-3.6847541252516933,40.517877306091975],[-3.68478953739954,40.51785276321934],[-3.6848256175794036,40.51782774791429],[-3.684843927362279,40.51781506298571],[-3.6850634442848555,40.51766291687547],[-3.685086255224956,40.51764711517264],[-3.6851582628578594,40.51759720238632],[-3.685275153496715,40.51751618594955],[-3.6854360476743198,40.51740467453822],[-3.6858042525213195,40.51714947507884],[-3.6858252460981245,40.51713491823386],[-3.685835186149345,40.51712803049671],[-3.6858537299749616,40.517115181858294],[-3.6858599072527816,40.51711089299595],[-3.6858678077554043,40.51710542274893],[-3.6858696362971872,40.5171041506505],[-3.685900054188368,40.51708306946785],[-3.6859139912278223,40.5170734012772],[-3.686098291519162,40.51694566912622],[-3.6861901893203157,40.516881971103054],[-3.686194022333824,40.51687931774451],[-3.686202250899531,40.51687361129515],[-3.6860129061344518,40.51663032425407],[-3.685922764756663,40.5164621137686],[-3.6859042806432307,40.5164275212271],[-3.685835169539507,40.51629814029328],[-3.6857503645400866,40.51615193374602],[-3.6857198575361685,40.51609934968724],[-3.6856978093772987,40.516061345870774],[-3.685647741203732,40.51597501342952],[-3.6855920110028415,40.515885588471725],[-3.685538729070324,40.515800094856985],[-3.6855269686039023,40.515781218919564],[-3.685499511619862,40.515737157137146],[-3.6854721385814515,40.51569322097436],[-3.6854676985096018,40.51568610325873],[-3.685444813710735,40.515649374607946],[-3.6854435374884793,40.51564692274971],[-3.6853827953806846,40.51553010433514],[-3.6853385002392987,40.51544492668306],[-3.68529503597939,40.515361347668474],[-3.685215105710245,40.51518704006865],[-3.685149964099918,40.51504496864459],[-3.6851433124880484,40.51503047673289],[-3.6851387975887047,40.51502063876045],[-3.6851362984311984,40.51501516716013],[-3.6851046480563854,40.51494177014491],[-3.685052554064804,40.514820927342775],[-3.685041782524839,40.51479596448381],[-3.685004377432724,40.514709187305314],[-3.685000774852159,40.514700839395616],[-3.6849825663022395,40.514634074288026],[-3.684978287407121,40.514618424170706],[-3.684972046176035,40.514595533522844],[-3.684971236992478,40.51459257439215],[-3.6849436117813097,40.51449129795533],[-3.6849231967949776,40.51441649195961],[-3.684893119770556,40.51430625717747],[-3.6848762856276958,40.51412628709694],[-3.6848695570122647,40.51405432786104],[-3.684870436850388,40.51402826891238],[-3.684873621952618,40.51393410704613],[-3.684879114503455,40.51377205845951],[-3.6848803409322564,40.51373597955984],[-3.684881268047365,40.51370876719045],[-3.6848911916968845,40.513500773975544],[-3.684971910560493,40.51297917573623],[-3.6850007875115622,40.5127929077116],[-3.6850100807328547,40.51273295244424],[-3.685038675761033,40.51258743333131],[-3.6850531864859835,40.51251359143888],[-3.6850825449718307,40.51236423900115],[-3.685096126218496,40.51221299813337],[-3.6850993283739415,40.512177375971504],[-3.685101821603458,40.51214980296113],[-3.68510638499096,40.51209947921037],[-3.685106469695828,40.51209852376464],[-3.685106830654162,40.51209455770802],[-3.685108882885593,40.51194595272109],[-3.6851099939487955,40.51186492007302],[-3.6851101096062826,40.511856568135485],[-3.6851102031493537,40.511849522619784],[-3.685103569091488,40.511647681470514],[-3.685103504643656,40.511645988179026],[-3.6851018948865097,40.511597998292864],[-3.68510087737889,40.51156760828973],[-3.6850972192898737,40.5114911624158],[-3.6850914019184193,40.51136955870576],[-3.6850913874568763,40.511369297533335],[-3.68508624214621,40.511261536519356],[-3.6850862122147565,40.511260915082524],[-3.685089035998567,40.5112159529264],[-3.685089654386803,40.51120596739607],[-3.6850937680873375,40.511140457293756],[-3.6850951070281006,40.51111892708694],[-3.685095554563934,40.51111187046277],[-3.6851010487184492,40.511024271353875],[-3.68510225741473,40.5110050211712],[-3.685100960836836,40.5109866416872],[-3.685104651837486,40.51091787286523],[-3.6851047904881886,40.51091525946131],[-3.685236197118017,40.5108026798272],[-3.685264163491446,40.510778730483125],[-3.6853543014089554,40.51070522380612],[-3.685390013538298,40.510676913227435],[-3.6854116759745676,40.5106598389946],[-3.68543627815393,40.51064167526093],[-3.685486681086028,40.51060714244855],[-3.6855101396527448,40.510592589044364],[-3.685525382211492,40.51058258882756],[-3.6855582370219633,40.51056347521982],[-3.6855875969797856,40.51054889579792],[-3.6856075605804555,40.510538867560825],[-3.685648686379824,40.51052060574522],[-3.6856910015059725,40.51050322873924],[-3.6857133531358492,40.510495888984885],[-3.6857462904390093,40.5104848828473],[-3.6857898199563532,40.510472012059324],[-3.6858110306352105,40.51046738172827],[-3.685844004619466,40.51045997890658],[-3.685891132589004,40.5104515911751],[-3.685979487264248,40.510434859694925],[-3.6860961129504632,40.510412536938176],[-3.6861620792490064,40.510399541803594],[-3.686193872805158,40.510392136882416],[-3.6862986472700325,40.51036628974214],[-3.686984959479569,40.510186538062904],[-3.687165051794318,40.51013772009264],[-3.6873404136165897,40.51008802908864],[-3.6873898464556927,40.51007422169464],[-3.6874863331594474,40.51004481921566],[-3.6875816303208415,40.51001452284371],[-3.687628693341873,40.509999828557866],[-3.6876786478317753,40.509982792748694],[-3.6877008786493266,40.50997521909753],[-3.687779250784519,40.50994849171261],[-3.687908615873243,40.50990356904488],[-3.687955662928626,40.509886172049775],[-3.688049714946455,40.50984957647196],[-3.688079571836789,40.50983750694234],[-3.688133172213584,40.5098157465797],[-3.688174296876146,40.50979748387218],[-3.68825912225511,40.50975778995394],[-3.6882894181809127,40.509743645707296],[-3.6884186286074128,40.50968251637147],[-3.688423679731522,40.50968014396503],[-3.6884550413235146,40.50966518252494],[-3.6885254877738944,40.509628727191284],[-3.6885571768490784,40.509612322347586],[-3.688599780307532,40.509588645334574],[-3.6886193798802296,40.50957771785587],[-3.688653773816938,40.50955804465272],[-3.688655760057146,40.50955605986597],[-3.688625220379943,40.5095602057777],[-3.6886109640827285,40.50956155197855],[-3.6885726391942435,40.509565023555936],[-3.688528540299381,40.5095694304144],[-3.68847651272022,40.509572983603775],[-3.688424228472605,40.509572214024764],[-3.688382630481485,40.509568407825874],[-3.6883402207152205,40.509563705557035],[-3.6883002500417557,40.50955628607336],[-3.688266291272882,40.509548110056606],[-3.688230399910403,40.509535621265755],[-3.688191187553565,40.509522710805186],[-3.688185396713141,40.50952084441284],[-3.688138581727747,40.509502024324426],[-3.6881008666381025,40.50948432118869],[-3.688065603384715,40.509463990859345],[-3.688020907828782,40.509434266337635],[-3.688001939379029,40.50941455968226],[-3.6879853100707773,40.50940429844723],[-3.6879589916434026,40.50938030226001],[-3.687932145240635,40.509351993944456],[-3.6879035609122663,40.50931531768671],[-3.687878373547388,40.50927609870736],[-3.687857561393137,40.50923766448037],[-3.68784588774796,40.50920413075158],[-3.687832547050373,40.50916916551933],[-3.6878250116355296,40.50913632786851],[-3.687819841310435,40.50910392658491],[-3.687819327614166,40.50906520035939],[-3.6878211530434957,40.5090243701448],[-3.6878249175650626,40.50898849229486],[-3.68783373317375,40.508950242063946],[-3.687845995482084,40.50891432264046],[-3.6878602076401927,40.50888440955789],[-3.687877165000764,40.50884593068099],[-3.687897832781116,40.508813645858844],[-3.687922206806572,40.508783681284996],[-3.687954763445554,40.50874709149157],[-3.68799592000929,40.50870890996525],[-3.68803205879134,40.508676361839306],[-3.688074635321362,40.5086385411954],[-3.688058505908831,40.508630979664325],[-3.688116047889404,40.50856883594015],[-3.6880919831553145,40.50855744783623],[-3.687990913824616,40.508507779912556],[-3.687957935900501,40.508491580036555],[-3.6878155694889196,40.50842125714358],[-3.68764595293973,40.50833848376318],[-3.68763696127523,40.50833407786012],[-3.6875872820243956,40.5083097611355],[-3.6874241283378244,40.50822989488417],[-3.687242643535211,40.50814178616276],[-3.6872023254454906,40.50812220633727],[-3.6871323402912144,40.50808928954635],[-3.6870869152233046,40.50806659593858],[-3.6870350121610738,40.50804060753115],[-3.686986419145665,40.50801628408795],[-3.6869300781996563,40.50798913283994],[-3.6868073025032073,40.507929962379926],[-3.6867432398273636,40.50789791104262],[-3.686664959459743,40.50786053880901],[-3.6865700760619013,40.50781425625909],[-3.6864490877175213,40.50775552524147],[-3.6864253822567026,40.507745747247874],[-3.6864087949316393,40.5077395395406],[-3.6863756386587485,40.507728925791284],[-3.686343680979673,40.50772010669511],[-3.6863271120351566,40.507715700648426],[-3.6863034617961685,40.507711336655234],[-3.6862500811948715,40.507702446565354],[-3.6862408001551867,40.507700898095],[-3.6861581350454884,40.50768490266552],[-3.686091790087655,40.5076720624986],[-3.6860888330310435,40.50767144042254],[-3.6860539404830983,40.50766417018496],[-3.6860231723620887,40.50765625383736],[-3.6859994853550666,40.507648277428025],[-3.6859840875781154,40.50764297249767],[-3.685953273399304,40.50763053393303],[-3.685901096151635,40.507606519590986],[-3.685861956357314,40.50758783319145],[-3.6858571989208655,40.5075854290223],[-3.685800264055348,40.50755666814998],[-3.685693979399951,40.5075056778161],[-3.685677848780178,40.507497944787936],[-3.6856259103112867,40.50747301900406],[-3.68560053625853,40.50746162913672],[-3.685591559214276,40.50745747523598],[-3.685580068196868,40.507452165091145],[-3.685476464846608,40.507400185686],[-3.685377274245193,40.507343405293916],[-3.6853813402431457,40.50729180517705],[-3.6853907041039866,40.50717280501821],[-3.6853960134898047,40.50710537788073],[-3.6854073522045314,40.50696124916523],[-3.685409473715859,40.506934290934886],[-3.685418597679725,40.5068184002633],[-3.6854212935733743,40.50677018660803],[-3.6854225939727145,40.50674720617594],[-3.6854227023631108,40.506746259597534],[-3.6854228107535034,40.50674531301915],[-3.6854290507048613,40.50667075430844],[-3.6854299657736065,40.50665977602897],[-3.6854371929858214,40.506560463985984],[-3.685439285247663,40.50653179423395],[-3.6854550346870805,40.506339811034614],[-3.6854608182988917,40.50626796670597],[-3.685471799147016,40.506131605767585],[-3.6854955315987508,40.50579633351545],[-3.685499611523924,40.5057449585213],[-3.685504417598051,40.505683759506056],[-3.685508079552354,40.50563770224762],[-3.685517912127391,40.505478996993105],[-3.6855215434963053,40.50541834547757],[-3.6855261277680786,40.505371300773895],[-3.6855308387962205,40.505322795874015],[-3.685532551602118,40.505259182797005],[-3.6855398956081102,40.50516905011279],[-3.685541980789278,40.50514201100731],[-3.6855472395961226,40.505078917426864],[-3.6855492605670803,40.50504557246336],[-3.685555290630556,40.50496317721637],[-3.6855565128093613,40.5049464314071],[-3.6855589885345625,40.50491254321015],[-3.6855598279826536,40.50490109691163],[-3.68556025177299,40.504895193559996],[-3.685560655628816,40.50488965068309],[-3.685593173538911,40.504896836066514],[-3.685599025386426,40.50482360393648],[-3.6856041746625627,40.504759033538384],[-3.6856087229291394,40.50463891775003],[-3.6856088252286012,40.5046362144693],[-3.6856307879982206,40.50458044512036],[-3.6856479416844152,40.50453688435024],[-3.685653117792517,40.50446568322785],[-3.6856712907476425,40.50427999179351],[-3.685675864594803,40.504265550393896],[-3.685686219959828,40.50423936310224],[-3.6856684717614634,40.504234963953614],[-3.6856531022224033,40.50423235247178],[-3.6856756196212768,40.50413486855124],[-3.6856983177081983,40.5040365907683],[-3.6857175546246124,40.50395539639978],[-3.6856962752221087,40.503951919099755],[-3.685713206864066,40.50387614375767],[-3.685691935106897,40.503876891591965],[-3.685651857460444,40.50387830955589],[-3.685651896969385,40.50380105788518],[-3.685651909315593,40.5037674996075],[-3.685671552591169,40.503494412958815],[-3.685677862884036,40.50341870063605],[-3.6856944334105304,40.50319157766536],[-3.68570035049214,40.50312361533757],[-3.685703097770403,40.503092067833855],[-3.685710177213652,40.50301076541308],[-3.685726745923024,40.50288778549491],[-3.685725180492237,40.50284995733952],[-3.6857259606462023,40.50281067383912],[-3.685726916936129,40.50278868641102],[-3.685729916070781,40.50273551601322],[-3.685748351088385,40.5024771119983],[-3.6857553124032845,40.5023795852096],[-3.6857639979937837,40.502257841228904],[-3.685768524614356,40.5021970582357],[-3.6857727905005473,40.50213616868194],[-3.685781582978617,40.50201449613202],[-3.6857864623090713,40.50197212526833],[-3.685791341633767,40.50192975440417],[-3.685798697836621,40.50184088282972],[-3.6858024746762457,40.50179455458331],[-3.6858184710629125,40.50159572294099],[-3.6858292917985533,40.501461155587705],[-3.6858353648168736,40.5013853545498],[-3.6858636310124093,40.501032037214735],[-3.6858744502597522,40.50093557757786],[-3.685877511902015,40.50092564058782],[-3.6858820811746877,40.500910775780355],[-3.685884731651049,40.50090218355923],[-3.685883315534821,40.50090219196406],[-3.685874134381183,40.50090224645495],[-3.6858646700042916,40.50090230262604],[-3.685879203845848,40.50082293788566],[-3.6858814493466494,40.50081166341033],[-3.685883694846716,40.50080038893498],[-3.685891616024735,40.50076700892313],[-3.6859076143418172,40.50071556313321],[-3.685936180739402,40.500623502608505],[-3.685961335256142,40.50054407481409],[-3.686006018978638,40.50041227935609],[-3.6860272129008096,40.50040631576392],[-3.686035438590515,40.50040399668544],[-3.6860324132474185,40.500397798490994],[-3.686030617290331,40.500394115495666],[-3.686109610290376,40.50016177497361],[-3.6861402722226373,40.50007157580481],[-3.6861415664318113,40.50006771230312],[-3.6861429065591476,40.500063722403894],[-3.6861922273271612,40.49992379130501],[-3.6861993478344854,40.49990683027362],[-3.686207302163427,40.49989757592594],[-3.686215489282641,40.49989032017559],[-3.6862190019815135,40.49988759664133],[-3.686232860002459,40.499857784916315],[-3.6862420986763573,40.499837910432035],[-3.686283559199279,40.49971765640168],[-3.6863324357835956,40.499575881045025],[-3.686430085445912,40.499292655196726],[-3.68643354301257,40.499284526630824],[-3.686444994770881,40.49925022471022],[-3.686452354094582,40.49923586582112],[-3.6864565658887876,40.49922763367626],[-3.6864514210181376,40.49915706132467],[-3.686451020485738,40.499155973624404],[-3.686449819439541,40.49915276457386],[-3.6864492493822874,40.499151254461275],[-3.6864456344439147,40.49914162737958],[-3.686443438656827,40.49913576660599],[-3.686442140635108,40.499132305881595],[-3.686439750804318,40.499125932752],[-3.686436063136557,40.499116116914635],[-3.686412723299674,40.49905391381438],[-3.68638231056289,40.49897279794741],[-3.6863718898486186,40.498944995246354],[-3.6863717531558775,40.49894432038913],[-3.6863279343578235,40.49882732051371],[-3.6863270384795,40.49882626278154],[-3.6862772302413163,40.498767703292955],[-3.686063592972996,40.49851649674055],[-3.6859559745321278,40.49838993860803],[-3.6855872804253442,40.4979564009157],[-3.6855259552809754,40.49780158600869],[-3.6855257011450884,40.497800965900495],[-3.685510757041089,40.49778551415432],[-3.685487648564673,40.49771808430218],[-3.6854412318035408,40.49758792842457],[-3.685418405929885,40.49752390225295],[-3.6853978043948223,40.49747087178876],[-3.6853759586853543,40.49741154245238],[-3.6853091500952444,40.497224553029994],[-3.685307913444301,40.49722479459541],[-3.685157910695845,40.497253818888204],[-3.6851551119426924,40.49720143056918],[-3.6851549941710835,40.49719913399176],[-3.685154309972569,40.49718639942925],[-3.6851535077279314,40.49717134126413],[-3.6851511647418285,40.497125472703395],[-3.6851494436814143,40.497108257843585],[-3.68513468694614,40.49695111257075],[-3.6850537744426606,40.49608975339338],[-3.6850521809791323,40.49593308860526],[-3.684997813996837,40.49579146622394],[-3.684780482038549,40.49522535397267],[-3.6847521779296484,40.49515163045924],[-3.6846943242022863,40.49490485834929],[-3.684693944426704,40.49472819552029],[-3.6846901138369565,40.49433395146863],[-3.684690101566335,40.494332744344874],[-3.684689782700652,40.49430021499203],[-3.6846887472381993,40.49419254640816],[-3.6847771649939505,40.49418176136713],[-3.6847764574171,40.49416323419276],[-3.6847765399240537,40.494163224694965],[-3.6847691436703247,40.493970801756916],[-3.6847614950231815,40.49377211910135],[-3.6847600989248193,40.49373577634227],[-3.684759214215857,40.49371259259924],[-3.6847402094360175,40.49321864646754],[-3.6847402350654233,40.49315732252547],[-3.684740246031673,40.49313286321389],[-3.6847402459880905,40.493121250702565],[-3.684740260757155,40.4930855572317],[-3.68474033434226,40.49290009894533],[-3.684740344482952,40.49286743250137],[-3.6847403626958077,40.49283672094748],[-3.684740478724817,40.49254747951139],[-3.6847438757405095,40.4922652545971],[-3.6847459595031173,40.49209181129898],[-3.6847486674003767,40.49186716653405],[-3.684755344541107,40.49159536350528],[-3.684755888704237,40.49157344154706],[-3.684762534647823,40.49157252830272],[-3.684776321557121,40.491570644826155],[-3.6847912749515386,40.49156859227529],[-3.684807901652812,40.49156631359293],[-3.684813792162731,40.49156537779516],[-3.684907425004595,40.49154443571419],[-3.6849469478854604,40.49153559794895],[-3.6849586033913266,40.491532988350336],[-3.684996064800574,40.49152682042148],[-3.6850182820575466,40.49152312119701],[-3.6851329494356833,40.49150402720911],[-3.685187172681028,40.49149611121275],[-3.685230037495573,40.49148984810977],[-3.685287300634779,40.49148149062255],[-3.6852872181565943,40.491473383071906],[-3.685284821636114,40.49146979370922],[-3.6852422208469897,40.49142892953814],[-3.6853216971049996,40.49141647639362],[-3.685281664404886,40.49137750690183],[-3.6852725947792657,40.491368677872686],[-3.685269376894379,40.49136554382658],[-3.6852680540676994,40.49136426339284],[-3.6852362448634044,40.49133329910973],[-3.685169778201669,40.49126860364246],[-3.6851632232674447,40.49126221913459],[-3.6851230715673653,40.4912231331758],[-3.6849212531937683,40.49102668242991],[-3.6848993220438886,40.491005118889625],[-3.6848692619539123,40.49097554953078],[-3.6848508111965614,40.49095740676884],[-3.6848501435710674,40.49095673505504],[-3.6848463771914735,40.490953036684324],[-3.6848444940476215,40.490951192003095],[-3.684689867593598,40.490799100449834],[-3.6846757554232163,40.490785220208],[-3.684665445381732,40.49077507416527],[-3.6846252900510135,40.49073557363948],[-3.6845753731915454,40.49068648235317],[-3.68443179850973,40.49054193752946],[-3.684387079804658,40.490496914440115],[-3.6842987871871307,40.49040803259122],[-3.6841313160737195,40.49024576415597],[-3.684032440245314,40.490149962821356],[-3.6840187000639477,40.49013550372355],[-3.6839636442733568,40.4900775958066],[-3.6839425093098046,40.49005536070667],[-3.683891577637792,40.49000616701542],[-3.6838695319044192,40.489984874220596],[-3.6836956095693947,40.4898169046191],[-3.6836723009213683,40.48979440305048],[-3.683487952719126,40.48961636875931],[-3.6834691961170423,40.48959824559755],[-3.6834689199969968,40.48959661661299],[-3.683467527807083,40.489596633855136],[-3.6834545849370866,40.489553737769555],[-3.6834446621987738,40.489517760703386],[-3.683435564485605,40.48948168866791],[-3.683431209017369,40.489471083878946],[-3.683428664520401,40.48946452240211],[-3.6834263550894706,40.48945786944579],[-3.683424045658993,40.489451216489414],[-3.6834220892841443,40.48944447135582],[-3.683420133823558,40.489437816306165],[-3.683418413520204,40.48943107878548],[-3.6834168101102107,40.489424232466234],[-3.6834158786726623,40.489419652425404],[-3.6834154436850457,40.489417483843894],[-3.683407955818897,40.48937725817493],[-3.683402039292564,40.489340716877585],[-3.683396947785098,40.48930408061177],[-3.683392681295191,40.48926734937762],[-3.6833893587246282,40.48923061256154],[-3.6833867431795753,40.48919378147501],[-3.6833850715510565,40.48915694480671],[-3.6833842258483935,40.48912010325433],[-3.6833842224627116,40.48911046371151],[-3.683384207795615,40.48908459013045],[-3.6833842060702477,40.48908325681793],[-3.683384490094354,40.48907054352796],[-3.683385013129052,40.489046495581476],[-3.68338664519586,40.489009639377045],[-3.6833884801316508,40.488982313428565],[-3.68338910409692,40.48897286837254],[-3.683392506905862,40.48893609178627],[-3.6833959370022553,40.488905495169476],[-3.683396618557503,40.48889940109751],[-3.683401675028016,40.488862794910794],[-3.683407557413451,40.48882618383975],[-3.683414266626314,40.48878965796827],[-3.683421685590636,40.48875330807783],[-3.6834300493682686,40.488717042688954],[-3.6834392399694007,40.48868086249917],[-3.683449257392706,40.48864476750829],[-3.6834601034646774,40.48860893788405],[-3.683471776356296,40.48857319345829],[-3.6834842760662942,40.488537534230765],[-3.683524865910612,40.488397925903044],[-3.683568086880926,40.48826064431986],[-3.6835846995797463,40.48821170860412],[-3.683614487937243,40.48812397453298],[-3.6836639628729353,40.48798791716691],[-3.6836726775878526,40.48796300094331],[-3.683676908728476,40.48794973277338],[-3.6836807859063785,40.48793646669718],[-3.6836844261946196,40.48792311193279],[-3.683687712520507,40.487909759262216],[-3.6836906439700767,40.48789631860146],[-3.6836914749301037,40.48789216056484],[-3.683693338530477,40.48788278925261],[-3.683695680043276,40.48786935208158],[-3.6836977846672285,40.48785582622249],[-3.6836995344155894,40.48784221237332],[-3.683700930202772,40.48782860061806],[-3.6837020909299927,40.48781508034272],[-3.683759831127374,40.48754127239392],[-3.6837615365475296,40.48751515439724],[-3.683769072887613,40.487460173295695],[-3.6837785319857432,40.4873911899338],[-3.683782518561957,40.48736196837339],[-3.68378365025333,40.48732931327977],[-3.683784616014623,40.48730123570915],[-3.6837907660817635,40.48725615462226],[-3.683808547976315,40.48710622173045],[-3.683829631074069,40.486935116307244],[-3.683829818936171,40.48693502510627],[-3.683837297932914,40.4869313682684],[-3.6838376032316535,40.48693122231892],[-3.683840773198497,40.486929663033465],[-3.6838450571184365,40.48688207948854],[-3.6838531910353844,40.486791824837375],[-3.683872459375391,40.486609342834356],[-3.683873066418853,40.4866028888406],[-3.683885139809727,40.48649389930139],[-3.6838881226871076,40.48646693590761],[-3.6839003258175995,40.48635678344321],[-3.6839154138117163,40.486220478964746],[-3.68393053440043,40.48608390402009],[-3.683939266525588,40.48600494302406],[-3.6839485664192657,40.48592379850238],[-3.683962755253699,40.48580005779458],[-3.6839684730231843,40.48575425853021],[-3.6839702299824286,40.48574252749853],[-3.683972502675835,40.48573627085155],[-3.683976164092135,40.48573198795318],[-3.683980793152715,40.48572771734588],[-3.68398809009499,40.48572357509236],[-3.683996178253897,40.485720662380835],[-3.684084018613574,40.48569825075182],[-3.684283153702007,40.485647432615245],[-3.684323872798293,40.485637047450055],[-3.6843315575986417,40.48563508304234],[-3.684375405473578,40.485655102530934],[-3.684424753684792,40.48567763896048],[-3.684539602853231,40.48572617461637],[-3.684620276990074,40.48576026406544],[-3.684896441511747,40.48588295121584],[-3.68497099945,40.485917743325096],[-3.6850813841037184,40.48596924181362],[-3.6850865883128923,40.485971643378726],[-3.6852829616204352,40.486062271264856],[-3.685349300611909,40.48609287765919],[-3.685526552842287,40.48617235733847],[-3.68556147231375,40.4861880149515],[-3.685574629668535,40.486193945866816],[-3.6856814903321187,40.48605560124787],[-3.6857917394986757,40.48591287609338],[-3.68581208428133,40.48588653034016],[-3.6856937886220096,40.48583335877822],[-3.6856402108259734,40.48580917232149],[-3.685640091925997,40.485809082937436],[-3.6856399739427443,40.48580908363736],[-3.6855773863793533,40.48578071639908],[-3.685305903731646,40.485654399537225],[-3.685191311450223,40.48560216044512],[-3.6851518021560565,40.48558414255806],[-3.684997700900002,40.48551388536992],[-3.684904021506825,40.48547138683077],[-3.684799744961603,40.485424068159496],[-3.6847972205063964,40.48540786702097],[-3.684743282095292,40.48538296156645],[-3.6845909514568556,40.48531269334105],[-3.684507793746665,40.48526404210767],[-3.684514862853978,40.48524328867952],[-3.684515286667313,40.48524203392633],[-3.684531876013528,40.48519326035163],[-3.6847769763314973,40.48447241722312],[-3.6847868631028917,40.484443331825844],[-3.6847907009293506,40.484432038897296],[-3.6848153093936333,40.48435968639937],[-3.6848286443484737,40.4843204455041],[-3.6849531288029036,40.483954395112356],[-3.6850193326327836,40.48389648963136],[-3.685020186376463,40.48389574583764],[-3.6850369779973033,40.483906393981826],[-3.68506721232993,40.48392555697575],[-3.6851329436516878,40.483967401266376],[-3.6851493798832338,40.48395353816241],[-3.685466685433419,40.48368589279717],[-3.6854699141762497,40.483683170964056],[-3.6857495468668446,40.48379952930385],[-3.686006546767808,40.48366286996008],[-3.686073308947313,40.48361472625717],[-3.686088545372941,40.48360472597014],[-3.686122585109623,40.48358740689831],[-3.6861482204191183,40.48357666919765],[-3.686153131315387,40.48357461302967],[-3.6861717678335304,40.483568295221964],[-3.686180174824772,40.48356544352695],[-3.686202393247374,40.483562122444596],[-3.6862178731598285,40.48355981433383],[-3.686470119418788,40.483535793994506],[-3.68649015753631,40.48353387318456],[-3.686698806371314,40.48351551666565],[-3.6867223746711333,40.48351267394594],[-3.68691568607937,40.48349440816692],[-3.686939263545793,40.483492466242986],[-3.6869852386827855,40.483488589393524],[-3.687186808483055,40.483470274072246],[-3.687208026350108,40.48346834612329],[-3.6872691619352373,40.48346208173463],[-3.6873199844456765,40.4834568696298],[-3.687362061870014,40.48345374553463],[-3.6873896877295937,40.483373302523226],[-3.6875214730810577,40.48299004387667],[-3.6875903954080664,40.482789545175415],[-3.6875903528229843,40.48277959054374],[-3.68724264333038,40.482697875455386],[-3.6872233334081232,40.48269250382824],[-3.687055696535413,40.4826458341639],[-3.686979906114436,40.482618356955754],[-3.6869183189811703,40.48259529975454],[-3.686856713525016,40.48257044083994],[-3.6867465261740087,40.48252514999954],[-3.686631592336133,40.48247718456841],[-3.6865545674317595,40.48244430904583],[-3.6864799021477475,40.48241141945614],[-3.686440776932239,40.48239273305315],[-3.686385052343534,40.48236603716742],[-3.6863174291568668,40.48232950207096],[-3.6862023033106186,40.482262618561485],[-3.686139298505818,40.48221614609721],[-3.6860810312064385,40.48217144726463],[-3.68602027605416,40.482114150643206],[-3.6859725901434635,40.482065785367425],[-3.68592597403087,40.482006602985386],[-3.685894859991055,40.48196354469153],[-3.6858666830242792,40.48191925275132],[-3.6858588894017603,40.48190700178784],[-3.685822882200182,40.481846855510426],[-3.68579160327966,40.481787582059674],[-3.685756592616951,40.481709411951094],[-3.6857392292061624,40.48166456032358],[-3.6857327107659397,40.48164776127511],[-3.685731148449516,40.48164379759855],[-3.685710405032849,40.481576353560456],[-3.6856920120066547,40.48150799467848],[-3.6856759601983944,40.48143782011331],[-3.685663566846954,40.48137933547388],[-3.6856510543620518,40.48130913990618],[-3.685639712491102,40.48123803649678],[-3.685634397719195,40.481179509859075],[-3.685635201682685,40.48114256839955],[-3.6856728928443547,40.481008814155494],[-3.6857076913438105,40.4808853022159],[-3.685738652491478,40.480775425553944],[-3.685739961988335,40.48077077817547],[-3.6857923417179483,40.48058488302242],[-3.6858027270435767,40.480545758592946],[-3.685765395425929,40.480539727893],[-3.685742798091568,40.48053586199717],[-3.6854325572632134,40.480482738714066],[-3.685424095119736,40.480481293413355],[-3.6853364595981595,40.48046629068101],[-3.685232904361905,40.48044856246719],[-3.6852320887849466,40.48044841415044],[-3.685190339533279,40.480440706764156],[-3.6851665474303563,40.48043652351635],[-3.685086341917145,40.48042239545961],[-3.685067101451025,40.48042029330544],[-3.6850330852441404,40.48041658504373],[-3.685029022182699,40.48041614066046],[-3.685019407849903,40.480415089543975],[-3.6850156046973197,40.48041467965556],[-3.685010230569968,40.48041408989008],[-3.6849569738180348,40.4804082704306],[-3.684956170680465,40.48040818510082],[-3.6848683778393854,40.48039857930642],[-3.68486772825108,40.48039851108406],[-3.6848595666487562,40.480397613506995],[-3.684770631733093,40.48038359101113],[-3.684423223300011,40.480328802348865],[-3.684408156586607,40.48032642311791],[-3.6842072929951337,40.480296081069326],[-3.6841972378902472,40.48029460907307],[-3.6841304794452796,40.480284824140824],[-3.6840844057214035,40.48027879058997],[-3.6839839570844237,40.48026136718957],[-3.683601428759799,40.48020209022431],[-3.683604332845617,40.48018830737045],[-3.6836089820872444,40.48016628902207],[-3.6837212413336746,40.479603538486366],[-3.683788546133902,40.47926608838757],[-3.6838054539455847,40.47918134924732],[-3.683839117825134,40.47901088086906],[-3.6839002043888938,40.478706016812744],[-3.6839024397460367,40.47862402211161],[-3.6839573747199608,40.47834081589553],[-3.6839922906647518,40.478177547203664],[-3.684004718789812,40.47812341992933],[-3.684036333149886,40.4779835940387],[-3.6840592321656414,40.477914990458636],[-3.6842700108787425,40.47686007338803],[-3.684324247812077,40.476588573685625],[-3.6843311074832714,40.47655424498273],[-3.6843522590919124,40.47644839964093],[-3.6843262477470073,40.47644394106771],[-3.6842041325287753,40.47642298848101],[-3.684185601947341,40.4764198099078],[-3.6841758521244454,40.4764181379032],[-3.6841008907005026,40.476405275388565],[-3.6840823720167055,40.47640210573729],[-3.68396452322685,40.476381884397284],[-3.68392485495716,40.4763743714338],[-3.683915493431875,40.47637259801095],[-3.6837453551025803,40.47634038862236],[-3.6835443073446434,40.47630231677794],[-3.6835747770950182,40.476215956890485],[-3.6835762677183945,40.4762117138646],[-3.683587930695279,40.47617869011991],[-3.683597059057779,40.476152825468006],[-3.6835997728135927,40.476144719373835],[-3.6836000475271247,40.47614388892496],[-3.6836071315303953,40.47614560377258],[-3.6836234316831886,40.47606613844904],[-3.6836120977864706,40.476065304590115],[-3.68363284381067,40.475796084322496],[-3.683634724148158,40.475772109373096],[-3.6836424430410366,40.47567242464348],[-3.6836622877533496,40.47567491985966],[-3.683849514421243,40.47569857787019],[-3.6838522414914623,40.475688300531935],[-3.6838564334717034,40.47567124879879],[-3.683864023657905,40.4756403031638],[-3.6838687807812462,40.47562081566757],[-3.683876591236566,40.47561158031675],[-3.6838901164000797,40.47554933847855],[-3.6839092655811427,40.47546003648543],[-3.6839281674326654,40.47546262732486],[-3.6839461460310354,40.475374233147065],[-3.6839546701090917,40.475335345086094],[-3.6839653224238487,40.47528762465978],[-3.6839663855703577,40.475287762511726],[-3.6839670116069354,40.47528783988765],[-3.6841668401561423,40.47531299938044],[-3.684190937187236,40.47531602789019],[-3.684191519696846,40.47531297941403],[-3.6841917205115338,40.475313005252154],[-3.6841945670323377,40.475313339751054],[-3.6842159452932535,40.47531583480336],[-3.6842541941511495,40.47513710486745],[-3.6842634534591876,40.475138122116235],[-3.684304764957985,40.474956635303485],[-3.6843093161557974,40.474936635495794],[-3.684313144573446,40.474919811120756],[-3.6843448617494974,40.474769398938264],[-3.6843607540746817,40.474694034985845],[-3.6843722831854637,40.47458514750148],[-3.6843723268037696,40.47458479589379],[-3.6843894258406564,40.474505127516395],[-3.684395597907409,40.47447629833485],[-3.6843998526882884,40.47446080475704],[-3.6844316613877126,40.47434500442107],[-3.6844812210847455,40.47424164843299],[-3.6845332322892195,40.47414737695251],[-3.6845741715425664,40.47407920692094],[-3.6845754739696686,40.47407735236994],[-3.6846186018858416,40.47401561076518],[-3.6846384483152206,40.47398463751834],[-3.6847123407078377,40.47386929050648],[-3.6848095745072085,40.47371750804927],[-3.68481677439594,40.473706267252076],[-3.6848379677705148,40.47367319591021],[-3.6848715376073895,40.47361937566369],[-3.685202063365098,40.473089032094016],[-3.6852024580224794,40.473088399127064],[-3.6853007625770844,40.472929600921425],[-3.6854171920541297,40.47274350609937],[-3.685602050166055,40.47244804187507],[-3.6856038377950844,40.47244518443917],[-3.685679342747283,40.47230429582122],[-3.685689978433284,40.472284097694065],[-3.685652686650731,40.47222702192082],[-3.6856468021895314,40.472226065842605],[-3.685543021196035,40.47220925810686],[-3.6855238909470054,40.47220616438092],[-3.6855098290381907,40.47220381536256],[-3.685501676095315,40.47220251237269],[-3.685495732566966,40.47220154762812],[-3.6854909706485177,40.472200774072554],[-3.6854561838480975,40.472195124555206],[-3.685451221307905,40.472194343178806],[-3.6853261235332755,40.472174022043326],[-3.6853163988067745,40.47217244007326],[-3.6853103911752445,40.4721709711973],[-3.6852968739823657,40.47216766397319],[-3.6851440339534824,40.47213026396922],[-3.6851338043776023,40.47212775705321],[-3.685131699849101,40.47212729205317],[-3.6851069653541866,40.472121790049236],[-3.685057307092109,40.472110733093494],[-3.685033069594408,40.47210538128033],[-3.6850288129902626,40.47210441552252],[-3.685027465141928,40.47210411720621],[-3.6850064674224816,40.47209950293882],[-3.684990266907536,40.47209565302598],[-3.6849510544046304,40.472086317892206],[-3.6848668115595915,40.472066276659554],[-3.684856050729348,40.47206372782195],[-3.6848206937997845,40.47205536078423],[-3.684816318510412,40.47205432365009],[-3.6848008783550426,40.472051000734346],[-3.6847670187971664,40.472043714893026],[-3.6847621714896124,40.47204266253539],[-3.6847438429783774,40.47203835672911],[-3.684711076975897,40.472030722052146],[-3.6847027406333193,40.4720287804559],[-3.6846933046175825,40.472026584113465],[-3.6846676924472144,40.47202060973944],[-3.684652675038149,40.47201709511141],[-3.684609277907417,40.472006901770676],[-3.6845980681195503,40.47200428349654],[-3.6845652783748286,40.47199663090084],[-3.6845558304805333,40.47199442560854],[-3.6844736491331433,40.471975236739254],[-3.684466187713465,40.47197348814177],[-3.684463964777811,40.47197297878594],[-3.6844606419873567,40.47197219666542],[-3.6844587380900626,40.47197173947397],[-3.684458783444321,40.471971559026116],[-3.6844692034933684,40.47193241643647],[-3.684471942211931,40.47192214801754],[-3.6844707488139394,40.4719219568876],[-3.6844714772250153,40.47191933997459],[-3.684459288350872,40.47187141239885],[-3.6844009610266335,40.47164202921678],[-3.684400911556735,40.47164180428561],[-3.684390013114206,40.47159896813254],[-3.6843899270679135,40.471598626301414],[-3.6843883915852538,40.47159262641445],[-3.6843916324162445,40.471588823459804],[-3.6844168260684955,40.47156056631109],[-3.684442731108079,40.47153266530274],[-3.684486724821295,40.47148546807366],[-3.68454916100694,40.47141897250755],[-3.6846747352674387,40.47128543657704],[-3.6848220038904516,40.47112762794666],[-3.685056590262013,40.470879392157826],[-3.6852030323281615,40.47072167802357],[-3.6853190149895743,40.47059640541129],[-3.685151584218211,40.470505398477236],[-3.685064506170759,40.47045806801115],[-3.685042680351142,40.470446206438865],[-3.685036346054172,40.47044275751158],[-3.6850307827766278,40.47043972743567],[-3.68497845940789,40.47041121785123],[-3.6844890348027914,40.470144560027144],[-3.6843827528192645,40.47008672119651],[-3.6843861340669672,40.470049115768234],[-3.684390597191711,40.4699995580442],[-3.68439800356155,40.469915730801254],[-3.684402227926331,40.469867057368155],[-3.6844042852339163,40.46983731559635],[-3.6844069623984543,40.469807047633914],[-3.6844169857221423,40.46969399782069],[-3.68442500098745,40.469600437281905],[-3.6844317617398143,40.4695227399519],[-3.684444452973856,40.46937852132383],[-3.6844476989415114,40.469349673406754],[-3.6844551509099315,40.46927035036486],[-3.6844572356175243,40.46924331111718],[-3.684466865302264,40.46915424549214],[-3.68447448942972,40.46908375021538],[-3.684494193362258,40.468816968076666],[-3.6844962871890345,40.46879082966906],[-3.6845005353441747,40.4687909846904],[-3.6845072136231605,40.46870517976253],[-3.6845113829664267,40.46865110126051],[-3.6845186408118296,40.46852943720265],[-3.6845149824383463,40.4685292786891],[-3.6845177391496273,40.46849872195946],[-3.6845201482307606,40.46847226636911],[-3.6845549979740304,40.46809048509219],[-3.6845800448110966,40.46781556317833],[-3.6845807672068975,40.467806549929996],[-3.6845813963434253,40.46779880749876],[-3.6845814071324154,40.4677987083362],[-3.6845868015755725,40.46773750548116],[-3.6845800056149622,40.46768507749181],[-3.6845716996592612,40.46762101885562],[-3.6845775585673572,40.46748357934279],[-3.6845859896439572,40.467285800525765],[-3.684588286462782,40.46723435470921],[-3.684589472353148,40.467207095549256],[-3.6845917403635036,40.46715513639124],[-3.684603307709176,40.46714425711406],[-3.6846356717523627,40.46711370518721],[-3.684569181318169,40.46712322509414],[-3.684421691476209,40.46715271102382],[-3.684390072209585,40.467159033358506],[-3.6843433491278197,40.467168327981504],[-3.6842499852160864,40.46718688965702],[-3.684092251194492,40.467219354717216],[-3.68405573443531,40.46722662486142],[-3.684030848447898,40.46723158292994],[-3.6838544566576275,40.467266707619885],[-3.6838144214299215,40.467274818321144],[-3.6835566346696997,40.46732702760512],[-3.683510725122615,40.4673363080716],[-3.6832834127864507,40.46738215637779],[-3.6832433652586434,40.46739023091821],[-3.683207014082404,40.467397562878446],[-3.6831333227419187,40.46741241278922],[-3.682837058205917,40.467440289421795],[-3.6828872911541572,40.467508460828014],[-3.6828803479476906,40.467525213489715],[-3.6828723224554265,40.4675445851466],[-3.6828700272977812,40.46755090498579],[-3.6828435371537585,40.46761412427992],[-3.6828308544499118,40.46764302791108],[-3.682814733546578,40.46768186171944],[-3.682811277109887,40.46768999021166],[-3.682806668526347,40.46770082820115],[-3.682795156184388,40.46772882401716],[-3.6827790352406087,40.46776765782031],[-3.68277556967231,40.46777488546827],[-3.682770970200372,40.46778662429942],[-3.6827594578293867,40.46781462011169],[-3.6827352626623826,40.467871519542996],[-3.682722579865069,40.46790042316175],[-3.682713020615417,40.467924434476615],[-3.6827053249298642,40.467943768136855],[-3.682700688946216,40.46795190359252],[-3.6826995641578795,40.46795731561816],[-3.682686881329578,40.46798621923282],[-3.6826649994780576,40.46803860049965],[-3.6826615521271475,40.468047629830345],[-3.6826569343742808,40.468057566970465],[-3.6826112766661887,40.468208286418275],[-3.6825987032038947,40.46824800013992],[-3.6825096640659436,40.468541317446004],[-3.6824685688235537,40.468676694638205],[-3.6824582721900265,40.46870828682605],[-3.68240119210288,40.46889601039019],[-3.6823932271265156,40.468924886114564],[-3.6823588895425856,40.46902869197353],[-3.68232692005541,40.4691333847379],[-3.682320088975614,40.46915774927829],[-3.682298592811501,40.46922499298748],[-3.6822841855031196,40.46927003278537],[-3.6822343308601444,40.46942582185306],[-3.6822297585338304,40.469440263189924],[-3.68218995483863,40.469564659718664],[-3.6821737291495666,40.469615367864535],[-3.6821729519410815,40.46961783189979],[-3.6821074272736003,40.46982567711214],[-3.682094892273548,40.469868084223535],[-3.6820902925449817,40.46987982302549],[-3.682034280675808,40.470056729310976],[-3.6819920225339007,40.47028839199243],[-3.6819903876794973,40.47029703222887],[-3.681988575708127,40.47030565549244],[-3.6819865865285655,40.47031425277464],[-3.6819844438231337,40.470322832944724],[-3.6819821238182655,40.470331378125046],[-3.681979626696151,40.47033990633245],[-3.6819783131222237,40.47034415730624],[-3.68197697586573,40.47034839941082],[-3.681974147735687,40.4703568574994],[-3.681971154192711,40.47036528953694],[-3.6819679950544826,40.47037367750666],[-3.681964428758192,40.47038146427782],[-3.6819575245234155,40.47039862205059],[-3.68194942249549,40.4704139850967],[-3.6819389795608015,40.470431163746895],[-3.681923827474953,40.470449271076276],[-3.681850198268051,40.47051727270442],[-3.681802273392556,40.4705607984535],[-3.681798771136251,40.470564422699184],[-3.6817309766583497,40.47062617364582],[-3.681603459421459,40.470731339617906],[-3.681599957145648,40.47073496385762],[-3.68158358889875,40.470749474727185],[-3.6815625205795532,40.470765815102936],[-3.6815578387294514,40.47076944629704],[-3.6815472863497427,40.470775814797264],[-3.6815379044310985,40.47078127549825],[-3.6815214633017352,40.470788579615885],[-3.681442668828343,40.47081246750525],[-3.681436193935926,40.4708137669345],[-3.6814191229359783,40.47081711080604],[-3.681399088437247,40.4708190307114],[-3.6813071820299497,40.470829482358134],[-3.6812541568483383,40.47083529037523],[-3.6807388195259088,40.47089146155761],[-3.6798483894845164,40.47098852182549],[-3.6798374412446497,40.47099074837375],[-3.679824508698392,40.47099389649774],[-3.6798067361070523,40.47099903704213],[-3.6797919243366666,40.47100416917889],[-3.6797774727952794,40.471009929822756],[-3.6797634994401065,40.47101631828013],[-3.679750004270876,40.471023334551184],[-3.679737105244919,40.47103097794239],[-3.679724800545399,40.47103906828533],[-3.679713091988944,40.47104778574878],[-3.679702095716438,40.47105694947067],[-3.6796919305938274,40.47106664884181],[-3.6796823588894636,40.47107670508109],[-3.6796736174269977,40.4710872068857],[-3.679644754582829,40.47113782681817],[-3.6795528833027693,40.4713156634514],[-3.6795440892145654,40.47133265201067],[-3.679461324558818,40.47148944413548],[-3.6793753655295913,40.47165588555776],[-3.6793099790192967,40.47178249448482],[-3.679247287075399,40.47190610556996],[-3.679245318987542,40.47190981081157],[-3.679139086396986,40.47211430794002],[-3.6791366564428123,40.472119006879666],[-3.6790652321649664,40.47226582220842],[-3.6790437472142092,40.47232288509025],[-3.6790392556763236,40.47233372223532],[-3.679024740286215,40.47236831184559],[-3.6790186336008057,40.47238276206426],[-3.6790057333329726,40.47241373859769],[-3.678998130363129,40.47243189128073],[-3.678986726354505,40.472459165346486],[-3.678977626188645,40.472480930409056],[-3.678958734410944,40.472526086207154],[-3.6789507866090028,40.47254514180885],[-3.6789394959862185,40.47257196475525],[-3.6789312024586227,40.47259183319306],[-3.6789203764033256,40.472617932691406],[-3.6789164601114552,40.47262732501802],[-3.678913809627063,40.47263355677188],[-3.6789106981882345,40.47264087230894],[-3.678902978114826,40.47265911576266],[-3.6789014809209015,40.47266272814244],[-3.6788723300720902,40.47273172784907],[-3.6788479030564774,40.47278952868809],[-3.6788427163939668,40.47280163116241],[-3.6788401820423435,40.47280768205307],[-3.678800314720183,40.47290196977854],[-3.6787849887837965,40.47293809563996],[-3.678774734280192,40.47296238997405],[-3.6787696655525703,40.47297449175221],[-3.678722653158944,40.47308557808088],[-3.6787144720250144,40.47310490530389],[-3.6787080193973387,40.47312015933379],[-3.6787067518469114,40.47312314874387],[-3.6787013382819467,40.47313615344],[-3.67870064684103,40.4731377791136],[-3.678694541832528,40.47315240948296],[-3.6786932741902127,40.47315538988446],[-3.678689359650432,40.47316496237164],[-3.678687169178572,40.47317002025341],[-3.6786865938842457,40.47317146506564],[-3.6786860185899024,40.47317290987785],[-3.6786823318077015,40.473181670220725],[-3.6786799135751385,40.473187540246435],[-3.678677380101832,40.47319368121768],[-3.6786725409136336,40.473205151015904],[-3.6786696599038216,40.473211924655054],[-3.6786664358931103,40.47321978138375],[-3.678649756858006,40.47326213135521],[-3.6786193545202157,40.47333928244292],[-3.6785974184367527,40.473394960501366],[-3.678535636435185,40.473538926085865],[-3.6785093361122634,40.47360288195662],[-3.67850296832298,40.473618369709],[-3.6784979017656543,40.47363069668541],[-3.678482580992554,40.473635723534],[-3.67847575823117,40.47363765546697],[-3.6784596373158984,40.47364171404151],[-3.6784432732207706,40.47364505332423],[-3.67842654798412,40.473647674007466],[-3.678409816399537,40.47364966409814],[-3.6783929586920627,40.47365084412004],[-3.6783759766755417,40.473651394241685],[-3.6783589864993953,40.473651133602125],[-3.6783466844068937,40.473651340938574],[-3.678343411869158,40.47365086465223],[-3.678328975669976,40.47365001244529],[-3.6783268862894496,40.47364988056421],[-3.6783104714201316,40.47364817510709],[-3.678294285223898,40.47364574758865],[-3.6782782097390783,40.47364259870124],[-3.6782624817969127,40.47363881714472],[-3.6782469825292323,40.4736343135271],[-3.678231829898591,40.47362908715632],[-3.678220625893151,40.4736258736389],[-3.678217143680312,40.47362331750896],[-3.6782155397582343,40.473623362956474],[-3.6782150444080246,40.47362337487207],[-3.6778218389804502,40.47344713285414],[-3.677798009429186,40.473436587969516],[-3.677738252621654,40.47346653282819],[-3.677730270978441,40.4734705345651],[-3.677620499491534,40.47352553826199],[-3.6775395909906154,40.473566075437816],[-3.6774510410852694,40.47361044110998],[-3.6774481771148397,40.473611881312614],[-3.6774452362930465,40.47362915071339],[-3.6774345821822787,40.47366304181458],[-3.677415026539866,40.473712705726626],[-3.677360969312807,40.47385085967055],[-3.677359589067648,40.473854381254874],[-3.6773379471036582,40.473907751053964],[-3.677334609468554,40.47391605885896],[-3.677327592980983,40.473933937722975],[-3.6773236116798254,40.473943933975626],[-3.677310333074945,40.473977281888125],[-3.677296462112316,40.474013903523456],[-3.677240231266107,40.474162376394816],[-3.6772310023928565,40.474183151083615],[-3.677163123675847,40.47435471906921],[-3.677155074387717,40.47437548684038],[-3.677150491599404,40.47438902713236],[-3.677101007064042,40.47451273981241],[-3.6770871862407106,40.47454615393569],[-3.6770849965096675,40.47455130187154],[-3.677079118808913,40.47456512001498],[-3.677013571469732,40.4747339715574],[-3.6770006807000204,40.47476602887727],[-3.676988252727065,40.4747971825887],[-3.676971011388952,40.47484241847082],[-3.6769399382004084,40.47491998744322],[-3.676896164411986,40.475036819768306],[-3.676890296944675,40.475051664862775],[-3.6768865005490405,40.47506129064847],[-3.676870046835329,40.475102738137565],[-3.6768579663038015,40.47513325917148],[-3.6768052690432866,40.47526608957599],[-3.6767984782592618,40.47528297609706],[-3.6767938772489352,40.475294714687706],[-3.6767823882842645,40.47532541242807],[-3.676777796313642,40.475338051861094],[-3.6767651548179696,40.47537145903634],[-3.6767260053800332,40.47546718324479],[-3.676597619631093,40.47579306824814],[-3.6765937091661876,40.47580309108515],[-3.6765833544724615,40.47582927768364],[-3.6765798986861493,40.47583758615617],[-3.6765787533885836,40.475841016265235],[-3.6764824216952174,40.476086002213556],[-3.6764107991864914,40.476268123095366],[-3.6763429344282414,40.47644149225737],[-3.6763007419326508,40.47658678338701],[-3.6762189554590057,40.476783657220956],[-3.676160089246624,40.476925081902316],[-3.6761302531018565,40.47699678757382],[-3.676127834514011,40.47700265754518],[-3.67603925407552,40.47721623755614],[-3.6759240321187545,40.477490783762896],[-3.6759087018190892,40.47752672906664],[-3.6758925311981465,40.47756476035139],[-3.6757292438523463,40.47794867688113],[-3.675726938650153,40.47795409573254],[-3.675695908701652,40.478036258650526],[-3.675674027275742,40.47808953941608],[-3.6754475219780876,40.47867914818977],[-3.675456538361472,40.478754770723896],[-3.6754787513997167,40.47896995493828],[-3.6755320558563795,40.47934441591859],[-3.6755364709313376,40.479431776972206],[-3.675553342478225,40.47958483058267],[-3.6755635388428196,40.47966044619911],[-3.675621097047144,40.48010605296043],[-3.675628007698113,40.48015988610417],[-3.67563859485259,40.480227391363826],[-3.675639281963758,40.4803265218676],[-3.6756433701016404,40.48092020596449],[-3.675645473724367,40.48122533587762],[-3.6756454742662905,40.48122538992814],[-3.675645860632226,40.481281576500905],[-3.6756464025569002,40.48133562704223],[-3.6756471431896625,40.481409496114544],[-3.6756462529933773,40.48154899592045],[-3.6756462288136795,40.48155364468061],[-3.6756466939703225,40.48160003805975],[-3.675647008290374,40.48163138737203],[-3.6756473307399067,40.48166354744224],[-3.675646250331627,40.481673463604324],[-3.6756462954926117,40.48167796781581],[-3.6756458768774825,40.48168328554407],[-3.6756458299924852,40.48168449301761],[-3.6756455681096027,40.48168779182459],[-3.6756452602449055,40.48169238818937],[-3.6756455436993396,40.48183833153618],[-3.6756448787712412,40.48188968644231],[-3.6756456736105005,40.481968960561055],[-3.675644782875482,40.481997794409885],[-3.6756438504392257,40.48214014127699],[-3.6756435887895837,40.48215758413429],[-3.6756431403484524,40.48218699196938],[-3.6756443743140337,40.482192390125846],[-3.675644025517563,40.48227527450612],[-3.6756442332619015,40.4822959938768],[-3.6756441012439245,40.482400498468074],[-3.6756421391178575,40.482440149317824],[-3.6756360358612272,40.48253747264503],[-3.675650087839372,40.482608074716936],[-3.675682776616282,40.482772323968035],[-3.6756956733234696,40.48283713102211],[-3.6757029146210067,40.482853304794965],[-3.675706625604913,40.482870400102215],[-3.6757080221901552,40.48289201341499],[-3.6756950300721543,40.48300830481488],[-3.675666668063871,40.48323909971475],[-3.675631016593572,40.48345011752614],[-3.675629920858164,40.48345733109023],[-3.6756175501846253,40.48352383539055],[-3.675618737274585,40.4835269095114],[-3.6756222227627116,40.4835285738094],[-3.6756239180892276,40.48352938371318],[-3.6756290799705855,40.483531146318484],[-3.6756353807087674,40.483531172547906],[-3.6756208833907285,40.48361504051375],[-3.675611815344715,40.4836520302098],[-3.675610689221152,40.48365503677241],[-3.675488360258552,40.483981010852155],[-3.6754882224751317,40.48398139003325],[-3.6754799194927643,40.48399937537519],[-3.6754313409618233,40.4841049918978],[-3.67535074297299,40.484279137379595],[-3.675331688456853,40.484308617889425],[-3.67530613894537,40.48434930744112],[-3.6752589886479914,40.48442913193497],[-3.6752458089806055,40.48445146103721],[-3.6752225946765056,40.48448853334738],[-3.6751900356008633,40.484537371876556],[-3.6751725821312746,40.4845617979956],[-3.675138014656496,40.48460920681111],[-3.675117880070118,40.48463689180448],[-3.6750003071091513,40.484796135998636],[-3.6749547737238237,40.48485605015793],[-3.6749257733391585,40.4848938679041],[-3.674883859277898,40.484949968132256],[-3.674861722400619,40.48497802512989],[-3.6747288160251097,40.48513672794944],[-3.674722974571017,40.48514369894063],[-3.6746529789188913,40.485223386280616],[-3.674594664205196,40.48529130277672],[-3.674564322332943,40.48532480396649],[-3.674374172480153,40.48553131761199],[-3.6743542255655726,40.485553055470206],[-3.6742456822252665,40.48567170593866],[-3.6742398461632955,40.48567804624736],[-3.6741137581159187,40.48581211414928],[-3.6739235623153452,40.486024924562585],[-3.6738967593910754,40.48605841394708],[-3.673889881670173,40.48606442698066],[-3.6738895424899383,40.48606472625355],[-3.6738874018535883,40.48606658556895],[-3.6737385713711266,40.4862710374105],[-3.6737330539500386,40.48627857402522],[-3.673701090242269,40.4863222465284],[-3.67368929659411,40.48634167549724],[-3.6736520347027732,40.48640301838315],[-3.6736452207837296,40.48641423819986],[-3.673625266622781,40.48644710201842],[-3.673622289190495,40.486511605395066],[-3.67362152436459,40.48652833946214],[-3.6736133017449726,40.486706683398],[-3.6736112655607998,40.48675085710836],[-3.673610778760391,40.48676117518627],[-3.6736104001271532,40.48676342962905],[-3.673593432396149,40.48687550068448],[-3.673582254749264,40.48692705194322],[-3.6735482164398903,40.48708427620451],[-3.6735438062768195,40.487104617073626],[-3.6735359975553203,40.48714970729785],[-3.673533841282842,40.48716299003753],[-3.6735337409492126,40.48716357620354],[-3.673529372650792,40.48719046632953],[-3.6734982057024004,40.487382358265855],[-3.6734539467217315,40.487676307706394],[-3.67341817255445,40.48793380254218],[-3.673417622327457,40.48793777869167],[-3.6734120985368186,40.48797420700331],[-3.6734103607603616,40.487985685512044],[-3.6734065529438427,40.488010815620335],[-3.673383216223162,40.488155094663476],[-3.6733787668350626,40.488182147412886],[-3.6733722368085444,40.48823714000364],[-3.673359555402008,40.488309456592354],[-3.67335540241749,40.488333111242355],[-3.673305659244735,40.48861681333186],[-3.673278465637974,40.48877191652951],[-3.6732480400590553,40.488915335930734],[-3.6732199471333393,40.48905603905058],[-3.6731928989623053,40.48918322266466],[-3.6731646707954515,40.489310413142974],[-3.673149935219796,40.48937085886955],[-3.673137496408627,40.48942498495846],[-3.673114771510158,40.489512504031715],[-3.6731034045389905,40.489555813145586],[-3.673085430460196,40.48961218766464],[-3.673054207796882,40.48971015253031],[-3.673016467914123,40.48983019120411],[-3.6729775299931937,40.48994843505191],[-3.6729729723442723,40.48996467768163],[-3.6729649289610475,40.48998634597191],[-3.6729581194753718,40.49001341244008],[-3.6729570169566057,40.49002116654744],[-3.6729572185320114,40.49004134539682],[-3.672959749331424,40.490058447644],[-3.672961811771638,40.49006528242806],[-3.67296219014236,40.490066541476246],[-3.6729670267707797,40.49007822493315],[-3.6729699902048107,40.4900819373777],[-3.6729741962246627,40.49008719212401],[-3.6729803226996682,40.49009333658099],[-3.67301933881734,40.490117559638776],[-3.6730300210163986,40.49012380368809],[-3.6730442519514135,40.49013092796365],[-3.6730561050660397,40.49013626429762],[-3.6730643914469465,40.4901389187209],[-3.6730868997710457,40.49014779657237],[-3.6731117499225197,40.490154858992334],[-3.6731283136926063,40.490159266988826],[-3.6731472372885636,40.49016366123799],[-3.6731815177458933,40.49016976782121],[-3.6733439497858296,40.490011165135776],[-3.673473415731701,40.489859961481194],[-3.673612185215943,40.48969519004411],[-3.6736611646392445,40.489637247342344],[-3.6737544666982447,40.4895276952812],[-3.6738785068507585,40.48956562043541],[-3.674172428982459,40.48965557219517],[-3.6741734586530765,40.48965588150153],[-3.6741966881874686,40.489736826442844],[-3.6742755449367426,40.49000553546695],[-3.6743579452763524,40.49028633175938],[-3.674400730275585,40.49043472957555],[-3.674429718894429,40.490535730782284],[-3.674515415792585,40.49082979587875],[-3.674533723180642,40.490892823659216],[-3.674554241427577,40.49096452314704],[-3.6745938478332443,40.49110296653224],[-3.67458087097048,40.49109738466664],[-3.674593120261201,40.49115050192937],[-3.674981908827117,40.492837163998566],[-3.6751259270561434,40.493461930132625],[-3.6751263684584035,40.49346358519771],[-3.6750942827131103,40.49349650208504],[-3.6750828647083944,40.4935063975288],[-3.6750524382746903,40.4935318002705],[-3.6749271382356232,40.49362802678806],[-3.6748615742515507,40.49367976058484],[-3.6747968670580295,40.493732219064974],[-3.6747862620465397,40.4937408214548],[-3.674759000617298,40.493761782252726],[-3.6747004142343713,40.493806826625395],[-3.6746882706496033,40.493816158703154],[-3.674668749698972,40.493831173439546],[-3.6745900061952947,40.493891353318865],[-3.674581612632413,40.49389925810232],[-3.6745641806632405,40.49391548584214],[-3.6745363316134627,40.49394141393888],[-3.674365916115146,40.494100037767176],[-3.674308020218636,40.49415163641297],[-3.674184407743737,40.49427167188958],[-3.674157352393571,40.49429557726312],[-3.6741363020183244,40.494314618814336],[-3.674112909693315,40.494335475808796],[-3.674087184429872,40.49435904908574],[-3.674031029149351,40.49440892574164],[-3.674021925752202,40.49441666345431],[-3.6739584947471378,40.49447060950094],[-3.6739280764680493,40.49449691278992],[-3.6739278305634464,40.49449710341146],[-3.673923380770857,40.49450054374529],[-3.6739163667238284,40.49450599000595],[-3.673781822873192,40.49462811580145],[-3.6737725258483467,40.49463655731986],[-3.673685479459926,40.494713901954626],[-3.6736706247533575,40.494727105551405],[-3.673553318810043,40.494831337953634],[-3.673527480837096,40.49485429915438],[-3.673503385634865,40.49487570966554],[-3.673460224667862,40.49491405095208],[-3.673449580116427,40.49492345524357],[-3.6733853624392,40.494980252379406],[-3.6733374058574357,40.49502287377805],[-3.673297474840372,40.495058529540756],[-3.673363719461421,40.49510177383216],[-3.673364253972979,40.49510212206608],[-3.673617164672944,40.49526718727432],[-3.6736704449259134,40.49528489456373],[-3.673700071108802,40.495297334364174],[-3.673721410257145,40.495307119789025],[-3.673735633355806,40.49531334312318],[-3.6737940166726792,40.49534689434075],[-3.673821125209124,40.49536599737926],[-3.67384968823547,40.49538657840397],[-3.6738763286915406,40.49540843188238],[-3.6738983610351355,40.49543205995805],[-3.673917597767776,40.49545462326014],[-3.6739345049385808,40.49547552448282],[-3.6739379102264906,40.49547972981294],[-3.673939117272568,40.495482425453034],[-3.6739540566510205,40.49550479759476],[-3.673965474000159,40.49552191104127],[-3.6739911188285808,40.4955185543034],[-3.674030293167992,40.495513424972614],[-3.6740553571827546,40.495510990518916],[-3.6740816826292133,40.495508431585996],[-3.6741092813972838,40.49550575711254],[-3.6742294886253,40.4954897406931],[-3.674282444544973,40.49548208945289],[-3.674396380992908,40.495465622964765],[-3.674432274135172,40.49546044057384],[-3.674469875842257,40.495455004959204],[-3.6745629788872445,40.49544274994674],[-3.674663116802659,40.49542594932595],[-3.6747667856522024,40.49540822710929],[-3.6748143086220466,40.495398949703855],[-3.6748775665413342,40.495386598436696],[-3.6748904513116094,40.495384081772684],[-3.6749054675532156,40.49538112023094],[-3.6749291992043167,40.49537645014519],[-3.6749680177076827,40.4953688000744],[-3.6750215226645495,40.49535825342254],[-3.675102445504928,40.495342303386245],[-3.6751789830947383,40.495325640181115],[-3.675273193573425,40.49530617098277],[-3.6753579730208874,40.49528765771468],[-3.6755072100340156,40.49525171373374],[-3.675508281304677,40.49525145522194],[-3.675495332340268,40.495280512638004],[-3.6754945984611105,40.495282643035075],[-3.6754937971246133,40.49528510715682],[-3.675486116168688,40.49532289045988],[-3.675486924480398,40.495361128643026],[-3.6754961990713637,40.49539870473312],[-3.67551077754882,40.49542975438173],[-3.67551116174533,40.49543040978789],[-3.6755127224025754,40.49543305829984],[-3.67551308290871,40.49543370483557],[-3.6755137661718367,40.495434763895474],[-3.675514245943225,40.495435535859066],[-3.6755143416987437,40.49543567043331],[-3.675515109188425,40.49543689116162],[-3.675515181072825,40.4954369988486],[-3.6755394746161008,40.495468352063384],[-3.6755700593047855,40.495496308166096],[-3.6756061607290715,40.49552013294676],[-3.6756468167580034,40.49553920140016],[-3.6756909603208006,40.49555301526037],[-3.675737454988479,40.495561220811176],[-3.6757394398384005,40.49556145244653],[-3.6757410107825312,40.49556159641274],[-3.675741282454998,40.49556162185101],[-3.6757805045717014,40.49556361771107],[-3.6757857790168775,40.49556356885065],[-3.6757894600926813,40.49556349327166],[-3.675794497542422,40.495563346698475],[-3.6757995224689974,40.49556312812686],[-3.6758045468532123,40.495562855504645],[-3.6758046175631724,40.49556284608222],[-3.6758095586238406,40.49556250187558],[-3.675809747334375,40.4955624917631],[-3.675814558052011,40.49556209426491],[-3.675814888182459,40.495562065307574],[-3.675819556757003,40.495561614586805],[-3.675819969397464,40.495561576138016],[-3.675824543029141,40.495561071918694],[-3.6758592984194176,40.495555409256006],[-3.6758779695566246,40.49555093973998],[-3.6758780872859877,40.495550912024655],[-3.6758828298718957,40.495549605020194],[-3.6758829358011957,40.495549577373886],[-3.675883794854889,40.495549338117605],[-3.675912688083425,40.49562979905305],[-3.6759132098603438,40.495631228421125],[-3.675966638242407,40.49578001370297],[-3.6760571183424027,40.496031950661084],[-3.676063030394859,40.49604839340646],[-3.6761018488671424,40.49615357077736],[-3.6761431450639392,40.49627044524356],[-3.676211860455622,40.496459573022086],[-3.6762564859431004,40.49658242790608],[-3.676258439690007,40.49658778579435],[-3.676289327593411,40.49667406372329],[-3.6763385737602685,40.49681163914454],[-3.676462429083057,40.49715865881617],[-3.6765668439987453,40.497449936801566],[-3.676618778310292,40.497595370146605],[-3.6766227005289265,40.49760636509925],[-3.6767963918280384,40.498088100321326],[-3.6768007012269135,40.498100038936556],[-3.676803578154208,40.4981080039958],[-3.6768849593425594,40.49833815584466],[-3.6768922388593026,40.49835793284188],[-3.6768923478710094,40.498358211480046],[-3.6769333361910097,40.498472357712835],[-3.6769333970047984,40.4984725375351],[-3.6769334453841744,40.49847265436774],[-3.677280938177241,40.49944475331146],[-3.6773244346313034,40.49956642515059],[-3.677334088318194,40.499593422365244],[-3.6773747193398094,40.49970709303531],[-3.6774319006808884,40.49986696352509],[-3.6774580931429925,40.499940187655774],[-3.677469627450821,40.49997228189153],[-3.6776105861885724,40.50036415437156],[-3.6776972777859824,40.500605445471784],[-3.677786441734855,40.500857802967765],[-3.6777932434118843,40.50087695207662],[-3.678043382343552,40.50157457691674],[-3.6780857210249236,40.501693507491424],[-3.6780890731118903,40.50170292016107],[-3.67809661224948,40.50172379463424],[-3.6781075019418505,40.501753928633214],[-3.6781075627618387,40.501754108454705],[-3.678151401040876,40.50187543558316],[-3.678212179171894,40.50204637449153],[-3.6782243269554304,40.50208071726812],[-3.6783069253215377,40.5023135634697],[-3.678391875448708,40.5025454949043],[-3.6784416910945015,40.50268718300438],[-3.678500011147683,40.50285296504654],[-3.6785401174740557,40.50296804370645],[-3.678547596802056,40.50298881038922],[-3.678682179211223,40.50336270093848],[-3.6786914007083977,40.50338769156959],[-3.6787489122146666,40.50354338822583],[-3.678765236669587,40.50358925583463],[-3.678848752811927,40.503823789866054],[-3.678905039083768,40.503981971080584],[-3.6789869790464538,40.50421225303707],[-3.6791035449144065,40.5045358890292],[-3.679158645923616,40.50468877081291],[-3.679209181445588,40.50482895881259],[-3.679272404119949,40.505012369051975],[-3.6793720549312288,40.50529691537571],[-3.6793939298360776,40.505359398721225],[-3.6794179904611286,40.505427950227755],[-3.679451043545295,40.50552212425904],[-3.679488647323107,40.50562280298333],[-3.6795092831687035,40.50567943779529],[-3.6795699743627326,40.50584574579313],[-3.6797071821474976,40.50622601582906],[-3.679713475155673,40.50624377141547],[-3.6797795154937036,40.506430101658935],[-3.6798194727453972,40.50654283835474],[-3.6798238096643527,40.50655505595194],[-3.679921090876356,40.50682655273598],[-3.6799622642699097,40.50694162453508],[-3.679968319958133,40.506956904051094],[-3.679980467735989,40.506991066432064],[-3.6799841084324765,40.50700095481104],[-3.680011260927058,40.50707635276857],[-3.6800478000033,40.50717778528514],[-3.6800558023293157,40.50719999020117],[-3.6800698400969725,40.507238970224655],[-3.6800715400717428,40.50724368088925],[-3.6801115916616407,40.507235967782044],[-3.6801646018807084,40.507225836072706],[-3.6802070093161334,40.50721765862081],[-3.6802423882789115,40.50721474769469],[-3.680269523981067,40.507213687065985],[-3.680296677887388,40.50721442810582],[-3.680301405094695,40.50721503090047],[-3.6803167687466147,40.50721701250274],[-3.6803498783188657,40.50722312381413],[-3.6803770959550963,40.507230170696964],[-3.680380091534084,40.50723110800445],[-3.680391303983748,40.507234591498985],[-3.680407899744955,40.507241700913475],[-3.680442817179959,40.50726786439644],[-3.680503689319273,40.507255524100046],[-3.680524926247106,40.50725121890446],[-3.6805333715033024,40.50724950252205],[-3.6805349021837586,40.50725380877578],[-3.680559989158511,40.50732446205896],[-3.6805937142826624,40.5074194786069],[-3.680662707229959,40.50761380884002],[-3.6806760369662217,40.50764225253248],[-3.680683130287693,40.507657408780915],[-3.680703167596432,40.50770020919713],[-3.680741481279742,40.50778207268519],[-3.6808444871529264,40.50799235539956],[-3.6809861319494117,40.50828152655541],[-3.6809897546412245,40.50828961322446],[-3.6809958562391953,40.50828722594245],[-3.6809968086696796,40.50828686898229],[-3.6810203148653646,40.5083365136837],[-3.6810138603799505,40.50833902016247],[-3.681019879985776,40.508350696268224],[-3.681052110338238,40.50841567676354],[-3.681052724831433,40.50841691637134],[-3.6811096672377652,40.508531714608935],[-3.681137957651734,40.50858873640771],[-3.6811492538630572,40.50861213802885],[-3.6812259650786934,40.50877109845841],[-3.6812440514786906,40.5088088292481],[-3.6812940069013163,40.50890844352198],[-3.681310594914737,40.508941561564704],[-3.68131064294479,40.50894164236171],[-3.6813281326144685,40.50897754784693],[-3.681413966166249,40.5091537694737],[-3.681473176743651,40.50927330183403],[-3.681514638811301,40.50935701131651],[-3.6815212055761255,40.50937025171652],[-3.681654143191555,40.50964054561237],[-3.6816774023920766,40.5096878493079],[-3.6817513855822104,40.50983825797716],[-3.6818386737744238,40.51001920035107],[-3.681850356460997,40.51004341942688],[-3.6818840057243296,40.51011314799746],[-3.681908742706312,40.51016298343305],[-3.6819722306039253,40.51029094062531],[-3.681994413631482,40.51033566504617],[-3.682019223237584,40.51038566218754],[-3.682026187723144,40.51039969299237],[-3.6821370814781273,40.51062696372584],[-3.6821661496251745,40.510691836422154],[-3.6821714514161314,40.510703687868926],[-3.682224032754922,40.51082104275068],[-3.6822311351166963,40.51083935195739],[-3.682250587928372,40.5108895067941],[-3.6822712647102662,40.510942798507976],[-3.6822790459470123,40.51096286944824],[-3.6823003894567106,40.511017886929146],[-3.6823051272979512,40.51103115609672],[-3.6823052852077676,40.511031596600624],[-3.682358906406248,40.51118162056661],[-3.6823835547428203,40.51125058231518],[-3.682389069912674,40.51126600902526],[-3.6824133212152868,40.51133072991748],[-3.682467651189447,40.51144932658482],[-3.6824841907725365,40.511485696941996],[-3.682500053887959,40.511520539778395],[-3.6825107021034706,40.51154396309754],[-3.6825195633169456,40.51156343305299],[-3.682547340113439,40.511625430419585],[-3.6826180647537363,40.51177884867752],[-3.6826382924658114,40.511822719657175],[-3.6826450992092714,40.511837463055784],[-3.6826452208923914,40.51183782269303],[-3.682645338921324,40.51183782199579],[-3.6826539897891317,40.511856329229836],[-3.6826812935821143,40.511914725793936],[-3.6826836541634878,40.51191471184815],[-3.6826877819921964,40.51192601165193],[-3.682690246686192,40.51193277178544],[-3.682692614125206,40.51193925321748],[-3.682759267658622,40.51212181220194],[-3.682789449968101,40.5122044707202],[-3.6827963217836404,40.51222329475679],[-3.6827974389067353,40.51222636920038],[-3.6827984829277502,40.51222921885335],[-3.6827991750684075,40.51223112465081],[-3.682808705572274,40.51225721216948],[-3.682830374203235,40.51229765121447],[-3.6828327592733694,40.51230121365486],[-3.682857972875462,40.51237693763188],[-3.682759111735408,40.512400863854275],[-3.6827951976101625,40.512496478321474],[-3.6827960151544747,40.51250143739546],[-3.6827975620483673,40.51251080652148],[-3.682817578579876,40.51263156968308],[-3.6828327734213855,40.51262841686989],[-3.682859506535176,40.51272708654284]],[[-3.684242219921781,40.47014097639665],[-3.6842469472997985,40.47014184930744],[-3.6842599590195126,40.47014537586418],[-3.6842658842441955,40.47014804347605],[-3.6842907921386407,40.470161409464524],[-3.6843178351372505,40.47017593397214],[-3.684646896280921,40.470352813242144],[-3.6847201622633716,40.47039219886083],[-3.6847853951017497,40.47042694736424],[-3.684884414186143,40.47048041446266],[-3.684929155393421,40.47050456363649],[-3.684970134619245,40.47052649185491],[-3.6849849962199164,40.47053443977763],[-3.684989752364416,40.470536979146],[-3.68498717307683,40.47053970613046],[-3.684966770300253,40.47056225035827],[-3.6848934067112222,40.47064333336078],[-3.6845735762365797,40.470983010236615],[-3.684377439962693,40.471191314876855],[-3.6842982894749383,40.47127536868325],[-3.6842866538977423,40.471287734807014],[-3.684279744677413,40.47129505495511],[-3.6842728706600605,40.471302356876414],[-3.6841844050564156,40.4713961413788],[-3.684164039337523,40.47141773930215],[-3.6841192811803776,40.47146518417605],[-3.684085797241148,40.471500688490295],[-3.684084945287661,40.47150159442911],[-3.684080428662793,40.471506386903215],[-3.6840708001315967,40.4715165969926],[-3.684056969982967,40.47153125534938],[-3.684052288216062,40.4715348866434],[-3.6840454063908203,40.47153793636612],[-3.684045230276051,40.47153801848909],[-3.684044067699225,40.47153853888048],[-3.6840369993414175,40.471539481609085],[-3.6840310922845716,40.471538615671655],[-3.6840239938489083,40.47153775678462],[-3.6840192598896206,40.47153508211129],[-3.684017643133677,40.47153385745123],[-3.6840145049940984,40.47153150666522],[-3.684014110978484,40.47153104053086],[-3.6840109205412985,40.4715270233959],[-3.684010427497343,40.471526098390406],[-3.6840087598150775,40.4715233425077],[-3.6840074220548606,40.47151938648027],[-3.684007433859374,40.471517062097625],[-3.6840075596087125,40.471487602040554],[-3.684007824361551,40.47142998814734],[-3.6840078622518058,40.47142093391395],[-3.6840080416179353,40.47138280691537],[-3.6840084287953427,40.471304705911386],[-3.684008448743792,40.471300858965485],[-3.6840085092289887,40.471289381186736],[-3.6840097053549377,40.47114451896582],[-3.684010099182568,40.47109730065075],[-3.6840099423898423,40.47101790557119],[-3.6840099001220996,40.47099978879282],[-3.6840097480800695,40.470922024306496],[-3.6840095149838215,40.47080720642479],[-3.6840108666098814,40.47072068533188],[-3.6840131027580783,40.47057833945243],[-3.684013206752153,40.470571149682435],[-3.6840159706287148,40.47039478282112],[-3.6840165676869354,40.470357130819124],[-3.6840168576216716,40.47033803910443],[-3.684016960056985,40.470331858347535],[-3.684018681991122,40.470223704528344],[-3.684018823208382,40.47021437040367],[-3.6840210935789988,40.47020444710479],[-3.684025893503759,40.47019619351253],[-3.6840268907408795,40.470194493925156],[-3.684033885924568,40.47018635346634],[-3.6840432584153184,40.470179991722006],[-3.6840755819629925,40.47016155726331],[-3.684100727730297,40.47014721931378],[-3.68411718670303,40.47014171651703],[-3.6841348343735922,40.470137107578665],[-3.6841525186104267,40.47013610200765],[-3.6841714975232707,40.470137133805686],[-3.684215061636945,40.470139497536785],[-3.684237864698813,40.47014074091919],[-3.6842379821975086,40.470140695178756],[-3.684242219921781,40.47014097639665]]]}},{"type":"Feature","properties":{"expedienteGrupo":"711/2006/08882","sigma_layer_kind":"tramitados_ad","tourIndex":19},"geometry":{"type":"MultiPolygon","coordinates":[[[[-3.60011464907715,40.36652611044833],[-3.600023771494317,40.366541095721935],[-3.5998351063403824,40.36676283462396],[-3.5998186706281863,40.36678219944949],[-3.5996723865074456,40.366955213001354],[-3.599615712262777,40.36702333674366],[-3.5996355588968387,40.36709379350012],[-3.5997427870248146,40.36714673380893],[-3.5999213824842786,40.36723444851913],[-3.599951193760423,40.36724908689495],[-3.6002642459724576,40.36740518563118],[-3.600264963462356,40.36740507379735],[-3.600265775015215,40.367404943457],[-3.6002767368674067,40.36740318383116],[-3.6003576218816637,40.36739022323596],[-3.600561599262485,40.36714861989967],[-3.600578033249205,40.367129074796],[-3.600764662846176,40.366907732666206],[-3.600744838651199,40.36683727598697],[-3.600744230727323,40.36683513496725],[-3.6001196122349257,40.36652529188894],[-3.60011464907715,40.36652611044833]]],[[[-3.5980389320836017,40.358461550108764],[-3.5979592210699143,40.358556918835156],[-3.5978816088817474,40.358649934273274],[-3.597883499461507,40.35865064523291],[-3.597664379562528,40.358909439826164],[-3.597717314521479,40.35892785126804],[-3.5977281709093076,40.35893163306384],[-3.5977541664714012,40.35894140878945],[-3.597801431148869,40.358959182820875],[-3.5978558014739814,40.35898142468305],[-3.597868804206673,40.35898687107464],[-3.5979598237121597,40.35902503180926],[-3.5980461098319987,40.359060622309265],[-3.598082752019231,40.35907574840426],[-3.5981099492115955,40.35908822058412],[-3.598129788598854,40.35909567667001],[-3.5981335816445736,40.35909710752864],[-3.598208051717493,40.35912825443454],[-3.598254540461577,40.35915014948013],[-3.5982553564586715,40.359150532653125],[-3.598329858581965,40.3591852919882],[-3.598421555312314,40.35916679023446],[-3.5984367133153046,40.35914959439529],[-3.5984370396298466,40.359149205312875],[-3.598779975236697,40.35874213516348],[-3.598780511369665,40.3587415017464],[-3.5987599135951824,40.35867494058245],[-3.598626275275763,40.358611667310555],[-3.5985742602646824,40.35858941361922],[-3.5985139699997104,40.35856359906376],[-3.598413473051249,40.358519073275374],[-3.598315363349655,40.35847813871443],[-3.598295264000677,40.35846923352883],[-3.5982172696908994,40.35843900581937],[-3.5981002783559757,40.35839366415533],[-3.5980966624725146,40.35839228643413],[-3.598096591575974,40.35839225977329],[-3.5980389320836017,40.358461550108764]]],[[[-3.5848911017985383,40.35972340380773],[-3.584831420677998,40.35990388890315],[-3.584796986126028,40.36000766841302],[-3.584712041931828,40.360263057237376],[-3.584677607020234,40.36036683670782],[-3.5846523598740365,40.36044354223027],[-3.584627104889462,40.3605193468696],[-3.5846153946094583,40.3605543616182],[-3.5846018498492636,40.36059515150281],[-3.5845939309196386,40.360619155905205],[-3.5845708651377763,40.36068936378328],[-3.5845605353255072,40.36072058769933],[-3.584845592142405,40.36086239225277],[-3.5849325063950226,40.36083491620951],[-3.584990517072107,40.36066004323843],[-3.5852435619766894,40.359897299509626],[-3.5852688160454003,40.35982149473405],[-3.585219495111636,40.35979714929247],[-3.5850783925139096,40.35972750161865],[-3.584916356200407,40.359647599104505],[-3.5848911017985383,40.35972340380773]]],[[[-3.5841640743389958,40.36158927233102],[-3.584132758881645,40.36164528730449],[-3.5841014355974576,40.36170040139239],[-3.5840457306291014,40.36179617982821],[-3.5838993236243106,40.362026652704614],[-3.5838841923595517,40.362047450168],[-3.583810914606694,40.3621541281958],[-3.583758547680709,40.36222736673441],[-3.5837201343179603,40.36227981375329],[-3.5836258128195495,40.36240461619162],[-3.583913238022743,40.362547311956476],[-3.584004943454211,40.36252883059299],[-3.5840818166071733,40.36242934161969],[-3.5841004265704144,40.362402220150315],[-3.5841714109416563,40.362302760856686],[-3.5842435221391544,40.36219879124535],[-3.584298185682576,40.36211743263997],[-3.58435629261448,40.36202704744849],[-3.584411435698487,40.36193851507237],[-3.5844294760097437,40.36190955855789],[-3.584444919255922,40.361882633216716],[-3.58454550226401,40.36170716696786],[-3.584194212058548,40.361533263297666],[-3.5841640743389958,40.36158927233102]]],[[[-3.62004433376348,40.36523947254938],[-3.6200750954257748,40.36525462317035],[-3.620132123549992,40.36528278629627],[-3.620162531102567,40.36529784870111],[-3.620262625739866,40.365347222583765],[-3.6202673590161467,40.36534962966748],[-3.6203129111396946,40.36537217848975],[-3.620415136676823,40.36542271199884],[-3.6204485018549692,40.36543919091569],[-3.620506240324072,40.365467719419634],[-3.620667387375758,40.365547306370324],[-3.6207584913570767,40.36559231358894],[-3.620787479275778,40.36560666271632],[-3.620886613074483,40.36548832695226],[-3.6209926321804446,40.36536180085337],[-3.6209958010883,40.3653580180146],[-3.6209746710926036,40.36529382418615],[-3.62081233874055,40.36521724406818],[-3.6208114362592876,40.365217726397454],[-3.620810048134356,40.36521662572387],[-3.620689129186962,40.36515691346878],[-3.6206530428090797,40.36513908884293],[-3.620339982031177,40.36498473007293],[-3.6203373436162214,40.364983428889644],[-3.620251414680809,40.36499533138688],[-3.6200933747411512,40.36517492034235],[-3.6200951480411896,40.36517564057518],[-3.62004433376348,40.36523947254938]]],[[[-3.6254774611384857,40.375844871525544],[-3.625381946671866,40.37592349723686],[-3.6254164450257855,40.375947175852076],[-3.6254336358567962,40.375959074030675],[-3.6254681359962815,40.375982941812296],[-3.625493862001303,40.37600064074271],[-3.6255552744812123,40.376043101918484],[-3.6255957018524603,40.376070991706726],[-3.625616804831207,40.37608556242351],[-3.6256286607970023,40.376093786681736],[-3.6256721708495308,40.376123821956405],[-3.625706552530528,40.37614760021549],[-3.6258242875735243,40.3760515564647],[-3.625842760502641,40.37603650134096],[-3.625881576852176,40.37600484940937],[-3.6258999319629037,40.375989794914055],[-3.625965405774755,40.3759364668556],[-3.626011120089177,40.375899191882496],[-3.6259061924553047,40.37582615525626],[-3.625811580506188,40.37576036010444],[-3.6257271655556393,40.37570171700361],[-3.6257099748228794,40.3756898278767],[-3.6256847217171924,40.375672306617275],[-3.6254774611384857,40.375844871525544]]],[[[-3.587177515629399,40.3623178085323],[-3.5871207408189103,40.36238485464309],[-3.5870608189247766,40.36245570054742],[-3.5869591625452175,40.36257603834128],[-3.5871155326381805,40.36265335404297],[-3.5872102780094215,40.3627002612049],[-3.5873305722238333,40.362759741458895],[-3.5875344037481067,40.36251926070222],[-3.587514401048383,40.36244820797403],[-3.587513951566498,40.3624479850284],[-3.5874190870872478,40.36240090754387],[-3.5873634581299134,40.36237334276522],[-3.587199315046562,40.36229193165556],[-3.587177515629399,40.3623178085323]]],[[[-3.587783201490816,40.36263960213882],[-3.5877032261594803,40.362733884010524],[-3.5875777845365704,40.362881902223805],[-3.587638344606827,40.36291169413054],[-3.587693345943324,40.36293880249549],[-3.587816595453527,40.36299943841295],[-3.587840369962759,40.36301111957208],[-3.587947533969064,40.36306390904757],[-3.5880150229092167,40.362982933961085],[-3.588107573297153,40.36287201108064],[-3.588184026031231,40.36278035950363],[-3.5878735380979885,40.36262634997887],[-3.5878604681944863,40.362619938828],[-3.587783201490816,40.36263960213882]]]]}}]}