{"type": "FeatureCollection", "features": [{"type": "Feature", "id": 25143, "geometry": {"type": "MultiPolygon", "coordinates": [[[[-3.691599575995904, 40.399306165837174], [-3.691609477996457, 40.39931687245265], [-3.6918240817997545, 40.39954892362049], [-3.6919447943012655, 40.39948423689271], [-3.691916191755273, 40.39945287629936], [-3.6919279113378796, 40.39944658990848], [-3.6921960884972056, 40.399302596400204], [-3.6922465642061426, 40.399275492228234], [-3.6922572287764543, 40.39926975266451], [-3.692285822173047, 40.39930021232175], [-3.692406533784885, 40.39923552511651], [-3.69234220323422, 40.399167441370125], [-3.6922903687825475, 40.399111354928635], [-3.6912161632622253, 40.39794894413785], [-3.691095461985394, 40.39801453095755], [-3.6910143844178114, 40.39805891674218], [-3.6907626669504108, 40.39819670105265], [-3.69064312467838, 40.39826047866048], [-3.6909144979829787, 40.39855958035552], [-3.6910061963113026, 40.39866069979739], [-3.6910273630123163, 40.39868404193943], [-3.6910504451362, 40.39870916543577], [-3.691109109747043, 40.3987730134746], [-3.6911100634497487, 40.398774088863206], [-3.6910497000828295, 40.3988057111271], [-3.6913233999343187, 40.399101464563415], [-3.691380814879615, 40.39906958951542], [-3.691437378631297, 40.39913074722206], [-3.691476056943309, 40.39917256127051], [-3.691599575995904, 40.399306165837174]]], [[[-3.692026856427471, 40.39829184533991], [-3.691899011037795, 40.398361710016076], [-3.6919182085931634, 40.39838375746295], [-3.6919525467804064, 40.3984229216337], [-3.6919761594378238, 40.3984503480939], [-3.6919873683201354, 40.3984632540809], [-3.6920493117057074, 40.398528469419084], [-3.6920726601818017, 40.39855310462707], [-3.692146040031728, 40.39863041371034], [-3.6921712941689, 40.398657019486855], [-3.6924960242114375, 40.39899895147527], [-3.6925547355770045, 40.39896715817167], [-3.6926471958046947, 40.39891696434869], [-3.692677665741628, 40.39890056548813], [-3.6922954359036586, 40.39849014895923], [-3.6921319651539632, 40.39831463981801], [-3.69210348915713, 40.398284089322985], [-3.692081922975711, 40.39826088490409], [-3.692026856427471, 40.39829184533991]]]]}, "properties": {"OBJECTID": 25143, "EXP_TX_NUMERO": "135/2025/00010", "EXP_TX_DENOM": "Paseo de las Delicias, 61", "FAS_TX_DENOM": "Aprobación Inicial", "FEX_DT_APROB": 1774479600000, "FEX_DT_INFOPUB_INI": 1777932000000, "FEX_DT_INFOPUB_FIN": 1780524000000, "Enlace": "https://servpub.madrid.es/VSURB_WBVISOR/seguimiento/expPlaneamiento.iam?exp=135/2025/00010&infoPubli=true", "SHAPE.STArea()": 12289.7121645, "sigma_layer_kind": "planeamiento", "sigma_layer_id": 0}}, {"type": "Feature", "id": 25144, "geometry": {"type": "Polygon", "coordinates": [[[-3.7170030478072804, 40.44137307381325], [-3.7170001349914052, 40.44142075850091], [-3.7170000834089634, 40.44142145251386], [-3.7169969185154095, 40.44147315677863], [-3.716995501369735, 40.44149625563598], [-3.716994998752789, 40.44150443892562], [-3.7169945871274894, 40.441511198228845], [-3.716991441979012, 40.441562542010224], [-3.716982951149991, 40.44170116210257], [-3.7169826995530455, 40.441705226722], [-3.7169774633826935, 40.441789493346775], [-3.7169775208099725, 40.4417948983905], [-3.716979341138137, 40.441855247398735], [-3.7170816876298574, 40.441943801672444], [-3.71709379362943, 40.44194012297698], [-3.7171145733080326, 40.44193377786435], [-3.717150091447794, 40.441922926905896], [-3.7171518663669003, 40.4419224023818], [-3.7171665344693103, 40.44191793301014], [-3.717229285164119, 40.44189880497768], [-3.7172526271170336, 40.441891687186875], [-3.717285054443947, 40.441881810318165], [-3.717346265295648, 40.44186314222677], [-3.7173782929608308, 40.441853384928976], [-3.7173881069516574, 40.44185039610114], [-3.717450622378728, 40.44183133247161], [-3.7175070584348093, 40.44181384708082], [-3.717565516017356, 40.441795745511335], [-3.7176013144926214, 40.4417846584402], [-3.7176376300154703, 40.441773405986225], [-3.717736445932154, 40.44174280154214], [-3.7177619499528225, 40.441734985540734], [-3.7179094679669507, 40.44168814162679], [-3.7179403277245244, 40.44167834638138], [-3.717974066566776, 40.44166763234628], [-3.7180331856013793, 40.441649661567226], [-3.718112050169091, 40.441625694232044], [-3.718237472214187, 40.44158895111205], [-3.7182628622393263, 40.44158151408642], [-3.7183004863856546, 40.44157137040936], [-3.7182936174638743, 40.44155858427464], [-3.7182931484291015, 40.441557722325065], [-3.7182263549506542, 40.44143402935108], [-3.718163807349937, 40.44131816580612], [-3.7181604393921526, 40.44131192547431], [-3.7181596454993535, 40.441310452930274], [-3.718151935289543, 40.44129616750984], [-3.718147727142682, 40.44128853600213], [-3.71812610169348, 40.441250832543396], [-3.7181239362739955, 40.44124679194513], [-3.7181174075216736, 40.441234940621946], [-3.718111936557636, 40.44122498362643], [-3.7180925903469784, 40.44118982455834], [-3.7180788593742773, 40.44116488284909], [-3.7180515535149494, 40.44111525971677], [-3.717664273515186, 40.44123188076135], [-3.717451650892325, 40.44129590320006], [-3.717434490644976, 40.44130107275873], [-3.717401573122655, 40.4413102860457], [-3.7173823093656333, 40.44131612630772], [-3.717381181024448, 40.44131646664285], [-3.717295686738231, 40.4413423574988], [-3.717237072557839, 40.44136011756208], [-3.71721939541141, 40.441365470475894], [-3.7171471671832803, 40.441337089777235], [-3.7170960142463088, 40.44134683952535], [-3.7170947197835735, 40.44134708178922], [-3.7170836231004776, 40.44134919566692], [-3.7170809539388996, 40.44134989690804], [-3.7170800955319727, 40.44135011844883], [-3.717071693505107, 40.44135171110614], [-3.7170496883041126, 40.441355892643884], [-3.7170212580415836, 40.441361294208676], [-3.7170212484699334, 40.44136039336799], [-3.7170199308085756, 40.4413606718109], [-3.7170036010477356, 40.44136410642642], [-3.7170030478072804, 40.44137307381325]]]}, "properties": {"OBJECTID": 25144, "EXP_TX_NUMERO": "135/2024/00408", "EXP_TX_DENOM": "Calle Doménico Scarlatti, 6", "FAS_TX_DENOM": "Aprobación Inicial", "FEX_DT_APROB": 1774479600000, "FEX_DT_INFOPUB_INI": 1777932000000, "FEX_DT_INFOPUB_FIN": 1780351200000, "Enlace": "https://servpub.madrid.es/VSURB_WBVISOR/seguimiento/expPlaneamiento.iam?exp=135/2024/00408&infoPubli=true", "SHAPE.STArea()": 6020.931774, "sigma_layer_kind": "planeamiento", "sigma_layer_id": 0}}, {"type": "Feature", "id": 25145, "geometry": {"type": "Polygon", "coordinates": [[[-3.636660731660129, 40.48223712569852], [-3.6365090369552693, 40.48226686197117], [-3.6364890402458427, 40.48227078288756], [-3.6363280586721576, 40.48230662408822], [-3.636375690815196, 40.48244049625233], [-3.636479917822991, 40.48273272255326], [-3.6365333570537177, 40.48289549043297], [-3.6366031532654253, 40.48310113191821], [-3.636708597819417, 40.48307872235884], [-3.6367950258000254, 40.48306035439751], [-3.6369918790097073, 40.48301853109517], [-3.6370259438038657, 40.483011289327], [-3.636997659115747, 40.48292230156234], [-3.6369633004885187, 40.482821068051344], [-3.6369429874101833, 40.48276157671772], [-3.636930804010359, 40.48272585126054], [-3.636923472954386, 40.48270418907551], [-3.636916688475629, 40.48268418152659], [-3.6369068816906607, 40.482655235725524], [-3.636888272828368, 40.48260003226315], [-3.636858531781362, 40.482511710136905], [-3.636856612889147, 40.482505918939815], [-3.636832823448172, 40.48243436572234], [-3.636824683235313, 40.48240947377134], [-3.6367600555960373, 40.482217650693094], [-3.636660731660129, 40.48223712569852]]]}, "properties": {"OBJECTID": 25145, "EXP_TX_NUMERO": "135/2025/00033", "EXP_TX_DENOM": "C/ Carmen Rico Godoy, 96 a 122", "FAS_TX_DENOM": "Aprobación Inicial", "FEX_DT_APROB": 1774479600000, "FEX_DT_INFOPUB_INI": 1779141600000, "FEX_DT_INFOPUB_FIN": 1781474400000, "Enlace": "https://servpub.madrid.es/VSURB_WBVISOR/seguimiento/expPlaneamiento.iam?exp=135/2025/00033&infoPubli=true", "SHAPE.STArea()": 3415.182088, "sigma_layer_kind": "planeamiento", "sigma_layer_id": 0}}, {"type": "Feature", "id": 25146, "geometry": {"type": "Polygon", "coordinates": [[[-3.6493337818824236, 40.444577514367325], [-3.6493284218222946, 40.44458295889373], [-3.6491948337753977, 40.44471795253201], [-3.6490408294873564, 40.44487460120026], [-3.6489811329488795, 40.44493527874101], [-3.6487896185399147, 40.445130047584954], [-3.648770934359565, 40.44514907137854], [-3.6487663779344195, 40.445153484340615], [-3.6487615879346373, 40.44515813284775], [-3.6486656662840273, 40.445255635165616], [-3.6486599908684574, 40.44526140575472], [-3.6486354629129267, 40.44528586772609], [-3.648635522215954, 40.44528590342941], [-3.6486354637789264, 40.44528595781138], [-3.6488449404183734, 40.44542251205026], [-3.648865670891735, 40.445436017320645], [-3.6489226245112585, 40.4454726255727], [-3.649069128747988, 40.44556338870967], [-3.649076780200109, 40.445568129534436], [-3.6490768386370314, 40.445568075152224], [-3.6492055556342398, 40.44546464958187], [-3.649280439510389, 40.44540386861096], [-3.6493342548983354, 40.445359422163854], [-3.649369360145164, 40.44533129702242], [-3.649488712562737, 40.445235130950785], [-3.6495156157939137, 40.44521245725592], [-3.649557743638669, 40.44517888718992], [-3.649751978546459, 40.44502193965166], [-3.6498011288646754, 40.444982924615665], [-3.6498494424587102, 40.444942743090394], [-3.649884125912498, 40.44491494448721], [-3.6498785750668854, 40.444911597312505], [-3.649848994495808, 40.44489378161099], [-3.64984861500665, 40.444893558518935], [-3.6496552553069375, 40.44477392453454], [-3.6496553137427106, 40.444773870152034], [-3.649655254439591, 40.444773834449244], [-3.649518848784594, 40.444690817107976], [-3.6493338047712993, 40.44457744216664], [-3.6493337818824236, 40.444577514367325]]]}, "properties": {"OBJECTID": 25146, "EXP_TX_NUMERO": "135/2025/00054", "EXP_TX_DENOM": "C/ Amara, 4-6", "FAS_TX_DENOM": "Aprobación Inicial", "FEX_DT_APROB": 1776290400000, "FEX_DT_INFOPUB_INI": 1778709600000, "FEX_DT_INFOPUB_FIN": 1781474400000, "Enlace": "https://servpub.madrid.es/VSURB_WBVISOR/seguimiento/expPlaneamiento.iam?exp=135/2025/00054&infoPubli=true", "SHAPE.STArea()": 5382.2633195, "sigma_layer_kind": "planeamiento", "sigma_layer_id": 0}}, {"type": "Feature", "id": 25147, "geometry": {"type": "MultiPolygon", "coordinates": [[[[-3.644077462257595, 40.44919243606596], [-3.644229649289312, 40.44922114657782], [-3.644473169978345, 40.44926707745418], [-3.6447647370822835, 40.4492725776711], [-3.645020219277248, 40.44925840463334], [-3.645296380386163, 40.44924737685829], [-3.6453467916730196, 40.44924220354345], [-3.6456682483742737, 40.44919175983195], [-3.645769285898162, 40.449176781024256], [-3.6458620087265565, 40.44915309182698], [-3.645891865431966, 40.449145465547524], [-3.6459142603643935, 40.449141844918756], [-3.6459495600115686, 40.44913613415711], [-3.6459990174245127, 40.44912865057268], [-3.646341542769048, 40.44907412328393], [-3.6464829349831627, 40.449049368658244], [-3.646600647651852, 40.449027088658326], [-3.6466724319624246, 40.44901137178746], [-3.646752401536119, 40.44898840186876], [-3.6467770955978884, 40.44898105649743], [-3.646778153421206, 40.44898069021841], [-3.6468323537806357, 40.44896363018974], [-3.6470110129212934, 40.44890226998226], [-3.6470814968397107, 40.448873947522124], [-3.64712611617367, 40.44885387792411], [-3.647257684768347, 40.44880088905366], [-3.6472996884004227, 40.4487822934942], [-3.6473504520573883, 40.44875982003382], [-3.647395062676884, 40.448738858488746], [-3.6474531374196753, 40.44871390259591], [-3.6474221012312564, 40.448680914258], [-3.647325168319263, 40.44857787150886], [-3.6464293103288803, 40.447739461075955], [-3.6462333975826664, 40.44766991680467], [-3.6462315430877683, 40.44767328753344], [-3.6462281038976623, 40.447678649103786], [-3.6462268954168375, 40.447680520725065], [-3.6462210600275893, 40.44768686866396], [-3.64621521583626, 40.44769229773256], [-3.646205825662359, 40.44769686374025], [-3.646198776495225, 40.44769960584939], [-3.64618936897675, 40.44770236114129], [-3.6458089223626975, 40.447761424164085], [-3.6457597026254382, 40.44776899642926], [-3.6456712731891807, 40.447782733634234], [-3.645361640733803, 40.44783580503442], [-3.6453322043692604, 40.44784047387499], [-3.645270981973327, 40.44785073455984], [-3.6452844220389142, 40.44791327216886], [-3.6443356327098817, 40.448050897954126], [-3.644065116577962, 40.44805240548468], [-3.6438303966406584, 40.44802119048378], [-3.6420788103513697, 40.44774158135893], [-3.6398211333726493, 40.4474046397676], [-3.6398502746935986, 40.447310397333894], [-3.6398503573209346, 40.447310405885545], [-3.639850766529574, 40.44730879100695], [-3.6398576108772036, 40.44728442878352], [-3.639886150299685, 40.4471851716496], [-3.639935171268135, 40.44700742269769], [-3.639937267707306, 40.44699471739022], [-3.6399374014316495, 40.44699389682959], [-3.6399338724826324, 40.446994817266884], [-3.639860824088334, 40.44700152793912], [-3.6390926657349048, 40.447075146726256], [-3.6389877644002775, 40.44695590673344], [-3.6388001368255134, 40.44682876345376], [-3.6387741332017076, 40.446811141369416], [-3.63902093976893, 40.44659896633632], [-3.6391086598113893, 40.446522805659875], [-3.639432656577818, 40.44624353623625], [-3.639444371254148, 40.44623536332152], [-3.639465565315527, 40.446222056883066], [-3.6394838053261314, 40.44621060462165], [-3.6394936053089713, 40.44620446031348], [-3.6394904735669593, 40.44620249565473], [-3.6394295469859324, 40.44616427409454], [-3.639051077312289, 40.445921321715865], [-3.639024982442918, 40.44590524073094], [-3.639009803994401, 40.44589506336559], [-3.639006955872904, 40.44589316018891], [-3.638992940755783, 40.44588379621118], [-3.638993385418402, 40.44588343339255], [-3.6390163444942623, 40.445864747905254], [-3.638982753031082, 40.44584277140845], [-3.6389755388727556, 40.44583806353322], [-3.6389249788734044, 40.445804901523], [-3.638836039849316, 40.4457522398621], [-3.6387651262638827, 40.44571028935081], [-3.638736428988982, 40.445693330787186], [-3.638732854187815, 40.44569064783438], [-3.6387102832021916, 40.445671853610264], [-3.638688884842271, 40.44565485470632], [-3.638581669278857, 40.44556862712672], [-3.638566946856241, 40.445556780514984], [-3.638511206401901, 40.44551196224224], [-3.6384441183079352, 40.445458017416804], [-3.6384393558690316, 40.445454440112194], [-3.638393031741581, 40.44541774996384], [-3.638299147001518, 40.44534079084873], [-3.6382705920897935, 40.44531392146208], [-3.6382467878261218, 40.44529062944618], [-3.6382241627135965, 40.44526733091515], [-3.63821395430927, 40.44525772059908], [-3.6382138710881837, 40.4452576489864], [-3.6381955960716166, 40.44524046157426], [-3.638191540119284, 40.44523677225071], [-3.63815873945812, 40.4452073316781], [-3.638154455384805, 40.44520321117963], [-3.638146837362423, 40.445195685658746], [-3.6380730325345296, 40.44512221911358], [-3.6380152379671933, 40.445093294834194], [-3.6379777746118407, 40.4450745466211], [-3.6379674775148945, 40.44506427911396], [-3.6378819475435877, 40.44497912939217], [-3.6377863506649644, 40.444889323430274], [-3.637483782012684, 40.44490925364927], [-3.637390171326641, 40.444861121134515], [-3.6373642600137064, 40.44484316488202], [-3.6373604974174887, 40.44484056400274], [-3.6373418762007055, 40.44482913512557], [-3.6373284737811744, 40.44482092071976], [-3.637313051533453, 40.44481109582456], [-3.637304755102148, 40.44480663705394], [-3.6372335650947023, 40.44476018260653], [-3.6371600508760618, 40.444717335523904], [-3.6370472090595043, 40.44463057895122], [-3.6369545940198287, 40.444687846118875], [-3.6369299344406305, 40.44469879281372], [-3.636892346991022, 40.44471431523932], [-3.636823059166841, 40.44474442672089], [-3.6368183596675383, 40.44474625441356], [-3.636785480168543, 40.44476084996707], [-3.6367385021442917, 40.44478092858018], [-3.6367232415060453, 40.44478821985219], [-3.636668035055169, 40.444811046464345], [-3.6366057962981686, 40.44483841628673], [-3.6365858276206926, 40.44484663436952], [-3.636567029567418, 40.44485394510074], [-3.636532979331158, 40.44486944793113], [-3.6365079711998862, 40.44484345947696], [-3.636484167708046, 40.44482016709031], [-3.6364234544338685, 40.444759240027395], [-3.636392499778791, 40.44472787887391], [-3.63636393730181, 40.44470009914196], [-3.636322801721825, 40.4446594967058], [-3.6362913311483562, 40.44462843566202], [-3.636225876247825, 40.4445648318858], [-3.636195370620167, 40.444534801541685], [-3.6361949302679273, 40.44453437153217], [-3.636177090550906, 40.44451825347499], [-3.636164869667191, 40.44452527569242], [-3.6361187700397113, 40.444460916687596], [-3.6361479593031554, 40.44443012539483], [-3.6361900084432643, 40.44438755159661], [-3.6362191976426637, 40.44435676028592], [-3.636246164487053, 40.444340395631265], [-3.6363012772548537, 40.444307659812985], [-3.6363399757713153, 40.44428492424665], [-3.6363622175911376, 40.44426768467247], [-3.6364511507687536, 40.44419512291236], [-3.6364535005044107, 40.44419420907355], [-3.6365077304438493, 40.444142910426436], [-3.6365119379540296, 40.44413893229941], [-3.636450910888383, 40.444044673595194], [-3.6364078340626893, 40.44397824400114], [-3.636402562703777, 40.44396944418112], [-3.636359913441323, 40.44389832752362], [-3.6363342039099162, 40.443856685209816], [-3.636292855344912, 40.44378968749757], [-3.636230047990138, 40.443685384401526], [-3.636214990144499, 40.44366038616008], [-3.6361272614649462, 40.443521697589695], [-3.6360917702619404, 40.44346558650258], [-3.6360761671953723, 40.443444032688156], [-3.6360695722696232, 40.44343491580995], [-3.6360462990095863, 40.44340275553152], [-3.6360416723658835, 40.44340479900853], [-3.636040298504959, 40.44340541017205], [-3.6360235710647038, 40.44338215983154], [-3.6359986118772727, 40.44334752232899], [-3.6360044870075763, 40.443345327840504], [-3.6359746104195025, 40.44330314980853], [-3.6359339861306865, 40.44324661645876], [-3.635856334473557, 40.44313983624497], [-3.6358534349193325, 40.443141212556114], [-3.635850582359148, 40.443142570590645], [-3.635850547410643, 40.443142615827995], [-3.6358115122337966, 40.4430882718938], [-3.6358146596516554, 40.443086921247485], [-3.635817395913289, 40.44308573502488], [-3.6357834673504086, 40.44304023688023], [-3.6357416473123303, 40.442981908231594], [-3.6357320872442678, 40.4429684472731], [-3.6355281380654896, 40.44268399168289], [-3.635352532284545, 40.44275843454977], [-3.635177233389585, 40.442480937985984], [-3.6351667836885415, 40.44246439177242], [-3.6351526712986812, 40.44244205486204], [-3.634747934362779, 40.442636917861414], [-3.6346707782434593, 40.442674071275334], [-3.6346658571837502, 40.44265985502744], [-3.6341228974873334, 40.44109048965986], [-3.634120085454188, 40.4410823519168], [-3.634188414810764, 40.44106971580067], [-3.634414413657318, 40.44102793514285], [-3.6344160517339827, 40.44103160183565], [-3.6344168225936544, 40.44103332733811], [-3.6345604224483927, 40.441006413007365], [-3.6345593755206993, 40.441001661988615], [-3.6345493365420842, 40.44095602331595], [-3.634547555513932, 40.440947186228975], [-3.634547506149162, 40.44094695226528], [-3.634536969947939, 40.44089482982182], [-3.634523398908089, 40.44083094022898], [-3.634509819424641, 40.440766149777474], [-3.6344962484379044, 40.440702260179606], [-3.6344814984229825, 40.44063837705048], [-3.634466756906188, 40.440575394774704], [-3.6344520069484254, 40.44051151163999], [-3.6344372654883474, 40.44044852935866], [-3.634423703106779, 40.44038554060394], [-3.6344101322826634, 40.44032165099057], [-3.634392829569013, 40.440237061092816], [-3.6343758570709817, 40.44018759557503], [-3.634373498977377, 40.44018760851519], [-3.634355347629806, 40.44013816748094], [-3.6343420140163496, 40.440099501830694], [-3.6343227117377856, 40.44004050852815], [-3.6342778058665535, 40.43991697088807], [-3.6342751442405454, 40.43990977826973], [-3.634265524417779, 40.439882353516744], [-3.6342633247747553, 40.43988291513596], [-3.634260878125633, 40.43988354117353], [-3.6342386350254627, 40.43988925781544], [-3.6340269358048327, 40.4399428876563], [-3.633875486650695, 40.43998125880232], [-3.63387515728009, 40.43998134168957], [-3.6338678545663226, 40.439957057357866], [-3.6338556580054155, 40.4399138809013], [-3.6338471085769473, 40.43988239618176], [-3.63384345299956, 40.439869803586625], [-3.633810527569173, 40.439753776662975], [-3.6337824874349063, 40.43965572298201], [-3.6337544643877235, 40.43955948001336], [-3.633728841786989, 40.43946772839119], [-3.6337203093950254, 40.43943804537189], [-3.633699606029666, 40.439367888442504], [-3.6336983593265493, 40.43936068805385], [-3.633686205279754, 40.4393220158557], [-3.6336837287956594, 40.4393094167909], [-3.6336715578499947, 40.43926894287774], [-3.6336642624279714, 40.43924416299335], [-3.633659378460978, 40.43922756810643], [-3.633659344627984, 40.43922396468046], [-3.6336520420772023, 40.43919968033073], [-3.633651460900697, 40.439195548372176], [-3.633639590132362, 40.439156901642264], [-3.633332529748092, 40.43923962950384], [-3.6331192556766645, 40.439292410455664], [-3.6328953638137196, 40.439353393306035], [-3.632871806756825, 40.43935981057408], [-3.6317565321509004, 40.4396652808141], [-3.6314905161936237, 40.43973715783001], [-3.6314921324485767, 40.439742293156264], [-3.631493177696104, 40.439745629796036], [-3.631505022585063, 40.4397841507598], [-3.6314068910771655, 40.4398111553076], [-3.631411808595634, 40.43982130865063], [-3.6314633861274297, 40.43992881094054], [-3.631467535083092, 40.43993747298049], [-3.631475424030762, 40.43995393442711], [-3.631489842295595, 40.43998268455667], [-3.631523479341842, 40.44004916761326], [-3.631538135143079, 40.440078096619175], [-3.631543661601746, 40.44008905744194], [-3.631595901401897, 40.44007955580569], [-3.6316571460441858, 40.440068419354496], [-3.6316580759722803, 40.440068252110834], [-3.6316581628899858, 40.440068720105366], [-3.631695344600001, 40.44027075158974], [-3.631706613774832, 40.440340960424294], [-3.6317212683388216, 40.44039493450795], [-3.6317274503095804, 40.44042553141853], [-3.631757862603077, 40.44052535641438], [-3.631778488507363, 40.44058741498919], [-3.631821473838465, 40.440682576647866], [-3.631823352300453, 40.44068674656961], [-3.6318222467709838, 40.440687049909755], [-3.6313855364951415, 40.44080667939348], [-3.631331434655389, 40.440821389312234], [-3.6312203869343027, 40.440851824605], [-3.6309428024335757, 40.44092789866699], [-3.630941414595385, 40.44092827561173], [-3.630725292901831, 40.440987500133225], [-3.630367105625612, 40.44022699283735], [-3.6303486642843894, 40.440187850068476], [-3.630343830514807, 40.440189173725614], [-3.630306849741698, 40.44010669050426], [-3.6302871310728944, 40.440065860991744], [-3.630222544962442, 40.44008410503921], [-3.630059905951822, 40.44013030698395], [-3.6298826894067933, 40.44018118273371], [-3.629195237584506, 40.44036744931262], [-3.629057133553209, 40.44040216493143], [-3.628904467054649, 40.44044317583879], [-3.628742245001054, 40.440483697974436], [-3.628516294626683, 40.44054606192404], [-3.6285209379833394, 40.440555937600294], [-3.6285347238061663, 40.440585268114184], [-3.6285362739014473, 40.44058838581892], [-3.6285575537709795, 40.44063109002655], [-3.6285707668010723, 40.440657153373024], [-3.628591196745788, 40.44069848381394], [-3.628596919355329, 40.440714092369], [-3.628601976367855, 40.440727866701366], [-3.628602085168222, 40.44072815439864], [-3.6286503677849073, 40.44072158552628], [-3.628650488543872, 40.44072189117654], [-3.628768735606776, 40.44102364509639], [-3.628916149339842, 40.4414057268474], [-3.628849630753306, 40.44147996273084], [-3.6289434789629267, 40.44168125436596], [-3.628950957889167, 40.44169678127285], [-3.628982290053574, 40.44175525055081], [-3.6286957080230913, 40.4418344492593], [-3.628625670727182, 40.441853803142486], [-3.62816574534685, 40.440865427409015], [-3.6281329463693046, 40.44079492980755], [-3.628098535327586, 40.44072098148791], [-3.6280961436747536, 40.440717390871285], [-3.6280697140692126, 40.44065977758926], [-3.6280602605291294, 40.44066263075781], [-3.627799163644861, 40.4407343194041], [-3.627262959351734, 40.44086998715074], [-3.6272880319162244, 40.44092628365298], [-3.627315718106075, 40.44098848489748], [-3.6276107814445075, 40.44165156036206], [-3.627780676394194, 40.44204253050187], [-3.6279480558871864, 40.44241639687785], [-3.62868235857179, 40.44238357691842], [-3.6287319688222346, 40.44238269449509], [-3.628755453537947, 40.4423822784752], [-3.629058711220447, 40.44240430437527], [-3.6291247763267127, 40.442409098016896], [-3.6295124043433753, 40.44242124009507], [-3.6295333049072487, 40.44242189204515], [-3.629565906048137, 40.4424229127037], [-3.629575624503202, 40.44245349046056], [-3.629612226646051, 40.4424586965306], [-3.629711059837425, 40.4424356356397], [-3.6297216716216596, 40.44243557783392], [-3.6298374912211244, 40.442463775743235], [-3.6301069372456007, 40.44252807326723], [-3.630176680143729, 40.44254661204986], [-3.6301775441466257, 40.44254821995527], [-3.6302102835589616, 40.44260949203303], [-3.6302201621870944, 40.442657186006926], [-3.6302373846154348, 40.44273366881981], [-3.6304007017834152, 40.443302148619175], [-3.630464784892726, 40.44347206066558], [-3.6305020527108303, 40.443548443110565], [-3.6305333997379634, 40.44362214612117], [-3.6305564341446215, 40.443689588148935], [-3.630557446460716, 40.44369697002561], [-3.6305617307074822, 40.44372640616013], [-3.6305967754310915, 40.44396864778714], [-3.6306271457084853, 40.44406397774725], [-3.6306509124904793, 40.444335920547324], [-3.630655738426789, 40.444347605947485], [-3.630717768427173, 40.44442384420811], [-3.6308511556388328, 40.44456364808697], [-3.630851501037979, 40.44456401557191], [-3.630935771476213, 40.444660492726456], [-3.631035845869047, 40.44476985653774], [-3.631110998775285, 40.44486223918103], [-3.631205119107687, 40.444965329032264], [-3.6312503727591223, 40.4450128297339], [-3.6314071635683134, 40.445008369837126], [-3.6316216221756688, 40.444991882925976], [-3.631768946116154, 40.44498387065592], [-3.6318433363561513, 40.4452465274615], [-3.6319029074131604, 40.44542385970947], [-3.6319221821201113, 40.44548122288108], [-3.6319232519922795, 40.445484658478016], [-3.6319355577239216, 40.445524402064585], [-3.6319720794572805, 40.44564672507017], [-3.632015819645397, 40.445784323928144], [-3.6320376771497687, 40.445851772065616], [-3.6320584399399283, 40.44592823520231], [-3.632101001343637, 40.44606584046592], [-3.6321123111969973, 40.4461075083957], [-3.6321206651436277, 40.446138264548445], [-3.6321315350820425, 40.446178286231], [-3.632152448022919, 40.44623425300872], [-3.6321557258200468, 40.446243018876714], [-3.6321639939214876, 40.446270901618206], [-3.63216424998413, 40.44627180111972], [-3.6322179052942887, 40.446460688055105], [-3.632451455859089, 40.44722248327374], [-3.632567719130494, 40.44759886544495], [-3.632570637924308, 40.44760831794862], [-3.6325952283159313, 40.44768790416463], [-3.6319675779217313, 40.447797373319986], [-3.6315502368815564, 40.44787213168379], [-3.6313897925404586, 40.447893909052176], [-3.631192827621913, 40.447914498227036], [-3.631001190588212, 40.44791972463874], [-3.6307559000295178, 40.44792391017003], [-3.630458278531497, 40.44791715536649], [-3.6300090269660195, 40.44789870374941], [-3.6295797658895848, 40.44787036673045], [-3.6290681815028862, 40.447822971617825], [-3.6277845749099304, 40.4476947063497], [-3.6270223123208263, 40.44762465424558], [-3.627022111693052, 40.447624637315805], [-3.6270218993572243, 40.447624629458524], [-3.6270216988131714, 40.447624621537294], [-3.62702149835284, 40.447624622624616], [-3.62702129797623, 40.447624632720505], [-3.627021097599619, 40.44762464281639], [-3.627020885431223, 40.447624652976245], [-3.6270206852220546, 40.44762468108926], [-3.6270204849291647, 40.447624700193714], [-3.627020296595504, 40.44762473725134], [-3.627020096470057, 40.44762477437292], [-3.627019896344609, 40.4476248114945], [-3.6270197081783784, 40.44762486656925], [-3.627019519928438, 40.447624912635426], [-3.6270193318459394, 40.44762497671875], [-3.6270191436797163, 40.44762503179347], [-3.627018955680938, 40.447625104885354], [-3.627018779473933, 40.447625177913274], [-3.627018603266941, 40.447625250941165], [-3.6270184271436676, 40.44762533297764], [-3.6270182628121694, 40.447625414950146], [-3.627018098564392, 40.44762550593123], [-3.627017934400346, 40.44762560592086], [-3.627017781944354, 40.44762569683799], [-3.6270176296558123, 40.44762580577222], [-3.6270174772835406, 40.44762590569792], [-3.627017336870496, 40.44762602357675], [-3.6270171963737297, 40.44762613244703], [-3.6270170677524702, 40.447626250261926], [-3.627016939214932, 40.44762637708536], [-3.627016822385456, 40.447626494836285], [-3.6270167056396914, 40.44762662159577], [-3.627016588977659, 40.44762675736382], [-3.627016484023691, 40.44762688405935], [-3.6270163910289397, 40.44762702870805], [-3.627016297950478, 40.44762716434816], [-3.627016216663792, 40.44762729992434], [-3.627016135460826, 40.44762744450908], [-3.627016066049646, 40.44762758902985], [-3.6270159966384665, 40.44762773355064], [-3.62701595089458, 40.44762788695203], [-3.6270158814833993, 40.44762803147281], [-3.627015835739513, 40.44762818487421], [-3.6270158017874006, 40.44762833821168], [-3.6270157678353017, 40.44762849154914], [-3.627015745674978, 40.44762864482265], [-3.627015723514653, 40.44762879809611], [-3.6270157131461267, 40.44762895130568], [-3.6270157028613084, 40.44762911352377], [-3.6270157160763445, 40.44762926660539], [-3.6270157174995936, 40.44762941975096], [-3.627015742506405, 40.44762957276862], [-3.627015755721442, 40.44762972585023], [-3.6270157925200404, 40.44762987880394], [-3.6270158293186516, 40.447630031757626], [-3.627040808555292, 40.447722977432115], [-3.6270408331435897, 40.44772308540697], [-3.6270410895624563, 40.4477240299629], [-3.627046097846507, 40.44774268749798], [-3.6271134013460653, 40.447993079379266], [-3.6271707726897313, 40.448206317858585], [-3.6272730115104412, 40.44858661026998], [-3.627285555718772, 40.448633208901946], [-3.6272903685175, 40.44865111973577], [-3.627292457060977, 40.44865886516482], [-3.6273202706535397, 40.44876231791042], [-3.6273646726215802, 40.4489274914752], [-3.6274018798981396, 40.449065884229206], [-3.6274075353975843, 40.44908690760217], [-3.6274076566690585, 40.44908726730456], [-3.62740904938482, 40.449092466956245], [-3.627433491525608, 40.449183334353016], [-3.627434407850363, 40.44918676181408], [-3.6274404813142835, 40.44924004419853], [-3.6274421381342004, 40.44925462080058], [-3.62744220078096, 40.449255016857194], [-3.6274426115562948, 40.44925860922447], [-3.627484596410171, 40.44925766060813], [-3.6278960473534294, 40.44924551651583], [-3.6283067974856147, 40.449234113507494], [-3.628342461091417, 40.449233126865366], [-3.6287838050653574, 40.4492208711761], [-3.62997571287255, 40.44918555285882], [-3.6304436636205737, 40.44916228095811], [-3.6309221004875694, 40.44912543641019], [-3.6312095649125116, 40.449095939143], [-3.6314954826219332, 40.44906500816861], [-3.631495600542189, 40.449065007524425], [-3.6314993706175143, 40.44906462656822], [-3.6316112936542946, 40.44905320426822], [-3.631833901350525, 40.44902405980229], [-3.6322448771188958, 40.448961452352926], [-3.633248118432529, 40.448802807648285], [-3.6337308870658678, 40.44872538718822], [-3.63405118815275, 40.44867678390583], [-3.6353311407161537, 40.448475161574756], [-3.635387674030127, 40.44846764363856], [-3.6354936400169495, 40.448449944014975], [-3.63559958048626, 40.44842954173049], [-3.6357031370451542, 40.44840644975464], [-3.6358938177146207, 40.44836846403232], [-3.636028389960219, 40.448344291235266], [-3.636198885508722, 40.44831798364261], [-3.6361998983365607, 40.44831784293323], [-3.6364555544687884, 40.44828729146544], [-3.636712958654128, 40.44826705413399], [-3.6369713920448095, 40.44825717092415], [-3.637230159379123, 40.448257681697484], [-3.637281600870666, 40.448260461179565], [-3.6373775232564385, 40.448265698093856], [-3.6378514582587593, 40.448290110992716], [-3.637873402986736, 40.44829124215526], [-3.637898993278981, 40.448292551394715], [-3.6379438109263558, 40.44829320497083], [-3.637953008589764, 40.448293154211555], [-3.6379732906167113, 40.448293042278294], [-3.6379892167199754, 40.448293702130314], [-3.638085364558181, 40.448297829104], [-3.6380889021211793, 40.44829780957697], [-3.6380892678397525, 40.44829782557623], [-3.6382470443678416, 40.448309549153535], [-3.638388076419822, 40.4483313289568], [-3.6383934852849147, 40.44833216395139], [-3.6385021325843354, 40.448348681013606], [-3.6392684631651426, 40.448463887134906], [-3.6394327076006494, 40.44848858233785], [-3.639485927414662, 40.44849606271492], [-3.639488206412297, 40.4484963834409], [-3.6394893856031074, 40.44849637691756], [-3.6395283586754363, 40.44850246761883], [-3.639531904787597, 40.44850334890157], [-3.6398499184847237, 40.44855357108126], [-3.639895659497892, 40.44856079536819], [-3.639946441651787, 40.44856862236017], [-3.6400543843172635, 40.4485866103309], [-3.640129515477402, 40.44859913125135], [-3.6402675561347397, 40.448622438836836], [-3.6402948760926543, 40.44862705328164], [-3.6404814964453975, 40.44865845188021], [-3.6405020132447334, 40.448661941807075], [-3.6406906565385944, 40.44869399552545], [-3.64074843904573, 40.44870381940188], [-3.64080158834652, 40.44871253379771], [-3.640807423064048, 40.44871350145366], [-3.640864188245167, 40.448722988569166], [-3.6408901819545134, 40.44872825887454], [-3.6408929091255833, 40.448721135644206], [-3.640893633961371, 40.44871923072408], [-3.6409444077864404, 40.44872615642188], [-3.6409526992541594, 40.448727533872194], [-3.640959785975322, 40.44872871079473], [-3.6411381124334166, 40.44875841557961], [-3.641163676039003, 40.44876433685767], [-3.641191296071957, 40.448770733210196], [-3.641193256190144, 40.4487710016172], [-3.6412031280467207, 40.44877239731046], [-3.641302283878621, 40.44878645086985], [-3.6413858997822026, 40.448798302278945], [-3.6413932210724975, 40.44879934273816], [-3.641405030158243, 40.44880107901681], [-3.6414522750723126, 40.448808924972916], [-3.6414638369583066, 40.44881070766232], [-3.6414865578354076, 40.44881406806622], [-3.6415989579318007, 40.448830714540485], [-3.6416107553217762, 40.44883245987203], [-3.641648521192597, 40.448838052053055], [-3.641735413360633, 40.4488509120505], [-3.6417453685545085, 40.44885238831585], [-3.642219580085429, 40.44892260158547], [-3.642266982458602, 40.44892962651321], [-3.6423076129007996, 40.44893633769812], [-3.642373962022442, 40.44895532937869], [-3.6424372340407882, 40.44896201379514], [-3.6424383803508418, 40.44896226868578], [-3.642438888521298, 40.44896238297873], [-3.642497501839681, 40.44897519235363], [-3.6425327031752173, 40.448982663364504], [-3.6425636742353062, 40.44898923896024], [-3.6426357083286884, 40.44899964933773], [-3.642657326884799, 40.44900364627], [-3.642659335212987, 40.44900402249219], [-3.6427585338291544, 40.44901878627441], [-3.6429699505195625, 40.449054529456774], [-3.642997520379498, 40.44905810583543], [-3.6430117244416387, 40.44905994574492], [-3.6431365621737766, 40.449076134148605], [-3.6431357736609162, 40.4490800124102], [-3.6431374980412436, 40.449080291104735], [-3.6432313213470513, 40.44909525555786], [-3.6435055413977704, 40.44914039602565], [-3.643567786271209, 40.449150635090454], [-3.643592388995732, 40.449154687305615], [-3.6436405705932313, 40.449164247871664], [-3.6436762755965213, 40.449171337350656], [-3.6437211368321223, 40.449176492947664], [-3.643757726469612, 40.449179892789964], [-3.6438462353795558, 40.449186607058365], [-3.6439689325642663, 40.449192229906025], [-3.643993695804961, 40.449192091951666], [-3.644077462257595, 40.44919243606596]]], [[[-3.6932820317601647, 40.336215854399434], [-3.693278265851356, 40.336215994090324], [-3.69311230542127, 40.33621970044387], [-3.693126471685653, 40.33633853659565], [-3.6931302799103967, 40.33636554128411], [-3.693124633471057, 40.336388998960565], [-3.69311546457263, 40.33641337866119], [-3.6931086316811954, 40.33643594252927], [-3.6930924455087872, 40.33646486886143], [-3.693062307746397, 40.33651099620921], [-3.6930205635805224, 40.3365734095935], [-3.693019414004466, 40.336576119231935], [-3.6930194416557685, 40.33657882181704], [-3.693011330101506, 40.33659148325369], [-3.692989313010495, 40.33662585000746], [-3.692981192228462, 40.33663761058028], [-3.69297769740926, 40.336641235185795], [-3.6929204276576595, 40.3367269761942], [-3.6929058058973117, 40.33674887498467], [-3.6928930959649144, 40.33677237496197], [-3.6928802565061036, 40.33679932622543], [-3.6928608246305843, 40.336840137041804], [-3.692857366654734, 40.33684736509049], [-3.692852860455538, 40.33686721225438], [-3.692846036647666, 40.33689067696798], [-3.6928405282909846, 40.336927647554916], [-3.6928410074629934, 40.33697449236232], [-3.692841062752144, 40.33697989753239], [-3.6928411180413074, 40.33698530270243], [-3.6928411733304904, 40.336990707872495], [-3.692841200975085, 40.33699341045752], [-3.6928366118287412, 40.337005149865355], [-3.6928402655029786, 40.33713214824818], [-3.6928403207923783, 40.337137553418096], [-3.6928415533190893, 40.337142951536435], [-3.692841608608612, 40.337148356706365], [-3.6928416638981503, 40.33715376187623], [-3.6928417191877028, 40.33715916704613], [-3.692841774477271, 40.33716457221601], [-3.6928418297668535, 40.337169977385905], [-3.6928418850564504, 40.33717538255578], [-3.692843099154126, 40.33717897895076], [-3.6928592659084574, 40.33772358541788], [-3.693633550196371, 40.33770830495864], [-3.6940646045448937, 40.33770050290305], [-3.694063288827987, 40.33768699704716], [-3.694063021119154, 40.337660872068426], [-3.6940638568055317, 40.33762753313481], [-3.6940625041651565, 40.33761042383336], [-3.6940601971705176, 40.33755303126168], [-3.6940593465552647, 40.33753206302385], [-3.694050054065329, 40.33719968049268], [-3.6940430927745544, 40.33697989855919], [-3.694046504475486, 40.33696816616902], [-3.6940277580947414, 40.33640250285096], [-3.6940224123021794, 40.336340371658316], [-3.694021461577054, 40.33624758291779], [-3.694021181713956, 40.33622026879504], [-3.694020981600999, 40.33620073811619], [-3.694003726776993, 40.3362011569664], [-3.693971547563681, 40.33620193563145], [-3.6938263581536495, 40.336204833691525], [-3.6936490352121925, 40.33620837473321], [-3.693346526323054, 40.33621379211448], [-3.693319459460266, 40.33621485527417], [-3.6933088643785545, 40.336214909771726], [-3.6933065099364484, 40.33621492388409], [-3.6932820317601647, 40.336215854399434]]], [[[-3.684194211801463, 40.35493661839376], [-3.684235485200453, 40.354942230166664], [-3.6842351510587523, 40.35494412406369], [-3.6842204389142377, 40.3550066714945], [-3.6842182144802185, 40.35501611722756], [-3.6842139255502593, 40.35503452125359], [-3.6842108854839246, 40.35504832322804], [-3.6841995285495126, 40.355101454269374], [-3.684198184691099, 40.35510830916841], [-3.684198071488791, 40.35510876029527], [-3.684195605622987, 40.35512111740934], [-3.6841906747993263, 40.35514592172333], [-3.684183867789146, 40.35518316975382], [-3.684179421636683, 40.35520932257144], [-3.6841667942451957, 40.35528822727345], [-3.6841622521770505, 40.35531654285169], [-3.684152338277224, 40.355372638367136], [-3.684144131814046, 40.355411246043694], [-3.6841311698928503, 40.35546871095793], [-3.684119468666994, 40.35552274493877], [-3.684110278843925, 40.35556892610868], [-3.6840928090502048, 40.35563479618412], [-3.6840812358476187, 40.355678198614115], [-3.6840629939112737, 40.35573758666836], [-3.6840436104794194, 40.35581220692136], [-3.684005703935251, 40.35594171230542], [-3.683969031584715, 40.356065174250496], [-3.6839294694571505, 40.356205680548605], [-3.683898377614727, 40.356310370451084], [-3.683874419510514, 40.35638681954857], [-3.6838697270731102, 40.35640027091599], [-3.683840407576476, 40.35648224728347], [-3.6838195190353433, 40.35653615536457], [-3.683780320146157, 40.35663107319933], [-3.683748104181175, 40.356706129626524], [-3.6837206288687794, 40.3567725092432], [-3.6836707331929923, 40.356857760401304], [-3.6836569665483485, 40.35688225655104], [-3.6836065219541143, 40.35697147494692], [-3.683521012265585, 40.35712189244189], [-3.6834116640879007, 40.35731407296464], [-3.6833399395221758, 40.35744188601051], [-3.683229713263266, 40.35762884624004], [-3.6832090739621677, 40.357660860520014], [-3.6831851355514216, 40.357692714101724], [-3.6831603755277995, 40.35772484280566], [-3.683114184071061, 40.35778052185432], [-3.683043522048811, 40.3578620214553], [-3.682943941675124, 40.35797207056933], [-3.682744991854132, 40.35818982491479], [-3.6825830653685365, 40.35836537782206], [-3.682373422394818, 40.35858571718765], [-3.6822815791426353, 40.35868076490235], [-3.682276684925502, 40.35868592898386], [-3.6820751816155926, 40.35889612954776], [-3.6820635773810046, 40.358905080994155], [-3.6819723445690564, 40.358975475857925], [-3.682042459607987, 40.35903812635836], [-3.682702620715313, 40.35940771412831], [-3.6828709961701938, 40.35950693772753], [-3.68292288800781, 40.35953752365367], [-3.682970844203572, 40.3595667273722], [-3.683119522798533, 40.359629138467945], [-3.6831655724033365, 40.35956978454191], [-3.6831706284823826, 40.359564322165916], [-3.684267890125554, 40.358379548300626], [-3.6853396257383233, 40.35730261039333], [-3.686170998041067, 40.35648160597336], [-3.68744294258951, 40.35541990206249], [-3.6875388068766046, 40.355339276982804], [-3.687406018859322, 40.35532083177103], [-3.6872537940830843, 40.355299474833856], [-3.6843138263471973, 40.35488690098004], [-3.6842074389089454, 40.35487278243407], [-3.684194211801463, 40.35493661839376]]], [[[-3.692390963949967, 40.37368202969152], [-3.6925381913296897, 40.37366783264183], [-3.6930915145733514, 40.373637490389456], [-3.6933363826908794, 40.37362340980203], [-3.6933446277933224, 40.373623360368796], [-3.6933433827419493, 40.37361796236618], [-3.6933563418755084, 40.3736169837579], [-3.6933563972774213, 40.373622388893004], [-3.6933634552742185, 40.37362144566465], [-3.693856743248278, 40.3735950633324], [-3.6939073547437253, 40.373591156011116], [-3.6942299249880373, 40.37357300362006], [-3.694237142469231, 40.373572681009676], [-3.6943009104246793, 40.3735698116643], [-3.694438313080709, 40.373563644245436], [-3.6944536578658753, 40.37356327281719], [-3.694569737276533, 40.373559161238205], [-3.6946170691635736, 40.37355707512639], [-3.6946145984074774, 40.373522945432946], [-3.6945802921869637, 40.373508736908434], [-3.694566019007415, 40.373495308966945], [-3.694562124662747, 40.37346019681978], [-3.69456030238681, 40.37342038748914], [-3.6945541815192398, 40.373374928234746], [-3.694555084964914, 40.37337113898158], [-3.694552004169532, 40.373293652092265], [-3.6945495869797753, 40.37323261185549], [-3.6945463137067747, 40.37315014408091], [-3.694544281235817, 40.37309903858312], [-3.694561849223619, 40.37303757200487], [-3.6945668791296926, 40.372984811458416], [-3.694558671678206, 40.3728944452962], [-3.694554592389229, 40.37284131602995], [-3.694535057601887, 40.37262975523059], [-3.694512956304624, 40.372403398850565], [-3.6944813763085906, 40.37207754866909], [-3.6944819839976346, 40.37205413033196], [-3.694469197613556, 40.37195945826216], [-3.6944481397173874, 40.371760113911954], [-3.694447695696018, 40.37175587328529], [-3.6944372917052655, 40.371661484201454], [-3.694424601051656, 40.37154628878128], [-3.694412584872294, 40.371437125414516], [-3.6944026197882374, 40.37134761662721], [-3.694398975331033, 40.37133682757218], [-3.6943941622902345, 40.37132694644528], [-3.694388180666132, 40.37131797324643], [-3.694381590419745, 40.37131052624217], [-3.694381297141916, 40.37130834779721], [-3.6942972490948978, 40.37068582701415], [-3.6942971598984564, 40.37068516988416], [-3.694303907255065, 40.370681534737834], [-3.694308563064111, 40.37067610131584], [-3.6943019491333096, 40.37060550955106], [-3.6942994095153434, 40.37058759665623], [-3.6942282175885275, 40.37007792784513], [-3.694151239977911, 40.36950937403815], [-3.6941508019073686, 40.36950570995647], [-3.6941151348798775, 40.369204812269494], [-3.6941043264305584, 40.369115686865555], [-3.6940836070856555, 40.36894454786754], [-3.694078111809643, 40.36889799469343], [-3.6940692998603133, 40.36882436199328], [-3.694066759453302, 40.368806359001105], [-3.694064311462759, 40.36879736457357], [-3.6940816661392923, 40.368687610424445], [-3.694096387871818, 40.368594466871755], [-3.6940843738363096, 40.368456699444955], [-3.6940633391272515, 40.368243309542564], [-3.6940632005076166, 40.36822979669417], [-3.694051168132774, 40.368090227540996], [-3.6940181305959348, 40.36762528490094], [-3.694018077925043, 40.36762015001795], [-3.6939705816428505, 40.3667789830591], [-3.6939554023417083, 40.36651627803522], [-3.693951919808114, 40.36645348732704], [-3.693932641119475, 40.36634000697442], [-3.6939031170145515, 40.36622782233991], [-3.6938553063865363, 40.36611381044841], [-3.693792793212909, 40.366004039943896], [-3.6937162014287113, 40.3658996241913], [-3.693626307320555, 40.36580160356537], [-3.6936220770893646, 40.36579797123247], [-3.693438818703888, 40.36565054578198], [-3.6932439225712432, 40.36551213585771], [-3.6930381478732635, 40.36538326839037], [-3.692822277048205, 40.365264443146266], [-3.6925971629002623, 40.365156132445954], [-3.6923636810303098, 40.36505873640485], [-3.6921227187977017, 40.36497265507313], [-3.6918752216010122, 40.36489820707745], [-3.691874311980108, 40.364896789077335], [-3.691755596506622, 40.364908895775535], [-3.691647752539047, 40.36491990128553], [-3.6917141940000078, 40.36508256909022], [-3.69203968506204, 40.3655842319376], [-3.69216382298728, 40.3657762572783], [-3.6923044645922705, 40.36599378761488], [-3.6923065591864734, 40.36599705439731], [-3.6923857925540506, 40.36614342878032], [-3.6923862391039233, 40.366144480174356], [-3.6924207583176063, 40.36622249972666], [-3.692440136820861, 40.36627462760964], [-3.6924498723181576, 40.36630520934834], [-3.6924596169515844, 40.3663366829346], [-3.6924670061028935, 40.366368170623694], [-3.6924766871711903, 40.3664129961098], [-3.69248059481028, 40.36643114411386], [-3.692486818104605, 40.36646264779117], [-3.692491844763151, 40.366501519087095], [-3.692491934765768, 40.36650225729629], [-3.6924946196192363, 40.36653557497603], [-3.6924961502813813, 40.36656889956675], [-3.692497361232748, 40.36661241539004], [-3.6924980103977454, 40.366635564949455], [-3.6924971090611565, 40.36666257969781], [-3.6924971736929777, 40.366668894706116], [-3.692494939416588, 40.36668880923773], [-3.6924939354772386, 40.366697743290196], [-3.6924922872778243, 40.36670702354711], [-3.6924905840627376, 40.366716682516575], [-3.692485027216914, 40.366749148633076], [-3.6924783689287524, 40.36678792773041], [-3.692472970758756, 40.366823239778675], [-3.6924706409574655, 40.366838425091814], [-3.6924593612718617, 40.36688714189412], [-3.692449157912749, 40.3669259422154], [-3.692441162545652, 40.366950314719006], [-3.692430839317883, 40.36697740389656], [-3.6923825140915443, 40.3670903072602], [-3.6923698013345145, 40.36711178904534], [-3.6922774424101794, 40.36726783940014], [-3.6922690477955498, 40.36728197991771], [-3.6922632512498037, 40.36729103274698], [-3.692242367375732, 40.367320878848865], [-3.692202800139536, 40.3673688640295], [-3.692188215180494, 40.36738465422551], [-3.6921760064951865, 40.36739785358831], [-3.6921633345514717, 40.367412974665456], [-3.6921340887628524, 40.367444050988766], [-3.6920962186037696, 40.36748293577148], [-3.692086182724925, 40.36749323019333], [-3.6920743288794147, 40.367505427409185], [-3.6920723122620136, 40.367507484547914], [-3.6920700359831633, 40.367509489185785], [-3.6920698253675233, 40.36750962558299], [-3.692057766135961, 40.367521319515404], [-3.6920360029595156, 40.367541215761406], [-3.6920214277950403, 40.36755221302462], [-3.692004593217112, 40.36756110666205], [-3.691985991308644, 40.36756764147292], [-3.6919661970577264, 40.36757160680613], [-3.6919457983363797, 40.36757290004346], [-3.6918884944540933, 40.36757270234266], [-3.691876575822488, 40.367572809684205], [-3.6918704175759736, 40.36757299067234], [-3.6918642720282735, 40.36757326167539], [-3.6918581272174564, 40.36757360474668], [-3.6918519949211763, 40.36757401981576], [-3.6918458754157473, 40.367574533908346], [-3.6918397684248228, 40.3675751199987], [-3.691833674132588, 40.36757579610399], [-3.6918275805771343, 40.36757654427753], [-3.691821523183563, 40.36757737331652], [-3.691815478396508, 40.36757828336187], [-3.6918094698634056, 40.367579283281266], [-3.6917405108930113, 40.36759114636885], [-3.6917327691978374, 40.367591976468596], [-3.6917249466133715, 40.36759180703911], [-3.6917172788775843, 40.36759065468861], [-3.6917099663954205, 40.367588536236724], [-3.691703210124338, 40.36758552255455], [-3.6916902790077444, 40.36757876197261], [-3.6916800074571787, 40.36757407559895], [-3.691667845853428, 40.36756769780434], [-3.691656448981381, 40.36756238752033], [-3.6916453738837487, 40.3675574446848], [-3.6916052162535737, 40.36760188359719], [-3.6915165619236054, 40.367700000547465], [-3.6915101519580507, 40.36770666958931], [-3.6915010371026535, 40.36771720169936], [-3.6914961077169886, 40.367723528549966], [-3.691491462376147, 40.36772998883882], [-3.691487136229157, 40.36773656433752], [-3.6914830821652758, 40.3677432553278], [-3.6914793589810184, 40.36775005244899], [-3.6914759311592125, 40.36775693789525], [-3.6914728340330605, 40.3677639114554], [-3.691470055732859, 40.36777096419123], [-3.6914675961666523, 40.36777808709422], [-3.691465467020169, 40.36778527108542], [-3.691463668201443, 40.36779250715626], [-3.6914621879328644, 40.36779979537719], [-3.691461061271473, 40.36780710851119], [-3.691460252884246, 40.367814446769614], [-3.691459786326711, 40.367821810011556], [-3.6914596378594298, 40.36782918036078], [-3.691459842631506, 40.367836539588815], [-3.6914604007351315, 40.36784389670428], [-3.6914618438448774, 40.367854870195174], [-3.691463303026468, 40.36786050118081], [-3.6914726304942933, 40.367918022706995], [-3.6918141728808873, 40.36789409692315], [-3.6918636705402097, 40.36837256352523], [-3.692057132950784, 40.370242591018034], [-3.6920579859822484, 40.37025113556601], [-3.692053230288569, 40.37025142528965], [-3.692058380587673, 40.37030237706606], [-3.6920965005675743, 40.37066656773713], [-3.6921011996776074, 40.370711405017616], [-3.6921183028058953, 40.370874908222724], [-3.692165897840988, 40.371359223735574], [-3.6922132866136894, 40.371846333247504], [-3.6922422107256683, 40.37214048790102], [-3.6922422134911685, 40.372140758157904], [-3.6922627367544023, 40.372350637766914], [-3.692262457573523, 40.37235098178447], [-3.692262693051309, 40.372350971365755], [-3.6922715639648205, 40.37244201842772], [-3.6922759109892387, 40.372486956894825], [-3.692331966895182, 40.37306113250322], [-3.692344276770157, 40.373182024170035], [-3.692390963949967, 40.37368202969152]]], [[[-3.691602008455811, 40.38033143591212], [-3.6916712306568864, 40.38046498724753], [-3.691690358658683, 40.38050378314837], [-3.691696092300023, 40.380514956175865], [-3.691736998252654, 40.380594775379926], [-3.6917601988695408, 40.38064013255985], [-3.6917731838320655, 40.380665730822805], [-3.6917789562505168, 40.380677236950596], [-3.6918049301364, 40.38061710797608], [-3.691866889448133, 40.380473636717674], [-3.6918775147709852, 40.38045628467956], [-3.6918884878637415, 40.380438381004446], [-3.691898855693818, 40.380422345833786], [-3.6919120921409707, 40.38040228444788], [-3.691919518649794, 40.38039123088949], [-3.6919309950484065, 40.380374162045214], [-3.6919438057594203, 40.38035509420417], [-3.691965075790461, 40.38032344408194], [-3.6920231996325032, 40.38023693321179], [-3.692042156470249, 40.38023596390223], [-3.692043545849927, 40.38023589252381], [-3.692515378630888, 40.38022749125798], [-3.6925159582242273, 40.38023462299602], [-3.6952005493148365, 40.38011487430694], [-3.695237794142615, 40.380113208937416], [-3.6954795883742335, 40.38009926838112], [-3.6956011773710644, 40.38006507725596], [-3.6956257629758666, 40.380058163529995], [-3.6956262321306563, 40.380057962507586], [-3.6956257488795385, 40.38005793838727], [-3.6956194730329655, 40.37998609251754], [-3.6955558401702713, 40.37925699025116], [-3.695556876227388, 40.37925692996486], [-3.6960161665605513, 40.37922899507054], [-3.6961515309615507, 40.37921827024812], [-3.6962316368166768, 40.37921245459732], [-3.696232755144747, 40.37921237579144], [-3.6962254503073897, 40.379184815880635], [-3.6962241755139407, 40.37917999467661], [-3.696210677499981, 40.379128724056216], [-3.696183707600937, 40.37902528174162], [-3.696151482270271, 40.37890338437665], [-3.6961285479915458, 40.378816602609795], [-3.696119858463914, 40.37878269059876], [-3.6961101132481415, 40.37874464075411], [-3.696089263756227, 40.378665828493006], [-3.6960444044370475, 40.37849643006129], [-3.6960427135898417, 40.37849009782944], [-3.695935577640465, 40.37849523817362], [-3.6958814102032598, 40.37849736596519], [-3.695836663899538, 40.37850033795317], [-3.695562350870217, 40.37851550188439], [-3.695483453064304, 40.37851958005703], [-3.695482028478015, 40.37851966069754], [-3.695411325812361, 40.378523356197064], [-3.6953835924696006, 40.37826531303475], [-3.695373736985921, 40.37817753352997], [-3.6952959149822426, 40.377343127687126], [-3.6952938384055796, 40.37733593288787], [-3.69529316655571, 40.37733360356895], [-3.695163031138871, 40.37688193960861], [-3.695162896844809, 40.376881480951454], [-3.695115596667256, 40.37686509843179], [-3.695112353378262, 40.376860144900064], [-3.6951089927599003, 40.37685523711904], [-3.695105514719589, 40.376850366080106], [-3.6951019194425183, 40.37684554980043], [-3.6950982421739393, 40.37684077905897], [-3.6950944358893523, 40.37683606314754], [-3.695090535741441, 40.376831383836574], [-3.6950865067626997, 40.37682677737268], [-3.695082395792508, 40.37682221644701], [-3.6950781793648964, 40.376817710209686], [-3.6950738457931918, 40.37681326774005], [-3.6950694303226412, 40.376808879817155], [-3.6950649093946977, 40.376804546582534], [-3.695060283101946, 40.3768002770448], [-3.6950555632236717, 40.376796071133136], [-3.695050749759866, 40.37679192884746], [-3.6950458426179704, 40.37678784117928], [-3.6950408421682672, 40.37678384416276], [-3.6950357361686414, 40.37677989282591], [-3.695030572106419, 40.376776022919785], [-3.6950253144586815, 40.37677221663961], [-3.695019963225433, 40.37676847398542], [-3.695014506905098, 40.376764822053616], [-3.695009004023706, 40.37676122445603], [-3.695003395962663, 40.376757708572256], [-3.694997706187921, 40.37675426525215], [-3.6949919465712773, 40.376750903433475], [-3.694986105240919, 40.376747614178434], [-3.6949801940686497, 40.376744406424805], [-3.6949742130544574, 40.376741280172546], [-3.6949681504190743, 40.37673823549247], [-3.6949620414076985, 40.3767352631636], [-3.6949558508676668, 40.37673238141545], [-3.694949602264916, 40.37672958109781], [-3.6949432838201757, 40.37672686228156], [-3.6949369072201312, 40.37672421588725], [-3.6949304846142357, 40.37672167787837], [-3.694923992073754, 40.376719212362225], [-3.6949174415630157, 40.37671683728514], [-3.6949108448612753, 40.376714552576296], [-3.6949041901892357, 40.376712358306506], [-3.6949026537961167, 40.37671187203795], [-3.6946705606288104, 40.376792915985284], [-3.6946611070007527, 40.376795765596675], [-3.694524415480986, 40.3767421896331], [-3.6944144071117506, 40.37669906600971], [-3.694134709158864, 40.376589437697184], [-3.694063779486373, 40.376561637892614], [-3.6940627120669025, 40.37656322990197], [-3.694028033851684, 40.376549645085355], [-3.693956264612045, 40.37652152592525], [-3.6938987050724346, 40.37650059180726], [-3.693846991511708, 40.376558046866116], [-3.693051894947233, 40.37624334268992], [-3.6926323144856736, 40.376072692424536], [-3.6925729825118236, 40.37606725491674], [-3.690947837089309, 40.37843402007754], [-3.6910684346573963, 40.37842622730443], [-3.691605237349213, 40.37839617100446], [-3.6916120225262645, 40.37846526629863], [-3.6916171514096385, 40.37851754248901], [-3.6916762722317373, 40.37911954663532], [-3.691831731859913, 40.37911086885741], [-3.6921565237551, 40.37909306927803], [-3.692200112097636, 40.379090853400186], [-3.6922249793331003, 40.37908958741867], [-3.692237927752241, 40.37908860899829], [-3.6922523138442123, 40.37908767602485], [-3.69225322032571, 40.379087616543806], [-3.6922506798577563, 40.379091469629984], [-3.692316894756703, 40.37909005520513], [-3.6923997045354287, 40.37908828011751], [-3.692401494768855, 40.379088242371104], [-3.6917027348773797, 40.380136993609526], [-3.6916224687778763, 40.38025745692268], [-3.6915907022872245, 40.38030871050083], [-3.6915905051613422, 40.38030901798923], [-3.691590412396217, 40.38030916268967], [-3.6915905890945084, 40.3803091616329], [-3.691602008455811, 40.38033143591212]], [[-3.6928260593999838, 40.376931910653134], [-3.693501499445112, 40.37720624343339], [-3.693584626779944, 40.377237961455734], [-3.6936432617787185, 40.377260330732405], [-3.6936405796433913, 40.37726413965418], [-3.6932151506107394, 40.37786722867678], [-3.6929209968928234, 40.37831656396986], [-3.69291693618314, 40.3783169036202], [-3.692862589841791, 40.37839815803873], [-3.6926885257853233, 40.3784051828568], [-3.6927402526117685, 40.37833153888731], [-3.6926579922401523, 40.37833625690347], [-3.6925440969249816, 40.37834279496679], [-3.6925330299671324, 40.37834342881694], [-3.69196911002348, 40.37837579585602], [-3.6921079346947225, 40.37789748248296], [-3.6921284463304214, 40.3778297914251], [-3.6921591353468095, 40.37772059755943], [-3.6921659633098702, 40.377697133015054], [-3.692168026519635, 40.37769039086344], [-3.6921750826188213, 40.37766734838094], [-3.6921807971643044, 40.37765019687429], [-3.6922058175878214, 40.37756265877835], [-3.692218313946212, 40.37751753844488], [-3.692257017742263, 40.37738577380552], [-3.692355192306834, 40.37742482613839], [-3.6924060465391313, 40.37744434169377], [-3.692422297894885, 40.377420820710356], [-3.6925081740140384, 40.377294178989054], [-3.6924549363267585, 40.37727197501785], [-3.6925512383416934, 40.377128153528716], [-3.692648727106069, 40.37698522575934], [-3.692681220194756, 40.37693728286611], [-3.692714881940346, 40.37688843205229], [-3.6928260593999838, 40.376931910653134]]], [[[-3.635937710394128, 40.380916445357066], [-3.635939034045098, 40.38094821323688], [-3.6359392475070935, 40.380953374287564], [-3.635945396377133, 40.381107396387], [-3.635945438733955, 40.38111190071291], [-3.6359362179165244, 40.38113357330333], [-3.6359050976146525, 40.381206718290265], [-3.635827104063148, 40.38138163573624], [-3.6357862602452737, 40.38147314067736], [-3.6357763653919486, 40.38149580796261], [-3.635748016219591, 40.38156049612542], [-3.6357309007850795, 40.38159957266805], [-3.6357207379134553, 40.381622556740645], [-3.635720518746417, 40.38162305344693], [-3.635715815115417, 40.38162398021634], [-3.6354234536245076, 40.38170841688839], [-3.6354232656481575, 40.38170847197598], [-3.6351563104519493, 40.38175857876788], [-3.634115006361338, 40.381897637424636], [-3.6341277100397305, 40.38192443294953], [-3.634138498290649, 40.381945464132706], [-3.634146629304475, 40.38196579816636], [-3.6341515574120233, 40.38198126682238], [-3.634155368334706, 40.381996948814354], [-3.634155417990308, 40.38199721881555], [-3.634158226320457, 40.38201277116873], [-3.6341600617559693, 40.38203261719666], [-3.6341603545611454, 40.38205253474802], [-3.6341593260554923, 40.382068486524815], [-3.634157154012356, 40.382084354481464], [-3.6341487815668847, 40.38210737364234], [-3.6342358883811707, 40.38209967962757], [-3.634346542355535, 40.38208916265474], [-3.6346466754233937, 40.382060488521724], [-3.6346584590765083, 40.382059522939144], [-3.634756117408974, 40.38204637416209], [-3.6349949754382074, 40.382016224620884], [-3.635281995468109, 40.381968710709124], [-3.6354419334862538, 40.381939903696654], [-3.635658296409034, 40.381895470817526], [-3.6358640280620698, 40.38184929416879], [-3.6362095515906785, 40.3817618071284], [-3.6363540910253835, 40.38172047080842], [-3.6364598218340904, 40.38169015884959], [-3.636499752707073, 40.38167822721914], [-3.636759361613013, 40.38159750876469], [-3.6369920080120033, 40.38153227176782], [-3.637265268563441, 40.38146517984489], [-3.637265855876508, 40.381464996426], [-3.637309340805676, 40.38145394584212], [-3.6374588210853154, 40.38142699549879], [-3.637682145019812, 40.38138522319774], [-3.6376812650178305, 40.38138310189883], [-3.637759759643061, 40.381364263398744], [-3.6379478756471224, 40.38131555854133], [-3.638173191429324, 40.38124399016403], [-3.6383658147230857, 40.38117737665599], [-3.6385770432904345, 40.38109993923925], [-3.6387437388104034, 40.38102735108416], [-3.638790191252843, 40.381006247396094], [-3.638860428195605, 40.38097258872077], [-3.639030969903392, 40.38088695171948], [-3.639204916490038, 40.38079016938607], [-3.6393257587338907, 40.38071369865213], [-3.639459586995331, 40.380626435133465], [-3.639608111797001, 40.380511197945886], [-3.6397509115938744, 40.38037488387576], [-3.6397573096081914, 40.38036877633494], [-3.6398895496882964, 40.380212150894884], [-3.639968944973594, 40.380104448981015], [-3.640052671528064, 40.37996025412785], [-3.6400902455010757, 40.37987995509445], [-3.640138713957187, 40.379764550270295], [-3.6401687042331297, 40.37967213988787], [-3.640199477841719, 40.37956541867909], [-3.6402181672918807, 40.37946520588197], [-3.6402282900747513, 40.37934858084778], [-3.640229990338, 40.37923201144979], [-3.6402257905223188, 40.37917288983258], [-3.6402261035138634, 40.37913875254618], [-3.6402264151408605, 40.37910447112118], [-3.640222412175961, 40.37905494312513], [-3.6402086015680397, 40.37896491937761], [-3.640193289233273, 40.37891163412227], [-3.640188723082063, 40.37888101037467], [-3.6401762478730673, 40.37883996181311], [-3.6401545803003734, 40.37877363049059], [-3.6401374178477015, 40.37873022946321], [-3.640112761884207, 40.378671761617454], [-3.640110295099904, 40.37866006341553], [-3.64008797330773, 40.37866649335508], [-3.6400823326815277, 40.37866796603559], [-3.6400059434941423, 40.37868730798054], [-3.6400034874983804, 40.378687952211344], [-3.640003311228705, 40.37868799823251], [-3.640000996163383, 40.378688596637694], [-3.639995836797327, 40.378689886468095], [-3.639924618708537, 40.37870793846401], [-3.6399200348416434, 40.378709044923994], [-3.6399046357822153, 40.378712553601574], [-3.6399082634595827, 40.37872244355997], [-3.6398530265505986, 40.37873626288286], [-3.6398424929683357, 40.37874352846155], [-3.639452163702851, 40.378825868654566], [-3.638912545291001, 40.37894236618498], [-3.6387002351904605, 40.379001827997634], [-3.638421848559082, 40.379062555140145], [-3.638104334154741, 40.37913279493664], [-3.6380973865664004, 40.37913434680509], [-3.637718641249198, 40.37922130197298], [-3.6374138415655395, 40.37929208237724], [-3.637153818080128, 40.37935153406433], [-3.6370788204764954, 40.379368704220596], [-3.636156067797812, 40.37958279565537], [-3.6359536348211074, 40.379628233956346], [-3.635897794641384, 40.37964070334058], [-3.6357624856375073, 40.37967098821467], [-3.6357399147881018, 40.379676067316595], [-3.635734041854272, 40.379677910436136], [-3.6357402450481295, 40.37971120106859], [-3.635742626435989, 40.379713890712786], [-3.63574499604412, 40.379716580421686], [-3.6357462281571635, 40.37972107820799], [-3.6357487789122565, 40.379741785160604], [-3.635753080862201, 40.379767068127656], [-3.635757507643617, 40.379793098165074], [-3.635823134224172, 40.38013238115627], [-3.6358665325152506, 40.38036277597982], [-3.635887464894558, 40.380459058448984], [-3.6356603132257015, 40.38048192917759], [-3.6353990500226323, 40.38051039236573], [-3.6353766848441635, 40.380512317075045], [-3.635328437307533, 40.3805179786187], [-3.635326883947957, 40.3805181583261], [-3.6352451683568208, 40.38052767041424], [-3.6353032079052494, 40.38067399299658], [-3.635303473498754, 40.380674676230484], [-3.635251382480765, 40.3806863048755], [-3.635248737376946, 40.38068689598949], [-3.6351864382951122, 40.38070165279024], [-3.6349419452741367, 40.38075975292181], [-3.6349313567772144, 40.38076251379466], [-3.634941554502196, 40.38079090859904], [-3.634945885285732, 40.380802975057044], [-3.6346789620606934, 40.380854891405065], [-3.634630837782735, 40.38087497558004], [-3.634813886287447, 40.38092262010965], [-3.6347943505154277, 40.38097498023639], [-3.634895809370436, 40.38099162165171], [-3.6349427454531833, 40.380999319002015], [-3.635394915916514, 40.381073484974806], [-3.6354535115997586, 40.38107955947485], [-3.635430823486128, 40.38099572817598], [-3.6354156919668186, 40.38095757662421], [-3.6354985911434543, 40.38094859845791], [-3.635539663928369, 40.38094412944158], [-3.6355692041177874, 40.380940994080994], [-3.6358599022765894, 40.38091056683625], [-3.6359363799002966, 40.38090023626147], [-3.635937710394128, 40.380916445357066]]], [[[-3.6629652797505696, 40.388512880920345], [-3.6629726589012237, 40.38850243310488], [-3.6629735226523708, 40.388502806534845], [-3.6630327838239665, 40.388424456972494], [-3.663368180868947, 40.387964330610714], [-3.6633968943808095, 40.38792479612245], [-3.663427267845234, 40.387886333195205], [-3.663570721541595, 40.38769273337164], [-3.663618439271981, 40.38771324352771], [-3.6636503899345025, 40.387727456703196], [-3.6637000923377565, 40.387749703200264], [-3.66371571168231, 40.387756550557135], [-3.6637284911483823, 40.38776215293845], [-3.66376398525429, 40.387777264671634], [-3.663834913347651, 40.38768136105961], [-3.6638581573964317, 40.38764879486101], [-3.66388025868226, 40.387619838858164], [-3.663921678745584, 40.3876385201613], [-3.663967112221089, 40.38765916941591], [-3.664021083539931, 40.38768300389219], [-3.664107411868325, 40.38757168719957], [-3.6641185068158615, 40.387549731367756], [-3.664125232089748, 40.387526719539075], [-3.664196122854732, 40.38750385268835], [-3.6642468638630303, 40.387444731806994], [-3.6643073431268296, 40.38737428457503], [-3.6644038975369795, 40.387261800790334], [-3.6644193549753843, 40.387243783867305], [-3.665057185389926, 40.38649731694712], [-3.665230597413327, 40.386292263337914], [-3.665593491540252, 40.38586332389646], [-3.6655999669742756, 40.38585569195157], [-3.6656921369424444, 40.38574706117631], [-3.6656991249487603, 40.385738840683395], [-3.666063557179718, 40.385311161168104], [-3.6661017588107083, 40.38526632804706], [-3.6661085504377207, 40.385258514069776], [-3.666128086942227, 40.38523607697529], [-3.6661343385306293, 40.385224869675696], [-3.666136103649585, 40.38521269721918], [-3.666134000628206, 40.38520252904788], [-3.6660955717045085, 40.38517644383381], [-3.6660605352809474, 40.385147906608594], [-3.666029009164992, 40.38511691669674], [-3.66601030037618, 40.385095402604556], [-3.6658561373082112, 40.38494556810902], [-3.665819319630163, 40.38490361750216], [-3.665726489489016, 40.38479667336288], [-3.6655636715859763, 40.38460526623374], [-3.6654263045903748, 40.384438036995604], [-3.665290573386155, 40.38426935672023], [-3.665184671016713, 40.38413879339254], [-3.66513754140165, 40.38407964944256], [-3.665124074066325, 40.38406274474236], [-3.6651049867456487, 40.384038620035405], [-3.665048913525383, 40.38395533804149], [-3.6649290747067975, 40.383785214557605], [-3.664843271567128, 40.38366174261339], [-3.6647527113724583, 40.38353370330468], [-3.664653755538235, 40.383390486788564], [-3.6645613626015763, 40.38325570102691], [-3.664490985097244, 40.38315409534858], [-3.6644830498379752, 40.383142636317864], [-3.664416994055036, 40.38316670981882], [-3.664357484007139, 40.38318912403701], [-3.664299538123014, 40.383214862608355], [-3.6645119514365825, 40.383514546314856], [-3.6644579779582735, 40.38353692876817], [-3.664380771455195, 40.38356405734232], [-3.6643657751850762, 40.38354379193039], [-3.6643248136907567, 40.3835571535224], [-3.664249302111899, 40.38358173170394], [-3.6642309982859524, 40.38355336806951], [-3.664064655739107, 40.383542161135914], [-3.664054201895985, 40.38355735646536], [-3.664015290917566, 40.383613976907284], [-3.663975100821629, 40.38367231641027], [-3.663931541175707, 40.38373545007094], [-3.6639314260236815, 40.38373572100523], [-3.663879303456097, 40.38381466974352], [-3.6638792570413736, 40.383814742082805], [-3.663879187419301, 40.38381485059178], [-3.6638234418888853, 40.383956793749], [-3.6637972671160024, 40.38405072878733], [-3.6637699270582353, 40.38411717471899], [-3.6637234662587663, 40.384273677294125], [-3.6637211587626117, 40.38427864554599], [-3.663721654747004, 40.38428116524852], [-3.6637614856194913, 40.38445021770065], [-3.6638102372617936, 40.38467588618982], [-3.6638569682706383, 40.384948909088926], [-3.6638796806149445, 40.385101077593305], [-3.66388047679389, 40.385110172216805], [-3.66388874905514, 40.385164341508826], [-3.663841272979025, 40.385169469972325], [-3.6636944548872425, 40.38518533089656], [-3.663705271202821, 40.385240638765], [-3.6637089936768263, 40.38527179790581], [-3.663710794994203, 40.38528727421534], [-3.6636848588802415, 40.385321567576234], [-3.66364484838962, 40.38537432928465], [-3.6635996162248494, 40.385434048944504], [-3.6635765761232935, 40.38546452381984], [-3.6635397065159716, 40.385513213370835], [-3.6635173763304127, 40.38554280126842], [-3.6634959744515863, 40.38557094237874], [-3.663485855035562, 40.38558424382207], [-3.663476087273972, 40.38559736306479], [-3.663462129660307, 40.38561573162543], [-3.6634329361907625, 40.385654277895604], [-3.6633905999758714, 40.385710197033866], [-3.6633553581295053, 40.38575670599271], [-3.663311497929532, 40.38581461584625], [-3.6633034683682864, 40.38582358091626], [-3.6632618576351725, 40.385869405650126], [-3.6632327890815723, 40.38590149162574], [-3.663219431900391, 40.38591622604439], [-3.663167331301561, 40.38597364255747], [-3.663153741388728, 40.385988675603485], [-3.663120477266991, 40.38602544331697], [-3.663069895657724, 40.38608158980044], [-3.6630089410847884, 40.386149237295506], [-3.66287456279843, 40.386298567774304], [-3.6628087145622477, 40.386371828857584], [-3.662825594684609, 40.386378732174386], [-3.6628247128390665, 40.38638011562164], [-3.662796897091086, 40.38642346469095], [-3.6627959919472453, 40.38642487529885], [-3.6627685358115483, 40.38646765472649], [-3.66276389395358, 40.386474879603334], [-3.6627317206694965, 40.386546055718654], [-3.66273160462504, 40.38654623656577], [-3.662720053154181, 40.38656972643251], [-3.6626780954377676, 40.386664382270396], [-3.6626708216961483, 40.38667955924411], [-3.662655466303097, 40.386711629549076], [-3.6626330806022382, 40.38673563194691], [-3.6625990347506034, 40.38677204362261], [-3.6625915663648683, 40.38677938378842], [-3.662585730556297, 40.38678500287002], [-3.6625327458191466, 40.386836478150585], [-3.662463390229223, 40.38694867844393], [-3.662340116529308, 40.38711335023239], [-3.6622809151035707, 40.387203780318316], [-3.6622507252734273, 40.38724899872339], [-3.662240254576271, 40.3872625723398], [-3.662266270211203, 40.38727233335736], [-3.6623502606986715, 40.3873069877909], [-3.6625085179356778, 40.38737108186039], [-3.662576190542263, 40.387398496209485], [-3.662698473580608, 40.387447696886596], [-3.6626693404247757, 40.387490116521995], [-3.6622484871975987, 40.38810308322098], [-3.662226420436228, 40.38813565136247], [-3.662222956628444, 40.38814287847849], [-3.6622206708640803, 40.388150089838895], [-3.662220741364276, 40.38815728770539], [-3.662219642643638, 40.38816540218679], [-3.662220891364778, 40.38817260231493], [-3.6622257450739646, 40.3881869890772], [-3.662229350062501, 40.38819417571122], [-3.6622341243613534, 40.38820045473865], [-3.662240076794469, 40.388206727018755], [-3.662247207362168, 40.38821299255132], [-3.6629652797505696, 40.388512880920345]]], [[[-3.62300535162274, 40.3906272684384], [-3.6230520047449524, 40.39064075596252], [-3.623094568852873, 40.390656743005735], [-3.623154913710839, 40.39068434605224], [-3.623191645070969, 40.39070667086663], [-3.6232272314880483, 40.3907326054826], [-3.6232853031492263, 40.390769229818446], [-3.623298296429514, 40.39077276342455], [-3.6233490830703134, 40.39078600331968], [-3.623448241881147, 40.390806189686245], [-3.623775248187554, 40.39087469717814], [-3.624060276317269, 40.39095109704975], [-3.624062602900179, 40.39087127282469], [-3.6240644755461173, 40.39080737013868], [-3.6240675444132835, 40.39075690258239], [-3.6240705052514786, 40.39069473277966], [-3.6240721046989752, 40.39061272326238], [-3.6240709062395275, 40.39058755828729], [-3.62407090507529, 40.39058743216607], [-3.6247309904595895, 40.39072626577466], [-3.624776429500718, 40.39073583119097], [-3.6247979035002516, 40.39074034584452], [-3.624836388971095, 40.3907484262698], [-3.625077691689374, 40.39079919475576], [-3.625076555149397, 40.39080370545236], [-3.6251346369177146, 40.3908158240346], [-3.625332138480279, 40.390857008849906], [-3.625350436228186, 40.39086078381234], [-3.625371435401852, 40.390799948874815], [-3.625394040663852, 40.39073442051159], [-3.6253966896556684, 40.390727829537596], [-3.625400913894919, 40.39071830208453], [-3.625132357738621, 40.3906585373683], [-3.625131323195789, 40.390661335784], [-3.625039726982146, 40.39064354244162], [-3.62504201671961, 40.390636322780026], [-3.6248425039028183, 40.39059415733225], [-3.6248283407209834, 40.39059153113185], [-3.624832911911173, 40.39057619095091], [-3.624817570550192, 40.39057357111549], [-3.624820813691448, 40.39054202171979], [-3.624837949508284, 40.39035635054463], [-3.6247024421325307, 40.39035527185729], [-3.624462784241473, 40.39035991772194], [-3.624460699113147, 40.39035995600959], [-3.624379662534998, 40.39036151974129], [-3.6243313571676703, 40.39036178056079], [-3.624213589102777, 40.39036782181587], [-3.6240821392064166, 40.390386360351165], [-3.6240470617136737, 40.39037855858235], [-3.624003530666489, 40.39036887447264], [-3.6239236072020993, 40.3903531704295], [-3.624175939534206, 40.38973558572577], [-3.6242498492894395, 40.38955433792149], [-3.623712399917687, 40.38942637176183], [-3.6237064924784406, 40.38942460180356], [-3.623662800706073, 40.38941402652779], [-3.623582519416144, 40.38939644127], [-3.6235518207071893, 40.38938939952742], [-3.622851651240928, 40.38922830631947], [-3.6228056034051903, 40.38921774340944], [-3.6227383072157577, 40.38920279035877], [-3.622730054536133, 40.38920095189843], [-3.6226090267631754, 40.389173954650296], [-3.62245497036583, 40.38957786956625], [-3.622255664109237, 40.39010040743628], [-3.622102293718504, 40.39050249829578], [-3.622347840487079, 40.39055896142821], [-3.6225909859977694, 40.39060540082162], [-3.6226134627622177, 40.39061518981885], [-3.6227255894414157, 40.390636207893365], [-3.622968737937163, 40.39062281699789], [-3.62300535162274, 40.3906272684384]]], [[[-3.692592248966634, 40.39135248675665], [-3.692283289200998, 40.39145621161878], [-3.6922210203956842, 40.391477116104895], [-3.6921893109161084, 40.391487215918964], [-3.6922074966804397, 40.391518801016545], [-3.6922077487111236, 40.39151924996208], [-3.692260087535651, 40.39161021668388], [-3.692450630091414, 40.391934087533286], [-3.6924673644070434, 40.39196083439155], [-3.692498054177032, 40.39200990326396], [-3.6925281569872763, 40.392058029689224], [-3.6925332886180584, 40.39205633227496], [-3.693089898087502, 40.39187100484085], [-3.6931215866822216, 40.3918600130062], [-3.693082239359261, 40.39179859969132], [-3.6930042519724964, 40.39167693095217], [-3.6929358672378494, 40.39155751994787], [-3.6929164012244047, 40.39152291558518], [-3.692916185273216, 40.391522538497675], [-3.692897463603669, 40.391489281033856], [-3.6928074842433527, 40.39133216118973], [-3.6928011811231354, 40.391321865533804], [-3.69279775401249, 40.391316273406915], [-3.6927811211503005, 40.391289075531375], [-3.692592248966634, 40.39135248675665]]], [[[-3.6827510498230853, 40.394061035278376], [-3.6830062369926018, 40.39445311707098], [-3.6830096478545213, 40.39445833120108], [-3.6831513481098614, 40.394676054472086], [-3.683170916343259, 40.39470368683559], [-3.683108530242961, 40.39478001999478], [-3.6830920883018807, 40.394804063269035], [-3.6830486729201937, 40.3948675725078], [-3.682993306281571, 40.39501357641791], [-3.6829723442227946, 40.39504625004681], [-3.682952889820059, 40.39509519417876], [-3.6829374897765144, 40.39515123153619], [-3.682915715196714, 40.395235279739296], [-3.6828820015462296, 40.3954263722847], [-3.6828755326930853, 40.39548587042727], [-3.682888930362534, 40.395529034896036], [-3.6828979244712765, 40.39560285624703], [-3.6828979972828226, 40.39561006308221], [-3.682902883241128, 40.39562715148103], [-3.6829077692019743, 40.395644239879545], [-3.682917359096773, 40.39566039958812], [-3.682929305513303, 40.39567654537789], [-3.682950741721414, 40.39569894147376], [-3.6829379265052196, 40.39571343169416], [-3.682939290150218, 40.39571427950288], [-3.682943558370417, 40.395716875936344], [-3.6830517494612502, 40.395783030207326], [-3.6830813698415463, 40.39579907157566], [-3.6830931888644387, 40.39580260538696], [-3.6831654268787197, 40.39583820592821], [-3.683462582449147, 40.39597609965412], [-3.6837846011939894, 40.39612554837845], [-3.683801178943106, 40.39613355851604], [-3.684420376789482, 40.39642269020229], [-3.684441686015906, 40.39643247405717], [-3.6844523451926268, 40.39643781641012], [-3.684575469361347, 40.39649474563926], [-3.684716620142002, 40.39656075725159], [-3.684735066167924, 40.39656938682646], [-3.684897511267429, 40.39664599291807], [-3.68490697398134, 40.39664954049976], [-3.6850193705056338, 40.39670128050165], [-3.685148483550466, 40.39676072320533], [-3.68524321139684, 40.39680609916147], [-3.685256613889548, 40.39681237113545], [-3.6853393004628163, 40.39675328602949], [-3.686206165938665, 40.39613372563886], [-3.6862553948266763, 40.39609638814342], [-3.6862903695557923, 40.396069865043536], [-3.6863067284374327, 40.396057452536574], [-3.686327799986344, 40.39604381384741], [-3.6863543489010184, 40.39602418764033], [-3.686394324274796, 40.3959946348024], [-3.68638140441746, 40.39597322484021], [-3.68633765962753, 40.39590078122682], [-3.686264312509038, 40.395779323711764], [-3.6862378619962315, 40.39573551638098], [-3.686460981732868, 40.395582659270154], [-3.6864265195567785, 40.39555403479896], [-3.6860973355326996, 40.39527940971643], [-3.6860588611547014, 40.39523624125578], [-3.6860222462895624, 40.39519516987466], [-3.685580163894859, 40.39482571678512], [-3.6855349703867843, 40.39478454295411], [-3.685438473126207, 40.39470385309324], [-3.6847981445439384, 40.394165480476644], [-3.684757774388223, 40.39413508866966], [-3.6847435261066352, 40.39412436214605], [-3.684732867274673, 40.39411901981503], [-3.684722199319103, 40.39411277662871], [-3.6847103713849845, 40.39410834212689], [-3.6846902684629335, 40.39410125389809], [-3.684389467212026, 40.39383546486906], [-3.6842350941494173, 40.39371745854962], [-3.6841309162432916, 40.39363547968024], [-3.6839726010203906, 40.39351090167805], [-3.6839655681570886, 40.39351454691173], [-3.683944496906795, 40.393528185173764], [-3.683938642261095, 40.3935318234368], [-3.6839446700865817, 40.39354530140972], [-3.683947108561754, 40.39355339516236], [-3.683949565267123, 40.39356329062395], [-3.683950834636765, 40.393572292200055], [-3.6839509257849907, 40.393581300745225], [-3.6839498387113236, 40.39359031625945], [-3.6839487516373737, 40.39359933177366], [-3.6839453081186546, 40.39360836122595], [-3.6839418645990336, 40.39361739067811], [-3.6839372428559325, 40.39362642709916], [-3.6839326119970233, 40.39363456266546], [-3.6839268029141485, 40.39364270520044], [-3.6839116136174956, 40.393655407757684], [-3.683901091637432, 40.39366357816608], [-3.6838893823174144, 40.393670854687514], [-3.6838776729948712, 40.393678131207764], [-3.683864776332471, 40.393684513840554], [-3.6838518796676327, 40.393690896471924], [-3.68383779566316, 40.39369638521529], [-3.683823702543214, 40.39370097310244], [-3.683809600308366, 40.39370466013338], [-3.683578355620826, 40.39379161371365], [-3.6835891874024638, 40.39381407238899], [-3.6835176890946153, 40.39385143229506], [-3.6834743133158687, 40.39387331049065], [-3.68332669452038, 40.393957066515156], [-3.683289209755864, 40.393978909827915], [-3.6832259677275476, 40.3940171126642], [-3.6832020713463494, 40.393996082510334], [-3.683183169155779, 40.39397953639545], [-3.6831273098860886, 40.393932118269866], [-3.683067861394088, 40.3938793158689], [-3.683024935470748, 40.39382911856565], [-3.683017536712132, 40.39381988291255], [-3.6829942709432233, 40.39379128135903], [-3.6829804296779924, 40.39377415576277], [-3.682977205690496, 40.39376994053568], [-3.68293429595105, 40.39375631998444], [-3.682929760447607, 40.393750580957665], [-3.6829267757498645, 40.39374672467926], [-3.6829236732299715, 40.39374286909664], [-3.682920687622806, 40.3937389227326], [-3.682917702926102, 40.39373506645396], [-3.6829146004072757, 40.39373121087105], [-3.6828731096668235, 40.39375307770885], [-3.682792029695476, 40.39380192628043], [-3.6826414522031246, 40.39389263589827], [-3.682641299579401, 40.3938926908538], [-3.682641335563045, 40.39389275370496], [-3.6826937553965755, 40.393972994448376], [-3.6827510498230853, 40.394061035278376]]], [[[-3.6826796420864527, 40.39592396757699], [-3.682599033358885, 40.395992912478825], [-3.68222283287794, 40.396312252339584], [-3.682222774237231, 40.39631227971281], [-3.6821352172369233, 40.39638754461296], [-3.682008165393791, 40.39647715963103], [-3.6817728755780785, 40.396673584761054], [-3.6817882693786674, 40.39668689049757], [-3.681811149183138, 40.396708719726135], [-3.6819036800831415, 40.396797021626455], [-3.6820241162806497, 40.396892501258655], [-3.682342170640921, 40.397184888383265], [-3.6826086223760486, 40.39742311036638], [-3.6826088472055263, 40.397424370310134], [-3.6828166948295378, 40.39762000949252], [-3.6828194551340925, 40.397622632852205], [-3.682807039817991, 40.397631255782684], [-3.682959489996769, 40.397777554768986], [-3.6829730310312137, 40.3977893757805], [-3.6829901129262637, 40.397776112620214], [-3.683081007666412, 40.397698728255584], [-3.683232418671021, 40.39756963450751], [-3.6833409586707964, 40.39749981239855], [-3.6833421855835256, 40.39749878712191], [-3.6833701013240945, 40.3974813427301], [-3.68338095338964, 40.397474287548725], [-3.6834712469402455, 40.39741560927539], [-3.6835044798543723, 40.397392619865606], [-3.683808642598438, 40.39718577487423], [-3.683825724333783, 40.3971736917801], [-3.684094327053758, 40.3969929123853], [-3.6842325353491665, 40.396898571375495], [-3.684412766306134, 40.39677661189183], [-3.684447997124213, 40.39675083558769], [-3.6845877273201535, 40.39664862922578], [-3.6845776640800447, 40.396643959038364], [-3.6844443484757448, 40.39658019819427], [-3.684320021377045, 40.39651968132289], [-3.6841967262532993, 40.396459815873115], [-3.683723358859959, 40.39622997441], [-3.6837063307117046, 40.39622170566124], [-3.6836733521183236, 40.39620570232895], [-3.68363439358719, 40.396186797382136], [-3.6834403015173156, 40.39610325938684], [-3.683318991973271, 40.39604966058657], [-3.6832994503904075, 40.396041028249236], [-3.6832638919305167, 40.396028571604226], [-3.683201368219466, 40.39599580564447], [-3.68306552889761, 40.39593624733158], [-3.6828116760980443, 40.39581566458951], [-3.6827960040745418, 40.39580747778833], [-3.6826796420864527, 40.39592396757699]]], [[[-3.687924454926702, 40.40218297412746], [-3.6879693353353775, 40.40225063548559], [-3.688005725219928, 40.40231772572078], [-3.6880293152678028, 40.40237767584486], [-3.6880147922069466, 40.402536952519064], [-3.688065953922207, 40.402583765508865], [-3.68833036073847, 40.40259747115358], [-3.68836592153766, 40.40259931351903], [-3.6883765582277226, 40.40248663682987], [-3.6883948470050205, 40.40231535562877], [-3.6883241079240485, 40.402312173134604], [-3.688206206411098, 40.40230656859721], [-3.6880472608597343, 40.40229991988809], [-3.6880414132874857, 40.40229967540353], [-3.688036438169705, 40.40229947077251], [-3.688050491150954, 40.40217505297779], [-3.688089395817126, 40.40217663228581], [-3.688137727358124, 40.40217814646881], [-3.688173096824073, 40.402179737778965], [-3.6882167148860727, 40.40218127998216], [-3.68821907162737, 40.40218126595457], [-3.6882603329498416, 40.40218282216886], [-3.6883334286342713, 40.40218599067335], [-3.6884065243249053, 40.40218915913157], [-3.6884197195267023, 40.40209628715171], [-3.6884208003617864, 40.402083235583476], [-3.6884239190807646, 40.40204581135698], [-3.6884828650258554, 40.40204816310546], [-3.6884850014906907, 40.402026528616375], [-3.6884880776934006, 40.40198146494972], [-3.688490260044915, 40.40196433472205], [-3.688494493646152, 40.40191836325606], [-3.688495488450442, 40.401900339192366], [-3.688499773146395, 40.40185707014247], [-3.6885007679486055, 40.40183904607854], [-3.688502812620531, 40.401808403064756], [-3.6885038624903412, 40.4017957841149], [-3.688505998941612, 40.40177414962462], [-3.6885059714070727, 40.40177144706749], [-3.688509231150768, 40.4017444004461], [-3.688511220747218, 40.40170835231741], [-3.6885144162382932, 40.40167499972891], [-3.688515053012554, 40.40167504098248], [-3.6885207013992147, 40.401609475369455], [-3.6894128801456403, 40.401657952420734], [-3.6895142139395443, 40.40062081853217], [-3.6901065882514485, 40.400652834323246], [-3.690985464699376, 40.400700333613656], [-3.690990275290961, 40.40070059315572], [-3.691052323346923, 40.400017641012795], [-3.691082202669688, 40.39968872137999], [-3.6909019606099767, 40.39960398709176], [-3.690436151804589, 40.39938595708835], [-3.6904358794102063, 40.39938582357877], [-3.6904212322522376, 40.3993789290071], [-3.690415405706661, 40.399386486373956], [-3.690414254353184, 40.3993879797458], [-3.6902366688958823, 40.399307057405885], [-3.6901703609886702, 40.39927592145269], [-3.6899690717988998, 40.39918162657084], [-3.6892728397824484, 40.39885424506601], [-3.68895906256646, 40.39870656446412], [-3.688789737962631, 40.39862649156985], [-3.6887565984357007, 40.39861227445511], [-3.6884295915696748, 40.398455463933445], [-3.6884072540660187, 40.39844318241876], [-3.688236752464774, 40.39836311571537], [-3.6880330570326443, 40.39826342631243], [-3.6877702271501462, 40.39814246651791], [-3.687750727767073, 40.398135780648154], [-3.6875242517706512, 40.39805654130378], [-3.6871144630487067, 40.39785266931652], [-3.6868953740545702, 40.39774530354275], [-3.6868892988294224, 40.39774233060089], [-3.6868456350646692, 40.397720932154826], [-3.686798265328738, 40.39769778992538], [-3.6866656192570915, 40.39763191055374], [-3.6866650863716526, 40.39763165245506], [-3.686148163319707, 40.397384529968406], [-3.6860616246473294, 40.39744721510625], [-3.6860096873553383, 40.39748483885399], [-3.685730558105776, 40.39768700058088], [-3.6856376157933495, 40.39775390358804], [-3.6855924957664272, 40.39778638758553], [-3.6848005421984382, 40.39835649024828], [-3.6847537477072336, 40.39839010095935], [-3.6846332491685025, 40.398476400719254], [-3.6845396598068483, 40.39854362198855], [-3.684516294371193, 40.398563580281866], [-3.6844706231639606, 40.39859177878211], [-3.684146338061204, 40.39880180762236], [-3.684156612429044, 40.398811008161054], [-3.6842022294712033, 40.39885192773795], [-3.684216496915131, 40.39886445601932], [-3.6842647114118474, 40.39890702687991], [-3.684278325606999, 40.39891904550195], [-3.684389576727004, 40.39902026170223], [-3.6844286585697135, 40.39905581442325], [-3.6845150091360424, 40.399134763309], [-3.684542347697095, 40.39915802505842], [-3.684803951115488, 40.39939071196993], [-3.6848526858110913, 40.399435702940075], [-3.684926947707441, 40.39950425456534], [-3.684985941909048, 40.39955810368888], [-3.6850263702263626, 40.39959390048062], [-3.6850715666845892, 40.39963507445243], [-3.685110798501328, 40.399669076488095], [-3.6851702628639633, 40.39972277858444], [-3.685216591879801, 40.39976406290505], [-3.685267040996814, 40.39980840389238], [-3.685266806792317, 40.39980854942556], [-3.6852665843711097, 40.39980869488894], [-3.68526677463944, 40.399808864933725], [-3.6853008925162136, 40.39983939268121], [-3.685305197352786, 40.39984324106914], [-3.6854616121983517, 40.39998321583632], [-3.6854794425267854, 40.399998425558955], [-3.6855352993664177, 40.40004494159074], [-3.6855495819263164, 40.40005774889557], [-3.685684108269371, 40.400178501638315], [-3.6857327126678254, 40.400222150649526], [-3.685750385557419, 40.40023809099816], [-3.686045498619176, 40.40049737828972], [-3.686037174404762, 40.40049692317108], [-3.6863927833065597, 40.40081823843654], [-3.686420132346971, 40.400842400577204], [-3.6864617679951057, 40.40088089240998], [-3.6867079561933864, 40.401102846536325], [-3.6867555297957044, 40.4011458165401], [-3.686851864509433, 40.4012326323224], [-3.686879213882265, 40.40125679435003], [-3.686888479062554, 40.4012651808099], [-3.687065946609441, 40.40142595636276], [-3.687092117779136, 40.40145012533989], [-3.687109958022171, 40.401466235653736], [-3.68727634826552, 40.40160488736048], [-3.6873077591591996, 40.401634412567326], [-3.6873144222100636, 40.40164068831918], [-3.687438154034595, 40.40175617877819], [-3.6874452791993653, 40.40176154185875], [-3.687756861742566, 40.40203987103903], [-3.6877651836677647, 40.40204702879502], [-3.687879343235534, 40.402148152186726], [-3.687924454926702, 40.40218297412746]]], [[[-3.7151784919798447, 40.401644681938485], [-3.715186988339868, 40.40166805294731], [-3.7152391545175627, 40.401809172542215], [-3.7153971283870826, 40.40226045012364], [-3.715462743945474, 40.40244743259683], [-3.7154690947357087, 40.40244622212151], [-3.715496849861807, 40.40244091520962], [-3.7155544563619425, 40.40242794603728], [-3.7156943673094016, 40.402397350204154], [-3.7157943186162625, 40.40237691155124], [-3.7157965410544116, 40.40237645634893], [-3.7158424016564, 40.40236713634461], [-3.7158441299432123, 40.402366756273196], [-3.715844080804552, 40.40236656738713], [-3.7158165582669955, 40.40228925084492], [-3.7157833880803546, 40.40219607727336], [-3.715785493057938, 40.40219565883464], [-3.715807671676001, 40.40219124223054], [-3.7158441616819573, 40.40218397123866], [-3.715975834101035, 40.402157768437505], [-3.7159465479476355, 40.40207416551046], [-3.7158962267637605, 40.40193049426654], [-3.715881049268023, 40.40188718257863], [-3.715856775930475, 40.401820665805346], [-3.7155935920875227, 40.40176130357019], [-3.715561461525363, 40.40175401588749], [-3.7155625274447703, 40.4017511804455], [-3.7156187672477428, 40.40160141709289], [-3.715690985608313, 40.40152169035763], [-3.71569796985652, 40.401513538970946], [-3.7157205111994296, 40.40152781394244], [-3.7157438110926866, 40.401502444340366], [-3.7159045148917604, 40.401321259190155], [-3.7158593655748007, 40.40128641239122], [-3.7158011303428666, 40.4012399257951], [-3.7156078017762963, 40.401086707128584], [-3.7155575088116812, 40.40104683795915], [-3.715494318475928, 40.400997544015475], [-3.7154886687579425, 40.40100151593631], [-3.7154816846839953, 40.40100856820422], [-3.7154548593649843, 40.40103486047589], [-3.7154256773366634, 40.40106116732321], [-3.7153953074045725, 40.40108658060651], [-3.7153649183776856, 40.40111019218735], [-3.71533221948625, 40.40113379102321], [-3.715298238995325, 40.401156550926224], [-3.7152701281644624, 40.40117385105346], [-3.7152431999731967, 40.401189324027555], [-3.715234730678066, 40.401194115183905], [-3.715204543350488, 40.40121118489515], [-3.715167026916467, 40.40122943507243], [-3.715158992798921, 40.40123303433526], [-3.715128322581604, 40.40124679167821], [-3.7150896086943814, 40.401263247423834], [-3.715083024853276, 40.40126581067901], [-3.715054929396555, 40.40127677728763], [-3.715050528415728, 40.401278489198845], [-3.7150523172789023, 40.40128606376704], [-3.7150800616431328, 40.40136330706312], [-3.7150825136653802, 40.401372300961356], [-3.7150910194891127, 40.40139657282623], [-3.715103136631668, 40.40142802960575], [-3.7151784919798447, 40.401644681938485]]], [[[-3.7067666813059676, 40.40669913688912], [-3.7067773061556903, 40.406700873753536], [-3.706830147161651, 40.40679513682427], [-3.7068529618369035, 40.40683554711495], [-3.7069069815989812, 40.40692981195069], [-3.706915390970289, 40.406945075932406], [-3.706930991213859, 40.40697290862696], [-3.7069490002166847, 40.4070034293084], [-3.706970497809291, 40.40704409988076], [-3.707386973118448, 40.40695703864576], [-3.707734949634652, 40.40687879165911], [-3.7077286988239937, 40.40684459550604], [-3.707727407238226, 40.40683380155308], [-3.7077161877864806, 40.406775302350184], [-3.7076974284412074, 40.40667092112427], [-3.707686036951592, 40.40659711658205], [-3.70768015417314, 40.406598053494], [-3.707667200737716, 40.406599033681715], [-3.7076436507513546, 40.406600979628], [-3.7076409919503837, 40.40657216691839], [-3.707634344958656, 40.40650013514341], [-3.7076248788081876, 40.406383976240384], [-3.707619177410968, 40.40632120899501], [-3.7076155542092524, 40.40628133005403], [-3.7076012234393176, 40.40615078642389], [-3.707594839644832, 40.40607687013742], [-3.707590494064503, 40.406026527089615], [-3.7076552729016425, 40.40603854511948], [-3.707643245080715, 40.405911843271106], [-3.707641605372698, 40.40588918651663], [-3.7076277905815864, 40.405755018081635], [-3.7076319467621013, 40.40575576742426], [-3.7076914787827664, 40.405766448169345], [-3.7077646828784943, 40.40577951367557], [-3.707924082185985, 40.40580826772638], [-3.7080043758237857, 40.40582309148492], [-3.7080917495132004, 40.405838772734405], [-3.7081696769214387, 40.405852709963156], [-3.7082263548535055, 40.40586317367743], [-3.708283738821998, 40.40587353393918], [-3.7083724006219594, 40.40588954042055], [-3.7083520436622552, 40.405772232067555], [-3.7080217938244195, 40.4038683432432], [-3.707986374061305, 40.403664117504256], [-3.707986349832776, 40.40366405458917], [-3.7078759691415173, 40.40369053236516], [-3.707730263670315, 40.40373106417998], [-3.7076609270850502, 40.40374949767731], [-3.707532850194001, 40.40378542582779], [-3.7074658703801204, 40.40380385379562], [-3.707341309509739, 40.4038379493994], [-3.707270803833942, 40.40385729973008], [-3.7072132321823537, 40.403873868189656], [-3.7069558892922068, 40.40394481170383], [-3.706749094480651, 40.40400373390423], [-3.706427098748794, 40.40409038681575], [-3.7062743587858575, 40.40413456339966], [-3.7062438135936198, 40.40414366894698], [-3.7060593233881676, 40.40419443560934], [-3.706025243876103, 40.404203652771834], [-3.705877196293582, 40.40424581818523], [-3.705853210526578, 40.404251099778804], [-3.7057642802143826, 40.40427794909714], [-3.7057420394501643, 40.40428105784159], [-3.705675068051398, 40.404300385627394], [-3.705565810598141, 40.4043319174364], [-3.705568447335862, 40.4043508113655], [-3.7055685618580596, 40.40435162148215], [-3.7055838125263456, 40.40446120472547], [-3.705587456504624, 40.404487398855444], [-3.705700388139758, 40.40529849803542], [-3.705715421989884, 40.40540646093528], [-3.7058294362178703, 40.40542737771949], [-3.706219087803, 40.405498872700576], [-3.7062243882481325, 40.40549973222259], [-3.706240573159357, 40.40550238112756], [-3.706314507324015, 40.405515443094636], [-3.706324153507313, 40.4055171499437], [-3.7063560392510553, 40.40552236059008], [-3.706361635435865, 40.4055233264078], [-3.7064115289829913, 40.40553194956704], [-3.7064325206454343, 40.405535578092326], [-3.7064638802590006, 40.40554118832203], [-3.706491615229543, 40.40567127182908], [-3.7064924207678276, 40.40567505071166], [-3.706525428022567, 40.40583033636479], [-3.706527860240018, 40.40583752874923], [-3.7065481047767186, 40.40588803594927], [-3.706565224575984, 40.40593161625643], [-3.7066575183472072, 40.406166467915206], [-3.7066575542655626, 40.406166521750016], [-3.7066585955138693, 40.40616917305828], [-3.70667313472501, 40.406206012325526], [-3.7066755669722427, 40.40621320470616], [-3.706681609904862, 40.40622758226471], [-3.706685108494246, 40.40623531768021], [-3.7066967896426704, 40.40624903915214], [-3.706755624688243, 40.40631812134933], [-3.7067917128608507, 40.40638817140044], [-3.7067917317077743, 40.40638997309674], [-3.706820607955512, 40.4064465536373], [-3.706820900586593, 40.406446362658194], [-3.7068209846794664, 40.40644651529811], [-3.7068410466796915, 40.40648516763707], [-3.706826952507154, 40.406489758327275], [-3.706748270216426, 40.406516365568336], [-3.7067459227561277, 40.406517280822975], [-3.706767596441262, 40.40656129272094], [-3.7067546806902523, 40.40656587619898], [-3.706763089980835, 40.40658114019341], [-3.706712595970436, 40.40659856604398], [-3.7067666813059676, 40.40669913688912]]], [[[-3.624075307278881, 40.41380120765076], [-3.623952775682674, 40.413806373505786], [-3.6239428201872146, 40.4138068146213], [-3.6238838111318876, 40.4138278629211], [-3.6233697504013516, 40.41401120445585], [-3.6232232076356707, 40.41406346327759], [-3.623170530219954, 40.41408225184334], [-3.623041115629404, 40.41412840906481], [-3.6227979605597076, 40.414218007995075], [-3.6225629969035755, 40.41430125595755], [-3.622295156379664, 40.41439819400501], [-3.622000306801648, 40.414506087620715], [-3.6219951376298236, 40.41450792625247], [-3.6216508029470575, 40.41463076095594], [-3.6216367053034064, 40.414635791742604], [-3.6216346258904237, 40.41463653265739], [-3.6216109652500807, 40.41464496623075], [-3.6215797270636427, 40.414656098212795], [-3.621550770965455, 40.41466674043755], [-3.6214951493946854, 40.414687183717916], [-3.621440983315153, 40.41469288031013], [-3.6214256946062666, 40.41469656611245], [-3.621417452661177, 40.414697511317726], [-3.6213293307621344, 40.41472771484373], [-3.6213290957868653, 40.4147277971881], [-3.621222750446709, 40.414765558072936], [-3.6211954004843956, 40.41477527265374], [-3.6210662412453116, 40.41482129115655], [-3.620738396363848, 40.41493809758671], [-3.620686711403296, 40.414957294109584], [-3.6205786435061578, 40.414997514116195], [-3.6199289803738264, 40.4152307306048], [-3.619056110008443, 40.41554531949303], [-3.6188834223965287, 40.415608406563294], [-3.618595584154043, 40.41571083951415], [-3.6184015352668006, 40.41578135551645], [-3.6181879377050343, 40.41585897576415], [-3.617868389831568, 40.41597419815074], [-3.617378474751304, 40.41614888845476], [-3.6167710638845203, 40.41636474433935], [-3.6159439665954505, 40.4166610474036], [-3.615455236536106, 40.416837525057694], [-3.6144107823376066, 40.417212451967515], [-3.614222804552075, 40.41728011786315], [-3.61422245177591, 40.41728020982795], [-3.61398548676448, 40.41736606361908], [-3.613430970758394, 40.41756810744209], [-3.613257093980731, 40.41763119241687], [-3.612701386751237, 40.417832338151804], [-3.611213317048582, 40.41837319088189], [-3.6111450579842117, 40.41839805637861], [-3.611134014338635, 40.418402078743796], [-3.6110671054718364, 40.41842636047725], [-3.611058940108956, 40.418429322570894], [-3.6107581021224764, 40.41854370569014], [-3.6107438825263594, 40.41854846552065], [-3.6106897418805053, 40.41856654441246], [-3.610647881949401, 40.418580531364114], [-3.610647943082334, 40.418580774286035], [-3.610561709316041, 40.41861231099197], [-3.6105933603506792, 40.418847226424425], [-3.6106836899743247, 40.41950458232088], [-3.610842285357696, 40.420658688552294], [-3.610807495592299, 40.420663421932545], [-3.6108375130919574, 40.42121535674784], [-3.6108201589567543, 40.42122159261575], [-3.6107285201645323, 40.42125541026004], [-3.6107144162404903, 40.42125998929359], [-3.610685021518435, 40.421268252718434], [-3.610672104456794, 40.421273726384], [-3.6103724910820225, 40.42138160646855], [-3.6103237303640023, 40.4213991612838], [-3.6103657438454926, 40.421467174128594], [-3.6105061636486036, 40.421694425061254], [-3.61052640347144, 40.421727030086636], [-3.6105407100710005, 40.42175007178978], [-3.6106209996684937, 40.42187940528357], [-3.6106425146141965, 40.42191352608417], [-3.610652102896777, 40.421929691752155], [-3.610659368735378, 40.42194061740322], [-3.610665248182801, 40.4219494422562], [-3.610721988399217, 40.42204124218121], [-3.6107884665242156, 40.422148783516214], [-3.6108339186572747, 40.422221525789055], [-3.6108757856931, 40.422288872540015], [-3.6110781529251974, 40.42261360677779], [-3.6110895763279034, 40.42263193389113], [-3.611101860988482, 40.42265164384624], [-3.6111988706324616, 40.422807294091], [-3.611387475774169, 40.42274179199598], [-3.611531955278489, 40.422691613176944], [-3.6122365014871454, 40.42243019823343], [-3.6153356151486453, 40.42128725236712], [-3.622049440034792, 40.41882372478184], [-3.622139274186131, 40.41879075473066], [-3.622300994494134, 40.418734244414374], [-3.622322355068982, 40.418726778044125], [-3.622403497071214, 40.41869842216923], [-3.6232482215626107, 40.418389031955904], [-3.62340650819193, 40.418331061116376], [-3.623710572880502, 40.41824942070937], [-3.623715626170148, 40.418247771817086], [-3.623739049569493, 40.418239068824086], [-3.6237473428304208, 40.41823597901903], [-3.623788326840901, 40.41821936140857], [-3.6237907920542782, 40.41821826702031], [-3.6238280037317483, 40.418201606685265], [-3.6237296628078104, 40.41803440650522], [-3.623601564231946, 40.41781662769241], [-3.623601515837948, 40.417816492817465], [-3.623607650777605, 40.41781327051853], [-3.6238251532319774, 40.417699015384926], [-3.6240577869244404, 40.417576813256105], [-3.624069552308359, 40.417570632595435], [-3.6241874289737686, 40.417508716610975], [-3.6243411995455923, 40.417427930890526], [-3.624568587958304, 40.41730847679442], [-3.62465275197424, 40.41728089581203], [-3.6246564184448467, 40.41727969581536], [-3.6246720008393174, 40.41727458456756], [-3.6247748694373825, 40.41724047897187], [-3.624778794289562, 40.41723917847537], [-3.624807349356655, 40.41722971780028], [-3.6248078428888064, 40.41722955297003], [-3.6248625925841957, 40.417211581298425], [-3.6249109033493867, 40.41719581558812], [-3.624917248958595, 40.41719371821407], [-3.6249325254482696, 40.417188671648034], [-3.624947802852542, 40.417183724174755], [-3.624997391800591, 40.41716724881226], [-3.62502794483683, 40.417157164665745], [-3.6250469813911583, 40.417150845497545], [-3.6250698958036582, 40.41714324409205], [-3.6251434454979092, 40.41711888231879], [-3.6252067945142525, 40.41709781892333], [-3.6252084278284644, 40.41709726954718], [-3.625271416538483, 40.41707548733947], [-3.625307367989939, 40.417062860394616], [-3.6253283998470174, 40.41705562948211], [-3.6254315644372093, 40.41702173791885], [-3.6254461480347744, 40.41701697431418], [-3.625446852802134, 40.417016709238744], [-3.625449003547956, 40.417016030933176], [-3.625450966294621, 40.41701541670803], [-3.6254554310444, 40.41701387002315], [-3.6254601195695244, 40.41701230410939], [-3.625477638093743, 40.41700626335438], [-3.6254877426473344, 40.41700277623558], [-3.625492665398032, 40.41700104689018], [-3.625497259629879, 40.416999481485036], [-3.6255016064296974, 40.41699792642744], [-3.6255057184182666, 40.416996471739736], [-3.625507598325048, 40.41699582192554], [-3.6255110055464876, 40.41699463231343], [-3.625512638855674, 40.416994082933016], [-3.6255153407261034, 40.41699309533629], [-3.6255164098713593, 40.4169927201803], [-3.6255182780749196, 40.41699207943834], [-3.625519465167951, 40.416991712653264], [-3.6255198170924867, 40.416991530567934], [-3.6255213443235865, 40.416990981761316], [-3.6255222839013896, 40.416990616315324], [-3.625523341343558, 40.416990250231684], [-3.6255243869992753, 40.41698988421176], [-3.625525338363485, 40.416989518701996], [-3.625526395054737, 40.41698907154077], [-3.6255283920745955, 40.416988340011045], [-3.6255304951723524, 40.416987607907345], [-3.6255314464530533, 40.41698723338891], [-3.6255325038951294, 40.416986867305155], [-3.6255364979345384, 40.41698540424545], [-3.6255386002812076, 40.41698459106409], [-3.6255405973007995, 40.416983859534135], [-3.625542606023353, 40.416983118931775], [-3.6255436516788526, 40.4169827529117], [-3.6255446030428566, 40.41698238740178], [-3.6255456604847733, 40.41698202131791], [-3.6255467061402507, 40.416981655297775], [-3.6255476575042116, 40.416981289787834], [-3.6255517568699744, 40.416979745076134], [-3.625553765592281, 40.416979004473575], [-3.6255557626115418, 40.41697827294338], [-3.6255565145238, 40.416978007612215], [-3.6255578657086835, 40.4169775408392], [-3.6255588170725246, 40.41697717532915], [-3.6255598745142805, 40.416976809245156], [-3.625560931956037, 40.41697644316113], [-3.625561871533419, 40.416976077714835], [-3.625562916437779, 40.41697563061707], [-3.625564925243275, 40.416974899022925], [-3.6255669221788542, 40.41697415848392], [-3.6255679796205187, 40.416973792399844], [-3.6255690252757344, 40.416973426379535], [-3.6255710340810974, 40.416972694785315], [-3.6255730303490434, 40.41697188217728], [-3.625574076004213, 40.41697151615693], [-3.625575133445797, 40.41697115007278], [-3.625576084809464, 40.4169707845626], [-3.6255771304645883, 40.416970418542206], [-3.625578081828236, 40.416970053032], [-3.6255791391863363, 40.41696967793923], [-3.6255885349577546, 40.416966023474416], [-3.6256695776162777, 40.41693495411466], [-3.6257822682625416, 40.416884794369885], [-3.625906653320482, 40.4168246612351], [-3.6260048229553954, 40.41677205734486], [-3.626005174877465, 40.416771875258085], [-3.6260403587246683, 40.41675276571431], [-3.6261318082400544, 40.41670001792227], [-3.626224402840451, 40.416643660229376], [-3.626320449659567, 40.416578274695304], [-3.6263895129993133, 40.416526548872845], [-3.626448035280748, 40.4164820783672], [-3.6265264022335755, 40.4164167974631], [-3.6265790061785927, 40.41636966525101], [-3.626658459484229, 40.41629445938769], [-3.626719176487242, 40.41623376953847], [-3.6268381628636726, 40.41609888941406], [-3.6268440142010756, 40.416094353157014], [-3.626846302658014, 40.416092007401545], [-3.6268535757027265, 40.416086985955396], [-3.626857745114208, 40.41608410747578], [-3.626923742010119, 40.41596624438334], [-3.6269328090225015, 40.41595005097136], [-3.6269937274981405, 40.41584128750416], [-3.627041136067539, 40.4157437324798], [-3.627179116821813, 40.415497937457765], [-3.6272833518380034, 40.41529917250398], [-3.6273065727274862, 40.41526120843488], [-3.627596760470167, 40.41472825177147], [-3.6275466355944967, 40.414712154369376], [-3.627448510244732, 40.41468025427919], [-3.6274222750392613, 40.41467156776441], [-3.6273976713327105, 40.41466341293453], [-3.627376625266492, 40.41465631988301], [-3.62735037662001, 40.414647453243404], [-3.6272959852179767, 40.414628829316], [-3.6271469962253184, 40.414577384970336], [-3.6270358397475397, 40.41453834795699], [-3.6269506962111486, 40.414508178851065], [-3.626878912728333, 40.41448244177986], [-3.626856797672227, 40.414474453522374], [-3.6268040565821993, 40.41445582041481], [-3.6267342851865196, 40.41443097325211], [-3.6267366173086466, 40.414428257889746], [-3.626655009837366, 40.414398069396896], [-3.626611368272722, 40.4143947022983], [-3.6264647040841473, 40.41433964084194], [-3.6263287310308354, 40.414293530352374], [-3.626159632218066, 40.414234085502486], [-3.6259810632021656, 40.41417018714295], [-3.6259807087889824, 40.414170098971084], [-3.6258143221859727, 40.414110729019896], [-3.625735106070191, 40.41408413055849], [-3.6256582638894685, 40.41405932101029], [-3.625612531251982, 40.41404394675044], [-3.6255211133494067, 40.4140132159381], [-3.62548682574339, 40.414001689644365], [-3.6254218280442054, 40.41398312220929], [-3.6252752991261725, 40.413942473016455], [-3.625241044867588, 40.413934541088096], [-3.625119366672971, 40.41390457720076], [-3.6250567680252055, 40.4138905011238], [-3.624975303635097, 40.41387562608529], [-3.6248029629129195, 40.41384772851193], [-3.624735691684538, 40.41383818204623], [-3.624662535861335, 40.413829568241496], [-3.624601190932722, 40.413823593307114], [-3.624455898066574, 40.41381328795362], [-3.624354517850369, 40.4138076732554], [-3.624181873317608, 40.413802974752045], [-3.6241177364633517, 40.41380097862439], [-3.624075307278881, 40.41380120765076]]], [[[-3.6379932406038233, 40.4303856618217], [-3.6379910917763953, 40.43038657458422], [-3.637992202177106, 40.43038805494819], [-3.6385939134256056, 40.431188798657566], [-3.638652705319269, 40.43126705974094], [-3.6387586558231835, 40.43122200577236], [-3.638788516402432, 40.431209309208754], [-3.638789596718132, 40.43120885278753], [-3.638958274011817, 40.4311371186013], [-3.6389688295785763, 40.43113255574114], [-3.639170787948563, 40.431045853460745], [-3.639168404588542, 40.43104316392585], [-3.639260241944523, 40.43100428664425], [-3.6392611697663746, 40.43100391214322], [-3.6392699537055933, 40.431000259955795], [-3.6393750779694027, 40.430956435220125], [-3.6394149979205026, 40.43093909725931], [-3.6394443590945644, 40.43092722311096], [-3.639449057564095, 40.43092539531508], [-3.6395864407427374, 40.43086697748952], [-3.63967803508628, 40.43082863275362], [-3.6396991696010446, 40.43081950677148], [-3.6397919426966028, 40.43078115542288], [-3.639863572682182, 40.4307510291594], [-3.6399997848034134, 40.43069351822788], [-3.6402052771539903, 40.430606794575276], [-3.6404689387363693, 40.43049531579874], [-3.6404730015802143, 40.430493599591074], [-3.640677538169487, 40.430408159677214], [-3.640679980738824, 40.430407146137526], [-3.640722079147745, 40.43038960646262], [-3.6408429023281563, 40.43033929696593], [-3.6408534694299544, 40.43033473386969], [-3.6409755847101564, 40.43028270535409], [-3.641163451369653, 40.43020238404731], [-3.6412646123137016, 40.43015859759102], [-3.6412667726208445, 40.43015765767694], [-3.641370634045716, 40.430112721009486], [-3.6416205759606353, 40.43042868656863], [-3.6417228212472104, 40.43038486666777], [-3.64172346705889, 40.4303845928118], [-3.6418144051400816, 40.43034561939392], [-3.64184492737069, 40.430331936382345], [-3.641859022455997, 40.430326452703326], [-3.641871938666263, 40.43032097556781], [-3.6420915396222258, 40.430230566614696], [-3.6421323407405337, 40.43021426787035], [-3.642134995048962, 40.430213208078676], [-3.6421445374095716, 40.43022486682846], [-3.6422993122110547, 40.430177006871716], [-3.6423937379983014, 40.43014780644759], [-3.6424555975018658, 40.43012808425614], [-3.6425030470754556, 40.43011296465472], [-3.6426123560386445, 40.43007812275915], [-3.6427189815292316, 40.43004376414896], [-3.6427204859344116, 40.43004327830618], [-3.6427740807940623, 40.430026016313626], [-3.642652902012833, 40.4297836350908], [-3.642712044527267, 40.429775765744424], [-3.6427135516709366, 40.429775568175806], [-3.642895724110811, 40.429751320952136], [-3.6430287811305204, 40.42973436467941], [-3.643147948997132, 40.429718503543164], [-3.643148879182395, 40.42971838125088], [-3.6432925286564246, 40.42969956393888], [-3.6432978276105237, 40.429698912829565], [-3.643472706199082, 40.429677570157935], [-3.643514827435129, 40.42967244379711], [-3.6436481268637193, 40.429656215194875], [-3.6438019387797107, 40.42963743977029], [-3.643920718531244, 40.42962294937338], [-3.6439272304099113, 40.42962215634387], [-3.6442335359411433, 40.42958239567018], [-3.6442398000796197, 40.4295815859855], [-3.644240428926743, 40.42958077166759], [-3.64424174924913, 40.42958076430997], [-3.6442463232231246, 40.42958073882101], [-3.6445908821737523, 40.429535809050414], [-3.644636061123304, 40.42952991748228], [-3.6449031945989714, 40.42949554464103], [-3.644906880120658, 40.42949507363], [-3.6451643937036597, 40.42944963669226], [-3.6451646644102773, 40.42944959013636], [-3.6451646398861746, 40.429449491173784], [-3.6451658640893463, 40.42944929515217], [-3.645170513772529, 40.42944855748998], [-3.6453965927271654, 40.42942116939181], [-3.645514349144913, 40.42940699838765], [-3.6456309352710483, 40.42939373470324], [-3.6458629230784427, 40.42936541179087], [-3.6458634412576125, 40.42936535484178], [-3.646024181195498, 40.42934629451364], [-3.6460383828395453, 40.42934461154484], [-3.6460399013208233, 40.42934436882432], [-3.64604426849267, 40.42934367775092], [-3.646272724840059, 40.429317175559014], [-3.646361035406954, 40.429305871007855], [-3.6463904808809793, 40.429303003664984], [-3.6465058791636022, 40.42928884483607], [-3.646522365860896, 40.42928695083054], [-3.6465871337870297, 40.4292793813781], [-3.6466236351030927, 40.429274672705226], [-3.646735801018376, 40.42926153172956], [-3.646736684208947, 40.42926142768941], [-3.646910070876983, 40.429240871953326], [-3.6469121434134273, 40.429240626121036], [-3.6469992835475784, 40.42923022853597], [-3.6470876025063474, 40.42921982428711], [-3.6472018216395528, 40.42920567136378], [-3.6473184070644393, 40.42919240598241], [-3.6474361626544405, 40.42917823302634], [-3.647604548306829, 40.42915747002074], [-3.647605302771528, 40.429157465794475], [-3.647610442562345, 40.42915743700296], [-3.647809790366615, 40.42912971644607], [-3.647812945623417, 40.42912927534084], [-3.6479518857143702, 40.42911137953512], [-3.648094362279114, 40.42909346373744], [-3.6482474397618296, 40.42907458741903], [-3.6483640074384036, 40.4290595192752], [-3.6484760606551982, 40.429045764629265], [-3.6484794048654474, 40.42904535848215], [-3.648568240821484, 40.42903482407622], [-3.648669971323485, 40.42950253419794], [-3.65082756925906, 40.42921970441484], [-3.651085155117598, 40.42894024409282], [-3.6511807840453483, 40.428851795285624], [-3.651324052493291, 40.42867170833404], [-3.651414252978492, 40.42855832586411], [-3.651438480436877, 40.428527882938894], [-3.6513937145872513, 40.42848726116241], [-3.651113256455761, 40.4282797412148], [-3.6508835095919183, 40.42811067395838], [-3.6509432137493363, 40.42805493220745], [-3.6517135192334376, 40.427494734590205], [-3.651736349370454, 40.42747835357992], [-3.651679250359633, 40.42743135996653], [-3.6516026629947813, 40.42736833196334], [-3.65133888813543, 40.42715450224438], [-3.6513271781961407, 40.42716267635444], [-3.651312910748712, 40.4271501440745], [-3.6512808220460196, 40.42712329772084], [-3.651277963000732, 40.42712388139664], [-3.651278117376314, 40.427123997644536], [-3.6507266448148985, 40.4275320323981], [-3.650496434317738, 40.42770235557721], [-3.6504927905647837, 40.42770470041194], [-3.6502349770236724, 40.427496366191306], [-3.6502340383801917, 40.42749560570201], [-3.6500746150911008, 40.427366772039235], [-3.650072512100984, 40.42736507214627], [-3.650042357408298, 40.4273407010698], [-3.65001326021175, 40.42731718890764], [-3.6497232039837653, 40.427082782452864], [-3.649617071999829, 40.427209235184584], [-3.6496165828774623, 40.42720985955691], [-3.6496135788875907, 40.427213759333675], [-3.649593520874491, 40.427237718973274], [-3.649583276338233, 40.42724996576948], [-3.6495827313087768, 40.4272496805425], [-3.6495284580300846, 40.427312427149616], [-3.6495221195282452, 40.42732018351011], [-3.6494958442918737, 40.42735225917292], [-3.6493548976744705, 40.42728368129335], [-3.6493063408873847, 40.427260530503624], [-3.649280692782683, 40.42729040438947], [-3.6492783697987674, 40.42729402105259], [-3.6492273074468438, 40.427268983393105], [-3.649203890479023, 40.42725749322706], [-3.649142156111628, 40.42722721814014], [-3.648982079444996, 40.42725334216424], [-3.6486277140311123, 40.427303078785584], [-3.6482744577030166, 40.427345600868], [-3.648000667696866, 40.427373198955515], [-3.648000043527571, 40.42737326551732], [-3.647962355874011, 40.42737708036871], [-3.647904219547616, 40.42738264044486], [-3.6478727251291336, 40.42738565479012], [-3.647589333913066, 40.42741275615641], [-3.647587564953793, 40.42741391922269], [-3.6475779468006793, 40.427420225373744], [-3.647555716888503, 40.427432917504575], [-3.647532128510423, 40.42744409471163], [-3.647507345665612, 40.427453647967056], [-3.6474815681502313, 40.42746151308784], [-3.647454995760808, 40.42746762589107], [-3.647427816851524, 40.42747195829426], [-3.6474002549686175, 40.42747446399998], [-3.6473725103412256, 40.427475123868646], [-3.647344795073163, 40.42747392770344], [-3.647317321527378, 40.427470892333396], [-3.647290302153075, 40.42746604359637], [-3.6472639376110885, 40.42745940739631], [-3.6472384289074755, 40.42745104567169], [-3.647213976961652, 40.427441011352485], [-3.647190759375296, 40.42742938452655], [-3.646957030416859, 40.42730231384775], [-3.646821058715343, 40.4274857240062], [-3.6467373548448436, 40.42759863414977], [-3.646577767227877, 40.42781388795296], [-3.646563044504227, 40.42783375414977], [-3.6465286757311626, 40.4278801086896], [-3.6466438360345714, 40.428405097175414], [-3.6434681649295557, 40.42880281753163], [-3.6432473212693206, 40.42852330673567], [-3.6425783094764768, 40.428835884147595], [-3.642086045933819, 40.429062908297084], [-3.6418129839788906, 40.428709252058354], [-3.6417818929737567, 40.42866922630957], [-3.6405375641648554, 40.42923778697466], [-3.6405520820475457, 40.42926072463934], [-3.6405535264962694, 40.429262617544005], [-3.6405711830501923, 40.4292858441232], [-3.640640411481909, 40.4293755509387], [-3.6406595125502674, 40.429400670406984], [-3.64048109545893, 40.42948274035995], [-3.6402780329411404, 40.42957665828774], [-3.6402662870575355, 40.42958122786015], [-3.6400937376905373, 40.429660562005516], [-3.6400190818124782, 40.4295666146271], [-3.639998249294159, 40.42954039652629], [-3.639891766214261, 40.42958611224451], [-3.6398852373659007, 40.4295888510937], [-3.6391229889494787, 40.42990842905324], [-3.6390366098270395, 40.4299446454194], [-3.6379932406038233, 40.4303856618217]]], [[[-3.6061034317339127, 40.43469873463598], [-3.606107944937149, 40.43470240468166], [-3.6061115204549417, 40.43470537693798], [-3.606114844104658, 40.43470787303545], [-3.6061185112701595, 40.434710547512616], [-3.606121967032542, 40.43471331318849], [-3.6061391258072146, 40.43469933127969], [-3.606062780272897, 40.43437318074892], [-3.606057599207327, 40.43434764925352], [-3.6060557743653123, 40.4343387488759], [-3.6060528026281484, 40.43432423286742], [-3.60605155518863, 40.434317924067315], [-3.6060455114180634, 40.43428822590646], [-3.606039143308922, 40.434260484407886], [-3.6060037933221376, 40.43410645290199], [-3.605942452362165, 40.433840115729986], [-3.6058786730845185, 40.433564773237215], [-3.6058283396197437, 40.433342513601936], [-3.605807510377957, 40.43324831606685], [-3.6058074488442293, 40.433248028099854], [-3.605738752821616, 40.432950179640585], [-3.6057019301093995, 40.4327882187518], [-3.60564803682876, 40.43256327494296], [-3.6055230523001383, 40.43200978316628], [-3.6054723972943883, 40.431777696125025], [-3.6054405096531865, 40.431640033701136], [-3.605377970058261, 40.43137099066158], [-3.605347326252337, 40.43124051991818], [-3.605292143476, 40.431002969962194], [-3.605283705451431, 40.43098229332796], [-3.605251818509431, 40.43084462181898], [-3.6052444301821103, 40.430809525206804], [-3.605222394467565, 40.430718649168575], [-3.605163546721732, 40.43046670383472], [-3.605161132427116, 40.43046041013753], [-3.605091134253679, 40.43014816248407], [-3.604985641642481, 40.429690153891634], [-3.604928077466489, 40.4294641567504], [-3.6048862097757106, 40.429278158717594], [-3.604875171998761, 40.42922912614465], [-3.6048664540538398, 40.42919032472502], [-3.604823601658965, 40.42899964710486], [-3.6047746204774915, 40.42876963196306], [-3.6047426953266273, 40.428627455930624], [-3.604702211761002, 40.428451090249105], [-3.604669091938991, 40.428307118626044], [-3.604611588656552, 40.42807318397424], [-3.604601794896943, 40.42803269445046], [-3.604599332341382, 40.42802099555872], [-3.6045747875020844, 40.42791301526915], [-3.6045711913562988, 40.42789847544348], [-3.6045625554458294, 40.427863529437566], [-3.6045564111916764, 40.42783563349977], [-3.604544154964485, 40.427783445075676], [-3.6045183992054426, 40.42767186747967], [-3.604515944744192, 40.42766106944847], [-3.6045061188414436, 40.42761697645978], [-3.604447462105148, 40.42738575044397], [-3.604342416339813, 40.42692793689301], [-3.604341962274901, 40.42692593925623], [-3.604279407462342, 40.42665419274996], [-3.6042597724122816, 40.42656780843836], [-3.604227857504149, 40.42642653305791], [-3.60422327340086, 40.42640696231826], [-3.604194763922404, 40.426285263824745], [-3.6041785105594446, 40.42621711416946], [-3.6041739422233765, 40.426197984788494], [-3.6041211900016914, 40.42596762859538], [-3.604015955949967, 40.42551066246283], [-3.604015710842454, 40.42550961869269], [-3.603960594082264, 40.425278373844556], [-3.603850248935189, 40.42480327194012], [-3.603847181774043, 40.42478984644393], [-3.6038223864323884, 40.424681263631385], [-3.6038085349419817, 40.424620605905666], [-3.603784382204133, 40.42450609176431], [-3.603777393065419, 40.424390226713214], [-3.6037876396680066, 40.424274496873736], [-3.603791817746454, 40.42424078116982], [-3.603797883390731, 40.424207226779785], [-3.603798031234311, 40.42420662240064], [-3.6037999728288996, 40.42419832392535], [-3.6038057189623323, 40.424173861344876], [-3.60381554979508, 40.42414083684193], [-3.6038271398899453, 40.42410812747583], [-3.60382716298206, 40.424108073300886], [-3.6038405372815796, 40.42407583209487], [-3.6038557069266974, 40.42404398691765], [-3.6038726497898512, 40.42401270004724], [-3.6038907719468862, 40.42398278540054], [-3.6039133142522464, 40.42394755033459], [-3.603937524883667, 40.423913009255834], [-3.6039431990182584, 40.42390554714051], [-3.603963297669537, 40.423879153708825], [-3.603990809987539, 40.42384604582929], [-3.6040198500607366, 40.42381373176775], [-3.604036786582325, 40.42379624678618], [-3.604050359191343, 40.42378223885692], [-3.6040707439448076, 40.42376279890608], [-3.60408238573791, 40.4237517019789], [-3.604082420697949, 40.42375165675092], [-3.6040881981898996, 40.42374652743498], [-3.604113729174378, 40.423723871379515], [-3.604205770250549, 40.42365390351687], [-3.6043066608871452, 40.42359148396279], [-3.604415369426157, 40.42353724872201], [-3.6047796159491368, 40.42340471252407], [-3.6048342161494693, 40.42338468804278], [-3.6048618628821774, 40.423374552356655], [-3.6052284570782587, 40.42324110155577], [-3.6054987069392843, 40.423143289550445], [-3.605550402537685, 40.423124099767534], [-3.605718065795835, 40.423063761672466], [-3.6060204088577463, 40.42295496041942], [-3.6060685760720954, 40.42293669881485], [-3.606343514212547, 40.42283615753912], [-3.6063904943332816, 40.42281699211095], [-3.6064139965184268, 40.422808760685314], [-3.6068049617217053, 40.422667384213916], [-3.60680578417324, 40.42266708259822], [-3.606831116842533, 40.422657922556105], [-3.6068534401710415, 40.422649697228664], [-3.606899265477039, 40.422633231364664], [-3.6068994387266247, 40.42263283405649], [-3.606899497987795, 40.42263286978166], [-3.607167494627916, 40.42253802968393], [-3.6071397017338773, 40.42249774297106], [-3.6071229806380853, 40.42247350631289], [-3.60711788297716, 40.422465055554945], [-3.607114604301387, 40.422459631298736], [-3.607112402612275, 40.42245599419022], [-3.6071123188043983, 40.42245585048534], [-3.6071122349965097, 40.42245570678043], [-3.607112151188623, 40.42245556307552], [-3.607088278752211, 40.422416030541754], [-3.6070775161951154, 40.42239896983775], [-3.607072728338957, 40.422390886822484], [-3.6070631688269796, 40.422376522518626], [-3.607014111610307, 40.422295698538385], [-3.6070033571890274, 40.42227953869054], [-3.606953851593887, 40.42219733865069], [-3.606947114327094, 40.42218613971931], [-3.606944569202532, 40.422182324229105], [-3.606936359939531, 40.422169979864684], [-3.6069363398935432, 40.422169061045565], [-3.606863380174721, 40.422050542431336], [-3.6068621771515215, 40.422047846027304], [-3.6068526096380493, 40.42203258084073], [-3.606850219784246, 40.42202898975991], [-3.606812715096693, 40.421969141210774], [-3.606811938071802, 40.42196793807468], [-3.606667590629748, 40.42172336981392], [-3.6064022863395944, 40.42129204732223], [-3.606384713503119, 40.421263472649784], [-3.6063410144018015, 40.42119237707874], [-3.6062748071855286, 40.421086543453946], [-3.606205395283096, 40.420975609443545], [-3.606200607633911, 40.42096752638868], [-3.606180270245599, 40.42093429948312], [-3.6061733699937535, 40.42092329955768], [-3.6061515686612906, 40.42088850373596], [-3.6061384086471997, 40.42086694196725], [-3.6061360188732037, 40.42086335087035], [-3.6060833712267657, 40.420776247957015], [-3.6060319266016325, 40.42069183242252], [-3.6060175718651957, 40.42066848409775], [-3.6059890648241955, 40.42062201160813], [-3.6059782027180884, 40.4206043026645], [-3.605973668957226, 40.42059692097596], [-3.6059685252439735, 40.420588560496064], [-3.6059577713486237, 40.420572400542426], [-3.60586437979822, 40.4204320422599], [-3.6057980048396985, 40.42033230836153], [-3.6049587491422717, 40.42063619117555], [-3.6044794392647157, 40.42081797857229], [-3.603228074433847, 40.421268661301674], [-3.6024737209151256, 40.42154016394365], [-3.602473251031205, 40.4215403465735], [-3.6021881896475674, 40.421642553027695], [-3.6018921292122696, 40.421754005286175], [-3.6016784587852837, 40.42185151444769], [-3.6014332828042876, 40.42198522336788], [-3.6012538142530217, 40.42210994137245], [-3.6011720284758284, 40.422166754401474], [-3.601131178438122, 40.4221993183543], [-3.60113106136603, 40.42219940905363], [-3.6010459498786176, 40.422265347448196], [-3.6009486939316164, 40.42235085352833], [-3.600879158348724, 40.42241198107811], [-3.600719670174692, 40.42258461271077], [-3.6007109505082093, 40.42261150502545], [-3.600695517138643, 40.42263238714045], [-3.600576184650727, 40.42279382787913], [-3.6005521684802657, 40.42281061939905], [-3.6005208944682074, 40.42286758398807], [-3.6004484631110216, 40.422999537549615], [-3.6003460179546636, 40.42303988961688], [-3.6003258724455174, 40.42309296751254], [-3.6003564161436774, 40.4231938185189], [-3.599950287848432, 40.42303282666767], [-3.5999446562506043, 40.423039810887786], [-3.599915029018482, 40.42307654142063], [-3.59989668398659, 40.423098789895874], [-3.599860331964966, 40.42314286165758], [-3.599839966996024, 40.42317260713503], [-3.599799935457748, 40.42323110345874], [-3.5997239621039716, 40.42337059750443], [-3.599693775406121, 40.423449223020505], [-3.599633838066155, 40.42364232783121], [-3.599606718458236, 40.42364156757868], [-3.5995647838746194, 40.42383097535414], [-3.5995147496224367, 40.42403754232655], [-3.5994250653204185, 40.424425396977114], [-3.5993998598834804, 40.42450751011077], [-3.599396207662378, 40.4245077542723], [-3.5993900034085136, 40.42453125504105], [-3.5993860346338615, 40.42454630272999], [-3.5993573859878407, 40.424677452001696], [-3.5993852002310796, 40.42467408256083], [-3.599454806393752, 40.42466564054548], [-3.5992241723973852, 40.42602252842384], [-3.599209036027904, 40.42611155330804], [-3.5991888581513405, 40.4262302621371], [-3.599190770965492, 40.426238576593065], [-3.5992691232795178, 40.426580487650824], [-3.599274715848663, 40.42660492726183], [-3.599656726477312, 40.42827176599722], [-3.5996624659166665, 40.428296781399546], [-3.5997555649773205, 40.428703012224915], [-3.5997887034023055, 40.428847579767506], [-3.5999476037950866, 40.42954085778717], [-3.600042938564727, 40.42995682447979], [-3.600090750215673, 40.43016308180235], [-3.6001134220633633, 40.43026265828333], [-3.6002728378318394, 40.43096274384119], [-3.6003811835925723, 40.43140688595881], [-3.6003826791944467, 40.43140669801079], [-3.6004115159228096, 40.43153124250698], [-3.600427605655835, 40.43159717725849], [-3.600446898995432, 40.43168396032622], [-3.600472897661377, 40.431800888876424], [-3.6005964201151843, 40.43235641183909], [-3.600597964782189, 40.43236306150098], [-3.600601831655925, 40.43237364506171], [-3.600635339187315, 40.4324652011075], [-3.6006363530580137, 40.432465195839974], [-3.6006491507363942, 40.432502949332864], [-3.600649296054357, 40.43250338101217], [-3.600705631508801, 40.43261115183245], [-3.6007101690611054, 40.43261495710025], [-3.600714549892616, 40.43262234878319], [-3.600726693538093, 40.43263826773315], [-3.6007693335679027, 40.43269218152461], [-3.6008161193129924, 40.43274428095395], [-3.6008332124004427, 40.43276126426453], [-3.6008433111956726, 40.43277129290308], [-3.600878496604846, 40.43280625432411], [-3.6009087651320186, 40.4328345295511], [-3.6009944799710643, 40.432895777944275], [-3.60099987873693, 40.432899641786705], [-3.6010003157419397, 40.43289972960535], [-3.601070259866822, 40.43294287966911], [-3.6012026690105783, 40.43301012839199], [-3.603429171589057, 40.433768963885335], [-3.6046633734360305, 40.43419197634248], [-3.6046596095654992, 40.43419823929647], [-3.6046715424418636, 40.43420233906159], [-3.6046824346165804, 40.434206083907135], [-3.604689294309789, 40.43420848046918], [-3.6047349057286433, 40.4342290617876], [-3.6049420462794446, 40.4342976089586], [-3.6053607439423394, 40.434445868287646], [-3.605923680331508, 40.43463841540641], [-3.6060112385189758, 40.43467309172636], [-3.6060372564512098, 40.434681964380054], [-3.606046704283616, 40.43468371666044], [-3.6060722914318366, 40.43468269062615], [-3.6061034317339127, 40.43469873463598]]], [[[-3.541468605978493, 40.44690484891971], [-3.5414905297160417, 40.44715634169713], [-3.5414979328895493, 40.447241262267156], [-3.541503219435776, 40.44730194942394], [-3.5415104806619655, 40.447314816355046], [-3.5415185885225755, 40.44732738202134], [-3.5415275192172295, 40.447339619507005], [-3.541537272384704, 40.44735148376835], [-3.5415478124325834, 40.4473629479448], [-3.5415591037683907, 40.44737398517577], [-3.541571110871879, 40.44738457760937], [-3.5415739352826687, 40.44738679861911], [-3.5415740069019455, 40.44738690639204], [-3.541583797571933, 40.44739462631535], [-3.5415971998228364, 40.44740420319745], [-3.541611188130372, 40.44741333588917], [-3.541625878099553, 40.4474217355594], [-3.541640918214243, 40.44742968313518], [-3.5416566600624817, 40.44743690669773], [-3.54167275133252, 40.44744358807842], [-3.541689309220148, 40.44744963663758], [-3.5417062158056583, 40.44745505292752], [-3.5417235875613864, 40.44745965622153], [-3.5417306764655536, 40.44746133471865], [-3.541741190818088, 40.44746371788564], [-3.541758906209308, 40.44746705829837], [-3.541776968849826, 40.447469586267374], [-3.5417794480500664, 40.4474699350097], [-3.5424568427255347, 40.44754829008162], [-3.542534283389461, 40.44755855732644], [-3.542786770998948, 40.447574759511795], [-3.5428244083474856, 40.44757719540375], [-3.5432096501833352, 40.447619169692736], [-3.543744110648683, 40.44768125179186], [-3.5438418432822845, 40.44769259388556], [-3.543849651342607, 40.44765327774265], [-3.543881911246541, 40.44749038668783], [-3.5438825125449, 40.44748744691203], [-3.5439416727977235, 40.447188789171996], [-3.5440027128967833, 40.446877636011465], [-3.544004083633776, 40.44687067458198], [-3.5440695641586655, 40.4465370048996], [-3.5441091970404033, 40.446335114949484], [-3.5442010117068663, 40.44587612256215], [-3.544214282719596, 40.44580801479569], [-3.5443199040202074, 40.445265650661646], [-3.544357181782355, 40.44507750145548], [-3.544372011162248, 40.44500235026144], [-3.5444479511772204, 40.444620901097444], [-3.5445068444812624, 40.44431899192234], [-3.544507512621044, 40.44431557434765], [-3.544546238197493, 40.4441170037771], [-3.544547528975949, 40.44411037604934], [-3.5445566558408568, 40.44406362116213], [-3.544620014332605, 40.44376134852453], [-3.5446200483976926, 40.44376118620125], [-3.544772325651339, 40.44303512343761], [-3.5447745851812784, 40.44302434697988], [-3.544793410954887, 40.44293458221942], [-3.544801029774038, 40.442898248868126], [-3.544801915225845, 40.44289400143455], [-3.5448024040493755, 40.44288152160216], [-3.544803188057723, 40.44286178809654], [-3.5448085745587634, 40.44272568106929], [-3.5448029385750184, 40.44272280671746], [-3.541396565570936, 40.443615597298106], [-3.5413550399169154, 40.443626476495695], [-3.541013644762527, 40.44371157956772], [-3.54085339110758, 40.44453638678951], [-3.540830304518405, 40.44462783750091], [-3.5407597133419295, 40.444624275827564], [-3.540777176270353, 40.44465506813259], [-3.5408189856526393, 40.444686854649106], [-3.5408261753177293, 40.444692316530215], [-3.540827124410395, 40.444693032813525], [-3.5407805059662785, 40.444893972404074], [-3.5407780150838417, 40.444906866989086], [-3.5407697574572077, 40.44495059948018], [-3.540756747372624, 40.44501930925251], [-3.5407567488165586, 40.44501948942663], [-3.540747667922759, 40.44506349603771], [-3.5407216230963474, 40.44519785261323], [-3.540709179394343, 40.44526367683433], [-3.540703398781585, 40.44528984811594], [-3.5407012140671905, 40.44529975026407], [-3.5406978281975934, 40.44531868509159], [-3.540696706792931, 40.4453258975713], [-3.5406921417641137, 40.44534483791382], [-3.5406910636717464, 40.445357455616744], [-3.5406821357301292, 40.445420560676226], [-3.540564913515719, 40.44601402100604], [-3.5405653856161403, 40.44601407285269], [-3.5408212508179724, 40.44604345279017], [-3.540821263764992, 40.44604359687428], [-3.5408232019484522, 40.44605295721044], [-3.54082605880135, 40.44606217811299], [-3.540829833818565, 40.44607119652094], [-3.540834491336499, 40.446079976564896], [-3.540837249373578, 40.44608422493827], [-3.5408400073388053, 40.44608846430285], [-3.5408463460895643, 40.446096614856664], [-3.540853483500109, 40.446104365275616], [-3.5408613721149056, 40.44611167974545], [-3.540869964406165, 40.44611851344312], [-3.540879212918251, 40.44612483055435], [-3.5408890584037356, 40.446130595320106], [-3.540893143801733, 40.4461327293656], [-3.5410197887244146, 40.446205920776535], [-3.5410892242979464, 40.44624456890455], [-3.541159209465647, 40.44628262882994], [-3.541192831643452, 40.44630060662993], [-3.5412121228724223, 40.44631374158748], [-3.5412307698268486, 40.44632741109165], [-3.5412487487065274, 40.4463415882271], [-3.5412660475751503, 40.44635625503193], [-3.5412826309128924, 40.446371393654616], [-3.5412984749915957, 40.44638698618858], [-3.541313567802475, 40.446403005663186], [-3.5413278856895305, 40.44641944318043], [-3.541341416571577, 40.446436262761075], [-3.541341464316828, 40.44643633460981], [-3.5413541248561464, 40.446453437544896], [-3.5413596842184702, 40.44646143856603], [-3.5413696138290383, 40.44648208583255], [-3.5413760298263455, 40.446496911694375], [-3.541378649078452, 40.44650296251264], [-3.5413867898213964, 40.446524050589105], [-3.541394024120776, 40.446545332099966], [-3.5414003400394347, 40.44656678908322], [-3.5414026671585828, 40.44657611155095], [-3.5414057254956237, 40.446588385559444], [-3.5414101921356993, 40.44661010345615], [-3.5414137162306387, 40.44663192486647], [-3.5414163094267637, 40.44665383171787], [-3.5414173042778208, 40.44666612439933], [-3.5414176052000066, 40.44666982570578], [-3.5414303858547895, 40.446807694261345], [-3.5414520596642443, 40.446806178326966], [-3.5414593785535318, 40.44680566656694], [-3.541468605978493, 40.44690484891971]]], [[[-3.6538290223295915, 40.4465967182103], [-3.6538272520819914, 40.44660265615244], [-3.65381381886136, 40.44660854294282], [-3.6529608628264874, 40.446982283063406], [-3.652805275061257, 40.447050459117236], [-3.6527975829252135, 40.447053745800055], [-3.652655214289652, 40.44711463979187], [-3.6526585783692944, 40.44711985503392], [-3.652866557972462, 40.447428086069905], [-3.653008892950666, 40.44763902087812], [-3.6534696424255766, 40.448321831639056], [-3.653512246975757, 40.448384960156154], [-3.6540382895567936, 40.44910293092136], [-3.65406607662725, 40.44909357550379], [-3.6545842690718953, 40.44890163333846], [-3.6569694438212963, 40.44841776905692], [-3.657337014995216, 40.44823730110978], [-3.6579602271808294, 40.44766207994063], [-3.6588308564597316, 40.446806913982364], [-3.658739945526624, 40.446022567098055], [-3.658732982155968, 40.446023156328394], [-3.658686642163084, 40.4460270780441], [-3.658649386411829, 40.44603023627008], [-3.6586374580549923, 40.44603077270266], [-3.658636282227966, 40.44602145507576], [-3.6586304218265218, 40.445936920879376], [-3.6586109863594634, 40.445841265823816], [-3.658623942980827, 40.445843390202796], [-3.65863958073562, 40.445845958763805], [-3.6586714466981585, 40.44585118260521], [-3.6586226382482057, 40.44572905526468], [-3.6585202111210773, 40.445472755839134], [-3.658467039660742, 40.44533969831937], [-3.6582704119730374, 40.444960511720105], [-3.6582683568247423, 40.44495654143937], [-3.658381657019708, 40.444782887124404], [-3.6584731000108253, 40.44460858242363], [-3.658536470241671, 40.44447939254908], [-3.6586210025413166, 40.44432080277564], [-3.6587922319192265, 40.44398270978361], [-3.6588473934907686, 40.44385951245676], [-3.6588969590446867, 40.443681301919455], [-3.6589117348284885, 40.44354130770262], [-3.658918390161694, 40.4433775759679], [-3.6589086513791766, 40.44324968544639], [-3.658865753848171, 40.44302147032937], [-3.6588242932741046, 40.44274837308912], [-3.6587777591873643, 40.44246404346272], [-3.658720482770656, 40.4420540091388], [-3.658683489576502, 40.44180358005906], [-3.6586582929380604, 40.44151741704205], [-3.6586530464890017, 40.44146312255621], [-3.658630112314776, 40.441226316046034], [-3.6586118559618224, 40.440926329648974], [-3.658611812765462, 40.4409255280924], [-3.6586117845247177, 40.44092505077528], [-3.6586055111035303, 40.44082230261952], [-3.6586055100485253, 40.44082219451732], [-3.6586036482888926, 40.44082232224134], [-3.65771311833653, 40.44083308601824], [-3.6572609114107686, 40.44081336963907], [-3.6568828769687602, 40.44082452737821], [-3.656842867646743, 40.440830394362095], [-3.6568368821813007, 40.44095441950506], [-3.6568324857683803, 40.44104545359729], [-3.6568793997688793, 40.44133826843267], [-3.6570034260687834, 40.44173852799445], [-3.6571600144653105, 40.442115034700876], [-3.6573495860344774, 40.44335829123801], [-3.6558113102778025, 40.44388002863377], [-3.655540791247527, 40.44393652700421], [-3.65556143617901, 40.44397512166721], [-3.655793984418575, 40.44439649661941], [-3.654966702736165, 40.44466576354551], [-3.6546523249417837, 40.444165507982675], [-3.6546319813564576, 40.44412632586509], [-3.654630757528221, 40.44412658504797], [-3.654378726553206, 40.44422691296904], [-3.6523011607541087, 40.44526407892069], [-3.65186603162838, 40.44548683086171], [-3.651749501565891, 40.44554648795085], [-3.6516109934071603, 40.44561738593402], [-3.6513872958727456, 40.44573189897265], [-3.6514376724119817, 40.44577596646822], [-3.6515572752409655, 40.44588058074268], [-3.651687569697774, 40.4459945310177], [-3.651716799479205, 40.44602720408328], [-3.6517907429474645, 40.445992534916904], [-3.65249188012114, 40.445638047810945], [-3.6529043634118152, 40.44542949350738], [-3.6531167372716453, 40.44570483449277], [-3.6538290223295915, 40.4465967182103]]], [[[-3.5794664971905377, 40.45096149528007], [-3.579519578786062, 40.4509630309834], [-3.5795678737402308, 40.4509564825389], [-3.579598495461869, 40.4509518244938], [-3.5796456111532184, 40.45094528192965], [-3.5797257070328747, 40.450934069440244], [-3.5797634042116706, 40.45092937586727], [-3.580160918708248, 40.45093999412172], [-3.580210462559167, 40.45094154726311], [-3.580215281808648, 40.4508162976285], [-3.5802159574290076, 40.450757735574925], [-3.5802169274746993, 40.4507334063383], [-3.5802187126029903, 40.450666730592246], [-3.5802230204502417, 40.45048202395063], [-3.5802228654889263, 40.4504640066775], [-3.580223739146841, 40.45045589416932], [-3.580223959498313, 40.45045409125822], [-3.5802234599032148, 40.45039600356914], [-3.5801896094472796, 40.45039543473208], [-3.5801609485643593, 40.45039494794797], [-3.5800807449535936, 40.45039354864338], [-3.580049001015129, 40.450391095317045], [-3.5798168880703374, 40.45038771023682], [-3.579584775143322, 40.45038432469032], [-3.5791445810284066, 40.45037454891319], [-3.579046563245481, 40.45037233723663], [-3.579033475456857, 40.45037123162172], [-3.579033228856783, 40.45037822386107], [-3.579026727190981, 40.45056189640979], [-3.5790213141427776, 40.45075561757183], [-3.5790194310788075, 40.450948420143206], [-3.5790359482682335, 40.4509492383104], [-3.5790677956684758, 40.45094997968128], [-3.579149186909075, 40.45095227463976], [-3.5791495406831606, 40.45095227286733], [-3.5794664971905377, 40.45096149528007]]], [[[-3.597595962438101, 40.452706132423316], [-3.597642917891731, 40.4526815653193], [-3.5977616173651494, 40.45263500557611], [-3.5977827644376457, 40.45262588720159], [-3.597810979153583, 40.45261583137071], [-3.597860332929595, 40.4525957562839], [-3.5980182276390478, 40.45258053412277], [-3.5980889199472164, 40.45257295215968], [-3.5982963038995117, 40.45255296003339], [-3.5983517136499445, 40.452550871427476], [-3.5984189081130085, 40.45254782088619], [-3.5984200873837864, 40.452547814781276], [-3.598703016416333, 40.452535538930434], [-3.5989952755082113, 40.45251150231807], [-3.5990671629774087, 40.45250572437631], [-3.5991307955451872, 40.452499989175394], [-3.5991861812158183, 40.45249519758914], [-3.599361508195571, 40.45245104536782], [-3.599363858729132, 40.45245013227851], [-3.599489149439603, 40.452481915038284], [-3.600068162658046, 40.4524780098625], [-3.6001270860458803, 40.45247319946078], [-3.600208399505147, 40.45246647097121], [-3.60022490125505, 40.45246548438581], [-3.6002378370431907, 40.452464002800674], [-3.600241394988493, 40.452463596937946], [-3.6002520003926635, 40.45246264096598], [-3.600806994712141, 40.452410208117776], [-3.601070930209573, 40.452385412565924], [-3.601128325360429, 40.452379843834066], [-3.6011298454110268, 40.45237970079411], [-3.6011327689164396, 40.45230942426628], [-3.601135865183608, 40.45225985856986], [-3.6011358008807424, 40.452252642681394], [-3.601137822241291, 40.452214794296886], [-3.6011446320670526, 40.45205259656873], [-3.601149396435703, 40.4519255446425], [-3.6011584734893876, 40.45169751522881], [-3.6016928543546194, 40.45163803217258], [-3.6021287682874794, 40.45158981636259], [-3.6021475590427183, 40.45158766442546], [-3.6022689626928837, 40.451573770685904], [-3.6024846634353365, 40.4515506015888], [-3.6025069545358392, 40.45154820612399], [-3.602740213086711, 40.45152086394914], [-3.6027405900448617, 40.45152081693849], [-3.6034886527045478, 40.451435661631265], [-3.603548323779003, 40.451428872608524], [-3.6035696003215665, 40.451426446200024], [-3.603611773220746, 40.451421280040854], [-3.6036308121897656, 40.451417883322144], [-3.6036738585751174, 40.45141017203602], [-3.6037276548106854, 40.45140053972395], [-3.603723873718356, 40.45137995584754], [-3.603713745132542, 40.45132479247451], [-3.603648085031831, 40.45097198185529], [-3.603645573389158, 40.450954877835805], [-3.603638151321084, 40.450916177813546], [-3.6036339499735837, 40.45089474927917], [-3.603631972988368, 40.450884678510874], [-3.6036245428756493, 40.450845077627335], [-3.6036121136984542, 40.4507739712808], [-3.6036046916707245, 40.450735271254906], [-3.603591115539992, 40.45066777450132], [-3.6035836854766776, 40.45062817361334], [-3.6035701013299613, 40.450559775995906], [-3.6035638827648935, 40.450523772387925], [-3.6035514375958053, 40.450450864310305], [-3.60354399952177, 40.45041036255812], [-3.603522977332602, 40.4503014541697], [-3.6035155392932015, 40.45026095241436], [-3.603493645697301, 40.45014426477397], [-3.603493249487072, 40.45014215873179], [-3.6034895103378926, 40.45011965570277], [-3.6034835551036672, 40.45008671377965], [-3.603478341256727, 40.450057551774], [-3.6034734390086043, 40.45003685662013], [-3.6034684803552057, 40.45000985544636], [-3.603463497531137, 40.449980151692394], [-3.603455562895327, 40.449936859726996], [-3.6034499791896692, 40.44990589784599], [-3.6034461825816746, 40.44989015187981], [-3.603444930836571, 40.44988205029593], [-3.603444868974532, 40.44988172629413], [-3.6034414523701677, 40.449882095481435], [-3.603391935065988, 40.449887435049774], [-3.6033558813710385, 40.449891037655824], [-3.603330879522123, 40.44989354653127], [-3.603330634815356, 40.449892556816216], [-3.603321409956009, 40.449893550909984], [-3.6032086620282713, 40.44990574292573], [-3.6027266023178, 40.44995787008575], [-3.6027262485504354, 40.44995787193031], [-3.6027215356762814, 40.44995834695436], [-3.6025836911177294, 40.4499730295752], [-3.601260609624165, 40.4501132524769], [-3.60117813353205, 40.45012151928356], [-3.6010626679310875, 40.450133200817504], [-3.6008281539901446, 40.450151537109754], [-3.6007573899395786, 40.45015604003347], [-3.60075738913736, 40.450155949947444], [-3.6007572013432463, 40.45015605002265], [-3.6007344542664996, 40.45015751959028], [-3.6005995038991894, 40.450166229842765], [-3.60046276155925, 40.45017235464813], [-3.6001349920306955, 40.450180363084755], [-3.599792999578249, 40.45018033627224], [-3.599361289652735, 40.45016996283671], [-3.5992467007454887, 40.45016753889379], [-3.598085301596617, 40.45014296805827], [-3.5980260907338026, 40.45014174286022], [-3.5980306707470846, 40.4501648543328], [-3.5980484994510045, 40.45045329401496], [-3.5980572592503597, 40.45046500546731], [-3.598049187536708, 40.450464398577836], [-3.5980124163984457, 40.45046163385195], [-3.5980110162013754, 40.45056974934509], [-3.5980095680881705, 40.450672459671786], [-3.598007193640342, 40.45106977875731], [-3.5980061102236505, 40.451080595186006], [-3.5980086762633303, 40.45110399635398], [-3.5980138803804427, 40.451158924452656], [-3.5980225743334837, 40.451208429084545], [-3.598033810477122, 40.45127864130853], [-3.5980529207850496, 40.45143890298689], [-3.5980542757382854, 40.451458715819385], [-3.5980817527494358, 40.45163154682768], [-3.598121571475972, 40.45177844907255], [-3.59812320527674, 40.451784485670466], [-3.5980502989595333, 40.45180828633323], [-3.598010300021044, 40.4518193040889], [-3.5979219914011344, 40.45183507623346], [-3.5978406704707484, 40.45184090225101], [-3.5977122270704722, 40.45185237728913], [-3.5975637442016257, 40.451864856680835], [-3.597478901381655, 40.45187250245385], [-3.5974058351791927, 40.45187828549912], [-3.5973115183641857, 40.451881475601745], [-3.597289136365079, 40.45188429395859], [-3.597595962438101, 40.452706132423316]]], [[[-3.7833733126367104, 40.45219427872115], [-3.78338726630125, 40.452229012802434], [-3.783399033568322, 40.45225826623292], [-3.783443505027978, 40.45236891019301], [-3.7834438692568204, 40.45236980862056], [-3.7834578292968812, 40.45236751581685], [-3.7835279827258215, 40.45235600433398], [-3.783702012546071, 40.45232744632951], [-3.7841138569992716, 40.45225986088916], [-3.7848848306838976, 40.45213300748559], [-3.7848942539390253, 40.45213204260417], [-3.78490489833803, 40.45213467301464], [-3.784914417240462, 40.452140914651245], [-3.7849394115162056, 40.45216057365244], [-3.784963163483565, 40.45217481768962], [-3.784992822138959, 40.452189931514546], [-3.7849982627395753, 40.452192299959755], [-3.7850007518869377, 40.45219338214898], [-3.785008820835605, 40.452196633640376], [-3.78501705235961, 40.45219966781205], [-3.7850253992901544, 40.4522024849843], [-3.785033861627172, 40.45220508515709], [-3.785042451267616, 40.452207477258575], [-3.7850511324155223, 40.452209625495975], [-3.7850599171774975, 40.45221155681397], [-3.78506875817506, 40.452213253516355], [-3.7850776790973124, 40.45221472445118], [-3.7850866562549688, 40.452215960770395], [-3.785095689647946, 40.45221696247398], [-3.7851047674839444, 40.452217729642], [-3.7851138662833623, 40.45221827144289], [-3.785122985731569, 40.4522185608519], [-3.78513212603816, 40.45221861588552], [-3.7851345431215866, 40.45221857244118], [-3.785141240139138, 40.4522184458724], [-3.7851503632012733, 40.452218032555706], [-3.7851594363683856, 40.452217385344234], [-3.785168506704284, 40.45221649490933], [-3.7851774918732675, 40.45221537982818], [-3.7851864624186646, 40.452214021603716], [-3.785195336004804, 40.45221243881315], [-3.785204159695467, 40.45221062212785], [-3.785212898218878, 40.45220858079639], [-3.7852215279906045, 40.452206314978966], [-3.7852287796493114, 40.45220419365699], [-3.7852300372183736, 40.452203824755756], [-3.78523848507277, 40.45220112774273], [-3.785246753212438, 40.452198188707975], [-3.7852549011225487, 40.45219505229225], [-3.7852629050089535, 40.45219170063927], [-3.785288711475237, 40.452179813673666], [-3.785312149114851, 40.45216705090851], [-3.7853331966386317, 40.4521515836707], [-3.7853483784360145, 40.452139777884106], [-3.785365856933641, 40.45212164120923], [-3.7853821691967724, 40.45210260255047], [-3.785394886250427, 40.452082696429954], [-3.7854040800491218, 40.452061012454855], [-3.7854075652539003, 40.45205648429354], [-3.7854122178815945, 40.452051948199895], [-3.785414547948593, 40.452050508951935], [-3.7854180720048616, 40.45204830483838], [-3.7854251381124224, 40.452046455033674], [-3.7854424529046065, 40.4520436346938], [-3.785658045697006, 40.45200848504888], [-3.785660506946217, 40.452017297102394], [-3.7857181717555104, 40.45200789618973], [-3.785715710499136, 40.45199908413749], [-3.7857969049653186, 40.451985847589064], [-3.785822988815634, 40.4519815892088], [-3.785933592254857, 40.451961017534714], [-3.7859959331411215, 40.45194708020936], [-3.786058242509837, 40.45193044037633], [-3.7860833073692564, 40.451922738434575], [-3.786118160633576, 40.451912014979804], [-3.786124433485031, 40.451909900258315], [-3.7861780813110446, 40.4518917877426], [-3.786198264202854, 40.4518841189795], [-3.786221523292017, 40.45187528515155], [-3.7862790315843, 40.45185146167674], [-3.7862985875069275, 40.4518426169869], [-3.7863376876496107, 40.4518249366859], [-3.786373744702914, 40.45180620500738], [-3.786379887223667, 40.45180302810122], [-3.786420907559671, 40.451781127523894], [-3.7864748059463045, 40.45175013035095], [-3.7865146155001455, 40.45172553528987], [-3.786564910572844, 40.451690959007784], [-3.7866140171688882, 40.45165458899906], [-3.786649067764641, 40.45162642269173], [-3.786693436429021, 40.45158828309994], [-3.7867249178199405, 40.45155743837197], [-3.7867552199761945, 40.45152660166151], [-3.7867948296669014, 40.451484890836525], [-3.786821573130561, 40.45145227653866], [-3.786862172803366, 40.451394342820215], [-3.7868957812559, 40.45134366384945], [-3.7869398881632854, 40.45128210264269], [-3.7869782133054795, 40.45123139153669], [-3.7870189178094567, 40.45118246601016], [-3.7870387501412908, 40.45116297071959], [-3.7870410585764147, 40.45116069375261], [-3.7870562541016657, 40.45114707684613], [-3.7871099809538995, 40.45110346799645], [-3.7871695301438884, 40.45105351319904], [-3.787240863258954, 40.45100077542884], [-3.787309971883763, 40.45096155720019], [-3.7873650905636262, 40.45093416389293], [-3.7874378326497866, 40.45090213701727], [-3.7874553414831373, 40.45089475651942], [-3.787481252650067, 40.45088383230964], [-3.787484374059661, 40.45088250474536], [-3.787545792851193, 40.45085636572251], [-3.78759985698218, 40.450840682130305], [-3.787657479400289, 40.450825740028364], [-3.7877033091963503, 40.45081385121609], [-3.787729200125491, 40.450808269403446], [-3.7877680070311706, 40.45079989687456], [-3.7878044883732978, 40.45079334197464], [-3.7878386099460246, 40.45078769503376], [-3.7878692281448845, 40.450782981866695], [-3.7879022139751397, 40.4507800543459], [-3.7879752608866353, 40.45077416005468], [-3.7880106155098145, 40.45077210824262], [-3.788042443181932, 40.45077099036956], [-3.788080165546424, 40.450770733195895], [-3.7881556666990748, 40.450772020219375], [-3.788193421905391, 40.450773564577304], [-3.788227661853572, 40.45077603378963], [-3.7883032249080277, 40.45078362656824], [-3.788339832512323, 40.450787881393204], [-3.788377628682364, 40.45079393890167], [-3.7884237446949207, 40.45080352521806], [-3.788460382745414, 40.450811392391], [-3.7884946857913273, 40.45081925746211], [-3.7885283891438974, 40.4508292887648], [-3.7885301879407924, 40.45082982604086], [-3.788571607234343, 40.45084216504371], [-3.7886734274508527, 40.450877515243135], [-3.7887386095266993, 40.45090498927131], [-3.788775387009212, 40.450922756241816], [-3.7888138935205666, 40.450943160036346], [-3.7889130373600874, 40.4509956813504], [-3.788931415411621, 40.45100515947354], [-3.788988969487158, 40.45103480252676], [-3.7890150581724384, 40.451048146905066], [-3.7890444623086803, 40.45106163080734], [-3.789051813370911, 40.45106500403377], [-3.7890849994888174, 40.45107919183521], [-3.7890873452585576, 40.45108011275403], [-3.7891058156710025, 40.451087401041015], [-3.7891276508156753, 40.45109601769906], [-3.7891738292193846, 40.45111191857096], [-3.789196339368925, 40.45112077384953], [-3.7891999203717, 40.45112345208908], [-3.7892023103845056, 40.45112613845994], [-3.789203531737978, 40.45112973370582], [-3.789202405233578, 40.4511342458777], [-3.789224862698836, 40.451138597029605], [-3.789225773948786, 40.45113887008575], [-3.7892307797695928, 40.45114035842225], [-3.789305311698882, 40.45116057013004], [-3.7893158798765207, 40.45116273218914], [-3.7893265899803215, 40.45116492931395], [-3.7893289167566913, 40.451162210737124], [-3.7893324438127567, 40.45116128575634], [-3.7893359708687253, 40.45116036077547], [-3.789339496673243, 40.45116033669917], [-3.7893501423362435, 40.45116206579586], [-3.7894057228048528, 40.45117519968197], [-3.7894646644189733, 40.45118733761788], [-3.7894778332750834, 40.4511900314469], [-3.789499980583557, 40.45119306935518], [-3.7895215374508133, 40.451196039220335], [-3.7895504180086435, 40.45120004013303], [-3.789607904737514, 40.45120676453854], [-3.789619558621139, 40.45120798222143], [-3.7896750337267857, 40.451212107736225], [-3.789719874844568, 40.451214495074055], [-3.7897776768263536, 40.451215910963136], [-3.7898295498197956, 40.45121555653416], [-3.7898849733418, 40.45121426791496], [-3.78994154203366, 40.45121207955614], [-3.7899827954052134, 40.45120819404611], [-3.789993961135082, 40.451207000625786], [-3.7900702482048327, 40.45119882161676], [-3.790126477128558, 40.45119279767233], [-3.7902441543312984, 40.45117127262858], [-3.790258283610663, 40.45116937424155], [-3.790304198591698, 40.45116276306801], [-3.7904489761299547, 40.45113925073665], [-3.790773852781393, 40.45108838031575], [-3.7909739360456887, 40.451054579109474], [-3.7910480997875484, 40.451042350943524], [-3.7914177206156454, 40.45098468605193], [-3.791422429047312, 40.450983942107236], [-3.791683523323137, 40.45094169495373], [-3.791755406146685, 40.45093007654746], [-3.7917881717888102, 40.45096265374094], [-3.791974244156249, 40.451021261596445], [-3.7919813579847714, 40.45102350113253], [-3.792124180111673, 40.45102736932434], [-3.792123305386828, 40.45102518614112], [-3.7921102951969208, 40.45099282501887], [-3.7920608059651197, 40.45086975939192], [-3.7920361464999743, 40.45080844220098], [-3.792011146119358, 40.450746208425834], [-3.7920089715937655, 40.45074079092148], [-3.7920069793409374, 40.45073583162523], [-3.791989741311231, 40.45069290491684], [-3.791887925163156, 40.45048020719913], [-3.791685515392409, 40.450057325603005], [-3.7913879680906324, 40.44943566357442], [-3.7913502724650585, 40.449233048793445], [-3.791214393296396, 40.44850263121416], [-3.7911674480418465, 40.44825027808984], [-3.7911584118447275, 40.44820173656843], [-3.7911582395808083, 40.44820112513781], [-3.7911195636395965, 40.448065633738544], [-3.7910627461036466, 40.448067491039346], [-3.791029751187543, 40.44806951862536], [-3.7908906414768384, 40.44807498397796], [-3.790842318904329, 40.44807621548346], [-3.7907762961373828, 40.448078468952446], [-3.790746851769997, 40.44807958028101], [-3.790744493269655, 40.44807957839681], [-3.7906772808988474, 40.44808094805931], [-3.7906489800875107, 40.44808203352301], [-3.7906431078415426, 40.448082064679035], [-3.79054172261562, 40.44808456888891], [-3.7905122546578434, 40.44808568031908], [-3.790511075407536, 40.4480856793746], [-3.7903778519151006, 40.44808929305419], [-3.790373147021561, 40.44808931621474], [-3.7903656341243814, 40.448072106405064], [-3.7903186188039437, 40.44796447341862], [-3.7902233627658335, 40.447987863271635], [-3.7901563389807804, 40.4480043213598], [-3.789797712585319, 40.448093258290015], [-3.7897972537732936, 40.44809335151449], [-3.7895237519750635, 40.44816180514811], [-3.789443322250839, 40.44818148950643], [-3.7889158721430687, 40.44831063942074], [-3.788762960966526, 40.44834807012745], [-3.7883687402589277, 40.44843893918668], [-3.7878244620467885, 40.44856437909196], [-3.7874269489043257, 40.44865627638549], [-3.787395195812605, 40.44866369985499], [-3.787298620676643, 40.44867426751771], [-3.786686068761683, 40.44873068990417], [-3.786616361947049, 40.44871945262139], [-3.7866160888598044, 40.44869603116785], [-3.7865029003322195, 40.44869770225211], [-3.7865043735409225, 40.44872291733366], [-3.786256293974943, 40.44872691129401], [-3.786064925644687, 40.4487299875597], [-3.7857285719362737, 40.44873539144168], [-3.785483359717759, 40.448741571449794], [-3.7852882615483523, 40.44874740149135], [-3.785286492811636, 40.4487474135072], [-3.7852522972350116, 40.44874764580827], [-3.7852489847746735, 40.44866568671429], [-3.785228949600786, 40.44866672371073], [-3.785199481174711, 40.44866782478131], [-3.7851993553616476, 40.448657014875906], [-3.7851639806738517, 40.44865725516005], [-3.7851345122505844, 40.448658356214054], [-3.7851274373128136, 40.44865840426779], [-3.785043727696843, 40.44865987369622], [-3.784969451327416, 40.448661279005954], [-3.7849635555454473, 40.44866131904234], [-3.784935255791836, 40.44866151121283], [-3.784881025076835, 40.44866278034575], [-3.784881171799276, 40.448675391902995], [-3.7849024070996076, 40.44867614861118], [-3.784903869229342, 40.44870046289333], [-3.784900331758043, 40.44870048691321], [-3.784898860833508, 40.44871697430105], [-3.7847119695161395, 40.448718684600095], [-3.7847119180867788, 40.44872338762986], [-3.784711314006675, 40.448773850953216], [-3.7846735809365875, 40.44877410709724], [-3.784560403886187, 40.448775767192714], [-3.784418925809818, 40.44877852913582], [-3.7843128435294155, 40.448782861551905], [-3.784295187461279, 40.44878567502863], [-3.7842742376429412, 40.44879020453556], [-3.7841187429142034, 40.448823808813], [-3.7837789585303345, 40.44883341045478], [-3.7837512205411548, 40.44883425618109], [-3.783742768923835, 40.44884167381019], [-3.7837505252453174, 40.4488870804681], [-3.7837705946713807, 40.449004700596404], [-3.783795914799513, 40.44915302370947], [-3.7837971952732197, 40.449176960859766], [-3.78381555733443, 40.44952315902758], [-3.783816287622212, 40.44953628013885], [-3.7838274280648454, 40.449733888331025], [-3.783827587080351, 40.44973640976311], [-3.7838486013551487, 40.450033761317165], [-3.7838689652233586, 40.45046693641081], [-3.7838201444941877, 40.45047214131602], [-3.7835167843716917, 40.45050447708159], [-3.78351854936533, 40.45055490630972], [-3.7835329194815244, 40.45087732081075], [-3.783537730548431, 40.45099099934012], [-3.78353779634064, 40.45099260248968], [-3.783537953287147, 40.451006114871326], [-3.7835381362035263, 40.45101577124047], [-3.7835387256978663, 40.4510157582357], [-3.783541480459405, 40.451084387865244], [-3.7835426424999103, 40.45111336182402], [-3.7835447788619443, 40.451137887759245], [-3.783640110688818, 40.45121383572205], [-3.7836140542386967, 40.451322975773856], [-3.783335650018194, 40.45141675418757], [-3.7834127630997982, 40.451619744063656], [-3.7834871356425923, 40.45168725765917], [-3.7836840337837825, 40.45166304916062], [-3.783759335356861, 40.45200334765821], [-3.783336650983619, 40.45210314927122], [-3.7833463904359528, 40.45212738043994], [-3.7833733126367104, 40.45219427872115]]], [[[-3.584080605652743, 40.455446603370255], [-3.5843345384666114, 40.45563462646444], [-3.5844035416205893, 40.45557854785134], [-3.5845928646446117, 40.45542312194178], [-3.584625224180472, 40.45539561591925], [-3.584637232210658, 40.455386320944754], [-3.5846570618942413, 40.455370499916356], [-3.5846627046849173, 40.45536839930188], [-3.5846663527775475, 40.455367479948414], [-3.5846691082547286, 40.455366988533434], [-3.5846700032127057, 40.455366830853464], [-3.5846762182448804, 40.45536679941781], [-3.584677079150675, 40.45536679506331], [-3.5846782584736627, 40.45536678909824], [-3.5846981820177373, 40.455352273895436], [-3.584697002694995, 40.4553522798607], [-3.5846919811228686, 40.455352575531265], [-3.5846804999856134, 40.455353264235384], [-3.584733249314239, 40.455316060444765], [-3.5847589991509876, 40.455293407643666], [-3.5847804079762122, 40.45527881284077], [-3.5848082416688154, 40.455259825165385], [-3.5848141070315203, 40.45525619188461], [-3.5848223154139256, 40.45525074494617], [-3.5848351551577027, 40.455235364656666], [-3.585208708830519, 40.45492806841587], [-3.585250867153512, 40.45489362071055], [-3.585319985491035, 40.454840117541934], [-3.5856293686812153, 40.45458205480112], [-3.5856372955849065, 40.454575447067214], [-3.585689338212354, 40.454531687852906], [-3.5856955083449016, 40.45452649442288], [-3.5857052026925653, 40.454518346195904], [-3.58571105229748, 40.45451291114562], [-3.5857578882183097, 40.45447393504366], [-3.5859347831767447, 40.45432628161483], [-3.585967473801609, 40.45429899876063], [-3.585979489175265, 40.454289235139505], [-3.5859908955336186, 40.45427996109143], [-3.5860767323243854, 40.45420839972243], [-3.585737063976805, 40.4539826616835], [-3.5852173110936127, 40.45363723074174], [-3.5852457583575386, 40.45361293353851], [-3.5852827982890796, 40.45358129551617], [-3.5852923047358933, 40.453574607735185], [-3.585287751790608, 40.453571810964995], [-3.5853608504244727, 40.45351371102721], [-3.5853755966864393, 40.45350199669949], [-3.5854388248834352, 40.45344942417962], [-3.5854762493799126, 40.45341319855614], [-3.585518285360617, 40.453366138738566], [-3.58555035638422, 40.45332593119359], [-3.5855579628343226, 40.453316388146796], [-3.5855917163854563, 40.45326486574727], [-3.5856033215496543, 40.453243185308665], [-3.5857216453047336, 40.453016459419864], [-3.5857910879229036, 40.452864755992664], [-3.585854825287125, 40.45272426163013], [-3.585857047170696, 40.452719376489156], [-3.5859322838310668, 40.452555931878216], [-3.5859947437948514, 40.45241507453724], [-3.5860153875881777, 40.452349204031094], [-3.586030064669977, 40.45227255294452], [-3.5860782451874553, 40.45198131728408], [-3.5860838675690525, 40.451949757202264], [-3.586091605838713, 40.45189025842468], [-3.5860991953841217, 40.4518136432585], [-3.586101373885886, 40.45179291146253], [-3.5860984440031043, 40.45172716045738], [-3.586090358969565, 40.45166122838144], [-3.586089330669013, 40.4516528191684], [-3.586088289871745, 40.451644328937505], [-3.586028156761675, 40.45164295812737], [-3.5858428033103285, 40.45163872647247], [-3.585751600976873, 40.45163663909854], [-3.5856306269928675, 40.45163387365514], [-3.5856307222477497, 40.4516448461617], [-3.5854125204742178, 40.45164144689547], [-3.585384210471736, 40.45164068936008], [-3.5852733446143583, 40.45163944893309], [-3.58527236075202, 40.451661976470376], [-3.5851992311194882, 40.45166054490444], [-3.5851982628618404, 40.45168487416651], [-3.5851985051219324, 40.451712800909235], [-3.585196521715479, 40.45175605425688], [-3.585194936863005, 40.451845251599316], [-3.5851930315996197, 40.45189751357236], [-3.585185870544829, 40.452181343019326], [-3.5851829743313703, 40.452296105587386], [-3.5851816241744014, 40.45234982420756], [-3.585178527420396, 40.45245506525208], [-3.5851774978999984, 40.45249000744769], [-3.5851743390612274, 40.45259760916738], [-3.585131877365669, 40.45259692320983], [-3.584621648404526, 40.45258951380591], [-3.584584601070261, 40.452588971435524], [-3.584569150232948, 40.452588779301244], [-3.584532704407349, 40.4525882428814], [-3.5844783066687396, 40.452587409832766], [-3.5844634335202716, 40.452587196745384], [-3.5844845263643985, 40.45182980974989], [-3.582983056589974, 40.4517884097865], [-3.582962735897312, 40.45238872936762], [-3.5827521770443, 40.45238843068822], [-3.5827172450819282, 40.45238838156002], [-3.582694008067257, 40.452387877072994], [-3.582707317964311, 40.451991413003704], [-3.582709232172895, 40.45193450236804], [-3.582709578699867, 40.451924104209155], [-3.5827674207410274, 40.45192508288962], [-3.582768187723466, 40.45190465556873], [-3.582771312850438, 40.45182956762773], [-3.582780788975149, 40.451592762732], [-3.5827819810813626, 40.45156284676525], [-3.5827828803960524, 40.45153316650902], [-3.5827805449236623, 40.451533115220236], [-3.5825635143676067, 40.4515287226864], [-3.5823602841667346, 40.451524611573085], [-3.58222737827277, 40.45152211889466], [-3.582226859322241, 40.45152211249945], [-3.582227294896986, 40.45151519137564], [-3.5822283186505874, 40.45149716817253], [-3.5822312188552337, 40.45142327957275], [-3.5822339199276647, 40.45135911271145], [-3.5812409398248493, 40.45134204678067], [-3.581242823257211, 40.45125678491689], [-3.581164834433441, 40.451253870723285], [-3.5811601174261205, 40.45125389443814], [-3.5811328572334187, 40.451253139592126], [-3.5807177856796635, 40.45124170297546], [-3.5805633254600275, 40.45123678512638], [-3.580568323575945, 40.45114061571697], [-3.5804288884805016, 40.45113576636928], [-3.580250997149673, 40.451129632415835], [-3.579997380971994, 40.45112189617251], [-3.579983400365797, 40.45114178617239], [-3.5796401456816285, 40.45113269705024], [-3.5795198234825794, 40.45112879581237], [-3.579334634812207, 40.4511243186564], [-3.5791509714538514, 40.451118932659206], [-3.579150617678893, 40.45111893443168], [-3.5790114275290628, 40.451115127193454], [-3.579009926426301, 40.45113259420233], [-3.579003922781203, 40.451202552323586], [-3.5789975623418364, 40.45142330528177], [-3.578993858202683, 40.451541342052344], [-3.5789909080560145, 40.45160982541191], [-3.5790097761920387, 40.45160973090474], [-3.5790439901536337, 40.451611361329995], [-3.5790406766232294, 40.45163750409767], [-3.5790257882992553, 40.45172755179666], [-3.579014891348432, 40.45179348937045], [-3.579004076749668, 40.451787957945065], [-3.5789450056525696, 40.45175780330845], [-3.5789118394543644, 40.451740852266305], [-3.5788964394875054, 40.45173282126778], [-3.5786998012115983, 40.451631102977345], [-3.5784782677993388, 40.4515141935937], [-3.578446038213248, 40.45149641790841], [-3.5783941389116056, 40.45146776764294], [-3.578387041336943, 40.451463857203265], [-3.5782223282756163, 40.45137313152278], [-3.5780398621749825, 40.45127494481805], [-3.577889429823646, 40.451196426547874], [-3.577800592370854, 40.45115091559349], [-3.5777985079391517, 40.451149880965446], [-3.577790869057158, 40.45114609932087], [-3.577717689938323, 40.45110988843042], [-3.577696378578196, 40.451100085008854], [-3.577689462058524, 40.45109665109949], [-3.577613476270996, 40.45105905776986], [-3.5773032409557106, 40.45091195862101], [-3.576986303945497, 40.450765693887355], [-3.5769575217991028, 40.45075242310679], [-3.576822571904631, 40.45069273610616], [-3.576687629948638, 40.450633949809905], [-3.576598878814682, 40.4505983564318], [-3.576571077497651, 40.450586684268586], [-3.5763450351198345, 40.45049745096268], [-3.5763447949449176, 40.4504983260357], [-3.576255665566747, 40.450486058647954], [-3.57625279984319, 40.45049295582991], [-3.5762524530738204, 40.45049377737997], [-3.5762492412917495, 40.45050019880852], [-3.576247078531982, 40.45050379518236], [-3.5762466250922658, 40.45050455420096], [-3.5762436185890527, 40.45050877640361], [-3.576240256928421, 40.4505128382141], [-3.576236504887011, 40.450516757826094], [-3.576232316064669, 40.45052062556109], [-3.5762287676674864, 40.450523535146715], [-3.5762238456378195, 40.4505271632926], [-3.5762187908133445, 40.45053043173915], [-3.5762135325166704, 40.45053334984768], [-3.5762081183021763, 40.45053596242628], [-3.5762024653922664, 40.450538242860446], [-3.5761994079850297, 40.45053926711129], [-3.576196585733282, 40.45054020910866], [-3.5761903972401172, 40.450541915634176], [-3.5761891850076917, 40.45054220095634], [-3.5761757542645327, 40.45054512376211], [-3.576170985111289, 40.45054594032751], [-3.576166804885725, 40.45054667287607], [-3.5761593133023557, 40.450547692199876], [-3.5761518428415773, 40.45054842312905], [-3.5761443100333996, 40.45054875797132], [-3.576138295675791, 40.45054876092016], [-3.5761341667951685, 40.45054860131804], [-3.5761239020170366, 40.450548021845364], [-3.57611623287609, 40.45054758258903], [-3.57611029798814, 40.45054722477929], [-3.576105967713593, 40.45054695807156], [-3.576075255004795, 40.450545111128186], [-3.5760675503333967, 40.45054465402762], [-3.576059857531428, 40.45054420587642], [-3.5760521648064794, 40.450543766733325], [-3.576047067641438, 40.450543458799885], [-3.576045651860557, 40.45054338477383], [-3.576041923614516, 40.450543187135864], [-3.576039280731251, 40.45054303814335], [-3.576034231043619, 40.450542766008866], [-3.576033405036849, 40.45054270706178], [-3.5760109764454255, 40.45054150350625], [-3.575922064201437, 40.45053671227135], [-3.575921816407136, 40.45053669548784], [-3.576219308057159, 40.45069315920247], [-3.57672816132329, 40.45096077523909], [-3.5767411561523215, 40.450963413112945], [-3.576741951408411, 40.45096401274991], [-3.5767423431017122, 40.450964308093496], [-3.576742932725554, 40.45096430515169], [-3.5767435223494077, 40.45096430220988], [-3.5767447015970912, 40.45096429632629], [-3.576745888546544, 40.4509651913068], [-3.576834601726814, 40.45099628024537], [-3.576894959091602, 40.451021204313534], [-3.5769565111590063, 40.451047924192146], [-3.5769991336404496, 40.45106753130596], [-3.5770299174152247, 40.45108179208536], [-3.577089149622491, 40.45111302798565], [-3.5771152010215643, 40.451125510562335], [-3.577273906665411, 40.45120489843916], [-3.577363923014637, 40.45125039490127], [-3.5774302618860445, 40.45128519873971], [-3.5775191146175374, 40.45133250269742], [-3.5775854613622857, 40.45136820730912], [-3.5777015682569075, 40.451430681277635], [-3.5778224234122127, 40.451496753021566], [-3.5779326036629935, 40.45155566178001], [-3.578019098583486, 40.45160297713788], [-3.5780842665979935, 40.45163868735465], [-3.578158097843836, 40.45167934520452], [-3.5782383038702217, 40.451723502656236], [-3.578321245911375, 40.45176902474431], [-3.57835442757854, 40.45178779570154], [-3.5785060837486684, 40.45186991083985], [-3.578622200158335, 40.4519332937387], [-3.5787371374429293, 40.45199667341411], [-3.578822446571119, 40.452043102208535], [-3.5788686466703985, 40.452067195224814], [-3.5789504103669194, 40.45211273176692], [-3.5789895117568378, 40.45213415758047], [-3.5791210369047914, 40.45220647181717], [-3.5791601384029206, 40.45222789757189], [-3.579160505755291, 40.45222810293889], [-3.5792750690332937, 40.45229038484735], [-3.5794670239643267, 40.45239572922851], [-3.5795629939141977, 40.45244750043381], [-3.5796222439668854, 40.452480536739245], [-3.5797584912558107, 40.45255462837017], [-3.5798509201321735, 40.45260461528958], [-3.579894762428625, 40.45262871971917], [-3.5799611194428222, 40.45266532380516], [-3.5800393390186094, 40.45270997644868], [-3.5801566608281403, 40.45277605444943], [-3.5801709014446956, 40.45278499199881], [-3.58020054975756, 40.452805554931956], [-3.5802254619232454, 40.45282255603967], [-3.5802954501430464, 40.45286995253117], [-3.580336972959831, 40.45289857294605], [-3.5803642746812536, 40.45291915662649], [-3.580405820811038, 40.45295047960572], [-3.5804307444661365, 40.45297017430832], [-3.580462821679068, 40.45299613939904], [-3.5804735282461775, 40.45300689646119], [-3.580504406664649, 40.453031966657846], [-3.580551973397656, 40.45307767378301], [-3.580563890289339, 40.4530920283665], [-3.580574623862421, 40.45310728979403], [-3.5805818509258116, 40.45312346973432], [-3.5805844133483262, 40.45313070011749], [-3.5805878946686174, 40.45314055651958], [-3.580590953053965, 40.4531547123489], [-3.5805915797665384, 40.45315764614208], [-3.5805940857359304, 40.4531747597048], [-3.5805940934896925, 40.453175660567986], [-3.5805929839878794, 40.453183774259706], [-3.5805842397762127, 40.45326399846646], [-3.5805844957245214, 40.45329373595937], [-3.580588281628794, 40.453322536802496], [-3.580591959061062, 40.45333873456985], [-3.5806149005726113, 40.453400781584754], [-3.5806197262888246, 40.45341336997502], [-3.5806233572085158, 40.453424162562236], [-3.5806258088393235, 40.45343496107284], [-3.58062590189042, 40.453445771430374], [-3.5806256356035275, 40.45344908808756], [-3.5806253799463663, 40.453452269556045], [-3.580636045365287, 40.453456864638575], [-3.5806832525154846, 40.45347719510053], [-3.580701694432484, 40.45348232768931], [-3.5807076219083314, 40.45348590152021], [-3.5807656523810625, 40.45352642084464], [-3.5807751554617853, 40.453523400122556], [-3.5807857731225186, 40.45352244587443], [-3.5808011349393145, 40.45352597229891], [-3.5808082494726414, 40.45353044106233], [-3.580839089393178, 40.45355099784081], [-3.580855673097477, 40.45356083344169], [-3.580891226571445, 40.453579573725634], [-3.580922012309436, 40.45359383344869], [-3.58094213011344, 40.453601840463264], [-3.5809646142671303, 40.453610736483405], [-3.5810059981557476, 40.45362314111444], [-3.5810307915635615, 40.453629034520006], [-3.5810319969259203, 40.45362931674995], [-3.581066258515377, 40.45363635174683], [-3.5811158354070947, 40.45364150793765], [-3.5811665450305887, 40.45364125300004], [-3.5812018850272684, 40.45363657080843], [-3.5812254320850623, 40.453631947903], [-3.5812654544615867, 40.45362183673602], [-3.5812963638626534, 40.45361622183841], [-3.5813113652321134, 40.45361349774745], [-3.5813497742546727, 40.45361187215277], [-3.5813597007185254, 40.453611452860294], [-3.581375047056124, 40.45361317748215], [-3.581402217383707, 40.453618446240064], [-3.5814565968784153, 40.45363348805148], [-3.5815240262899914, 40.45365747320777], [-3.581627083140591, 40.453710107931244], [-3.581643774518298, 40.45371873566803], [-3.581728960855847, 40.45376274849602], [-3.581760957226198, 40.45378060551017], [-3.5818354428302612, 40.453829600046596], [-3.582123928603178, 40.454022922623516], [-3.5822294928202703, 40.45409266131449], [-3.58296376234865, 40.4545844566262], [-3.5830432510945474, 40.45463901073356], [-3.583150004324066, 40.45470964347733], [-3.5831618753270447, 40.45471859260793], [-3.5832118114654876, 40.454765187567844], [-3.583218949656202, 40.454772358767435], [-3.5832249163247374, 40.45478043677924], [-3.5832344988289324, 40.454797505564954], [-3.583246580178741, 40.4548307779739], [-3.58325390533391, 40.454859569870884], [-3.5832540767083745, 40.45487938884555], [-3.5832506478199697, 40.45489201877169], [-3.5832425250382607, 40.45490737508678], [-3.5832181255139948, 40.45494984057852], [-3.5832065660280614, 40.454976925953524], [-3.5831996770664487, 40.454998582352786], [-3.5831985289836403, 40.45500220076124], [-3.583194014151669, 40.45502563797651], [-3.5831929283020414, 40.45503645427602], [-3.58319293609102, 40.45503735513849], [-3.5831930217698127, 40.45504726462565], [-3.5831930918706747, 40.45505537238782], [-3.5831956140758465, 40.45507427859978], [-3.5832005416541146, 40.455098578086435], [-3.5832029937609073, 40.455109376535944], [-3.583207820084901, 40.45512196481024], [-3.583216215447812, 40.455138129675106], [-3.5832186209004138, 40.455143531958136], [-3.5832318036531423, 40.455167780783036], [-3.583236598828402, 40.45517676560617], [-3.583243826756006, 40.45519294536825], [-3.583249840204019, 40.45520642855252], [-3.583249855783591, 40.45520823027738], [-3.5832511012089365, 40.4552172330107], [-3.5832511480256746, 40.45522264719393], [-3.5832512180560574, 40.45523074594714], [-3.583250144005925, 40.45524156218727], [-3.583247867125639, 40.45525239350549], [-3.5832433017705974, 40.4552686237628], [-3.5833390922419674, 40.45518155473414], [-3.5834324349067344, 40.4552110206112], [-3.5834476459557023, 40.45521887177124], [-3.5835635555417333, 40.45522170108876], [-3.5837375260416753, 40.455261372271316], [-3.583905454194945, 40.45531691156558], [-3.584080605652743, 40.455446603370255]]], [[[-3.618406927525858, 40.45840850879259], [-3.618398099449317, 40.45841686232289], [-3.6184104397895083, 40.458423679181394], [-3.6184662534400145, 40.45845360577145], [-3.618481732837355, 40.45846190132132], [-3.6184969633315656, 40.45847006306587], [-3.6186332849880514, 40.45854500918996], [-3.6187387862315563, 40.45860300302686], [-3.6188988198968026, 40.458691335410144], [-3.6189438675876833, 40.458716319413604], [-3.619005525775819, 40.45875202525202], [-3.619081427496422, 40.45879756467525], [-3.619381306976574, 40.45895902113239], [-3.6196491873354986, 40.45910353124342], [-3.6196678155623236, 40.45911433227339], [-3.6196678748624604, 40.45911436799147], [-3.619752348114096, 40.45916333849291], [-3.6197688029168162, 40.45917378179037], [-3.6209040885123467, 40.45854902292548], [-3.621635399054127, 40.45814655208985], [-3.6217950575464446, 40.45799561238007], [-3.6217949867847894, 40.45799561276072], [-3.6217955954014367, 40.45799510498266], [-3.621854693962431, 40.457947543850324], [-3.622019737470132, 40.45781152079289], [-3.622030276912482, 40.45780335597492], [-3.6221157218581532, 40.457732625916], [-3.6224080277893975, 40.45749361106097], [-3.6228122145097323, 40.45716310986829], [-3.623169234897993, 40.4568710957538], [-3.623268402763444, 40.456805155716125], [-3.623318103724736, 40.45677209494414], [-3.6235431543282237, 40.4566213316917], [-3.6235755208317806, 40.45660006701193], [-3.6236123187168996, 40.45657591355272], [-3.623642789862142, 40.45655502844853], [-3.6236673976337435, 40.45653777857355], [-3.62368498769606, 40.45652687286117], [-3.6237224930663166, 40.45650143627082], [-3.623740074779291, 40.45648962969462], [-3.6237527687388997, 40.456481101741545], [-3.6237528977991493, 40.45648102897309], [-3.623757656569414, 40.456477832124335], [-3.623759349061734, 40.45647720137], [-3.62376187604849, 40.456476259806365], [-3.623762163420846, 40.45647672672389], [-3.623894250494183, 40.456444320198756], [-3.623980262164698, 40.45622107225003], [-3.623980308337795, 40.456220963892726], [-3.6239803540941775, 40.45622081049264], [-3.6239803770973844, 40.456220747305444], [-3.6239848112555335, 40.45620923688793], [-3.625045496492092, 40.455831533484044], [-3.6250465426662055, 40.45583115845782], [-3.625054829923578, 40.455828203736985], [-3.6256713790067154, 40.455608670063235], [-3.6267920144272368, 40.45564449983323], [-3.626878721484174, 40.45570024583083], [-3.628675089901518, 40.45475600377543], [-3.627480911460636, 40.45325841153684], [-3.627474186825529, 40.453249276869194], [-3.6274455917773674, 40.45321038704298], [-3.627441184358578, 40.4532044019575], [-3.6274349254335494, 40.45319588638126], [-3.6268303079300908, 40.45240058097499], [-3.6268160287564863, 40.45238180254682], [-3.626822383053641, 40.452361254574164], [-3.6268326615647664, 40.45232516279688], [-3.6268429316939956, 40.45228817016289], [-3.6268520225528973, 40.452251183922755], [-3.6268599341433854, 40.452214204076746], [-3.6268666664674396, 40.45217723062512], [-3.626867803868355, 40.452172719951804], [-3.6268733987843564, 40.45214025717291], [-3.626878951837418, 40.45210329011533], [-3.6268808620020416, 40.45208675723096], [-3.626883317256969, 40.45206542859681], [-3.6268865117881037, 40.452028474328856], [-3.6268885068970285, 40.45199062566417], [-3.6268905255890727, 40.451952776871295], [-3.626890442291078, 40.45194381335729], [-3.6268901823513495, 40.45191584178834], [-3.6268898307426327, 40.4518780058495], [-3.6268895461074933, 40.451847376755936], [-3.6268868945977712, 40.451815859596984], [-3.6268842430907133, 40.4517843424378], [-3.626880403964254, 40.45175193081779], [-3.6268753939630356, 40.45172042644826], [-3.6268716720434835, 40.45170062680766], [-3.6268692047171944, 40.45168892847334], [-3.6268630036848255, 40.451657430561845], [-3.6268593354208574, 40.45164213513526], [-3.626855655366112, 40.45162683977251], [-3.626847107642892, 40.45159535458548], [-3.6268403837431356, 40.4515735802309], [-3.6268403472775024, 40.451573463311476], [-3.626837380680524, 40.4515638757923], [-3.6268322586995443, 40.45154950716682], [-3.6268264828513166, 40.45153330424837], [-3.6268155850321637, 40.45150273270318], [-3.6268139565543196, 40.451498813604594], [-3.6268076722260956, 40.451483730559694], [-3.626804729074905, 40.45147666543561], [-3.626803507977328, 40.45147216755111], [-3.6267963300126023, 40.45145609835989], [-3.626795077482211, 40.451453294339885], [-3.62679315059627, 40.45144898947151], [-3.6267902600585717, 40.45144250964744], [-3.626785388909844, 40.45142721173128], [-3.6267841092239124, 40.45141640785604], [-3.626782837908482, 40.45140650483656], [-3.6267827374677886, 40.451395694567175], [-3.6267826488195913, 40.45138488423381], [-3.6267849068670253, 40.45137406117615], [-3.6267871649137446, 40.4513632381184], [-3.6267891517715216, 40.4513574976137], [-3.6267906105735563, 40.45135330952223], [-3.6267927392842894, 40.45134887455499], [-3.6267975521115803, 40.451338857464314], [-3.6268021770118706, 40.45132892247353], [-3.6268091687672745, 40.451319875549636], [-3.6268161605208133, 40.451310828625324], [-3.62682433151523, 40.45130177530607], [-3.6268336901207388, 40.451293616447416], [-3.6268430487239987, 40.45128545758803], [-3.6268535950219603, 40.45127820219743], [-3.626858278507114, 40.451274573194915], [-3.626864141233951, 40.451270937797304], [-3.626884062780541, 40.45125731624512], [-3.626888729519737, 40.451251885529814], [-3.626898096482098, 40.451244627521774], [-3.626910942565185, 40.45123104433635], [-3.6269130212716685, 40.45122884387299], [-3.626923788643104, 40.45121746114953], [-3.6269354554748703, 40.45120388435691], [-3.6269459346890307, 40.4511894131031], [-3.6269564138987125, 40.45117494184832], [-3.6269657054912754, 40.45115957613273], [-3.6269738178396764, 40.45114421681243], [-3.6269819301844306, 40.45112885749156], [-3.6269876756740023, 40.451112610106634], [-3.626993429533633, 40.4510972635772], [-3.6269959116333776, 40.45109025011183], [-3.626999175017834, 40.45108101619167], [-3.6270015347147724, 40.451069715100296], [-3.627002562022204, 40.45106478159844], [-3.6270059406520714, 40.45104764614932], [-3.6270081484152645, 40.45103141795219], [-3.627009176939774, 40.45101519615136], [-3.627009017853471, 40.45099807989107], [-3.627007687903148, 40.45098187088285], [-3.6270063495806113, 40.450964761018774], [-3.627003840395169, 40.45094855840678], [-3.6270025861645663, 40.450943033676275], [-3.6270001518910218, 40.450932353182324], [-3.626995990213679, 40.4509185289035], [-3.6269952842364575, 40.4509161633625], [-3.626990416668016, 40.45089998255098], [-3.6269831905474272, 40.45088380552281], [-3.6269759728028403, 40.450868529349954], [-3.6269687550615606, 40.45085325317656], [-3.626962530442673, 40.45084332296969], [-3.6269591788543782, 40.45083798979438], [-3.6269496026515737, 40.45082272641131], [-3.626943631131589, 40.45081465068721], [-3.6269435976434634, 40.45081104726381], [-3.6269435390392557, 40.45080474127288], [-3.6269434989372455, 40.45080042617337], [-3.626943090652999, 40.45079329324977], [-3.6269084162391594, 40.45075614795559], [-3.626825961236127, 40.45071311760701], [-3.6267778174023246, 40.450684639909085], [-3.6267253531348658, 40.450660780211514], [-3.626669622964242, 40.4506420733325], [-3.626626126841459, 40.45063149831022], [-3.6266187855629592, 40.45062703359934], [-3.626613515864877, 40.450618332431475], [-3.626609241983138, 40.450589878108985], [-3.626533213119079, 40.450021001644146], [-3.626494441459593, 40.449788941379644], [-3.6264967109091035, 40.449789505656874], [-3.626494063893922, 40.44977114161375], [-3.6261887221774196, 40.449780904171604], [-3.6261950614308813, 40.44982861760738], [-3.626197587100758, 40.44984662195412], [-3.626198841574425, 40.44985472327133], [-3.6262140290753946, 40.449966352773274], [-3.6262203098308863, 40.45000776021317], [-3.6262241234438934, 40.45003746929968], [-3.6262253612001487, 40.45004376890409], [-3.6263051050052573, 40.450630724553946], [-3.6263051551859746, 40.45063612968986], [-3.6263017094898187, 40.450646058273065], [-3.626299392843931, 40.45065057533117], [-3.626295905329527, 40.450655999634236], [-3.6262920765902478, 40.45065896632542], [-3.6262912218563463, 40.450659628614275], [-3.626285359150968, 40.45066326398301], [-3.6262806673135892, 40.45066599210662], [-3.6262618748715734, 40.45067420203121], [-3.6262442616570048, 40.45068240556423], [-3.626230169409763, 40.45068878821755], [-3.6262266484381294, 40.4506906090946], [-3.6262102228094957, 40.450699707090116], [-3.626193805538396, 40.450709705939325], [-3.626178567495132, 40.450719698398366], [-3.6261645170418326, 40.45073058532369], [-3.626150474945417, 40.45074237310334], [-3.6261399454602192, 40.45075143915095], [-3.6261209426217325, 40.450766208753556], [-3.626098546249647, 40.450783825563384], [-3.6260870853952243, 40.450796734490126], [-3.6260745623853765, 40.45081082934914], [-3.6260510893911375, 40.450845866402375], [-3.626044844503343, 40.45085788221056], [-3.6260444522578292, 40.4508588212722], [-3.6260442641701003, 40.45085761508317], [-3.6260442264522412, 40.45085736303506], [-3.626043013777026, 40.45085376599757], [-3.6260394426318925, 40.45085018173301], [-3.6259908850128024, 40.450827922167264], [-3.6259612787628814, 40.45081456897214], [-3.6259305100074344, 40.45080302386666], [-3.625899741262429, 40.45079147875291], [-3.625867801651706, 40.450780840871616], [-3.625835862050974, 40.45077020298142], [-3.625803930817013, 40.45076046593831], [-3.6257708287151886, 40.450751636126085], [-3.625734197278143, 40.450743726310414], [-3.6257022911373755, 40.450736691807215], [-3.6256704017131822, 40.450731459007315], [-3.625630249308734, 40.4507253700186], [-3.625606631149903, 40.45072188522852], [-3.625587738445706, 40.45071929377958], [-3.6255747585307816, 40.450718463122854], [-3.62554288583125, 40.450715031999835], [-3.6255098506078522, 40.45071340896124], [-3.625477994618647, 40.45071177953248], [-3.625444967750157, 40.45071105733146], [-3.625220963620211, 40.45071767452163], [-3.6250582795590716, 40.45072395972005], [-3.624457004083415, 40.450741623834276], [-3.624183488587544, 40.450750308269875], [-3.6238486695108225, 40.450761124720636], [-3.6231189233228105, 40.45078668234595], [-3.6226650177655926, 40.45079993904457], [-3.6218739503672563, 40.45082581910572], [-3.6218645164829977, 40.450825869857], [-3.6218303019618516, 40.450824243101906], [-3.621699290672665, 40.450812344171695], [-3.621685123245021, 40.45081061856343], [-3.621620165691273, 40.45080015707567], [-3.6215835429981875, 40.450793146798055], [-3.6215256359864303, 40.45077994464044], [-3.6214665414635263, 40.45076584793659], [-3.621374378617438, 40.45074652355402], [-3.621341293680522, 40.450739494182564], [-3.6213235719805237, 40.45073598583163], [-3.6212716193103804, 40.45072905785186], [-3.6212338340484727, 40.450723855514276], [-3.6211960653827524, 40.450720454877995], [-3.6211846375417522, 40.45071911989175], [-3.621071958269562, 40.45065017575668], [-3.620993150546597, 40.45060195947702], [-3.6209954699845466, 40.45060155062011], [-3.62083289650157, 40.45059808152398], [-3.620738541379609, 40.45059678643625], [-3.6206901845878443, 40.450596145195355], [-3.6206430153163525, 40.45059639845982], [-3.6206394776209683, 40.45059641745387], [-3.620591137404158, 40.450597577885475], [-3.620569911231213, 40.45059769183868], [-3.6204661636019675, 40.45060094244955], [-3.6201949734621532, 40.450606010368645], [-3.6199768486398956, 40.45061078404943], [-3.6198990275921097, 40.45061210230242], [-3.6196596682647493, 40.45061608835406], [-3.6195488369678666, 40.450618484221415], [-3.6194391848942407, 40.45062087366346], [-3.6191797950786326, 40.45062676785909], [-3.619140888668694, 40.450627877152556], [-3.618585552638625, 40.45063985925189], [-3.618548996415024, 40.45064005486817], [-3.618537948736108, 40.45064030317252], [-3.6184941707510765, 40.450641294171085], [-3.618480991524792, 40.450704896259765], [-3.618468760794492, 40.45076390768296], [-3.6184676228534594, 40.4507684182787], [-3.6184679273200806, 40.45078104728866], [-3.61886790260748, 40.45096169052669], [-3.6188694609034235, 40.45101842996619], [-3.6188735063141717, 40.451082750688805], [-3.6188821619734592, 40.45122025397728], [-3.6188843402419493, 40.45123916124475], [-3.618886005491394, 40.451253566751745], [-3.6189265460920628, 40.451301998370695], [-3.618929771681937, 40.45130523335415], [-3.6189622540512634, 40.45133784323217], [-3.619089689910862, 40.45147409781032], [-3.619098943027284, 40.45148389510541], [-3.619162131137701, 40.45155080895599], [-3.619651789218581, 40.45206928450293], [-3.6199376176082425, 40.45237315747387], [-3.6200233608328705, 40.45246368862079], [-3.6200269400273606, 40.452468173928736], [-3.6200192985708695, 40.452470800502034], [-3.6200222761269507, 40.45247398273043], [-3.620063885043485, 40.45251530009671], [-3.6194937374821996, 40.45271909582556], [-3.6194927846355442, 40.4527180739047], [-3.6186394456914575, 40.45301883322306], [-3.6166323232906463, 40.453698215353086], [-3.6151951239432556, 40.45419572905365], [-3.615744549537831, 40.45450841633675], [-3.6163648401680164, 40.454967353770556], [-3.6164047717607057, 40.45500200570599], [-3.6163532957633766, 40.455043676587636], [-3.6162491025608356, 40.45512801588971], [-3.6161577910241265, 40.45520237652394], [-3.6161554488559986, 40.45520419081033], [-3.616065324655779, 40.45527944594287], [-3.6159682130315653, 40.45535024274384], [-3.615905990777479, 40.45539561032801], [-3.6156911408214643, 40.45559162875678], [-3.615644355376199, 40.455634319381524], [-3.6155504216780043, 40.45572002682988], [-3.6155555946831526, 40.45572341369678], [-3.6155599015215842, 40.455726228599445], [-3.615604999394554, 40.4557557722143], [-3.6157070379377156, 40.45582279630934], [-3.6158510989344133, 40.45591703787263], [-3.6160048418959296, 40.45601760603563], [-3.6160475527587534, 40.456045306340584], [-3.616150771507654, 40.45611232374891], [-3.6161756937871887, 40.45612930801532], [-3.616338241531548, 40.45623564861284], [-3.616392819999305, 40.4562713846074], [-3.6169184364142852, 40.456615436346745], [-3.616944049855538, 40.45663186720711], [-3.61697418312335, 40.45665117483727], [-3.6170370789613533, 40.45669228054213], [-3.6170489465275537, 40.45670032529744], [-3.6170580471148366, 40.456706294732896], [-3.6170850522381395, 40.45672400642038], [-3.617183508939126, 40.456788516785664], [-3.617265212359549, 40.456842062479915], [-3.6173871032602913, 40.45692194301802], [-3.6176941022172584, 40.45712036588886], [-3.618036518065109, 40.45734167964602], [-3.6181048093097252, 40.457385818976185], [-3.6182440141256937, 40.45747579519925], [-3.6183326886697738, 40.45753310464375], [-3.61852518617321, 40.45765848010081], [-3.6186399921752495, 40.45773326207877], [-3.6187503418123548, 40.457805644373714], [-3.6188215331190707, 40.4578521100922], [-3.618829829961113, 40.457856570176546], [-3.6188346610056685, 40.45785864341092], [-3.6189257077569246, 40.45791730005424], [-3.618406927525858, 40.45840850879259]]], [[[-3.582776309062663, 40.46113277439174], [-3.582551044784134, 40.4612820360131], [-3.582499461180892, 40.46131832299662], [-3.5824865575873868, 40.461326505138096], [-3.5821453468373035, 40.46155886369531], [-3.582094141026647, 40.46159250895507], [-3.5820597185323715, 40.46161514175333], [-3.5816619441135042, 40.46188118909392], [-3.5816417384128343, 40.46189474121805], [-3.5815756433512695, 40.46193891161683], [-3.5815738725767403, 40.46194010070623], [-3.5813173853752427, 40.46211167015151], [-3.5810607130507637, 40.46228517689215], [-3.5810582269884694, 40.462286856055684], [-3.5809110525611243, 40.4624542534145], [-3.58106451818713, 40.46259125678598], [-3.5810655879982245, 40.462592215371735], [-3.5813432237218077, 40.462837666136686], [-3.581347110438382, 40.46284111505609], [-3.581347264932416, 40.462841249414176], [-3.581664728044264, 40.463135147705906], [-3.5818905822992346, 40.46333762347221], [-3.5820094397167814, 40.4634466916831], [-3.5820632110473873, 40.46340810562408], [-3.5820806307257356, 40.46339560349455], [-3.582090477643501, 40.46338853589214], [-3.5821883373537564, 40.4633183223508], [-3.5821911741529444, 40.46331628103643], [-3.5821951972312145, 40.46331365717064], [-3.582213459568015, 40.46330176338905], [-3.5823307522184433, 40.463225487880884], [-3.582473852722195, 40.463132875004845], [-3.5828693912926948, 40.46287514249691], [-3.582933642651865, 40.4628332689508], [-3.582933842146636, 40.46283315082765], [-3.58293937895274, 40.462829627410294], [-3.5829465346821374, 40.462825086819365], [-3.5828728011737647, 40.4627551884093], [-3.5827705781442547, 40.46266291107669], [-3.5825661053250806, 40.462479257169704], [-3.5827619286718497, 40.46234583766632], [-3.5828101212518204, 40.4623128919921], [-3.5830632779799054, 40.462139813523656], [-3.583125422261962, 40.46209715770327], [-3.583146535345606, 40.462083537679916], [-3.583166461189626, 40.462069022741815], [-3.5831683608206153, 40.46206773387893], [-3.5833438078369184, 40.461940650417844], [-3.583521099785914, 40.46181966548212], [-3.5836635200307216, 40.461722577077126], [-3.583655246998411, 40.46171520443812], [-3.583579170714019, 40.461647120095435], [-3.5835019073566916, 40.46157814079324], [-3.583427003018986, 40.46150914953141], [-3.5833497477686973, 40.46144107098508], [-3.5833461705162883, 40.461436584534574], [-3.5832736643111116, 40.46137208557234], [-3.5832653381878266, 40.46136401947913], [-3.5832177870909234, 40.46132101617387], [-3.5831952065737647, 40.46130131028596], [-3.5831856932510906, 40.46129234927595], [-3.5829099092247536, 40.461044190831906], [-3.582776309062663, 40.46113277439174]]], [[[-3.668137345582275, 40.46124060361565], [-3.668223471391762, 40.46186199593083], [-3.6681870435149824, 40.462674456435124], [-3.6681543786348865, 40.462770419751074], [-3.668099353432061, 40.46285955736749], [-3.6700660295088374, 40.46311919039096], [-3.6702897939555403, 40.463034956319724], [-3.67050034961476, 40.462955690314466], [-3.670377472417142, 40.46274486313881], [-3.670258518533808, 40.46248960780023], [-3.6702496742593618, 40.46243047007195], [-3.6702306950382693, 40.462179959240466], [-3.6702286088508354, 40.4619700620374], [-3.6702325258801345, 40.461463446171926], [-3.670224015658176, 40.46139043265882], [-3.670197715676079, 40.46134319789717], [-3.6697943041254293, 40.46080453769865], [-3.669539590131685, 40.46079540080534], [-3.668098701623841, 40.46074371118432], [-3.668137345582275, 40.46124060361565]]], [[[-3.696165224938691, 40.46426079597429], [-3.6962304669086365, 40.46429643889631], [-3.6961710955839187, 40.46435985930337], [-3.6961489184620713, 40.46438251530187], [-3.696118596740236, 40.464416031113], [-3.69610459207386, 40.464430529809626], [-3.696065883920715, 40.4644514835528], [-3.696027175743419, 40.46447243728314], [-3.6959990175639392, 40.464487021194465], [-3.6959767287626173, 40.4644988670665], [-3.695905051930011, 40.46453803720742], [-3.695879421894938, 40.464550722993444], [-3.6964062627542913, 40.46489935930105], [-3.6982128724424173, 40.4652804676421], [-3.6983444431407237, 40.46530822221823], [-3.699110996115873, 40.46406048557915], [-3.699382521614507, 40.46362033128966], [-3.699234836587622, 40.46358299071989], [-3.698201459740814, 40.463321698001735], [-3.6978312019770567, 40.46323186224645], [-3.6974153353448918, 40.463071480962505], [-3.697372279622761, 40.463129281050115], [-3.69728969311228, 40.46324016623662], [-3.6973925100658125, 40.463277725964346], [-3.697374104930695, 40.46332288187398], [-3.6972757047860134, 40.46349801534886], [-3.697252436667883, 40.46353943482305], [-3.697250178118749, 40.46354344843102], [-3.6973409451163404, 40.46359396372005], [-3.697346271735992, 40.46359692256296], [-3.697351017448797, 40.4635995966232], [-3.697211067956734, 40.46375815194174], [-3.6971024221705093, 40.463877905845855], [-3.697088660608346, 40.46389306986007], [-3.6970815373669783, 40.463888608333285], [-3.697074516567285, 40.46389405605744], [-3.697039244929808, 40.46390507953314], [-3.696981247202824, 40.463885609532845], [-3.697035478503941, 40.463819138635316], [-3.697041814784222, 40.46381137072665], [-3.6971000512853687, 40.46373984863847], [-3.6970951893044215, 40.463737337430686], [-3.6970810777486673, 40.4637300531964], [-3.6970763413499186, 40.46372827996618], [-3.697010487988072, 40.46370080333368], [-3.6969979307689673, 40.46369554574393], [-3.696995454839026, 40.46369450662422], [-3.6969507472316807, 40.4636758663726], [-3.696940121171919, 40.463671434966656], [-3.6969318743865336, 40.46367238558831], [-3.6968690077720168, 40.4636394404377], [-3.6968316938708177, 40.46368110666916], [-3.696817698818701, 40.463696506292585], [-3.6968130462122426, 40.46370284062153], [-3.6967943799236966, 40.46372277288865], [-3.6967850560841833, 40.46373363986225], [-3.6967465719436197, 40.4637762140175], [-3.696727924231546, 40.46379794795622], [-3.6965693459745044, 40.46374276881217], [-3.696473413164849, 40.46370939208321], [-3.6964317878628914, 40.46375505712101], [-3.696360281721837, 40.463833496628624], [-3.6963998888978327, 40.46382882559101], [-3.6964085831552187, 40.46382780023947], [-3.696469543520926, 40.46384863104918], [-3.696545891996337, 40.46387472042548], [-3.696531602745351, 40.46389133799813], [-3.6964782260262865, 40.463948100847404], [-3.696447907151671, 40.463980715832236], [-3.696408836509661, 40.46396653688427], [-3.696279811608011, 40.46392226932684], [-3.696276263965273, 40.46392138980016], [-3.696249425042897, 40.463949479284416], [-3.696167749788434, 40.46403465557402], [-3.6962020629261207, 40.4640461605673], [-3.6962494058280435, 40.464062992447865], [-3.6962908471871083, 40.464077157168305], [-3.69636186535078, 40.46410105355828], [-3.696390274490951, 40.46411079227012], [-3.696345010882419, 40.46418223584468], [-3.696304270131272, 40.464247345874625], [-3.6961597812513265, 40.464168811123585], [-3.696081409829554, 40.46412616617718], [-3.6959961071158416, 40.46420505790873], [-3.696043055252719, 40.46419849595055], [-3.696049108056575, 40.46419753157725], [-3.6960609769687798, 40.464204667280725], [-3.6961025386685398, 40.46422705653475], [-3.696165224938691, 40.46426079597429]]], [[[-3.5838784370639476, 40.475674454021124], [-3.5842470287268733, 40.47569314091856], [-3.58463547973994, 40.47571640185166], [-3.5848914177175906, 40.475728106938], [-3.5850752100779637, 40.475736501018396], [-3.5852033797898613, 40.47574236564254], [-3.5852274490518967, 40.47572501859412], [-3.585395011535632, 40.47557485512237], [-3.5855951865713904, 40.47539547219888], [-3.5857769708083835, 40.475232623532115], [-3.585810578653531, 40.47520248030357], [-3.5858109883278257, 40.47520210885877], [-3.5858417741240327, 40.47517439433247], [-3.5860341676895606, 40.4750012482646], [-3.5861084279162987, 40.474934421436174], [-3.5861125832963916, 40.47493067064406], [-3.5861237084866993, 40.47492122686415], [-3.586455748359062, 40.47464425498792], [-3.5868198187075193, 40.47432168721154], [-3.5870855327102373, 40.4740815996934], [-3.5872216792312552, 40.47395533179802], [-3.587215331937579, 40.47395121090254], [-3.5872141562385953, 40.47395031597696], [-3.5872129687431777, 40.473949421111286], [-3.5872117733998934, 40.47394762538674], [-3.5872105859045553, 40.47394673052106], [-3.5872093984092484, 40.47394583565535], [-3.5872093827920173, 40.47394404294622], [-3.587209374944164, 40.473943142087336], [-3.587209367096309, 40.47394224122847], [-3.5872093592484555, 40.473941340369606], [-3.587209343552749, 40.47393953865188], [-3.5872093357048964, 40.47393863779302], [-3.587209327778565, 40.47393772792556], [-3.587210499577991, 40.473936821073536], [-3.5872104838822567, 40.473935019355785], [-3.587211643963636, 40.47393412157227], [-3.587212827480964, 40.473933205651704], [-3.5873825653482347, 40.47378189308465], [-3.587382557498111, 40.47378099222579], [-3.587383748939072, 40.47378098617093], [-3.5873849089369956, 40.473780079377114], [-3.587386088581491, 40.47378007338217], [-3.5873872603758032, 40.47377916652835], [-3.587388440020295, 40.4737791605334], [-3.587390799309268, 40.473779148543464], [-3.5873919789537476, 40.47377914254846], [-3.587393158598229, 40.47377913655347], [-3.5873943382427194, 40.47377913055845], [-3.5873967053820004, 40.47378001942723], [-3.5874088898076932, 40.473787930458364], [-3.587409838097398, 40.47378709681213], [-3.5875520094524074, 40.47366463573281], [-3.5880675581948536, 40.47320742030133], [-3.5882338305097248, 40.473051439430606], [-3.5885721247096614, 40.472749717932786], [-3.588580775130376, 40.47274199822408], [-3.5887856933760927, 40.47255924323085], [-3.5887899886528314, 40.47234194254717], [-3.588794060462597, 40.472182796022324], [-3.588793997848959, 40.47217967923088], [-3.5887942167738944, 40.47214531782886], [-3.588787307446045, 40.472144371045765], [-3.588680791951217, 40.47212643615557], [-3.5885868112621866, 40.472110617511895], [-3.5885727089611366, 40.47210866230188], [-3.5885650790523522, 40.47210760205796], [-3.588551165805534, 40.472105681918585], [-3.588514542688264, 40.47209956210557], [-3.5884637484721895, 40.47209171263264], [-3.5883786982662973, 40.47207863212955], [-3.5883290836955215, 40.47207077659231], [-3.5882960073212953, 40.47206553955561], [-3.5882641105663184, 40.47206029650571], [-3.5882156756359143, 40.472052434915874], [-3.588129445911723, 40.47203936023178], [-3.5880408491344546, 40.4720253966269], [-3.588026784376439, 40.47202368440193], [-3.5880232534811562, 40.472023260924736], [-3.588016522375457, 40.472022457332606], [-3.588015175887158, 40.472022265984926], [-3.5878819819476018, 40.472003574187696], [-3.5878705562321103, 40.47200147014329], [-3.5878583389194922, 40.47199922597999], [-3.587839958098766, 40.4720342112828], [-3.587815090519424, 40.472081535852574], [-3.5878136864376744, 40.472084209654305], [-3.5878069568331017, 40.47209846006479], [-3.58780557838537, 40.472101367969806], [-3.587803234865854, 40.472103181685924], [-3.587799727441581, 40.472106803119075], [-3.5877962121617446, 40.472109523693064], [-3.587795040401741, 40.47211043055105], [-3.587790345506273, 40.47211315712374], [-3.5877844709951328, 40.47211588969507], [-3.5877809478592186, 40.472117709409545], [-3.587770370595473, 40.47212226769325], [-3.5872101213521232, 40.47226835829398], [-3.5870501567720994, 40.472315621223224], [-3.5869712628780053, 40.47233894077193], [-3.5869147823303247, 40.47235544376838], [-3.5868794721700827, 40.4723646320533], [-3.5868112189028314, 40.472383897472284], [-3.586799446226734, 40.47238665993823], [-3.58678385264415, 40.472390919275114], [-3.586752371195199, 40.47239951150842], [-3.5867323646933498, 40.47240501846293], [-3.5866499794109545, 40.47242705822108], [-3.586629972892392, 40.47243256515796], [-3.586582131590638, 40.47244548361089], [-3.5865075744681763, 40.47246561867853], [-3.5864875679262656, 40.47247112559087], [-3.586456968296241, 40.472479388945594], [-3.5864063621033977, 40.472493159190634], [-3.5863345697002487, 40.47251244228388], [-3.5863145631299935, 40.472517949166445], [-3.5862321775698414, 40.472539988628256], [-3.5862121709828707, 40.47254549549319], [-3.5861815712845497, 40.47255375877537], [-3.586061040028655, 40.472585883436814], [-3.5859492769690036, 40.472615675238956], [-3.5859506500819838, 40.47261485746886], [-3.585943827680194, 40.47261712628451], [-3.5856151589120864, 40.472704134155585], [-3.585614276227358, 40.47270437286153], [-3.5856107452536117, 40.47270530065956], [-3.58554366307216, 40.47272365849783], [-3.5855423096318977, 40.47272402571395], [-3.585521442744328, 40.472729644925515], [-3.5855095322325483, 40.47273284939885], [-3.585464016926602, 40.47274469254544], [-3.585407131520835, 40.472759485148046], [-3.5852817749352415, 40.47279300280289], [-3.5851252526692283, 40.47283485826173], [-3.584903032603618, 40.4728942531597], [-3.584902220535259, 40.4728944734849], [-3.5848057019297093, 40.47291928614609], [-3.5848021708551507, 40.472920204910935], [-3.5847519984131435, 40.47293237764605], [-3.584730369713367, 40.472938586153276], [-3.58463149960954, 40.47296432047317], [-3.584585380815659, 40.47297734650401], [-3.584580892593215, 40.47297808091432], [-3.5845502924940242, 40.47298634376677], [-3.584445531823918, 40.47301299960853], [-3.5844420007394358, 40.47301391836246], [-3.584439641476001, 40.47301393029202], [-3.5844266264750586, 40.47300949160652], [-3.584378105382291, 40.47299171895732], [-3.5843522967171904, 40.47298251612826], [-3.5843307717550865, 40.47297484118332], [-3.584311522833046, 40.472931695344904], [-3.5842934847998715, 40.47289214697754], [-3.58427063457304, 40.472841812145056], [-3.5842658379759618, 40.47283282740194], [-3.5842525965884606, 40.472802263770355], [-3.5842414726547864, 40.472777815547055], [-3.58423215252413, 40.47275732216053], [-3.5842268293423216, 40.472744745490374], [-3.5842177003102136, 40.47272316104882], [-3.584217399782117, 40.47272251392057], [-3.584216931061365, 40.472721516291855], [-3.5842092867750197, 40.472705185595025], [-3.5842044901960186, 40.47269620084903], [-3.5841792262039434, 40.47263957190358], [-3.5841756248726755, 40.47263238291326], [-3.58417440621291, 40.472627884577506], [-3.584086357970509, 40.472430798431894], [-3.584061734690283, 40.472437202126926], [-3.584026986460847, 40.47236016165278], [-3.5840245725861304, 40.47235386755636], [-3.584017476321411, 40.47233814668792], [-3.5838512508328275, 40.47238332872472], [-3.5836392200090557, 40.47244095801833], [-3.583520035289929, 40.47252382087666], [-3.583607256846915, 40.4725969839574], [-3.5835908149656683, 40.47260957145416], [-3.5833101770851292, 40.47282442908407], [-3.5830475424553145, 40.47303827629635], [-3.582661830359952, 40.4733382207107], [-3.5824205759579666, 40.4735284452433], [-3.5824206119699054, 40.47352851713376], [-3.5824206480596716, 40.4735285980328], [-3.5822406260819624, 40.47367053174284], [-3.582239747263056, 40.47367122085303], [-3.5822396769513167, 40.47367127526114], [-3.5822491271364925, 40.473715074405455], [-3.582300126765233, 40.473951483617256], [-3.5824306621484974, 40.47450460840971], [-3.582478937676515, 40.47478058068957], [-3.582486412688221, 40.47482648885353], [-3.5824991438510834, 40.47488815427259], [-3.5824973978629417, 40.475041045581136], [-3.582505807004196, 40.47530424579155], [-3.5824909419671136, 40.47554990567339], [-3.5824924256371284, 40.475598726900536], [-3.5824947903197413, 40.47568123729453], [-3.5826404435458077, 40.47568030495395], [-3.5828703366087225, 40.475678830525005], [-3.5829506128073265, 40.47567831755908], [-3.5830182582303522, 40.47567828266418], [-3.5832917891134795, 40.47567812780531], [-3.583682708130287, 40.475673100280886], [-3.5838784370639476, 40.475674454021124]]], [[[-3.6536558402477026, 40.476979230614454], [-3.6538107635783352, 40.47701799378726], [-3.653900515878447, 40.477027395899675], [-3.6539638444965377, 40.47702370427692], [-3.6541504464432757, 40.47701283754095], [-3.6541673173711757, 40.477000733104504], [-3.654201043989826, 40.47696037123714], [-3.6542345187626473, 40.476912299111646], [-3.6542379315942686, 40.47690656810974], [-3.6543589573680353, 40.47676877554398], [-3.654406564805816, 40.476714578338246], [-3.6544664486040057, 40.476616158661294], [-3.6548658669743785, 40.47595971024811], [-3.655384085316763, 40.475172019859734], [-3.6554173346748544, 40.475105795590295], [-3.655453627582642, 40.47503350002488], [-3.6555201324882076, 40.47488959199173], [-3.655563828064723, 40.47478517347155], [-3.65560505412957, 40.47467794012525], [-3.655651770457703, 40.4745445135757], [-3.655763772570807, 40.47422809582128], [-3.655819202324526, 40.4740869891616], [-3.6558844125420977, 40.47393628647399], [-3.6559473690902844, 40.47380132619613], [-3.6560148348316504, 40.47367273665625], [-3.6560677979057443, 40.47357524727742], [-3.656123666085796, 40.473474453107755], [-3.656261774353613, 40.47325898527884], [-3.6563052759723695, 40.47319302684704], [-3.6563470758326457, 40.473127978959], [-3.655869974880754, 40.473222362544796], [-3.6546175606765594, 40.47358656918101], [-3.65285980555229, 40.474388841080525], [-3.652096377733515, 40.474604131841254], [-3.652078479015708, 40.4745368006916], [-3.652071148425075, 40.47451071603913], [-3.652071087787113, 40.47451054521082], [-3.6520684765204554, 40.47450280322055], [-3.6520318982856583, 40.474392289348366], [-3.652026185789702, 40.474374934264105], [-3.6520053830493584, 40.47430982668012], [-3.6519994233116972, 40.474291301822966], [-3.651998683287169, 40.474287972678894], [-3.6519908172903017, 40.47425531449272], [-3.651981057694108, 40.47422202735066], [-3.651960258947174, 40.47415488370703], [-3.6519604121256757, 40.47415486482505], [-3.6519602103675908, 40.47415473983755], [-3.6519547428464043, 40.47413709508008], [-3.6519026483364323, 40.47396887613973], [-3.651895817140748, 40.473946842693024], [-3.651875106891267, 40.47388029312341], [-3.65183993366906, 40.473779591030436], [-3.651804565825931, 40.47365997118481], [-3.6517948239205062, 40.47362849472649], [-3.651739963816018, 40.47344502108717], [-3.6517363204226223, 40.47343423086673], [-3.6517338827843577, 40.473426136538414], [-3.6517314364367084, 40.473417141362034], [-3.6517289900897247, 40.473408146185626], [-3.6517253641199354, 40.47339915766065], [-3.6517229264842976, 40.47339106333201], [-3.651720480139441, 40.47338206815536], [-3.651718033795253, 40.473373072978625], [-3.6517155874517444, 40.47336407780182], [-3.6517131498186015, 40.47335598347291], [-3.651709523853816, 40.47334699494732], [-3.651707077512424, 40.47333799977028], [-3.6517046311716976, 40.47332900459317], [-3.65170218483164, 40.473320009415986], [-3.651699747201768, 40.47331191508673], [-3.651697300863022, 40.4733029199094], [-3.6516936749032833, 40.4732939313832], [-3.65169122856603, 40.47328493620572], [-3.651688790938796, 40.473276841876135], [-3.651686344602833, 40.473267846698505], [-3.6516838982675393, 40.47325885152083], [-3.651681451932914, 40.47324985634305], [-3.6516778346874434, 40.473241768664195], [-3.6516753883542763, 40.47323277348627], [-3.651672942021787, 40.47322377830825], [-3.651670495689957, 40.47321478313018], [-3.6516631828254433, 40.47319050013956], [-3.651574345041067, 40.47290902018314], [-3.651563380203908, 40.47287304610914], [-3.651534481685272, 40.47278798414222], [-3.651520448793656, 40.472740928304695], [-3.651502172787074, 40.472679608152994], [-3.6514820682832156, 40.472612181212135], [-3.650857473420384, 40.47275220402732], [-3.650740181594048, 40.47277944092263], [-3.649546873318906, 40.47301142259364], [-3.649292512937733, 40.4730692389274], [-3.648691008015895, 40.47319460687519], [-3.6486317753604114, 40.47322518241682], [-3.6485803641016936, 40.473263128422715], [-3.6485683784632457, 40.4732741595977], [-3.6485353606650954, 40.47331111048145], [-3.648467360231927, 40.473369626911285], [-3.6483900892850785, 40.47342098812975], [-3.6483048017957125, 40.47346433123252], [-3.648212930251685, 40.473498954477385], [-3.6481160025624932, 40.4735242636979], [-3.6480156074479586, 40.47353985357939], [-3.6476742317568522, 40.473594199240516], [-3.647660026391671, 40.47359645901235], [-3.6476788540196794, 40.4736320380463], [-3.6476807885376705, 40.47363570286625], [-3.6477132894978057, 40.47369713309216], [-3.647733991686162, 40.47373626916402], [-3.647744874024334, 40.473755262151556], [-3.647754560594996, 40.47377012672168], [-3.647768258837722, 40.4737961129052], [-3.6477701814824828, 40.4737997687811], [-3.6478518769799035, 40.473953364297984], [-3.647859143967347, 40.47396809827734], [-3.6478602989281743, 40.47397043413596], [-3.6477716791757024, 40.473955615587265], [-3.6477515994243803, 40.47395302543086], [-3.6477291517497705, 40.473949547644004], [-3.6477167665049506, 40.473947256701265], [-3.6477102429793997, 40.47394605002096], [-3.6476759816579145, 40.473940836632046], [-3.6476531766428795, 40.474022946057026], [-3.6476509125840826, 40.47403286861158], [-3.6476486398690358, 40.474041890317466], [-3.6476463671534067, 40.474050912023294], [-3.64764451053713, 40.47405903950938], [-3.647644103092722, 40.474060834577664], [-3.647639549002932, 40.47407797714047], [-3.647637276284921, 40.47408699884609], [-3.6476350035663265, 40.47409602055163], [-3.647632722191721, 40.47410414140856], [-3.647630449471958, 40.474113163114], [-3.647625886720004, 40.47412940482761], [-3.6476246363045566, 40.47412941183397], [-3.6476235274455764, 40.47412941804715], [-3.6475982815214607, 40.4742227032504], [-3.647592767756958, 40.47424310342636], [-3.6475882828812853, 40.47426745277532], [-3.647587129206196, 40.4742701619304], [-3.647568904067017, 40.47433783132122], [-3.6475404342471265, 40.47444429667707], [-3.6475358974147563, 40.47446324093216], [-3.647530870781636, 40.474481548294165], [-3.6475244990714, 40.474504746053384], [-3.647505154740836, 40.474578727980884], [-3.647516977153928, 40.47458136443982], [-3.6475823145233486, 40.47459171905625], [-3.647516437533724, 40.474783078299545], [-3.647490284813097, 40.47478691848959], [-3.6474835694688017, 40.474787857006234], [-3.647477697185564, 40.47479059259363], [-3.6474730045507155, 40.47479332157245], [-3.64746833236541, 40.47479695133348], [-3.6474648248889916, 40.47480147546679], [-3.647461320555256, 40.474805098685415], [-3.647459004523608, 40.47480961614426], [-3.647457868140878, 40.47481412699492], [-3.6474487424610476, 40.4748466104057], [-3.6474383852039454, 40.47487369533269], [-3.6473659187834264, 40.47506689318764], [-3.6473498102722957, 40.4751093255663], [-3.6473420811214816, 40.47512999939571], [-3.64735604367558, 40.4751319031666], [-3.647362117290698, 40.47516240955436], [-3.6473646756008793, 40.47518311585448], [-3.6473658843575065, 40.47518491087806], [-3.6473683962643904, 40.475202013850264], [-3.647388519255447, 40.47534172033866], [-3.647389085145426, 40.475341681133116], [-3.6473886205501502, 40.475342440488795], [-3.6473974578870516, 40.47540275108026], [-3.64744135970029, 40.4754891714447], [-3.6480020590496114, 40.47536276852178], [-3.6484141859789845, 40.47526985399106], [-3.648953761323754, 40.475237447422316], [-3.6494584502809633, 40.47519998214255], [-3.649742422425923, 40.47516835922903], [-3.6501892058100185, 40.47509990109096], [-3.6503759700331915, 40.47511978715245], [-3.6504315501526015, 40.47512505093824], [-3.650450490145517, 40.47512684524356], [-3.6506061309429314, 40.4751415727725], [-3.6506061419568843, 40.47514149162979], [-3.650608469006096, 40.475141802853564], [-3.651090452804964, 40.47520633166839], [-3.6510922478824033, 40.475206528762534], [-3.651166728616633, 40.47520582989168], [-3.651323086777584, 40.47520441735085], [-3.6514926794403793, 40.475202803874545], [-3.6517107978534113, 40.47522355607836], [-3.6518195207780146, 40.47523087087319], [-3.6520859929996146, 40.47525252083043], [-3.652331153713377, 40.47527843458155], [-3.65236464871579, 40.47528968692058], [-3.652482966936689, 40.47532056844488], [-3.6525712562253725, 40.475343610424495], [-3.6525920837184582, 40.47534904235339], [-3.652639782291218, 40.47536147567025], [-3.652639912402464, 40.47536151097142], [-3.6526692198599067, 40.47536914724451], [-3.652822787581443, 40.475672774040056], [-3.6528809949681955, 40.475787219492794], [-3.6530421646747486, 40.476105721876955], [-3.653047200863235, 40.47616525169656], [-3.65306019044929, 40.4763187361265], [-3.6530602416514353, 40.47631915024964], [-3.653075149982217, 40.476348002810006], [-3.6531048820974794, 40.476405501196034], [-3.6532819777101455, 40.47674801219441], [-3.653304959645574, 40.476799179339494], [-3.6533079448730463, 40.47680896421955], [-3.653314968596882, 40.47681183441361], [-3.6533191852956146, 40.476813567326666], [-3.65333335895476, 40.476815289001145], [-3.653335444897683, 40.476815060994795], [-3.6533510367326874, 40.476813387279726], [-3.6533628248283376, 40.476812419746324], [-3.6533699029253017, 40.47681237973398], [-3.6536558402477026, 40.476979230614454]]], [[[-3.670468157069457, 40.47683034056157], [-3.6704684909641734, 40.47683069898306], [-3.6705680876685345, 40.476935291780954], [-3.6705850527126747, 40.47695310316347], [-3.6706085154204136, 40.47697775067927], [-3.670608789615464, 40.47697803737506], [-3.6706360077795313, 40.4770066270375], [-3.67063694279504, 40.47700455856039], [-3.67064055409407, 40.47699994303658], [-3.67064487768368, 40.4769957738276], [-3.6706523568326674, 40.47698861335148], [-3.670658445461373, 40.47698398345225], [-3.670665365244871, 40.476979889267355], [-3.6706726443105118, 40.47697633353483], [-3.670680520387617, 40.47697349505427], [-3.671264955075385, 40.47687740002298], [-3.6713284793221175, 40.47686622031419], [-3.671604363075058, 40.47681765383345], [-3.671859687504864, 40.476773044024576], [-3.6719245105427314, 40.476761991572914], [-3.6722016334919703, 40.476714740780295], [-3.672384960974694, 40.47668350340441], [-3.672713533104678, 40.4766257359057], [-3.6729490813197314, 40.476585626158496], [-3.6729991087710396, 40.476577992564735], [-3.6730239046574438, 40.476574217568555], [-3.6731565112396645, 40.476555670638135], [-3.6732860091688697, 40.47653771823806], [-3.673298976575532, 40.47653674180191], [-3.673302506596017, 40.47653582034195], [-3.6735497878374646, 40.47648933474845], [-3.673848055219776, 40.4764473801807], [-3.6738465248678946, 40.47643355134099], [-3.673844102480211, 40.47642725919218], [-3.6738393387635733, 40.476422782485486], [-3.6738322337180325, 40.47642012122065], [-3.673832199043869, 40.47641665297335], [-3.673832107630195, 40.476407509412255], [-3.6738391496298353, 40.47640386477291], [-3.6738414909586155, 40.476402049330765], [-3.673842634603723, 40.476398439079276], [-3.6738305769910715, 40.47630396935276], [-3.673824714253595, 40.476258003783606], [-3.673812098029881, 40.47617609579975], [-3.6738006524978135, 40.476093280092435], [-3.6737919175419105, 40.47604558352593], [-3.673784353257021, 40.475996979237735], [-3.6737726035162255, 40.47592975079989], [-3.6737593409509324, 40.47585398167539], [-3.673759328163766, 40.47585388265136], [-3.6737430740689114, 40.475762086003805], [-3.673740588681983, 40.475749487946786], [-3.6737405267274084, 40.47574919101224], [-3.67373197988237, 40.47571440318243], [-3.67372496066056, 40.47567547133407], [-3.6737232242266282, 40.47566580583199], [-3.673686153521115, 40.47549665344823], [-3.673680012139823, 40.47547236504969], [-3.6736752214907193, 40.47546518580398], [-3.6736704848655144, 40.47546341161987], [-3.673679913096493, 40.47546245576974], [-3.673628809271379, 40.47524661963625], [-3.6736187337003976, 40.4752064083008], [-3.6736038639492166, 40.47514685563737], [-3.673568534327866, 40.47500548569997], [-3.673555311647987, 40.474952554025386], [-3.6735478621226516, 40.47493075070524], [-3.673521406837985, 40.474853400770876], [-3.6734921358094064, 40.47476933754203], [-3.673457772598162, 40.474683322003706], [-3.673433802699937, 40.47462092145057], [-3.6733963780475647, 40.47452366252572], [-3.673393201287805, 40.47451151893456], [-3.673367876640163, 40.47444929742896], [-3.6733539810027827, 40.474415180360836], [-3.6732817641909112, 40.47423495333632], [-3.6732546919993703, 40.4741737329683], [-3.673248077713964, 40.4741587625634], [-3.6732178076453827, 40.474093903174015], [-3.673192009166249, 40.47400664847502], [-3.6731926333799496, 40.47400654574073], [-3.673152530853205, 40.473910401415836], [-3.673118191800165, 40.47383852969451], [-3.673105500787459, 40.47379743263882], [-3.673097152764172, 40.47377658946748], [-3.6730619603575625, 40.47368894800103], [-3.6730089696382056, 40.47356853644997], [-3.6729793215160615, 40.47349384458883], [-3.672964748621312, 40.473463929588256], [-3.672880963524433, 40.473307571319395], [-3.6728069430253716, 40.47318394877708], [-3.6727502553648255, 40.47309490981381], [-3.6727431931537007, 40.47308468069961], [-3.6727241604029985, 40.47305704386611], [-3.672694063780483, 40.47302010209886], [-3.672642226790866, 40.47295607977163], [-3.672600782729371, 40.472906231106634], [-3.672556631244729, 40.47285459638738], [-3.6725350430439776, 40.47283093833605], [-3.6725214499067995, 40.472816422905666], [-3.6724750877309003, 40.47276903523118], [-3.6724099618083503, 40.47270675677165], [-3.6724001715402097, 40.47269739935816], [-3.6723592878322737, 40.4726552049647], [-3.6723424819803077, 40.4726379154222], [-3.672267584943719, 40.47256817123244], [-3.6722652023769444, 40.47256584275921], [-3.6721964502150657, 40.472497143857034], [-3.6721357805647092, 40.472434524008364], [-3.672084155928898, 40.472379869512395], [-3.6720362611917277, 40.472320688822414], [-3.6719977410478815, 40.47226703916711], [-3.6719465981225756, 40.472189679210814], [-3.6719179359996437, 40.472143900107106], [-3.671866916427963, 40.472067061916505], [-3.6718190349079896, 40.471989043305506], [-3.6717743394231173, 40.47190992507981], [-3.6717328897518864, 40.47182978797632], [-3.6716947102843727, 40.47174871293751], [-3.671663861140481, 40.47168348710625], [-3.6716340221449046, 40.471624922032134], [-3.6715942951951854, 40.47154479288166], [-3.671539570461131, 40.47143934556559], [-3.6715358966986784, 40.471437655206394], [-3.6715123591639496, 40.471407702004555], [-3.6714894863281198, 40.47137342063137], [-3.6714820661296272, 40.471362743067665], [-3.6714594427006215, 40.47132981158449], [-3.6714291558863774, 40.47128665439047], [-3.67140237436661, 40.47125077409072], [-3.67136870299358, 40.47120889779614], [-3.6713410823743904, 40.47117167101028], [-3.671301534123574, 40.47112127030996], [-3.671263351642041, 40.47107770847979], [-3.6712297785318975, 40.47103502076523], [-3.671183711382048, 40.470981504741395], [-3.6711130446134366, 40.47089795148939], [-3.6710504574092675, 40.470820207114365], [-3.6709949912255007, 40.47075863750905], [-3.670940033340404, 40.47068886676356], [-3.6708859828509777, 40.47062728888619], [-3.6708308179588816, 40.47056040215851], [-3.6707122331729596, 40.47039127127276], [-3.670692038583723, 40.470355775999614], [-3.6706538470567467, 40.470288691592316], [-3.670406982189483, 40.470026223960666], [-3.6703853280520327, 40.46999695328647], [-3.6703154755699408, 40.46991204345975], [-3.6702511387882177, 40.46983611057538], [-3.6701844063240876, 40.46975649786668], [-3.67011624333095, 40.46967536188666], [-3.670047226320527, 40.46959017677871], [-3.6700418151701535, 40.46958338835625], [-3.6700252594721667, 40.46958994376155], [-3.6699598822635537, 40.46950302579556], [-3.669922616568156, 40.46945657532156], [-3.6698914991067575, 40.46942342247964], [-3.6698634458182244, 40.469389981601594], [-3.669831979922709, 40.469357371300774], [-3.669806552127537, 40.46932697824346], [-3.6697806265818027, 40.46929397546286], [-3.669766100068935, 40.46928036600263], [-3.66974457826061, 40.46925130164304], [-3.6697216882726202, 40.46921512811904], [-3.6696887354845265, 40.46917531921574], [-3.669660652871678, 40.46913890549571], [-3.6696360043888885, 40.469103823218745], [-3.6696225783615772, 40.46907986506412], [-3.6696148686142624, 40.469066107984084], [-3.6695892067597526, 40.46903825676314], [-3.6695691973338653, 40.469016552947295], [-3.6695329221475763, 40.468966447970814], [-3.66949671868262, 40.46891643265667], [-3.669408284879836, 40.46880253090646], [-3.669336324400957, 40.46871772276337], [-3.669300883710818, 40.468677973197124], [-3.6692481702221245, 40.46861886425127], [-3.6690678878823912, 40.46840098992198], [-3.6689724169196865, 40.46828983125211], [-3.668930632831126, 40.4682396228279], [-3.6688925214547603, 40.468202906594556], [-3.6688544369314418, 40.46816889288507], [-3.6688187829945007, 40.468142072277516], [-3.6687938431281664, 40.468125099536834], [-3.668728629587817, 40.46809124275589], [-3.668626874747916, 40.468061200915564], [-3.6685571426414163, 40.468046289021515], [-3.66851344659054, 40.468041136373216], [-3.6684627180515093, 40.46804052886685], [-3.668377511694168, 40.46804247205682], [-3.6683677350328203, 40.468042690752405], [-3.6683035088620572, 40.46804415220884], [-3.668277272992633, 40.46804397957737], [-3.6682105979769624, 40.46804353622917], [-3.6681584093247657, 40.468043189281666], [-3.668143905284973, 40.46804130916785], [-3.6680851805255372, 40.468033702700346], [-3.6680083685406393, 40.46801973229414], [-3.667935458478312, 40.467999550123174], [-3.667935387439058, 40.46799952350677], [-3.6679350325997815, 40.46799942645857], [-3.6679346179810177, 40.467999248675085], [-3.667850902684206, 40.467961183013884], [-3.667780927060486, 40.46792284872399], [-3.6677215226151896, 40.46787994883567], [-3.667646454381353, 40.46780380618913], [-3.6675700997589598, 40.46771686015227], [-3.6675353941853315, 40.467666610332756], [-3.667466001031186, 40.46756791235201], [-3.667423313967302, 40.467494249216], [-3.667391583949007, 40.4674395137173], [-3.667369656507748, 40.46739552337262], [-3.667326609016343, 40.46730925872245], [-3.6673014112648343, 40.46726616111531], [-3.66727506969709, 40.467226673695855], [-3.6672475932261737, 40.467191697309545], [-3.667210716358737, 40.46716037877065], [-3.6671371677456843, 40.467118461117614], [-3.667129479634318, 40.46712708203695], [-3.6671266680348045, 40.467130233388446], [-3.6670958581579765, 40.46711599684948], [-3.667082818631663, 40.467110702756365], [-3.6670674340521865, 40.46710444922621], [-3.6670449520667385, 40.4670973717919], [-3.667030753389528, 40.467092949244076], [-3.6670175484122094, 40.4670900074411], [-3.6670071097265438, 40.46708768030152], [-3.6669834838908044, 40.46708421304643], [-3.6669598580574316, 40.46708074578652], [-3.6669279934837413, 40.46707912785496], [-3.6668949761340612, 40.46708021925866], [-3.6668714037682357, 40.46708215705782], [-3.6668077993569237, 40.46709153298407], [-3.6668001427906836, 40.46709261318666], [-3.6667477245479563, 40.46709998761742], [-3.6667112042879486, 40.46710470276543], [-3.6666688042884963, 40.46711125361032], [-3.6665192469776016, 40.46713644036271], [-3.66645089972889, 40.46714931189791], [-3.666415637050556, 40.46715595663136], [-3.666407398283502, 40.467157805927634], [-3.6663968272063068, 40.46716237136297], [-3.6663862650315333, 40.46716783764359], [-3.666373379447615, 40.46717692090869], [-3.66636638251312, 40.46718506932585], [-3.6663617178891803, 40.467190501603724], [-3.6663547565656454, 40.4672022534053], [-3.6663513159682717, 40.46721218311414], [-3.6663502254903686, 40.46722119837682], [-3.6663503590412345, 40.467234711070894], [-3.6663527714860997, 40.467240102548665], [-3.6663649405594794, 40.46727787009172], [-3.666382066408171, 40.46733737474164], [-3.666412579945125, 40.467443360587865], [-3.666429761005589, 40.46751082884492], [-3.66645177593705, 40.46758998089505], [-3.66646280123265, 40.467631358610355], [-3.6664774630590156, 40.46768262522839], [-3.66648360110236, 40.467706914068565], [-3.666493354972054, 40.46774019103366], [-3.6664982778831114, 40.46776088328954], [-3.66650807317, 40.467795961809266], [-3.6665113219405403, 40.46780958266373], [-3.6665351448146706, 40.46790931878475], [-3.6665425158619236, 40.46793900589538], [-3.6665498334781157, 40.46796328792858], [-3.666575503070444, 40.46805413053978], [-3.6665840803994456, 40.468086513382694], [-3.6666316368156626, 40.46825542765195], [-3.666643213241247, 40.46829645081619], [-3.6666696581772196, 40.46839052315055], [-3.6666712484025306, 40.4683962617039], [-3.666680665927516, 40.46843009914521], [-3.6666879569242017, 40.468451678628774], [-3.666690396165809, 40.46845977263583], [-3.6666989023365737, 40.468484948699015], [-3.6667393147589715, 40.46863516545284], [-3.6667564312146923, 40.468697228634696], [-3.6667613275521806, 40.46871521833685], [-3.6667735891125175, 40.46876109336891], [-3.6667748042894464, 40.46876468994827], [-3.6667858299848444, 40.46880606762128], [-3.666790708518899, 40.46882225562985], [-3.6667944163359913, 40.468839342280305], [-3.666796638976644, 40.468848194287844], [-3.6668153774101833, 40.46892277057422], [-3.666831255013378, 40.46898598502826], [-3.6668347881169376, 40.46898540608855], [-3.6670871368640956, 40.46894434649796], [-3.6672846745157117, 40.46891219736363], [-3.6673388442426034, 40.468902875647025], [-3.6674046875981987, 40.46889190992944], [-3.66752373784342, 40.46887207837996], [-3.6675721305211706, 40.46886306919592], [-3.6675837873644803, 40.468860920796686], [-3.6676918763620856, 40.468840828060046], [-3.6678194878260015, 40.46881478461272], [-3.667880232474596, 40.468802361602975], [-3.6679214216701874, 40.46879852000225], [-3.667962865113628, 40.468800100319356], [-3.6680033470861466, 40.46880702849937], [-3.668041698067752, 40.46881913112325], [-3.6680767937540915, 40.46883603631474], [-3.6681076030403377, 40.468857254543316], [-3.668133246908318, 40.46888216927439], [-3.6681529514232643, 40.468910055258426], [-3.6681661658667375, 40.468940095865484], [-3.6682135974566727, 40.469088812054174], [-3.668225812562927, 40.46913108360648], [-3.6682282877307655, 40.46914278096098], [-3.668232546218222, 40.469158260782834], [-3.66829578618754, 40.46914645375653], [-3.6683831961302538, 40.46944635250485], [-3.6684335442808105, 40.46961906964155], [-3.668437131142308, 40.46963104884853], [-3.6684799037176834, 40.46977375584083], [-3.668500679738071, 40.469846608348455], [-3.668497149998983, 40.46984752966054], [-3.6685200707815477, 40.46989874822803], [-3.6685341781486973, 40.46994980155236], [-3.6685359767788066, 40.46995631364417], [-3.668641243007223, 40.47034128868539], [-3.668651224577139, 40.47039618566206], [-3.668662448278888, 40.4704573817307], [-3.668667309516673, 40.470471767960234], [-3.6686708481227144, 40.47048363032055], [-3.6688515528487207, 40.47108961815799], [-3.668879570925474, 40.47117774391841], [-3.6689156380579013, 40.47136492174659], [-3.6689193019555915, 40.47137751309867], [-3.668926629755148, 40.47140269580237], [-3.668943698177977, 40.471458452624795], [-3.6689596138620506, 40.47151691880648], [-3.6690143760381693, 40.47168597045176], [-3.6690148639666424, 40.4716875892418], [-3.6690839194990033, 40.47191799927638], [-3.669096135686696, 40.47196027070765], [-3.669143776285705, 40.47212485901956], [-3.6691794617602045, 40.47223543569212], [-3.669181506354348, 40.47224175715869], [-3.6691912919213725, 40.47227683547588], [-3.669217664685249, 40.47237499764087], [-3.669220237005543, 40.47238456828825], [-3.6692268149961635, 40.47240906161901], [-3.669236138609118, 40.47244513359244], [-3.6692469090593196, 40.47248435032574], [-3.669261594675299, 40.47253768846568], [-3.669290108054598, 40.472641126477825], [-3.6692990411806643, 40.47267350702937], [-3.669375859241556, 40.47291324122039], [-3.6694353887496183, 40.47309884150895], [-3.6694414925902543, 40.47311952677778], [-3.6694560863534793, 40.473163586183674], [-3.669457776746781, 40.473168684476434], [-3.6694361223610126, 40.473172710781064], [-3.669447132551218, 40.47321228646043], [-3.6694607234300234, 40.47326701828918], [-3.6694667937365977, 40.47329145148003], [-3.6694778450323313, 40.473335162032704], [-3.6694864495115658, 40.473370066979534], [-3.6694770268769696, 40.47337156299288], [-3.669499020633907, 40.47344802081305], [-3.6695051692646805, 40.47347321030046], [-3.669514910449042, 40.47350378435648], [-3.6695222566081576, 40.47353076869897], [-3.6695528656692824, 40.47364320345243], [-3.669557763128761, 40.473661193011985], [-3.6695919917274797, 40.473781714852805], [-3.669644958550363, 40.473769696334436], [-3.669653582863634, 40.47380658312325], [-3.6696842431289696, 40.47392532381451], [-3.6696855061542086, 40.47393252366817], [-3.6697086709288054, 40.474008064749746], [-3.6697324939183713, 40.474088106493795], [-3.669905162897774, 40.47466818400702], [-3.6699514487498965, 40.474814761826835], [-3.6700124368059432, 40.47501620907096], [-3.670051893860713, 40.47514986252954], [-3.670064158931735, 40.47518506151341], [-3.6700648631893493, 40.47518707543816], [-3.670071427638587, 40.47520658683001], [-3.670096221284674, 40.47528924446149], [-3.670096343459205, 40.475289667174394], [-3.670099057962859, 40.47530046219146], [-3.670111938721017, 40.475351306167305], [-3.6701170379602925, 40.475368204442944], [-3.6701183434485696, 40.475372548202685], [-3.670276046732605, 40.475900261614946], [-3.6702797111419843, 40.47591285291005], [-3.670300410455993, 40.47597759738877], [-3.6703126186201187, 40.47601653538961], [-3.6703381806116475, 40.47609809841603], [-3.6703698285648345, 40.476196112535206], [-3.670390955556718, 40.4762765571324], [-3.670415196706252, 40.47636882143536], [-3.6704175560482546, 40.47636880774999], [-3.670437706418065, 40.476431708545704], [-3.670444342182095, 40.47645243570772], [-3.670449213210169, 40.47646772268499], [-3.670457659104256, 40.47648659250899], [-3.6704945465327308, 40.476614359816004], [-3.670497393486731, 40.47662422612973], [-3.6704992018701126, 40.476630494884226], [-3.670581005381008, 40.4767348485556], [-3.6705828457463365, 40.476737216243386], [-3.6705426262973315, 40.47673583698377], [-3.6703589833112704, 40.47672952392297], [-3.670468157069457, 40.47683034056157]]], [[[-3.63486028988014, 40.47825696803971], [-3.634865042673845, 40.47826054552017], [-3.634868598783399, 40.47826232778025], [-3.6349336034780104, 40.47830606959122], [-3.6349695193887537, 40.47833024153849], [-3.6350865314966057, 40.478227797296476], [-3.6350542545433018, 40.47820418196463], [-3.6350437647759737, 40.4781965008974], [-3.6353142230159445, 40.47797699752573], [-3.6353352963968733, 40.47795976464764], [-3.635359051896924, 40.47797675110103], [-3.6354787449032893, 40.477908516791494], [-3.6361405704870577, 40.477531012842896], [-3.6362344446961976, 40.47747734321023], [-3.636301313287718, 40.47743733563257], [-3.6363669595734383, 40.477392830261614], [-3.6363939224789252, 40.47737466386552], [-3.636502465608004, 40.47730028270565], [-3.6368299691455532, 40.47707586702963], [-3.6371957417879512, 40.47683150980467], [-3.637222704244919, 40.47681334321686], [-3.637236775311165, 40.47680425666857], [-3.6372594430924594, 40.476788546172166], [-3.637259536871114, 40.47678848259233], [-3.6373035830103455, 40.47675794256603], [-3.6373476704600676, 40.47672553743835], [-3.637349275554164, 40.47672435742119], [-3.637347885781698, 40.476723356080335], [-3.637419128742907, 40.47666701749656], [-3.6374224426265958, 40.476664395628234], [-3.6375739097865987, 40.47654463277544], [-3.636995391614526, 40.4761106983709], [-3.6350492692873266, 40.47473517907664], [-3.6339239855609935, 40.47388807138309], [-3.633826560786803, 40.473814732088584], [-3.6332849303470867, 40.473406990834405], [-3.6322616815435222, 40.47259591104178], [-3.6307435569594997, 40.47130473245268], [-3.6298825713420495, 40.47055049315312], [-3.6297223769311384, 40.47063389731353], [-3.62970481489623, 40.47064303801091], [-3.6295761010384764, 40.47070963086787], [-3.629567003113192, 40.47071437410258], [-3.6287856157607226, 40.47109330208573], [-3.6287941959263468, 40.471255624265176], [-3.628799769942837, 40.47136124225403], [-3.628858502366506, 40.47144822874722], [-3.6289458238339796, 40.47157756401204], [-3.628864654748757, 40.471613302849946], [-3.628859238738132, 40.47161568366109], [-3.628695196683464, 40.47168790015356], [-3.6287081782876816, 40.47170238805262], [-3.628730624892914, 40.47172743704233], [-3.628767629328873, 40.471774073430204], [-3.6288151713945793, 40.471836229003], [-3.6288595847523246, 40.47189430249244], [-3.629050565653651, 40.472133802993916], [-3.629097108364903, 40.47219120714391], [-3.6291542407386346, 40.472262103135876], [-3.629278519512239, 40.47241634497378], [-3.629304782133256, 40.472449535206415], [-3.629322694979482, 40.47247286101977], [-3.629382356894335, 40.4725455088814], [-3.6294384632698966, 40.472616374278296], [-3.6295077053842, 40.47270428516317], [-3.6295852857617787, 40.47280206046154], [-3.62963896939276, 40.47286483087402], [-3.629646113583959, 40.472871909047846], [-3.629653257440071, 40.47287895118711], [-3.629842569751559, 40.473065522666985], [-3.629849731662158, 40.473074492616576], [-3.629952534657876, 40.473218976890806], [-3.629976413417174, 40.47324947726448], [-3.6299943519689437, 40.473275505522594], [-3.630011068809515, 40.47329703594863], [-3.6300576720918896, 40.4733607456506], [-3.630092310757902, 40.47340650260508], [-3.6300953942070233, 40.47348396299531], [-3.6302553007489062, 40.47367947782827], [-3.630422269361091, 40.473873170135384], [-3.6306154184889623, 40.474091034579004], [-3.63078471464614, 40.47428110104629], [-3.630801170644941, 40.47427470495367], [-3.630926845803474, 40.47441726169781], [-3.6312365577201513, 40.4747867403984], [-3.6315216851006564, 40.475125722058365], [-3.631665099272797, 40.475297730479504], [-3.6316902083295917, 40.47529570136737], [-3.6317454974172065, 40.47534179539131], [-3.6317169365592674, 40.475365735186834], [-3.6317027833761597, 40.47537869537356], [-3.631777386936317, 40.47542126040695], [-3.6317975458387477, 40.4754323123317], [-3.6318721982723483, 40.475505246284264], [-3.631946849938815, 40.47557808109288], [-3.6319276081433047, 40.47558935742419], [-3.6319629145208503, 40.47561799309649], [-3.631928566498478, 40.475641243868054], [-3.6320066132308324, 40.475711267292006], [-3.6320465888408133, 40.475747174673685], [-3.6322043917717033, 40.475918473088186], [-3.632329060707293, 40.47605372748238], [-3.6323596962150524, 40.47608744261753], [-3.6323612500771394, 40.476089596269304], [-3.632870021077666, 40.47662463814489], [-3.6330414845975105, 40.47679665337029], [-3.633052592869834, 40.47680743032027], [-3.633058188169468, 40.476812805055935], [-3.633403319846342, 40.47713252539779], [-3.6334776773153656, 40.47719879326324], [-3.6334806519524747, 40.47720147965051], [-3.6335710115927773, 40.47727575881086], [-3.633774323630016, 40.47744311186698], [-3.6337802644784576, 40.477447583775096], [-3.6338028227665573, 40.47746277532209], [-3.634216502927999, 40.47779473882927], [-3.634259978529624, 40.47782621182723], [-3.6343079675753467, 40.47786090326716], [-3.6343305430781343, 40.477877896408785], [-3.6343388518926294, 40.47788325618845], [-3.63486028988014, 40.47825696803971]]], [[[-3.661101799523817, 40.4820678334718], [-3.66118593192937, 40.482005109329535], [-3.6613793032329465, 40.4818532200525], [-3.661380424847822, 40.481852096523674], [-3.6639417640390826, 40.47927858810036], [-3.6648665656175803, 40.4783493310443], [-3.6649309582584966, 40.47827644749168], [-3.6649590717744345, 40.47824889851201], [-3.665028168826456, 40.47817933016223], [-3.665094169554316, 40.47810804085923], [-3.665157027486147, 40.4780351029474], [-3.665216649051901, 40.477960598050984], [-3.6652657345614332, 40.47789439696719], [-3.6654418392689525, 40.47761012345667], [-3.6654641652670836, 40.47756760775461], [-3.6655031599755716, 40.47748553682385], [-3.6655385468385555, 40.47740250467748], [-3.665570279747928, 40.47731861969182], [-3.665598324215246, 40.477233972157975], [-3.6656302153807663, 40.477135068304534], [-3.665657603851674, 40.47703537956695], [-3.6656804199338495, 40.476935014457304], [-3.665698641477167, 40.476834117249176], [-3.6657122694806232, 40.47673278703751], [-3.6657212581123697, 40.476631159222265], [-3.665725620346784, 40.47652935084625], [-3.6657253338570692, 40.47642748816397], [-3.665720411706697, 40.47632569722558], [-3.665713677016825, 40.47625419584733], [-3.665640751400526, 40.47583429370174], [-3.6654484728768533, 40.475048612077195], [-3.6654377870046644, 40.47500463778307], [-3.6654080008400967, 40.47488171978906], [-3.665323976625851, 40.47487642874928], [-3.6652406617867856, 40.47486651196665], [-3.6652404840397113, 40.474866431909014], [-3.6651568993902015, 40.47485547157897], [-3.6650213637374844, 40.47483769303202], [-3.6649062796476644, 40.47481943631595], [-3.664816450682163, 40.474802115296335], [-3.6647800367666674, 40.474794126585216], [-3.664728952533272, 40.47478188892394], [-3.6646627148600035, 40.47476426093268], [-3.6645830840916087, 40.47474030453995], [-3.6645379886726652, 40.47472524858813], [-3.664507187045477, 40.474713344658454], [-3.6644420831253397, 40.47468984518569], [-3.6643871168203637, 40.474666737850974], [-3.6642961145257837, 40.47462608995051], [-3.6642206960333414, 40.47458661367656], [-3.664180956131875, 40.474564319634986], [-3.66415117139386, 40.47454665303738], [-3.664106783900677, 40.47451961092442], [-3.664097337597038, 40.47451274631558], [-3.6640970999826794, 40.4745125765105], [-3.6640828415253988, 40.474502226053325], [-3.6640827820996393, 40.47450218134994], [-3.663938547594968, 40.474396424907205], [-3.663925769399519, 40.47440460637846], [-3.6638922748619964, 40.47442948334124], [-3.663891127156561, 40.4744303367764], [-3.6637388419975023, 40.47454325590305], [-3.6636459387366163, 40.47460782510413], [-3.6635884203471654, 40.47464779480006], [-3.663562859779097, 40.474666148668724], [-3.6635327540179814, 40.47468776284376], [-3.6634649279548888, 40.47473644025933], [-3.6634644477590057, 40.47473679436544], [-3.663462257785403, 40.47473842855026], [-3.6634043652729904, 40.4746912655895], [-3.663347157211623, 40.47464411668883], [-3.663315599595997, 40.474617703336286], [-3.6633133518103422, 40.47461586038941], [-3.6632947058575223, 40.474629579943546], [-3.663214824197207, 40.47468796599034], [-3.6632005705790487, 40.474698480160576], [-3.663138594527768, 40.474743448159636], [-3.6630781293242403, 40.47478730836389], [-3.663049431837627, 40.47480819361656], [-3.663017805599494, 40.47483116772473], [-3.662958417539091, 40.474874210880216], [-3.6628984440089334, 40.47491770781113], [-3.6628843883522166, 40.47492796855574], [-3.6628378858925648, 40.47496174860124], [-3.6627883375591557, 40.47499770824603], [-3.6627779130924587, 40.47500533555479], [-3.6627553061932687, 40.47502177141544], [-3.6627161822545946, 40.47505010372283], [-3.6626765899656037, 40.47507879906078], [-3.6626566776147027, 40.475093327570185], [-3.662650001431231, 40.47509823068773], [-3.662645549756079, 40.475101409347964], [-3.6625964948111287, 40.47513717689312], [-3.662472454301758, 40.475230292878], [-3.6623670804588335, 40.47530939191376], [-3.6623382006894323, 40.47533098073282], [-3.6618389109311904, 40.4756929832386], [-3.661909793184138, 40.475753477924826], [-3.6619703726202673, 40.47580516675481], [-3.661963661899851, 40.475810169128785], [-3.661962139839299, 40.47581134901145], [-3.6619540665177137, 40.475818151972774], [-3.6619657218871144, 40.47582772481038], [-3.6619741059339512, 40.475834541622206], [-3.6618961363059843, 40.47588606898739], [-3.66186952900563, 40.47590364469418], [-3.6618502363609706, 40.47591644880263], [-3.661857941894393, 40.47592264788968], [-3.6619409425285103, 40.4759893794328], [-3.6619754977347765, 40.47601709129446], [-3.662031077962321, 40.476061835784456], [-3.6625334918218613, 40.476466342215275], [-3.6627615330442573, 40.47664602485144], [-3.662854172372107, 40.4767209887006], [-3.6629457740297307, 40.476798381836886], [-3.6635451576538403, 40.47728503882133], [-3.6641956053067983, 40.477804723342906], [-3.664224322732808, 40.47782766629161], [-3.66419692290084, 40.47785103083586], [-3.6641290900740264, 40.47790887077212], [-3.6640931145212368, 40.47793954579047], [-3.6639410106937054, 40.47806923877376], [-3.663845050093597, 40.47814727604612], [-3.6638393838198473, 40.478155317556656], [-3.663825270195881, 40.47817531742971], [-3.6638158946729407, 40.47818167754973], [-3.663619105856202, 40.478325149192024], [-3.6635900486116215, 40.47834677536953], [-3.6635899060710493, 40.47834667708938], [-3.663589826063837, 40.478346938808556], [-3.6635627598459584, 40.47836708508729], [-3.663555747596079, 40.4783606479042], [-3.6629538454150357, 40.47773888013049], [-3.662892499809071, 40.47767552061954], [-3.6628881930843087, 40.4776706624636], [-3.6627441782893464, 40.47777251484325], [-3.6627184286840047, 40.477793383102394], [-3.6625274839959108, 40.47793141401158], [-3.6624508130128124, 40.47798683517256], [-3.662483461198536, 40.478013647895494], [-3.6624858471673103, 40.47801633690746], [-3.6624870445793363, 40.478018131836066], [-3.6624870622896295, 40.478019933526646], [-3.662487079999924, 40.47802173521723], [-3.662487086641285, 40.478022410851196], [-3.66248709771022, 40.478023536907806], [-3.662485935718625, 40.478025345360365], [-3.6624835940250335, 40.47802716057486], [-3.662312552670849, 40.47814976180744], [-3.662284044781423, 40.47816969983436], [-3.6622749259833443, 40.478162580954], [-3.6622429922441317, 40.47813763794289], [-3.6621584893714116, 40.47819929293986], [-3.6620987492156822, 40.47824287819114], [-3.662019122101392, 40.478303694347936], [-3.661960310221638, 40.478345715660105], [-3.661949633575056, 40.47835415514185], [-3.6618509211691865, 40.47843217048497], [-3.6619658498137078, 40.47852534061275], [-3.6619705590740677, 40.478529142448544], [-3.6619706067934135, 40.478529196229005], [-3.661976991569115, 40.47853422269554], [-3.661990260406983, 40.478544660153105], [-3.661986137703758, 40.47854892698651], [-3.661971786317451, 40.478559198318464], [-3.661972078502282, 40.47855891736721], [-3.6619708842220815, 40.478559843121346], [-3.661966221001846, 40.47856313107326], [-3.661958019296638, 40.47856890774624], [-3.6618783651311952, 40.47862702127075], [-3.6618725019568132, 40.47863065843109], [-3.6618443657883466, 40.47864883747277], [-3.6618162649902177, 40.47867061988892], [-3.6617506610085058, 40.47871784211902], [-3.661731918260451, 40.47873146287016], [-3.6616572070150903, 40.47878837677632], [-3.661651811608638, 40.478804812979], [-3.661697319908716, 40.47881364248721], [-3.6617469741215074, 40.47882416895111], [-3.661736651526005, 40.47885305672348], [-3.6617332185203, 40.47886388713031], [-3.66171141421025, 40.478926173787116], [-3.6617068103238806, 40.478937911792535], [-3.661676995581835, 40.479025469389086], [-3.6616563443569885, 40.4790850467449], [-3.661625376296479, 40.47917531361638], [-3.6616047338254787, 40.47923579180741], [-3.661583186715172, 40.47930026614128], [-3.6615760808619893, 40.47932154093184], [-3.6615542585777527, 40.479382025865924], [-3.6615460546052883, 40.479405613233354], [-3.6615458940419736, 40.47940608261822], [-3.661528396413691, 40.479455227540996], [-3.661523780715146, 40.479468172806286], [-3.6615071808199553, 40.47951382612017], [-3.6614964035108364, 40.479545689426935], [-3.66146154773628, 40.479648591040856], [-3.661459714987319, 40.47965418708398], [-3.6614131662230918, 40.47979184008985], [-3.6613306210641308, 40.48003644619163], [-3.661329898957923, 40.48003860346442], [-3.661199123546692, 40.48042639451537], [-3.6611976340725083, 40.48043090751503], [-3.661119360136991, 40.48066487645624], [-3.6610910374055066, 40.48074953346934], [-3.6610648692244205, 40.48077360192683], [-3.6610269732787573, 40.480808458112975], [-3.661025581922917, 40.4808097453425], [-3.6610220507093802, 40.480812990745264], [-3.6609688646307283, 40.48080337606149], [-3.6609665051289624, 40.4808033895552], [-3.6607197841308805, 40.48075308884486], [-3.6604085046115826, 40.480689607043026], [-3.6602359185990188, 40.48065441310528], [-3.660188640496347, 40.480645683225575], [-3.6601271612172708, 40.480632520951275], [-3.660081062803198, 40.480623775280584], [-3.659835172451157, 40.48057382829157], [-3.659812805682002, 40.48056926231611], [-3.659812711125829, 40.48056924483801], [-3.659794576585631, 40.48056554658444], [-3.659805308328621, 40.48053616116326], [-3.6598178323957877, 40.480501855626926], [-3.659829472214422, 40.48047002359159], [-3.65964392511027, 40.48030387648045], [-3.659531602208098, 40.48020329284758], [-3.6592800795525755, 40.480152674111174], [-3.6589171506977447, 40.480078167634495], [-3.6582622379137493, 40.479944963338696], [-3.6579785118444987, 40.479886218911076], [-3.6579554110867667, 40.47988135945778], [-3.6579075782044934, 40.47987130748318], [-3.6575334107905393, 40.47979095074699], [-3.657531613727518, 40.4797905645765], [-3.6573651924380526, 40.479772547387135], [-3.6572489656935008, 40.479759965218264], [-3.6572469815448034, 40.47975975127746], [-3.6570693071897207, 40.47972500495293], [-3.6568037122620147, 40.479673082445544], [-3.6566216736479147, 40.47963718005877], [-3.6566204939164155, 40.479637186761096], [-3.656533018262709, 40.47961966577743], [-3.656245773370885, 40.47956273886673], [-3.656126392573848, 40.47953999335104], [-3.6561220990156476, 40.47953887358732], [-3.6561027365833825, 40.4795338213704], [-3.6560325309742527, 40.479522111845945], [-3.656001681103613, 40.47951623292868], [-3.6558704332803886, 40.47949122118238], [-3.6558702152688642, 40.47949185304676], [-3.65581486861594, 40.479655265322755], [-3.6556731451645255, 40.48007419324376], [-3.655667009464916, 40.48009230903291], [-3.655655460958787, 40.480126446430674], [-3.6556326812224955, 40.4802103589754], [-3.6555889990711945, 40.480328624125576], [-3.6555706226845004, 40.48038007942648], [-3.6555566593940187, 40.480412194485226], [-3.6555564285276354, 40.480412718314334], [-3.6555521586382156, 40.48042252626247], [-3.655574635147223, 40.48042870504455], [-3.655672253397128, 40.48045788085685], [-3.655686807222606, 40.48046221268116], [-3.655940255033779, 40.48053744078757], [-3.656768984593531, 40.48078255287901], [-3.656965518306421, 40.48084062475268], [-3.6570879828252107, 40.48087686529553], [-3.657101472417098, 40.48088093272275], [-3.657625190662863, 40.481037772878445], [-3.657672521561655, 40.48105191788925], [-3.657990817088822, 40.481146502071184], [-3.6580315221426694, 40.481158702685455], [-3.658110801691216, 40.481182395286034], [-3.658452534259109, 40.481284682526834], [-3.658754272144273, 40.481374944538736], [-3.6591524505282296, 40.48149420515737], [-3.6598029086611557, 40.481688870845055], [-3.6599491645254134, 40.48173263013301], [-3.6600331838913016, 40.48175827631486], [-3.66034722911375, 40.481851887268334], [-3.660881604094697, 40.482011084137326], [-3.6608922573834284, 40.48201462680144], [-3.660962067165471, 40.482034948185614], [-3.6610164957590974, 40.48205085302133], [-3.661082660466934, 40.48206401504289], [-3.6610827191904494, 40.48206398768011], [-3.661101799523817, 40.4820678334718]]], [[[-3.6631824694871873, 40.50183258784841], [-3.663693032583967, 40.50255015436692], [-3.663818647563663, 40.50250173063102], [-3.665770935286668, 40.50174910148921], [-3.6664571195328746, 40.501484554174624], [-3.6664597372329975, 40.50148789940657], [-3.6665448114412453, 40.501455210856996], [-3.666903695464865, 40.501317330818004], [-3.66815450323545, 40.500836596774185], [-3.6684572534341426, 40.50072026146881], [-3.669169828976597, 40.50044505899849], [-3.6697333274652513, 40.50022742735899], [-3.669691976534078, 40.500123172482304], [-3.6696906768836812, 40.50011708998092], [-3.669500028829522, 40.49962386591338], [-3.6693977228032137, 40.49935919075068], [-3.6694806517708782, 40.49929037766209], [-3.6697243906040424, 40.499091453708765], [-3.6699287712423305, 40.49892463098388], [-3.670065722927147, 40.4988128470256], [-3.6705251361664457, 40.498419285040875], [-3.6705534540651055, 40.49839506689894], [-3.671681468242352, 40.49742869612409], [-3.672085493382569, 40.497068350397655], [-3.6723860795255425, 40.49680027096872], [-3.672444914364231, 40.49674778496263], [-3.67304341248755, 40.496216440762325], [-3.6730668768631336, 40.496195610596054], [-3.673139492307002, 40.49613114317755], [-3.67317912480602, 40.49609388562383], [-3.6734440028537843, 40.49586927229296], [-3.6735459586622863, 40.49578281400975], [-3.67362005254706, 40.49572231060814], [-3.673688361960365, 40.4956757686847], [-3.673873128810483, 40.495657115030895], [-3.6740163634298266, 40.49564973024621], [-3.674237842314619, 40.49562400609396], [-3.6742630996588823, 40.49562084074392], [-3.6744029517158885, 40.49560328611572], [-3.6745630425187676, 40.49557989251636], [-3.6747392722615415, 40.49555135045946], [-3.674900781588734, 40.49552233554712], [-3.6750505374122655, 40.495494515180646], [-3.675143749044171, 40.49547543930626], [-3.675266316257561, 40.49545002071682], [-3.6754753549929835, 40.49540183554863], [-3.6754961990713637, 40.49539870473312], [-3.675486924480398, 40.495361128643026], [-3.675486116168688, 40.49532289045988], [-3.6754937971246133, 40.49528510715682], [-3.6754945984611105, 40.495282643035075], [-3.675495332340268, 40.495280512638004], [-3.675508281304677, 40.49525145522194], [-3.6755072100340156, 40.49525171373374], [-3.6753579730208874, 40.49528765771468], [-3.675273193573425, 40.49530617098277], [-3.6751789830947383, 40.495325640181115], [-3.675102445504928, 40.495342303386245], [-3.6750215226645495, 40.49535825342254], [-3.6749680177076827, 40.4953688000744], [-3.6749291992043167, 40.49537645014519], [-3.6749054675532156, 40.49538112023094], [-3.6748904513116094, 40.495384081772684], [-3.6748775665413342, 40.495386598436696], [-3.6748143086220466, 40.495398949703855], [-3.6747667856522024, 40.49540822710929], [-3.674663116802659, 40.49542594932595], [-3.6745629788872445, 40.49544274994674], [-3.674469875842257, 40.495455004959204], [-3.674432274135172, 40.49546044057384], [-3.674396380992908, 40.495465622964765], [-3.674282444544973, 40.49548208945289], [-3.6742294886253, 40.4954897406931], [-3.6741092813972838, 40.49550575711254], [-3.6740816826292133, 40.495508431585996], [-3.6740553571827546, 40.495510990518916], [-3.674030293167992, 40.495513424972614], [-3.6739911188285808, 40.4955185543034], [-3.673965474000159, 40.49552191104127], [-3.6739540566510205, 40.49550479759476], [-3.673939117272568, 40.495482425453034], [-3.6739379102264906, 40.49547972981294], [-3.6739345049385808, 40.49547552448282], [-3.673917597767776, 40.49545462326014], [-3.6738983610351355, 40.49543205995805], [-3.6738763286915406, 40.49540843188238], [-3.67384968823547, 40.49538657840397], [-3.673821125209124, 40.49536599737926], [-3.6737940166726792, 40.49534689434075], [-3.673735633355806, 40.49531334312318], [-3.673721410257145, 40.495307119789025], [-3.673700071108802, 40.495297334364174], [-3.6736704449259134, 40.49528489456373], [-3.673617164672944, 40.49526718727432], [-3.673364253972979, 40.49510212206608], [-3.673363719461421, 40.49510177383216], [-3.673297474840372, 40.495058529540756], [-3.6733374058574357, 40.49502287377805], [-3.6733853624392, 40.494980252379406], [-3.673449580116427, 40.49492345524357], [-3.673460224667862, 40.49491405095208], [-3.673503385634865, 40.49487570966554], [-3.673527480837096, 40.49485429915438], [-3.673553318810043, 40.494831337953634], [-3.6736706247533575, 40.494727105551405], [-3.673685479459926, 40.494713901954626], [-3.6737725258483467, 40.49463655731986], [-3.673781822873192, 40.49462811580145], [-3.6739163667238284, 40.49450599000595], [-3.673923380770857, 40.49450054374529], [-3.6739278305634464, 40.49449710341146], [-3.6739280764680493, 40.49449691278992], [-3.6739584947471378, 40.49447060950094], [-3.674021925752202, 40.49441666345431], [-3.674031029149351, 40.49440892574164], [-3.674087184429872, 40.49435904908574], [-3.674112909693315, 40.494335475808796], [-3.6741363020183244, 40.494314618814336], [-3.674157352393571, 40.49429557726312], [-3.674184407743737, 40.49427167188958], [-3.674308020218636, 40.49415163641297], [-3.674365916115146, 40.494100037767176], [-3.6745363316134627, 40.49394141393888], [-3.6745641806632405, 40.49391548584214], [-3.674581612632413, 40.49389925810232], [-3.6745900061952947, 40.493891353318865], [-3.674668749698972, 40.493831173439546], [-3.6746882706496033, 40.493816158703154], [-3.6747004142343713, 40.493806826625395], [-3.674759000617298, 40.493761782252726], [-3.6747862620465397, 40.4937408214548], [-3.6747968670580295, 40.493732219064974], [-3.6748615742515507, 40.49367976058484], [-3.6749271382356232, 40.49362802678806], [-3.6750524382746903, 40.4935318002705], [-3.6750828647083944, 40.4935063975288], [-3.6750942827131103, 40.49349650208504], [-3.6751263684584035, 40.49346358519771], [-3.6751259270561434, 40.493461930132625], [-3.674981908827117, 40.492837163998566], [-3.674593120261201, 40.49115050192937], [-3.67458087097048, 40.49109738466664], [-3.6745938478332443, 40.49110296653224], [-3.674554241427577, 40.49096452314704], [-3.674533723180642, 40.490892823659216], [-3.674515415792585, 40.49082979587875], [-3.674429718894429, 40.490535730782284], [-3.674400730275585, 40.49043472957555], [-3.6743579452763524, 40.49028633175938], [-3.6742755449367426, 40.49000553546695], [-3.6741966881874686, 40.489736826442844], [-3.6741734586530765, 40.48965588150153], [-3.674172428982459, 40.48965557219517], [-3.6738785068507585, 40.48956562043541], [-3.6737544666982447, 40.4895276952812], [-3.6736611646392445, 40.489637247342344], [-3.673612185215943, 40.48969519004411], [-3.673473415731701, 40.489859961481194], [-3.6733439497858296, 40.490011165135776], [-3.6731815177458933, 40.49016976782121], [-3.6731472372885636, 40.49016366123799], [-3.6731283136926063, 40.490159266988826], [-3.6731117499225197, 40.490154858992334], [-3.6730868997710457, 40.49014779657237], [-3.6730643914469465, 40.4901389187209], [-3.6730561050660397, 40.49013626429762], [-3.6730442519514135, 40.49013092796365], [-3.6730300210163986, 40.49012380368809], [-3.67301933881734, 40.490117559638776], [-3.6729803226996682, 40.49009333658099], [-3.6729741962246627, 40.49008719212401], [-3.6729699902048107, 40.4900819373777], [-3.6729670267707797, 40.49007822493315], [-3.67296219014236, 40.490066541476246], [-3.672961811771638, 40.49006528242806], [-3.672959749331424, 40.490058447644], [-3.6729572185320114, 40.49004134539682], [-3.6729570169566057, 40.49002116654744], [-3.6729581194753718, 40.49001341244008], [-3.6729649289610475, 40.48998634597191], [-3.6729729723442723, 40.48996467768163], [-3.6729775299931937, 40.48994843505191], [-3.673016467914123, 40.48983019120411], [-3.673054207796882, 40.48971015253031], [-3.673085430460196, 40.48961218766464], [-3.6731034045389905, 40.489555813145586], [-3.673114771510158, 40.489512504031715], [-3.673137496408627, 40.48942498495846], [-3.673149935219796, 40.48937085886955], [-3.6731646707954515, 40.489310413142974], [-3.6731928989623053, 40.48918322266466], [-3.6732199471333393, 40.48905603905058], [-3.6732480400590553, 40.488915335930734], [-3.673278465637974, 40.48877191652951], [-3.673305659244735, 40.48861681333186], [-3.67335540241749, 40.488333111242355], [-3.6730269765812573, 40.488137142882344], [-3.673026194083166, 40.488136769063644], [-3.67300603402406, 40.48824477754915], [-3.6729818751795933, 40.48837417852371], [-3.6729498172302746, 40.48851487765341], [-3.6729497267988895, 40.4885152745734], [-3.672892913619249, 40.48876469358291], [-3.6728499345086356, 40.48894494244912], [-3.6728498885726135, 40.48894506884174], [-3.672837193359457, 40.48899834955496], [-3.6728340635614996, 40.489008692021976], [-3.6728007225240082, 40.48911903843736], [-3.6727953884812354, 40.48913669998578], [-3.6727079367277904, 40.4894186483418], [-3.6726105424181696, 40.48970231212967], [-3.6726007162922003, 40.489730981708206], [-3.6725804419167436, 40.48978155876944], [-3.672492632600244, 40.490000671666316], [-3.672464851462398, 40.49006996791668], [-3.6724253689741113, 40.49015504383181], [-3.6723555290271026, 40.49030550304586], [-3.672349337390342, 40.49031883626033], [-3.672227664941934, 40.490561992598224], [-3.672220353299058, 40.490576611589184], [-3.6721543601640736, 40.49069759807886], [-3.672154070486859, 40.49069813129095], [-3.672140130217714, 40.490723689643474], [-3.672106328095616, 40.49078565150635], [-3.672063957709658, 40.49085456403181], [-3.672063911141797, 40.490854627365174], [-3.671981423314842, 40.490988844701754], [-3.671959663377135, 40.49102425022288], [-3.6719493353258867, 40.49103931916309], [-3.6718490671853052, 40.491185639684076], [-3.67180520781055, 40.49124965089626], [-3.6717473020515397, 40.491326248141455], [-3.6716754552302504, 40.491421268577426], [-3.6716314315931595, 40.49147948792989], [-3.6714402766497556, 40.491715641831085], [-3.6711838128297387, 40.491996228416795], [-3.6710968431959023, 40.49208597599511], [-3.670986548285611, 40.49219980468667], [-3.6706510532901873, 40.49250750633908], [-3.6704746002519744, 40.492657628053614], [-3.6701924511945023, 40.49289430772776], [-3.6701259149724916, 40.49294587331884], [-3.670020501572351, 40.49302759195467], [-3.670019728710898, 40.493028191025154], [-3.6694993316159596, 40.49344456386571], [-3.669498968690398, 40.493444854254065], [-3.6692461141115498, 40.49364716397573], [-3.669085859723877, 40.49377261337491], [-3.6687000102853258, 40.49407466394677], [-3.6685387349675125, 40.49420089325803], [-3.6681969837973187, 40.494468894520544], [-3.667917653590942, 40.49468794884724], [-3.667892841068644, 40.49470740740009], [-3.6676074482758616, 40.494932910369535], [-3.66760096154182, 40.49493803788885], [-3.668093199970473, 40.49530071273477], [-3.6680599872486965, 40.49532276040191], [-3.6676024158505767, 40.495626474081284], [-3.667601266942266, 40.49562723746851], [-3.6668865654818634, 40.49610159410284], [-3.6668021313135655, 40.49615532408948], [-3.6667947901502673, 40.496159988028346], [-3.666420766454639, 40.496397783061504], [-3.666030243087102, 40.49665832042365], [-3.665761316827679, 40.49686302136667], [-3.6654027900199804, 40.49713643521525], [-3.6650647505303864, 40.49741737862676], [-3.6646412788383693, 40.49777116312292], [-3.6642573926343585, 40.498094718795905], [-3.6638338026956876, 40.49842539308808], [-3.6634268347298256, 40.498753474923774], [-3.6633829169295202, 40.49878889789077], [-3.6629978646072976, 40.49909949219535], [-3.662494446233991, 40.49955463639184], [-3.6619910212447953, 40.50000979643008], [-3.661968552437065, 40.500133590672185], [-3.661995931096062, 40.50017191096515], [-3.6620305730085088, 40.50022036972952], [-3.6620597467620506, 40.50026121123139], [-3.6620921754830658, 40.50030661962063], [-3.662092570227604, 40.500307157894625], [-3.662095896851177, 40.50031181446833], [-3.662138628296515, 40.500371614134195], [-3.6623048884055347, 40.500604325917955], [-3.6624244925816685, 40.500771737938244], [-3.6628179394224802, 40.50132237772661], [-3.6631824694871873, 40.50183258784841]]], [[[-3.690083497490854, 40.50669108879212], [-3.6900809763463056, 40.50673299527017], [-3.69007857144722, 40.506843819199524], [-3.690078334059995, 40.50687823464519], [-3.6900780929794403, 40.50691228975637], [-3.6900740293073047, 40.50709158227646], [-3.6900741308740477, 40.50710149146819], [-3.6902546468319017, 40.507095017024355], [-3.6906593182709897, 40.50707908579069], [-3.690665219290677, 40.5070790505222], [-3.6907313007934874, 40.50707653846045], [-3.6907837554657337, 40.50707454925569], [-3.690786926024656, 40.50698439618438], [-3.6907869807542464, 40.50698282830731], [-3.6907893411586863, 40.50698281419736], [-3.6907892302442407, 40.506972004171416], [-3.690792573860231, 40.506837751460885], [-3.6907924049295215, 40.50682243732762], [-3.6907930455995954, 40.50678365014999], [-3.690793146589545, 40.50677738835536], [-3.6908067958201625, 40.5067756040786], [-3.6908720946089253, 40.50676700659422], [-3.6909793750301274, 40.506753752699154], [-3.691187220715849, 40.50672501453064], [-3.691224523287307, 40.50671985452862], [-3.6914170372861457, 40.50668654103877], [-3.6914672276302145, 40.506677862444896], [-3.6914696263380447, 40.506679280508195], [-3.691480943095574, 40.506685978481805], [-3.691540911298448, 40.50672147508396], [-3.6915681643129137, 40.50673761811412], [-3.691640873321533, 40.50666795851721], [-3.691644788667312, 40.506664205395474], [-3.691683988938781, 40.50662663785499], [-3.6916873783743775, 40.50662339237846], [-3.6916862970850386, 40.50662268714685], [-3.691635098108821, 40.50658947144244], [-3.6917725886189503, 40.506429911511276], [-3.691932518974643, 40.50624429842494], [-3.6921466135815333, 40.50599583888442], [-3.692263865787197, 40.50585976868255], [-3.69244911458473, 40.505644778295554], [-3.692526523773906, 40.50555493703929], [-3.692739855895366, 40.505307354813695], [-3.692745454174902, 40.505300852857104], [-3.692743724635491, 40.50530023260141], [-3.6926967674454065, 40.505283487244164], [-3.6926327049353143, 40.505260655271776], [-3.69261870313529, 40.50525566717706], [-3.6925904172528266, 40.50524808003534], [-3.692589115450444, 40.50524773648995], [-3.69256186958288, 40.50523798997871], [-3.6925608500953206, 40.50523755465197], [-3.692537059449945, 40.50522752616909], [-3.692509605962045, 40.505215952080995], [-3.6925049712032405, 40.50521400690399], [-3.692454020038561, 40.5051944926196], [-3.69236986666115, 40.50515986209835], [-3.6921909108628426, 40.505087961984415], [-3.6919906382709233, 40.50500897310377], [-3.6918140529533146, 40.50493796810771], [-3.691695536605514, 40.504890029438215], [-3.6915722905145905, 40.50484121806047], [-3.6915273920531835, 40.504822613078176], [-3.691471541720789, 40.50479947906612], [-3.6913001854269196, 40.50472267628829], [-3.691265231278356, 40.504707011682164], [-3.6912587080167607, 40.50470389758418], [-3.6911869522712717, 40.504669651489834], [-3.6911835501343053, 40.504668203385975], [-3.691114857227248, 40.504639137068885], [-3.6910861947237574, 40.50462701131841], [-3.691058912338388, 40.50461366110465], [-3.691030394331467, 40.50459491292649], [-3.6910279970297095, 40.50459132369738], [-3.691011457173447, 40.504574756115105], [-3.691010109725137, 40.50457341283565], [-3.690992176206137, 40.50455099779182], [-3.6909789171127105, 40.50452405033964], [-3.6909727574706963, 40.50449886221863], [-3.6909736602935466, 40.5044718300866], [-3.6909757247844284, 40.504442989226206], [-3.6909848861489802, 40.50441680860433], [-3.6909912522095962, 40.50440460850865], [-3.690997618267931, 40.50439240841265], [-3.691025818322472, 40.50435028528663], [-3.6910418129135802, 40.504326379089065], [-3.691106854245243, 40.50422509032238], [-3.6911485280021665, 40.50416414804983], [-3.6911649927177077, 40.50414005884468], [-3.691230045488556, 40.50403876993785], [-3.6912916501051742, 40.50394651053206], [-3.6913357258247825, 40.50387585122291], [-3.691350866511718, 40.50385156270632], [-3.6914926889272994, 40.50364080650642], [-3.691557749982858, 40.503540418250296], [-3.691743638974903, 40.503253723149626], [-3.6918377954109975, 40.50311352134726], [-3.691855378624698, 40.5030938126851], [-3.6918797989176513, 40.50306642352789], [-3.6919194791276397, 40.50302294316885], [-3.692018846073243, 40.50293045725825], [-3.692065643836431, 40.5028905287827], [-3.6920741072000873, 40.50288376645746], [-3.6921031024511692, 40.50286057503441], [-3.69213242985426, 40.5028432914619], [-3.692215756098255, 40.5027977568105], [-3.6922413639238334, 40.502782585558364], [-3.6922603323144503, 40.50277135493297], [-3.69227323963204, 40.50276407048182], [-3.6923295894765427, 40.50273491339099], [-3.6924881655327733, 40.50266189194958], [-3.6925197835353054, 40.502649315223266], [-3.692543409006371, 40.50263993049718], [-3.6926268921483025, 40.50260970075298], [-3.692710403016009, 40.50258217345636], [-3.692721682044431, 40.50257837615612], [-3.6928101382628578, 40.5025485939415], [-3.692873884173696, 40.50252713991034], [-3.692886941647629, 40.50252298959226], [-3.693064452250165, 40.502466538339114], [-3.6931690328584272, 40.50243019074551], [-3.693190141857217, 40.502422856996105], [-3.693259666270073, 40.502398701451774], [-3.693312117847232, 40.502387603112716], [-3.693369185740815, 40.50237553111634], [-3.693407526652082, 40.50238091361959], [-3.6934300065044106, 40.50238407599429], [-3.693468264909437, 40.50238946798136], [-3.6934999400258635, 40.5023939265001], [-3.6935192524301796, 40.502396648410915], [-3.6935287431839963, 40.50239798783575], [-3.6936788691311646, 40.50242141084898], [-3.693972662624502, 40.5025286547933], [-3.694136178963867, 40.5025916360167], [-3.694135830498263, 40.50259217864458], [-3.6941315327554043, 40.50259887105509], [-3.694130824022795, 40.50259995638174], [-3.694152105795208, 40.502608242874615], [-3.694152496165002, 40.502608330618905], [-3.694165874578459, 40.50261127725232], [-3.694246432068502, 40.50263962184908], [-3.6942568462358056, 40.502643523206714], [-3.694260661192773, 40.50264495072276], [-3.6942855038160247, 40.50265290949541], [-3.6943949669325304, 40.50269179192023], [-3.694447857901211, 40.502716428783614], [-3.694474533568201, 40.502730466525236], [-3.6944903396346267, 40.50273878586175], [-3.6945087103886802, 40.50274860328017], [-3.6945105404259264, 40.502745240966355], [-3.6948169365123342, 40.50218178351745], [-3.695008988580215, 40.50165919270695], [-3.6950494081351333, 40.501464654351864], [-3.695064305772778, 40.501392988921964], [-3.6950777977113654, 40.50132806160364], [-3.695061851332061, 40.50115519535565], [-3.6950539844382013, 40.50106991022622], [-3.695050555874539, 40.501032733035835], [-3.695056339008997, 40.50099159958128], [-3.6950599011525354, 40.50096625409537], [-3.695070841416048, 40.50088851342466], [-3.6950717196298135, 40.50086383272274], [-3.6950758216368333, 40.50083933983572], [-3.6951046843527053, 40.50075547340545], [-3.695106105349938, 40.500750221669286], [-3.6951063398722677, 40.50074893198368], [-3.6951095106608842, 40.50073140858817], [-3.695110447626572, 40.50071242116675], [-3.695108894785953, 40.50069346673916], [-3.6951073638642473, 40.50068578233343], [-3.695102559571093, 40.500669676262504], [-3.695101882726995, 40.500668130800115], [-3.695095682784747, 40.50065401508503], [-3.695086782383795, 40.50063896066714], [-3.695075965972154, 40.50062464749488], [-3.6950741484248963, 40.50062120801199], [-3.695066227894437, 40.50060847199916], [-3.6950566736444896, 40.50059638544479], [-3.6950560892641815, 40.50059579437107], [-3.695048706503688, 40.500588280293854], [-3.6950559498892392, 40.5005822908442], [-3.695106583304676, 40.500540419160096], [-3.6951052506336257, 40.50053936412391], [-3.6948691671432123, 40.50037428111451], [-3.6947733881031137, 40.50030704686713], [-3.6947112099652952, 40.50026285355729], [-3.694658724481134, 40.500228151402624], [-3.6946188543150558, 40.50020483273976], [-3.694544595587832, 40.500161027263225], [-3.6944476571970193, 40.500116349028914], [-3.6941635840539133, 40.50001691262339], [-3.6941367923280266, 40.5000075331082], [-3.6940669571452003, 40.49990279146169], [-3.694001214772404, 40.499802385508055], [-3.6939623265013095, 40.499741457497], [-3.693676093314542, 40.49931064880653], [-3.6934482573571903, 40.49898877616505], [-3.69335016393328, 40.49886491552708], [-3.6932764124804245, 40.49878189035098], [-3.6931924557433478, 40.498695683130066], [-3.693105172448497, 40.498615324568625], [-3.6929341330080945, 40.49846817154561], [-3.692702630775584, 40.49829291250903], [-3.692556292883686, 40.4981939527174], [-3.6925248144852256, 40.498089070315686], [-3.6925116705911623, 40.49805833857107], [-3.6923269350635333, 40.497897636203106], [-3.6921788022964996, 40.497789245326835], [-3.692051767659144, 40.497703556522296], [-3.691906092729989, 40.49761147473821], [-3.691823181278717, 40.49756467427209], [-3.69174599716867, 40.49752512768128], [-3.6916676073567674, 40.49749227287463], [-3.691586928038903, 40.49746629651425], [-3.6914394070339775, 40.497427630072934], [-3.691300120134597, 40.49740014831335], [-3.691221258354933, 40.497387962493036], [-3.6911550961491195, 40.4973816825924], [-3.6910730549507185, 40.497372461603256], [-3.69100169997585, 40.49736960002167], [-3.690700850370859, 40.49737139850089], [-3.690099361088436, 40.4973966402967], [-3.6893277577622583, 40.4974402179452], [-3.6890554912872213, 40.49745713879536], [-3.6889380656082755, 40.49746819013418], [-3.6888241352483364, 40.497485229471486], [-3.6887124179280693, 40.497505192416774], [-3.6886102023741203, 40.49752996345544], [-3.688527622336001, 40.49755921196959], [-3.6884091328137636, 40.49761283626912], [-3.6883339281356586, 40.497653617176056], [-3.6882632469125154, 40.49770515477435], [-3.688171719561237, 40.49778851886425], [-3.688068606498128, 40.49790107770794], [-3.687965557712654, 40.49801880719689], [-3.6879061155349944, 40.49809162881313], [-3.6878185291029393, 40.498229328996096], [-3.6877227156761703, 40.49840505067374], [-3.6876557830203134, 40.4985152406948], [-3.6876474961376378, 40.49852887545818], [-3.6875910265577136, 40.498620138499646], [-3.687521716484702, 40.49867204585599], [-3.6874394516562443, 40.49873120133411], [-3.687355652729694, 40.498789221744936], [-3.687249231965918, 40.49884507034243], [-3.6871396844936903, 40.49888943304085], [-3.6870240363642743, 40.49892693107003], [-3.6869098046798428, 40.49895521344702], [-3.686821776985675, 40.498968952732206], [-3.6867459921891745, 40.498978547164995], [-3.686746017666046, 40.49902039345159], [-3.6867460583441836, 40.49907761787548], [-3.6867461459015187, 40.499206562038125], [-3.6873800330390827, 40.499268936897145], [-3.6874576069990788, 40.499283141981785], [-3.687473560404786, 40.49930837115377], [-3.687479058690156, 40.49933715798118], [-3.687477863559596, 40.49935996666799], [-3.687475442781261, 40.49938409794823], [-3.687459302871483, 40.49940765318912], [-3.687398882289214, 40.49950966024331], [-3.6873586653186248, 40.49956770068516], [-3.6873583587754557, 40.49956772953521], [-3.6873584321543214, 40.49956798134852], [-3.687304761949129, 40.49963416477144], [-3.6872236352520313, 40.49973790747306], [-3.6871480648312738, 40.499822950597384], [-3.6869944531265864, 40.50000307831119], [-3.6869475117552315, 40.50008224846092], [-3.68693854336155, 40.500097364684436], [-3.6869052501660584, 40.500163210576176], [-3.686874058936448, 40.50023960241744], [-3.6868121531014384, 40.50037665366734], [-3.6867775993360987, 40.500453155553444], [-3.686777345412558, 40.50045371561542], [-3.686623697866474, 40.500799553079965], [-3.686605365632796, 40.50084080572948], [-3.6867112026988043, 40.50094261727149], [-3.686730430312516, 40.500989169208914], [-3.6866970804477037, 40.501258995282846], [-3.686676414155037, 40.501514628997], [-3.6866736785511494, 40.501548428691095], [-3.6866441957940044, 40.50191282537099], [-3.6861242095826037, 40.50183095072971], [-3.6860788438814582, 40.50183795873752], [-3.6860494741113037, 40.502181336782606], [-3.6860627821817147, 40.50242067873148], [-3.6860628450812976, 40.50242221888267], [-3.6860694158377467, 40.502423089774254], [-3.6861084975933536, 40.502428263097336], [-3.68611152302369, 40.502428668553996], [-3.6861186373725183, 40.502429608286675], [-3.686209651147387, 40.50244438304011], [-3.686438990036424, 40.502481759336845], [-3.686493737385865, 40.50249083042469], [-3.686610384467413, 40.50251016424845], [-3.6867380851697824, 40.50253133314899], [-3.6871597240626612, 40.50259974494219], [-3.6871612962046463, 40.50259998784349], [-3.687170286756774, 40.502555790698], [-3.6871743818313902, 40.502532640461524], [-3.68717704816218, 40.5025175166554], [-3.6873258665132678, 40.50254020796211], [-3.6884679516817758, 40.502728056200105], [-3.6884678786874465, 40.50272553413886], [-3.6884656652467487, 40.50267757485437], [-3.688465664694126, 40.5026775208042], [-3.688464846165257, 40.502659796136236], [-3.6885131945289555, 40.50265590452386], [-3.688699525592308, 40.50264218174408], [-3.6888035294661496, 40.503011846283655], [-3.6888758991241435, 40.50326905182602], [-3.6889031606758196, 40.50336582522532], [-3.6889465505097063, 40.50351975411003], [-3.688956396848269, 40.50355468602793], [-3.6889628385182647, 40.50357753026351], [-3.6889629031317446, 40.50358384512651], [-3.6889759857054605, 40.50370898201327], [-3.6889772856791003, 40.503720685849785], [-3.688982458017645, 40.503764807694914], [-3.6889809272838243, 40.50385742844585], [-3.6889796556504075, 40.503940768470436], [-3.688991739129922, 40.504002857925165], [-3.6890247535332907, 40.50417274935184], [-3.689026970895008, 40.50419336654018], [-3.689055257710181, 40.504189594313544], [-3.689087084982928, 40.50418580096846], [-3.689094186188751, 40.50418543430323], [-3.689126011612648, 40.50418376706175], [-3.6891378131483434, 40.50418369668516], [-3.689161443880154, 40.504186258437095], [-3.6891756241641365, 40.504187975653174], [-3.6891850930546957, 40.50419062185664], [-3.6892040308379968, 40.504195914261274], [-3.689211139423128, 40.504198574539345], [-3.6892241948832334, 40.50420570380526], [-3.6892336914416086, 40.50421105251341], [-3.689244395819515, 40.504219096690576], [-3.689253929267104, 40.504228048741865], [-3.6892622799827723, 40.50423790873797], [-3.6892658875773594, 40.50424329256779], [-3.6892755383339497, 40.504264856394556], [-3.689285231143662, 40.50428822175197], [-3.6893009855777796, 40.50432956877625], [-3.6893123255732254, 40.50436050080091], [-3.689324065913609, 40.50439249348779], [-3.689277754142034, 40.50448015617367], [-3.6895013390821796, 40.50453106503849], [-3.6895900633393697, 40.50455126513229], [-3.68969006319853, 40.50452003805869], [-3.6897582909601034, 40.50449800945497], [-3.6898241675886663, 40.504476895736865], [-3.689897115894261, 40.50445483887258], [-3.6899340941561842, 40.50450452747763], [-3.689966525094294, 40.504548117160745], [-3.6900263454865336, 40.5046270384033], [-3.690049073210413, 40.504656632098936], [-3.6901029837490626, 40.504734687698125], [-3.6901619659544393, 40.50484694684327], [-3.6901800561653184, 40.50488466721904], [-3.690224810111247, 40.504875391009456], [-3.6902483672448283, 40.50487074584903], [-3.690337884414578, 40.50485310320425], [-3.690351177791473, 40.50488456398843], [-3.690399596930523, 40.50500138155703], [-3.6904044376828864, 40.505013064220456], [-3.690468520075223, 40.50516222926416], [-3.690498017440254, 40.50527646617589], [-3.6905075462973085, 40.50531140885466], [-3.6905409957340662, 40.50543927063593], [-3.6905173367971056, 40.50543400666335], [-3.6903862449844147, 40.50542578100133], [-3.6901608021984575, 40.50548528915307], [-3.690068437890272, 40.50550966030035], [-3.690071213718921, 40.50555018381917], [-3.690075509537021, 40.50563306716372], [-3.690085526871222, 40.505795140690964], [-3.6900871687075867, 40.50584017543387], [-3.6900943807358835, 40.50596805887851], [-3.690101555861467, 40.50609233897658], [-3.6901043686727224, 40.50613646583319], [-3.6900800111096212, 40.50629336630391], [-3.6900517435457645, 40.50641425447952], [-3.690065251943798, 40.50646552459364], [-3.6900909685739443, 40.506556360999014], [-3.6900890606191936, 40.50660051604346], [-3.690083497490854, 40.50669108879212]]], [[[-3.6719078590562373, 40.512596782214416], [-3.6718255433776505, 40.5126278910883], [-3.671743272571598, 40.51266350409487], [-3.67168247484533, 40.51269696522698], [-3.6716744452310843, 40.51270139022709], [-3.6716263618958953, 40.512733849509004], [-3.671586187306867, 40.51277698340332], [-3.6715461435210277, 40.51283323348774], [-3.671524747827211, 40.51287983476149], [-3.6715217219463443, 40.512892437784586], [-3.6715099701991205, 40.51294143343364], [-3.6714942695444246, 40.513142423226384], [-3.671479874934172, 40.51335601788579], [-3.671460036933386, 40.513615589571074], [-3.671450582235709, 40.51373276024649], [-3.6714444168757674, 40.5138246868786], [-3.6713767079741366, 40.51472867315346], [-3.6713735982525915, 40.51477193394688], [-3.6713713651919004, 40.514813144625975], [-3.6713707557939395, 40.51482423812386], [-3.6713706053394874, 40.51482690563273], [-3.6713660218161146, 40.51488927385817], [-3.6713383814446625, 40.515264925426386], [-3.6713321439381508, 40.51534964532791], [-3.6713237703348924, 40.515456899888214], [-3.6713237245252395, 40.51545822446266], [-3.6713218948190414, 40.515505558844815], [-3.671319647729591, 40.515531166184516], [-3.6713165950348423, 40.51556594926443], [-3.671313458288244, 40.51560650753723], [-3.671311223361841, 40.51561913298088], [-3.671310038018533, 40.51562337405005], [-3.6713089435996062, 40.51562726324391], [-3.671586707151085, 40.51582573691638], [-3.6717723552395367, 40.51595837689847], [-3.6719853541305563, 40.51582730218114], [-3.672064218076043, 40.51577877204812], [-3.672126316574803, 40.51574055547114], [-3.672268853643617, 40.51566849294308], [-3.6724937923522085, 40.51556180698506], [-3.6725273635500355, 40.51554880095025], [-3.6726142017962866, 40.51551516078609], [-3.6726882774463077, 40.51549075690445], [-3.672709149521205, 40.51548388773218], [-3.6727152876374, 40.51547206835772], [-3.672727383892347, 40.51546585386762], [-3.67284505929975, 40.51542914214346], [-3.672921476044504, 40.515398057894885], [-3.6731459416465095, 40.515298553514796], [-3.6736656124498284, 40.51506761793468], [-3.6743599112467145, 40.514759049359235], [-3.6743704801760217, 40.51475358234004], [-3.674416224601824, 40.51472447787982], [-3.674470179065513, 40.51469246065116], [-3.674519316198939, 40.51466739035265], [-3.674599591230702, 40.51463394916679], [-3.6748250760835206, 40.51453182299116], [-3.675034769500116, 40.514442950628386], [-3.6750454581650693, 40.51443766302592], [-3.6752753445761113, 40.514349654232284], [-3.675335362363844, 40.514329078505966], [-3.675455797785772, 40.5142877894891], [-3.675456080252345, 40.514287706757884], [-3.6756421181698786, 40.514230718930285], [-3.675831394041976, 40.51418118024472], [-3.676107650243296, 40.51411488030818], [-3.6763786351441987, 40.514052664571516], [-3.676793677942522, 40.51395783917615], [-3.6772828988781785, 40.51385160470773], [-3.6780031322179494, 40.51365856354825], [-3.6781113079026873, 40.5136273796119], [-3.67821001049136, 40.51359908897723], [-3.678377614050367, 40.513551051680466], [-3.6784011774235914, 40.51354547197143], [-3.678489767067872, 40.51352452866924], [-3.67864848827553, 40.513485317802115], [-3.6787023342916245, 40.51347210981932], [-3.6789548556860536, 40.513410167655366], [-3.6790323452866978, 40.51339116300728], [-3.6792030913595295, 40.51335052037325], [-3.6798024532410825, 40.513206457089474], [-3.6798770835703483, 40.51318839661278], [-3.6799920552036602, 40.51316057629691], [-3.6801299527237976, 40.51312720658401], [-3.680294650001003, 40.513087345678116], [-3.6803137264726864, 40.513083990166166], [-3.6803158591951055, 40.51308361725411], [-3.6803336983071353, 40.51307929606228], [-3.680510146158034, 40.513036527863655], [-3.6805254510739736, 40.513033735061526], [-3.680554909496794, 40.513026345443095], [-3.6806797250017693, 40.51299619622546], [-3.680818658684034, 40.5129626394096], [-3.6808598692855194, 40.5129524868114], [-3.680868104114666, 40.512949735620865], [-3.6808775283645296, 40.51294787831157], [-3.682205803535989, 40.5126328316979], [-3.6822243166372606, 40.51262865037778], [-3.682308261740556, 40.5126097135286], [-3.6827215469100647, 40.5125108862889], [-3.682728652349021, 40.51252830355961], [-3.6827703302138497, 40.51251772410143], [-3.6827872250467557, 40.51251343513706], [-3.6827975620483673, 40.51251080652148], [-3.6827960151544747, 40.51250143739546], [-3.6827951976101625, 40.512496478321474], [-3.682759111735408, 40.512400863854275], [-3.682857972875462, 40.51237693763188], [-3.6828327592733694, 40.51230121365486], [-3.682830374203235, 40.51229765121447], [-3.682808705572274, 40.51225721216948], [-3.6827991750684075, 40.51223112465081], [-3.6827984829277502, 40.51222921885335], [-3.6827974389067353, 40.51222636920038], [-3.6827963217836404, 40.51222329475679], [-3.682789449968101, 40.5122044707202], [-3.682759267658622, 40.51212181220194], [-3.682692614125206, 40.51193925321748], [-3.682690246686192, 40.51193277178544], [-3.6826877819921964, 40.51192601165193], [-3.6826836541634878, 40.51191471184815], [-3.6826812935821143, 40.511914725793936], [-3.6826539897891317, 40.511856329229836], [-3.682645338921324, 40.51183782199579], [-3.6826452208923914, 40.51183782269303], [-3.6826450992092714, 40.511837463055784], [-3.6826382924658114, 40.511822719657175], [-3.6826180647537363, 40.51177884867752], [-3.682547340113439, 40.511625430419585], [-3.6825195633169456, 40.51156343305299], [-3.6825107021034706, 40.51154396309754], [-3.682500053887959, 40.511520539778395], [-3.6824841907725365, 40.511485696941996], [-3.682467651189447, 40.51144932658482], [-3.6824133212152868, 40.51133072991748], [-3.682389069912674, 40.51126600902526], [-3.6823835547428203, 40.51125058231518], [-3.682358906406248, 40.51118162056661], [-3.6823052852077676, 40.511031596600624], [-3.6823051272979512, 40.51103115609672], [-3.6823003894567106, 40.511017886929146], [-3.6822790459470123, 40.51096286944824], [-3.6822712647102662, 40.510942798507976], [-3.682250587928372, 40.5108895067941], [-3.6822311351166963, 40.51083935195739], [-3.682224032754922, 40.51082104275068], [-3.6821714514161314, 40.510703687868926], [-3.6821661496251745, 40.510691836422154], [-3.6821370814781273, 40.51062696372584], [-3.682026187723144, 40.51039969299237], [-3.682019223237584, 40.51038566218754], [-3.681994413631482, 40.51033566504617], [-3.6819722306039253, 40.51029094062531], [-3.681908742706312, 40.51016298343305], [-3.6818840057243296, 40.51011314799746], [-3.681850356460997, 40.51004341942688], [-3.6818386737744238, 40.51001920035107], [-3.6817513855822104, 40.50983825797716], [-3.6816774023920766, 40.5096878493079], [-3.681654143191555, 40.50964054561237], [-3.6815212055761255, 40.50937025171652], [-3.681514638811301, 40.50935701131651], [-3.681473176743651, 40.50927330183403], [-3.681413966166249, 40.5091537694737], [-3.6813281326144685, 40.50897754784693], [-3.68131064294479, 40.50894164236171], [-3.681310594914737, 40.508941561564704], [-3.6812940069013163, 40.50890844352198], [-3.6810618392517505, 40.50899818945144], [-3.680852594707203, 40.509082304423835], [-3.6806717211640514, 40.509153261063425], [-3.6805751414277723, 40.509191144798415], [-3.679519383508989, 40.5096036595175], [-3.6788680680091876, 40.509859737018296], [-3.6787890942561354, 40.50989035374843], [-3.6786954943456807, 40.50992664184997], [-3.678666735969007, 40.5099377926073], [-3.678553266025546, 40.50998178278705], [-3.6785212273023227, 40.509994205008205], [-3.6782308380328037, 40.510108521052516], [-3.6781264271182375, 40.51014963785586], [-3.677478408799833, 40.51040482331874], [-3.6774172706853623, 40.51042860489216], [-3.6766542480178614, 40.510728567453285], [-3.6764073595490623, 40.510826408153804], [-3.676382664326478, 40.51083556160875], [-3.6763544554296104, 40.51084743829566], [-3.6763125505828596, 40.51086362031037], [-3.6762977945293143, 40.51086931921918], [-3.676080850826168, 40.51095310124304], [-3.676027587807084, 40.510973673880805], [-3.6760181817866093, 40.510977332469295], [-3.6759711516687803, 40.51099562540047], [-3.6752460410825942, 40.51128267234306], [-3.675185799107181, 40.511306519570375], [-3.674938426923018, 40.51140363023676], [-3.6748883347867296, 40.51142267033288], [-3.674447454948724, 40.51159641356495], [-3.6741817267716916, 40.51170066569927], [-3.6741005906740196, 40.51173266119371], [-3.6740958995410313, 40.51173450835814], [-3.6736996745912975, 40.51188997042553], [-3.673699074986253, 40.51189020815277], [-3.6736989809234935, 40.51189024473677], [-3.6736291364136586, 40.5119183002402], [-3.6735684573907705, 40.51194223025206], [-3.673337744910798, 40.51203320441593], [-3.6732952306927125, 40.512049974465825], [-3.673219980090763, 40.51207924138708], [-3.673104749773758, 40.51212496618115], [-3.673004823546867, 40.51216427747874], [-3.672971913107614, 40.512177081611945], [-3.672889604648914, 40.51220999298282], [-3.6728425728067196, 40.51222828465048], [-3.672761447320064, 40.512260288151566], [-3.6724663171419314, 40.512374617307906], [-3.672332293658433, 40.51242854969961], [-3.672213541931539, 40.51247518597457], [-3.6719078590562373, 40.512596782214416]], [[-3.677253227954822, 40.5121908073128], [-3.6770330288833937, 40.51224344839432], [-3.6769741498869366, 40.51225730670007], [-3.676967557430912, 40.51225905701264], [-3.676967086308221, 40.51225915887057], [-3.6767712654469373, 40.51230633237372], [-3.676247607289417, 40.512430928165436], [-3.6761239742465706, 40.51246138099327], [-3.6760627252146834, 40.51247435181168], [-3.6760226763659127, 40.512482694123584], [-3.676017960585015, 40.512483262245716], [-3.6759979171582393, 40.512485541637105], [-3.675984924786031, 40.51248471675061], [-3.6759589490887032, 40.5124839678107], [-3.67593530685882, 40.512480502544555], [-3.675923485744767, 40.512478769909656], [-3.675910475283544, 40.512476143339924], [-3.6758867878325976, 40.51246817387662], [-3.6758713896357094, 40.51246285859723], [-3.6758417464170634, 40.512449518616776], [-3.6758215727552215, 40.51243882591824], [-3.6758120670332053, 40.51243257527875], [-3.6758001645340244, 40.51242273509401], [-3.675793852864597, 40.51241718648571], [-3.6757799004489216, 40.51240303401336], [-3.6757667723504626, 40.51238868753175], [-3.6757619787993963, 40.512381508441145], [-3.675754779431304, 40.512369838967366], [-3.6756967054084915, 40.512228747779844], [-3.675627701467544, 40.512057081181], [-3.675555093724025, 40.5118791293702], [-3.6754667629637514, 40.511663432014586], [-3.675409807097879, 40.51151601888474], [-3.675407329026254, 40.51150432179201], [-3.6754060764330423, 40.511497121989095], [-3.6754059318172283, 40.5114827085862], [-3.6754069313321818, 40.51146468493404], [-3.675406840947276, 40.51145567655718], [-3.675410246222531, 40.5114421432963], [-3.6754148137032296, 40.51142680146129], [-3.675418273207268, 40.51141867322627], [-3.6754240661616193, 40.5114078286807], [-3.675433363808969, 40.51139336008781], [-3.6754392019532487, 40.51138701972994], [-3.675460221071427, 40.51136437460669], [-3.6754660592106814, 40.511358034247486], [-3.6754801141296967, 40.51134714140506], [-3.6754894840731933, 40.511339879509165], [-3.675509422315844, 40.51132715049096], [-3.6755235043414163, 40.511318960156416], [-3.675565452364514, 40.511299976406114], [-3.6755834455799294, 40.51129338480167], [-3.675645774459603, 40.51127049812726], [-3.675757467093842, 40.51122660227711], [-3.676213633134377, 40.511046458364085], [-3.676221867925903, 40.51104370750411], [-3.676230102716748, 40.511040956643534], [-3.676446440859996, 40.51095680852017], [-3.676498155707657, 40.5109348844082], [-3.676548005621331, 40.51091531350705], [-3.6775069148460697, 40.5105397897838], [-3.6780300834368487, 40.510333120020356], [-3.678405116988568, 40.51018497463894], [-3.6784427400941166, 40.510170339508896], [-3.6784650924237456, 40.51016300115069], [-3.678476867796337, 40.51016022934241], [-3.6784874719863407, 40.51015836530012], [-3.678508689444114, 40.510155538049844], [-3.6785346461031563, 40.51015448474932], [-3.678547638052488, 40.510155309352825], [-3.67857952325643, 40.51015692390191], [-3.678594884809216, 40.51015863547588], [-3.6786055343999347, 40.51016127560923], [-3.678626833583828, 40.510166555872935], [-3.678649340276531, 40.51017453171309], [-3.678660008035062, 40.51017897351592], [-3.6786742347425423, 40.51018519619722], [-3.6787003548887034, 40.510200357930295], [-3.6787169875397256, 40.51021107092862], [-3.6787241326878273, 40.51021733519634], [-3.678733665609101, 40.51022628811076], [-3.678744415126159, 40.510238837440966], [-3.678750389100232, 40.51024600947667], [-3.6787551918959807, 40.51025408928184], [-3.678781784417373, 40.51031609453253], [-3.6788556155237613, 40.510497640723706], [-3.679131641462333, 40.51118249741028], [-3.679177628162209, 40.51129483844098], [-3.679225282865872, 40.511408701160335], [-3.67927197168889, 40.51152040739821], [-3.6792792897451454, 40.51154378753073], [-3.679280570024071, 40.511553689799115], [-3.679281823032253, 40.511560889556584], [-3.67928195938794, 40.51157440211079], [-3.6792809518194254, 40.51159152495084], [-3.6792798533468076, 40.51159963942141], [-3.6792764488435856, 40.511613172789765], [-3.67927072921733, 40.51163122421871], [-3.6792637747602277, 40.51164387756367], [-3.6792602975306963, 40.511650204235984], [-3.6792544869966495, 40.51165924729471], [-3.679247487083901, 40.511667396453994], [-3.679219441968084, 40.51169548890219], [-3.67921242386837, 40.51170183638548], [-3.6792030542808654, 40.511709098579985], [-3.6791819272561277, 40.51172093433009], [-3.679160782046302, 40.5117309684025], [-3.679149024606271, 40.51173554195559], [-3.679120431754013, 40.51174444863409], [-3.6791196082784885, 40.51174472374072], [-3.679105481167818, 40.511748410325374], [-3.678630817476987, 40.51186137775073], [-3.677253227954822, 40.5121908073128]]]]}, "properties": {"OBJECTID": 25147, "EXP_TX_NUMERO": "135/2026/00018", "EXP_TX_DENOM": "Modificación del régimen de compatibilidad de uso terciario hospedaje", "FAS_TX_DENOM": "Aprobación Inicial", "FEX_DT_APROB": 1779314400000, "FEX_DT_INFOPUB_INI": 1780092000000, "FEX_DT_INFOPUB_FIN": 1782684000000, "Enlace": "https://servpub.madrid.es/VSURB_WBVISOR/seguimiento/expPlaneamiento.iam?exp=135/2026/00018&infoPubli=true", "SHAPE.STArea()": 6882367.8595215, "sigma_layer_kind": "planeamiento", "sigma_layer_id": 0}}, {"type": "Feature", "id": 21956, "geometry": {"type": "MultiPolygon", "coordinates": [[[[-3.5765743676128876, 40.36553113626215], [-3.5765794810314993, 40.365520281761555], [-3.576600241319365, 40.36541332964614], [-3.576601387600729, 40.36540963017636], [-3.5766180504733485, 40.36537886190694], [-3.5766389572746995, 40.36534025252551], [-3.5766506767832853, 40.365319563119165], [-3.5766564486724826, 40.36530720080219], [-3.576676359190936, 40.36528574981847], [-3.5767898545317576, 40.365190668757656], [-3.576791764821573, 40.36518955110396], [-3.576801092420145, 40.36518395494221], [-3.576810358441835, 40.3651780437663], [-3.5768192571319624, 40.36517187315615], [-3.5768276839520574, 40.36516561480724], [-3.5769678623265744, 40.36506436434593], [-3.576970613215225, 40.36506237761641], [-3.5770115117982355, 40.36502433510563], [-3.5771763715334197, 40.364883870507356], [-3.5773342645394646, 40.36475244960904], [-3.5773770766041078, 40.364720613735194], [-3.5775648268039113, 40.364581025306094], [-3.577666548621499, 40.364507434964054], [-3.577740411107327, 40.36445402007722], [-3.5779627810375874, 40.36428894231224], [-3.578236608315168, 40.36408126380203], [-3.578405139081965, 40.36395609465589], [-3.5784109969295796, 40.36395246169527], [-3.578600656822495, 40.363819078343774], [-3.5787002397656464, 40.36375731780586], [-3.578706688754512, 40.363753952147036], [-3.5787072753063467, 40.36375367893722], [-3.578869208128039, 40.363683498002835], [-3.579058220470659, 40.36361227133536], [-3.5796206334636413, 40.36340765785039], [-3.5798566023323923, 40.36331998705456], [-3.580158341419921, 40.36320946296553], [-3.5802781862520217, 40.36315671669409], [-3.5802920642061395, 40.36315167400504], [-3.5803163095553017, 40.36314286751962], [-3.5803539280478884, 40.36312921005817], [-3.580404809444346, 40.36310608947058], [-3.5804067440967966, 40.36310507974464], [-3.580491858747548, 40.363060859032835], [-3.580570152825816, 40.363000023568375], [-3.5805733919507343, 40.36295887148015], [-3.5805721830971176, 40.36293328252274], [-3.5805682804539756, 40.36285041783369], [-3.5805113223046807, 40.36274588215658], [-3.5805040870942832, 40.36273445882001], [-3.5804481750647037, 40.36264613434883], [-3.580350429985519, 40.36253728969559], [-3.58031613596239, 40.36249909176005], [-3.580115327469855, 40.36232857375906], [-3.5800605031189874, 40.36229559592801], [-3.5800341583304194, 40.36224630379513], [-3.5796770843421832, 40.36192963820217], [-3.5797055284564663, 40.36189545000578], [-3.579724036776808, 40.3618700234671], [-3.579742545237669, 40.361844614942996], [-3.5797587889729474, 40.361774811605365], [-3.5797698587919586, 40.361719710127936], [-3.5797742244577258, 40.361678029873445], [-3.5797740226362476, 40.36165447192397], [-3.579773838566006, 40.361632985992934], [-3.579775198343464, 40.36151676097206], [-3.579778368665599, 40.36147440201185], [-3.579786157188292, 40.36142121791289], [-3.5797871495658526, 40.36139958193671], [-3.5797927987324654, 40.36137162521001], [-3.5798042436968536, 40.36133282843093], [-3.5798207855719024, 40.36128822221467], [-3.5798319631535276, 40.361258084579084], [-3.579833021999404, 40.361255205347355], [-3.5798342439901325, 40.361250748694054], [-3.5798342896309054, 40.3612505772911], [-3.579845582854253, 40.36120919563802], [-3.5798548076772287, 40.36118482464587], [-3.5798710287882174, 40.36115502208568], [-3.5798849524620593, 40.361130618522346], [-3.5798965825979248, 40.36111344279745], [-3.5799093940697855, 40.361098062980666], [-3.579918742368699, 40.361088106026024], [-3.579919479289068, 40.36108751673528], [-3.579953833432901, 40.36106000165712], [-3.580110360548482, 40.36090966451493], [-3.5801173648293068, 40.36090242205059], [-3.5801289794226836, 40.36088344454697], [-3.5801347787628526, 40.360873027890726], [-3.5801440693102995, 40.360856341361725], [-3.5801929943422914, 40.36079753636649], [-3.5801999835399005, 40.36078578939064], [-3.580230035189418, 40.3607207726444], [-3.5802450322375794, 40.36068284990471], [-3.580254287819901, 40.360662091399504], [-3.580323839434891, 40.360533812292104], [-3.5803343108117884, 40.36052024600204], [-3.580351867702492, 40.36050754507264], [-3.5803939974481422, 40.36047490066576], [-3.5804641707154508, 40.360417781743706], [-3.580475854671117, 40.36040691210418], [-3.580499068105729, 40.360367164276475], [-3.5805896432193682, 40.36021715748407], [-3.580631556530767, 40.36014284668757], [-3.58069867771812, 40.360023813941844], [-3.5807546091487104, 40.359815421376766], [-3.5807867254317842, 40.359715258363174], [-3.5809840560901525, 40.35935925206068], [-3.581081838679638, 40.35922735311636], [-3.5811178004130904, 40.35916365780605], [-3.581117881378642, 40.35916348622509], [-3.581133107609596, 40.359120805370246], [-3.581116912528477, 40.35904790348576], [-3.5811574046721972, 40.3589193284061], [-3.581171566584263, 40.358861058024665], [-3.581207759944275, 40.35879008211202], [-3.581209774842819, 40.358786089934625], [-3.5812746047338977, 40.35865422127357], [-3.581290731777719, 40.35861360797574], [-3.5812946979372047, 40.358606443771855], [-3.581294755813165, 40.358606326361794], [-3.5813429129294367, 40.35851874944141], [-3.581375430137548, 40.35846543190096], [-3.5814068625263524, 40.358422930805524], [-3.5814276574920316, 40.35837597859477], [-3.5814493400070373, 40.35829388616371], [-3.581455766599244, 40.3582619433821], [-3.581456895936027, 40.35825631598366], [-3.581469658760114, 40.35819288133139], [-3.581479781601924, 40.358136072679365], [-3.5815003132766665, 40.358058490605735], [-3.58152106533174, 40.35800793492406], [-3.5815635346025543, 40.35787798935648], [-3.581584209147704, 40.357818424883405], [-3.5815921285595116, 40.357799871218624], [-3.5816269336491993, 40.35771820826182], [-3.581656998080212, 40.35765499288534], [-3.5816824953746527, 40.35760711605747], [-3.5817616020780805, 40.357489589966235], [-3.581774369775529, 40.35747061549727], [-3.5818287999095326, 40.35736493441238], [-3.5818482772551232, 40.35730177224264], [-3.581879108762743, 40.35718810159746], [-3.5818865892677536, 40.357097963258596], [-3.5819186444611364, 40.35699240370449], [-3.581991218468919, 40.356805539706684], [-3.5820645696162505, 40.35660227505724], [-3.582082099613389, 40.35655373551531], [-3.5821382437061584, 40.35640237815936], [-3.5821725275794014, 40.35631093368559], [-3.5822340247228928, 40.35614395445753], [-3.5823311054908236, 40.35586558682615], [-3.582362733306936, 40.355774831349606], [-3.5824557962739254, 40.355503186652314], [-3.5824866337284536, 40.35539041670093], [-3.5825095108563234, 40.35531192168583], [-3.5826018729609634, 40.35499592822537], [-3.5826147425033135, 40.35495192566232], [-3.5826988208310584, 40.354732579197396], [-3.582716968193448, 40.35469156810378], [-3.5827635081564213, 40.354586295664504], [-3.5827877591474673, 40.35451835241329], [-3.5827919103354886, 40.35450673668987], [-3.5827919794381464, 40.35450655615822], [-3.5827925774229548, 40.354504886447955], [-3.5828704465010937, 40.354286661241375], [-3.582940997633813, 40.35413765430529], [-3.582986967207656, 40.3540058886617], [-3.5830552999960905, 40.3537908015292], [-3.5831096561140345, 40.353619677513976], [-3.583148451092005, 40.35347533512266], [-3.583180704371598, 40.35339318900718], [-3.5832258524751146, 40.35330286960099], [-3.5832561598971444, 40.3532518509654], [-3.583311748666993, 40.35315828962424], [-3.5833463995078536, 40.35307973503704], [-3.5834428437790864, 40.352792756781916], [-3.5836175884173596, 40.35229996512771], [-3.5836282276401885, 40.35226647838784], [-3.583643957047068, 40.35221695665395], [-3.5836729284694075, 40.352123069971114], [-3.583704672438017, 40.352020241193095], [-3.583708170248562, 40.35201482704355], [-3.583722249885532, 40.35201025139756], [-3.5841767960650674, 40.352010641193885], [-3.5848772926779464, 40.3519909024896], [-3.585227660141091, 40.35192876871039], [-3.585353491104263, 40.35190921267828], [-3.5854617548764627, 40.35188310567137], [-3.5858568283663437, 40.35184895141172], [-3.5859023765455125, 40.35184484673967], [-3.586306721382549, 40.35180983315133], [-3.5863437212296696, 40.351811267236336], [-3.586412764222706, 40.351816953346905], [-3.5864420095630885, 40.351821760112], [-3.586483793103753, 40.351823512245545], [-3.58653328065169, 40.351825576653624], [-3.5865456992172855, 40.35183182009953], [-3.586566397872425, 40.35184234595676], [-3.5865905246046683, 40.35185438598414], [-3.5866291142917732, 40.35187349692775], [-3.586649325584206, 40.35188349370052], [-3.5866494320292324, 40.351883547215664], [-3.586693757462359, 40.35190548495347], [-3.586762836144451, 40.351939729762236], [-3.5867766622463755, 40.35194668677653], [-3.5868808875037446, 40.35200084366258], [-3.586932807075419, 40.35202805818739], [-3.5869593155956103, 40.35204179779385], [-3.58698924200333, 40.35205723179142], [-3.5870453096044597, 40.35208613695681], [-3.587090374658007, 40.3521091428792], [-3.5870985355752305, 40.352113254684], [-3.58711319935005, 40.35212038758914], [-3.5871310525948252, 40.35212867549435], [-3.5871490212521793, 40.35213669253564], [-3.587170295571624, 40.352145683801595], [-3.587177125952202, 40.352148450979186], [-3.587191803057029, 40.35215440360459], [-3.587213543708212, 40.35216285194446], [-3.5872475940082436, 40.352175832459785], [-3.587285033191044, 40.35218987685838], [-3.5873184640937716, 40.35220204066285], [-3.5873478531835032, 40.35221253125797], [-3.58739014779169, 40.35222701043321], [-3.5875420142891805, 40.352277942720626], [-3.587545816786646, 40.352279175679534], [-3.587753534362393, 40.35233398619249], [-3.5878042696512975, 40.352345440284815], [-3.5879010145282777, 40.35236657058846], [-3.5879493869890857, 40.352377135709744], [-3.5880048480982123, 40.35239036752531], [-3.588091003184169, 40.35241245242443], [-3.5881653870012156, 40.35243369620295], [-3.58831767551899, 40.35247886845902], [-3.5883537459288415, 40.352489838334776], [-3.5885420088998345, 40.35254709778464], [-3.588584669341879, 40.35256025932016], [-3.5886282035221932, 40.35257368666841], [-3.5886719052909504, 40.3525887798445], [-3.588702634686498, 40.35260033536393], [-3.5887368966364668, 40.3526145756459], [-3.5887747264730923, 40.35263150050746], [-3.5888101934311964, 40.35264753646827], [-3.588846861445489, 40.352666269055696], [-3.588979356288178, 40.35273586597986], [-3.5890432094732794, 40.35276616298187], [-3.589097595568161, 40.35279112068215], [-3.589164965856795, 40.35281960687672], [-3.589201594857251, 40.352833834962354], [-3.589248845205674, 40.35285071167647], [-3.5893680702294515, 40.35289064548237], [-3.589444896357325, 40.352916380575955], [-3.5895901568950994, 40.35296428971815], [-3.5896697944370257, 40.35299101034828], [-3.589669900729215, 40.35299104584305], [-3.5897460664858323, 40.35301664896485], [-3.5897921120851435, 40.35303172976423], [-3.589825181246824, 40.35304147121753], [-3.589855856092582, 40.35304942303753], [-3.5898818090198827, 40.35305469618002], [-3.590088207926549, 40.35309148185309], [-3.5902332729196487, 40.353116868248485], [-3.5904290389775206, 40.3531483020694], [-3.590630716521125, 40.353185110874584], [-3.5906896799795702, 40.35319471984376], [-3.5908075951702276, 40.35321393775168], [-3.591004515710065, 40.35324266194762], [-3.5910811737680572, 40.35325577495805], [-3.5911543032974618, 40.35326802305367], [-3.5915470739673583, 40.353341691913], [-3.5915871733886724, 40.35334869415221], [-3.591731117053463, 40.35338039082179], [-3.5917853902313293, 40.35339091513569], [-3.5918360916503103, 40.353399673884915], [-3.5919233794413397, 40.353416335611286], [-3.592004787591396, 40.353433946302616], [-3.592128697691749, 40.353463952191866], [-3.592201862980868, 40.35348158692578], [-3.5922891982573812, 40.35350365363569], [-3.5924497386669274, 40.35354788626563], [-3.592887562814806, 40.35365465370819], [-3.593335915203518, 40.35375325722387], [-3.593404339404501, 40.35376732085746], [-3.5934680376393286, 40.35377960686618], [-3.593544696842959, 40.35379272724355], [-3.59361428675166, 40.35380408201895], [-3.5941921006576196, 40.35389390942368], [-3.5942852577986275, 40.35390964730181], [-3.5945217925814874, 40.353971450829256], [-3.5946895161307917, 40.35401402176661], [-3.594789715309924, 40.35404044394196], [-3.594866899929845, 40.35406102934175], [-3.5949457781586265, 40.35408270509676], [-3.5950010018359264, 40.35409674559453], [-3.595055870661541, 40.35410926534169], [-3.5951149588518034, 40.35412084441687], [-3.5952005241588205, 40.354142305405915], [-3.5952446518718864, 40.354151988394975], [-3.59529529961923, 40.35416524147677], [-3.5953595219846957, 40.35418482117175], [-3.5954035714215373, 40.3541976487034], [-3.5954585897758475, 40.35421376214818], [-3.5955796055857605, 40.35424908563238], [-3.5956772695674606, 40.35428040306144], [-3.5956911513394427, 40.35428416046227], [-3.595841939242817, 40.35432504214139], [-3.5958647351129795, 40.35433276267844], [-3.595876563910649, 40.35433874688954], [-3.5959249442802976, 40.35436462421432], [-3.595960246506155, 40.35438305526038], [-3.5959633934080273, 40.354384696732346], [-3.595995100918486, 40.35440011020021], [-3.596071717756197, 40.35443503130815], [-3.5961008807523673, 40.35445034074134], [-3.5961575032414843, 40.35448007645834], [-3.596212477655261, 40.35450719897476], [-3.5962280969763163, 40.35451702854337], [-3.5962577105169395, 40.354536687042994], [-3.596284350965534, 40.354553045488586], [-3.596296063462021, 40.3545578500548], [-3.596316063419235, 40.35456766603529], [-3.5963540108495, 40.35458556979909], [-3.596380499246341, 40.35459669467883], [-3.596424128411126, 40.35461656915757], [-3.5964876006346613, 40.35464180984979], [-3.5964901995043173, 40.35464406675718], [-3.5965046736695236, 40.35465623556894], [-3.596508332321591, 40.354659820367154], [-3.596517819467645, 40.35466599677263], [-3.5965426910092555, 40.354680724612614], [-3.5965921285881706, 40.35470624484522], [-3.596621116874905, 40.35472041088273], [-3.5966511360317677, 40.354733958971394], [-3.596708278261409, 40.35476248450644], [-3.596740594176701, 40.354781417214426], [-3.596778348498158, 40.354804105703025], [-3.5968058031485795, 40.35481928863414], [-3.596928408774654, 40.3549131711033], [-3.597063581462386, 40.355001880366885], [-3.5970646237630786, 40.35500255968301], [-3.5970752847484793, 40.35500963089928], [-3.597075628150922, 40.35500984534652], [-3.5970898783936702, 40.355019303480105], [-3.597103714027245, 40.355028484468164], [-3.59742462840316, 40.35522863261634], [-3.5974892597440618, 40.35526634446484], [-3.59748935442714, 40.3552663980307], [-3.5974894965312716, 40.35526648738826], [-3.597586787282194, 40.35532329205923], [-3.5977737193316526, 40.35542142690223], [-3.5981396117988123, 40.355600295152136], [-3.5981876785167493, 40.355623794723016], [-3.5982739565829847, 40.355660286040674], [-3.5989415336620603, 40.3559090875336], [-3.599193121118306, 40.35599517330584], [-3.5995700556609345, 40.35613556470645], [-3.599813421766753, 40.356225295408564], [-3.5998771751354695, 40.35624208217206], [-3.6000685438577418, 40.356308658186066], [-3.6007416102604908, 40.35651237492641], [-3.600926487298291, 40.35656783889577], [-3.60093053741137, 40.356569052107844], [-3.600939695056692, 40.35657252710963], [-3.6009406167012568, 40.356572873678296], [-3.6009474937479107, 40.356575477631026], [-3.6010687881871215, 40.356621487773864], [-3.6011835393662186, 40.35668124375005], [-3.60119904624104, 40.35669020834581], [-3.601208113775937, 40.35669546760929], [-3.6012081966079306, 40.35669551222452], [-3.6012172284161843, 40.35670072662719], [-3.6012900754932953, 40.356742862172474], [-3.601495068759827, 40.356883231121756], [-3.601518190585189, 40.35690228237184], [-3.6015671742336517, 40.356942586860704], [-3.601599478247288, 40.35696918505987], [-3.601614871400767, 40.356979915986955], [-3.601682315123351, 40.35701560179965], [-3.6017244672201967, 40.357031914319315], [-3.6017780175822396, 40.35705203244859], [-3.601908005125151, 40.35710605066541], [-3.6019257710319574, 40.35711343581143], [-3.60198608106594, 40.35714014940809], [-3.6021232603916724, 40.357204301294345], [-3.6022556573199664, 40.35726036066353], [-3.6022816849433457, 40.35727373887276], [-3.602288774722984, 40.357276413710665], [-3.602467303503761, 40.357356566342546], [-3.6024850478405197, 40.35736548307224], [-3.6025016423862186, 40.35737620762168], [-3.602536009530338, 40.35740034431589], [-3.602563279113435, 40.357420932330896], [-3.602591702691975, 40.35744150531764], [-3.6026924050331135, 40.35750764840273], [-3.602732688276915, 40.35753356505007], [-3.602822664508849, 40.35758805200586], [-3.602927262369208, 40.357652534911864], [-3.602945830252909, 40.35766398786085], [-3.603025204008707, 40.357716728097756], [-3.603052603944576, 40.35773605403325], [-3.6030527698543215, 40.35773617028728], [-3.603061931102348, 40.357742663170555], [-3.6030880350622256, 40.35776324812871], [-3.603102267068974, 40.35777578674286], [-3.603127229826002, 40.357801783140644], [-3.603148667776511, 40.35782869883118], [-3.6031532358543643, 40.35783516160554], [-3.603191619652715, 40.35788972812453], [-3.603210714808486, 40.35791936777959], [-3.6032286761730172, 40.35795260800071], [-3.6032415031299796, 40.35797794693622], [-3.6032418746156654, 40.35797866573159], [-3.603251504341609, 40.35800203932638], [-3.6032575851516007, 40.35802362959889], [-3.6032604709958362, 40.35803690306084], [-3.60326249637339, 40.35804612688784], [-3.6032637220385366, 40.358052832320666], [-3.6032649602830955, 40.35805962777949], [-3.603265113967983, 40.35807687051452], [-3.603265257375213, 40.35809296013035], [-3.6032623293692843, 40.35816084142195], [-3.603259407835104, 40.358228128074224], [-3.6032467751347697, 40.358264230613905], [-3.60325510954037, 40.35840653190021], [-3.603281852458175, 40.3585000876886], [-3.603339615394746, 40.35863852745812], [-3.603377759556599, 40.35872559120145], [-3.603385285261129, 40.358742795473894], [-3.6034245678599546, 40.358781852450186], [-3.603467311867838, 40.35882079225102], [-3.6034962154126147, 40.358852831166395], [-3.6035138618588616, 40.35887976656769], [-3.6035412774431212, 40.35892719187357], [-3.60362480239656, 40.3590490192927], [-3.6036843533276213, 40.35913691716144], [-3.603715162825821, 40.359187198630465], [-3.6037599022904523, 40.359263633037905], [-3.603764855716808, 40.35927631009516], [-3.6037883862523046, 40.35932780974212], [-3.6038232432256874, 40.35938556567123], [-3.603857949532985, 40.359447547671856], [-3.6039251035086117, 40.359582334425404], [-3.6039658670836103, 40.35966320399644], [-3.6040033758392904, 40.359730378609264], [-3.60404765832388, 40.35980963515032], [-3.6040477900365335, 40.359809877709694], [-3.6040496453078847, 40.35981321942717], [-3.604126173023236, 40.359942551600106], [-3.604155393860527, 40.35999025561327], [-3.6042086374924227, 40.36007724919013], [-3.6042339731839346, 40.36011717154748], [-3.604234044808545, 40.36011727928318], [-3.604234068924696, 40.360117342221315], [-3.604280774989347, 40.36019098230805], [-3.6042809182388713, 40.3601911977794], [-3.6042826979662106, 40.360193990328845], [-3.6043042337510767, 40.36023172528007], [-3.6043653159898206, 40.360345813408095], [-3.604402091647394, 40.360403342904405], [-3.6044021274599793, 40.36040339677221], [-3.6045420884090906, 40.36062237159945], [-3.6045896376899957, 40.36067167341052], [-3.604601515256416, 40.36068422414009], [-3.6046395504247446, 40.36072186376112], [-3.604658262508838, 40.36073482921146], [-3.6046833978083446, 40.360752265654725], [-3.6047629499338667, 40.36082572479085], [-3.6048249729754724, 40.3608578063906], [-3.604864716346944, 40.360878346630926], [-3.6049096610819142, 40.360899733540904], [-3.6049439504346346, 40.36091486975813], [-3.6049652290458276, 40.36092376761267], [-3.6050845926874326, 40.360969990798075], [-3.605162209944796, 40.36100084646466], [-3.605377699248223, 40.36108647689099], [-3.605521927310091, 40.36114608320482], [-3.605638944429038, 40.36119321901595], [-3.605910842276415, 40.36130711206331], [-3.6059663947934033, 40.361329343900515], [-3.606129479181065, 40.361391553399606], [-3.6066683223018954, 40.361593235956974], [-3.6068184329064343, 40.36165190887101], [-3.6070086783141435, 40.36172208284983], [-3.607227293659969, 40.361803819465536], [-3.6073410561503403, 40.36184761922659], [-3.607425840325636, 40.36188025557781], [-3.6075841723989637, 40.3619388753026], [-3.607724830758568, 40.361994002037655], [-3.6078879021567762, 40.36205440728054], [-3.6080934840635086, 40.36212720159987], [-3.6082789970460896, 40.362194695613944], [-3.608444305380828, 40.36225621444721], [-3.6086394167553375, 40.3623288376467], [-3.608691413600271, 40.36234838413337], [-3.608806095792981, 40.362397330840935], [-3.6089715181469293, 40.36246879442218], [-3.6101379549520276, 40.36126980754877], [-3.6112481419954436, 40.36012858447148], [-3.6113024951607513, 40.36007271069611], [-3.611302588559462, 40.36007262011086], [-3.6119638289062417, 40.35939170660206], [-3.6119662198943177, 40.359390432668505], [-3.612061855090439, 40.359292123173255], [-3.6120619483241114, 40.35929201456995], [-3.6123443934252877, 40.359214977692915], [-3.612438694414834, 40.35918926173584], [-3.6139561600879575, 40.36005308636047], [-3.61394731807907, 40.36023382994403], [-3.6139402742476863, 40.36037781562944], [-3.6138535274939327, 40.360471728058464], [-3.613853677536078, 40.360475285878586], [-3.613853712141015, 40.36048429485062], [-3.613853393447395, 40.3604933056978], [-3.6138527212916576, 40.36050230040276], [-3.61385171914521, 40.36051126983169], [-3.613850351759733, 40.36052022318084], [-3.6138486425249385, 40.3605291423078], [-3.6138465912772584, 40.360538009195], [-3.613844198098275, 40.36054683285122], [-3.6138414628244404, 40.36055559525903], [-3.6138383854556255, 40.36056429641832], [-3.613834977604925, 40.360572918249176], [-3.6138312392722205, 40.360581460751526], [-3.613827170375695, 40.360589914916666], [-3.61382277083353, 40.360598271735824], [-3.613818052422262, 40.36060653114642], [-3.61381301497837, 40.360614675131025], [-3.6138076585017753, 40.36062270368958], [-3.613802006382271, 40.36063059867959], [-3.6137960351481824, 40.36063836923474], [-3.6137897800476786, 40.360646006158774], [-3.6137832173640114, 40.36065349155916], [-3.613776382427045, 40.3606608252484], [-3.613717299053885, 40.36072868042777], [-3.6141430568650144, 40.36093884722411], [-3.6152299939660417, 40.36147537630387], [-3.615231815781017, 40.361476267527905], [-3.6152331998893645, 40.361476944860655], [-3.6158705563927533, 40.361791566702344], [-3.6158713371895326, 40.36179194993807], [-3.6158719523727014, 40.361792252973316], [-3.615873774204587, 40.36179314418705], [-3.6163628156710224, 40.362034542809745], [-3.6166848107660754, 40.3621934595004], [-3.6170131843760767, 40.36235554851555], [-3.617089114182519, 40.36239302688443], [-3.617342943620649, 40.36251830488047], [-3.6173500420967444, 40.36252180758577], [-3.6173678473299096, 40.36252025305797], [-3.6173741902645964, 40.36251968765845], [-3.6173745432447766, 40.36251964973758], [-3.6174397717484066, 40.36251368881584], [-3.6174403835751128, 40.3625136224854], [-3.6178344234332034, 40.36247092289504], [-3.6178565796314195, 40.362467345016746], [-3.6179453497275604, 40.36245605075053], [-3.618174203597035, 40.36242691737906], [-3.6182283117091876, 40.36241942083205], [-3.618309449161308, 40.362405473350755], [-3.618651614612623, 40.36234418313711], [-3.6187221691214475, 40.36233209380676], [-3.61878333855244, 40.3623227573928], [-3.6188591960042387, 40.36230972067268], [-3.618861195033166, 40.36230937663722], [-3.618864452215734, 40.36230880964963], [-3.6189184031806807, 40.362300890190696], [-3.6189333522044396, 40.36229868402983], [-3.6189377156749964, 40.36229803003734], [-3.618940138507568, 40.36229766571415], [-3.6189928891148577, 40.362289851745125], [-3.6192233550070245, 40.362274825011156], [-3.6193729797207785, 40.36227905991441], [-3.619660460235741, 40.36229103369358], [-3.6197547745902257, 40.362301339305375], [-3.6199469612180173, 40.3623246339714], [-3.6200059283749604, 40.36233332701849], [-3.6200684616424383, 40.36234560457635], [-3.620187606754397, 40.36236658768379], [-3.620250115313895, 40.362376162530396], [-3.6203114792278703, 40.36238934714295], [-3.620340762958957, 40.36239629829374], [-3.6203408691991164, 40.36239632475133], [-3.6204366370068777, 40.36228894448005], [-3.620443328652183, 40.36228145801353], [-3.62044806415748, 40.362276423520775], [-3.6204541293454042, 40.362269976466784], [-3.6204542226521705, 40.36226987686557], [-3.620503945323122, 40.36221700566876], [-3.620504867107993, 40.36221606377145], [-3.620566017954306, 40.36215336531218], [-3.620566496428608, 40.36215288525977], [-3.6206295113783873, 40.362090555148484], [-3.620631099154489, 40.362089033090534], [-3.6206926746793697, 40.36203028730194], [-3.6206944376184294, 40.36202860213829], [-3.620697684321734, 40.36202561169361], [-3.620760797003456, 40.36196754231405], [-3.620762362459536, 40.361966155511375], [-3.6208285304826036, 40.36190735797201], [-3.6208302015143397, 40.361905925555895], [-3.620869464603392, 40.36187223677576], [-3.6209041371290116, 40.36184268980988], [-3.620939343136186, 40.36181352736278], [-3.620974667625289, 40.36178444535107], [-3.6210105610089265, 40.361755756676445], [-3.62103977832734, 40.36173239221237], [-3.621043216406499, 40.36172972505972], [-3.6210465376266088, 40.36172715763515], [-3.6210532372966875, 40.361721842295346], [-3.621055564596557, 40.361720054994876], [-3.62108307127921, 40.36169894298471], [-3.6211197234962493, 40.361670817777416], [-3.621141082835572, 40.361654892002626], [-3.621216864983844, 40.361599141752286], [-3.6212316302961924, 40.36158849470597], [-3.6212627172131593, 40.361566102140195], [-3.621265631108661, 40.36156406843731], [-3.6213395099987165, 40.361512697768816], [-3.621342143645531, 40.361510926835024], [-3.6214175368772956, 40.3614603137586], [-3.6214188130176663, 40.3614594870689], [-3.62149672751985, 40.36140898652165], [-3.6214971256959934, 40.36140874113485], [-3.621547151153384, 40.361377453786275], [-3.621557748717673, 40.3613708201509], [-3.621577082010114, 40.36135872506433], [-3.621578862312925, 40.36135765241613], [-3.621658565019001, 40.36130952957408], [-3.6216648792515236, 40.361305855936166], [-3.6216688974066464, 40.36130351898539], [-3.621705025460061, 40.361282486612], [-3.6217412482014284, 40.361261507773186], [-3.6217464026527755, 40.36125850704297], [-3.6217516047899503, 40.36125556912021], [-3.621788220024673, 40.36123501158677], [-3.621824894782916, 40.361214525794864], [-3.621830144102959, 40.36121159662404], [-3.6218354292493857, 40.36120872131525], [-3.6218725083610375, 40.36118866577346], [-3.621909646830941, 40.36116866395547], [-3.6219149439128975, 40.36116580659717], [-3.6219203004575125, 40.361163011982946], [-3.6219578315047003, 40.3611434404777], [-3.6219954102993226, 40.36112394077669], [-3.6220007551433615, 40.361121155230784], [-3.6220062066397305, 40.36111844118428], [-3.6220821495289877, 40.36108032041145], [-3.6220830640542045, 40.36107987404389], [-3.622169877375584, 40.361037919907474], [-3.6223278879444707, 40.36096563619407], [-3.62233043288092, 40.36096446932829], [-3.6223336120184366, 40.360963109857586], [-3.6224208176058053, 40.36092542376013], [-3.6224212165214107, 40.36092525944851], [-3.6225103598477357, 40.36088826556892], [-3.622512049307417, 40.36088756277053], [-3.622513891615147, 40.36088683212197], [-3.6226041401801328, 40.36085093133764], [-3.622607027293652, 40.360849834696914], [-3.6226970549804314, 40.360815538658315], [-3.622700318114993, 40.36081434989918], [-3.6227857931909635, 40.36078318646118], [-3.622790781769637, 40.36078136677655], [-3.6227949493816096, 40.36077992088789], [-3.62288525055499, 40.36074848814061], [-3.6228869413338587, 40.360747929476105], [-3.622980461009065, 40.360716866713794], [-3.6229829974652286, 40.36071606024543], [-3.623015419878269, 40.360705795342206], [-3.6230448126180397, 40.36069649271235], [-3.623092867326377, 40.36068153989554], [-3.623133339527047, 40.360669366695504], [-3.623172977812209, 40.360657441221775], [-3.623174305170017, 40.36065706469435], [-3.623206067207866, 40.36064799250416], [-3.623227727390062, 40.360641803616], [-3.62327020198277, 40.36062966462346], [-3.6232731624734877, 40.3606288648727], [-3.6233680622651465, 40.36060319084196], [-3.6233707764403116, 40.36060250052617], [-3.6234665234173655, 40.360578029074844], [-3.6234682743150186, 40.36057760521504], [-3.6235655147847927, 40.36055417970152], [-3.623568676218024, 40.36055345994215], [-3.623631588477137, 40.360539237617104], [-3.623648253833348, 40.360535472018036], [-3.6236981836312423, 40.36052465304894], [-3.6237481979248503, 40.36051405883143], [-3.623798357673479, 40.36050391426538], [-3.623848625389182, 40.36049398531487], [-3.623899015008261, 40.360484506142555], [-3.623946008984561, 40.360475892128086], [-3.6239665489723647, 40.36047212359797], [-3.6239676425343545, 40.360471937515], [-3.624067874939223, 40.360454991036626], [-3.6242261352797867, 40.36042930772972], [-3.624644481536491, 40.360361417324775], [-3.624904155812711, 40.36031929316519], [-3.6253781819861235, 40.360242369373765], [-3.6257965377402703, 40.36017448376166], [-3.626530234130371, 40.36005543753724], [-3.6269485756621704, 40.359987538828044], [-3.6276822678256044, 40.359868476313025], [-3.628100618938261, 40.35980059140527], [-3.6294275982277977, 40.35958521168039], [-3.6295554333044087, 40.35956447052514], [-3.6296614901387065, 40.35954726226785], [-3.629694839664492, 40.3594798543988], [-3.629563920066815, 40.35934496136327], [-3.630036727945022, 40.359076481514656], [-3.6301581945706882, 40.359201632576934], [-3.630189040056435, 40.35923342898234], [-3.630199266502272, 40.35923259847187], [-3.6302095058985984, 40.359231894018066], [-3.630219746720764, 40.35923134271122], [-3.630219817378944, 40.35923134232618], [-3.6302300239623864, 40.35923090832395], [-3.6302301063969167, 40.35923090787476], [-3.6302386189456284, 40.359230672295205], [-3.6302403027138506, 40.359230636092335], [-3.6302403851483924, 40.359230635643115], [-3.6302437763214375, 40.35923057211766], [-3.630247250096796, 40.35923052616026], [-3.6302489103961686, 40.359230499094295], [-3.6302505708633186, 40.359230490045704], [-3.630250688626955, 40.35923048940396], [-3.6302540331139848, 40.359230471178385], [-3.6302575308615013, 40.359230470135785], [-3.6302591678598226, 40.35923047022413], [-3.6302608284947535, 40.359230479192796], [-3.630260981587472, 40.35923047835852], [-3.630264326493954, 40.35923050517609], [-3.6302678011082126, 40.359230549305025], [-3.63026946191093, 40.35923057629095], [-3.630271122713649, 40.35923060327686], [-3.6302712758063675, 40.35923060244258], [-3.6302746094398524, 40.35923068337621], [-3.630278072697228, 40.3592307726125], [-3.6302797453602116, 40.3592308085428], [-3.6302813946382666, 40.35923086261882], [-3.6302815713675987, 40.35923087066485], [-3.6302848700076016, 40.359230987825505], [-3.630288345460844, 40.35923112204081], [-3.6302900065991603, 40.359231185061205], [-3.630291644352555, 40.35923126622735], [-3.6302918564109827, 40.35923127408081], [-3.630295131833874, 40.35923142740433], [-3.630298596014169, 40.35923161573566], [-3.630300257320301, 40.359231696773335], [-3.6303019071017615, 40.35923180490121], [-3.63030211924409, 40.35923182176337], [-3.63030538331016, 40.359232020194256], [-3.6303088360497386, 40.35923224462425], [-3.63031049760759, 40.35923235268785], [-3.6303121475568787, 40.359232478832986], [-3.630312383251942, 40.359232495566765], [-3.6303156123245715, 40.359232730224676], [-3.630319077427875, 40.35923301765103], [-3.630320703824476, 40.35923314392441], [-3.630322377494331, 40.35923328795845], [-3.6303226250496525, 40.359233313636736], [-3.6303258192127594, 40.35923359353037], [-3.630329284651762, 40.35923391699122], [-3.6303309348528217, 40.35923407016219], [-3.630332549808708, 40.35923423253438], [-3.6303360272758316, 40.359234582956915], [-3.6303394578053423, 40.35923495165349], [-3.6303411080903523, 40.359235113832995], [-3.63034273515826, 40.359235312175656], [-3.6303430416793154, 40.35923534654166], [-3.630346189576175, 40.35923571677843], [-3.630349632301678, 40.359236130453986], [-3.6303512475093656, 40.359236319852], [-3.6303528982139532, 40.359236527074835], [-3.6303532165952865, 40.359236570385306], [-3.630356317722422, 40.35923697691335], [-3.6303597726439265, 40.35923743556787], [-3.630361057861771, 40.359237599736865], [-3.630363027367303, 40.359237895313484], [-3.6303731103385584, 40.359239362903665], [-3.6303733225648336, 40.35923938877438], [-3.6303734641329233, 40.35923941503021], [-3.630383171100046, 40.359240974760446], [-3.630383666546431, 40.359241062151526], [-3.6303931744066387, 40.35924274008515], [-3.6303938232814184, 40.35924286267648], [-3.6304031671121226, 40.3592446315949], [-3.630403945862594, 40.35924478951488], [-3.630413102111098, 40.35924664954646], [-3.6304140343739264, 40.35924685167538], [-3.6304229794875162, 40.35924880294857], [-3.6304240534863585, 40.35924904935057], [-3.630432811017822, 40.359251091737036], [-3.630434015060248, 40.35925139148501], [-3.6304425848417625, 40.35925350696737], [-3.6304439424805377, 40.35925385993286], [-3.630452301043317, 40.359256057648274], [-3.630453800586017, 40.359256472904185], [-3.6304619830913567, 40.35925873464269], [-3.6304635891249877, 40.35925920337288], [-3.6304715603277136, 40.35926153833578], [-3.6304733201256205, 40.359262078300844], [-3.6304811152709413, 40.359264477286914], [-3.6304829934201273, 40.359265079670706], [-3.630490565318657, 40.35926753392807], [-3.6304925855397387, 40.359268216619576], [-3.630499969436672, 40.359270716946995], [-3.630502096316653, 40.359271471130086], [-3.6305092923798465, 40.35927403554498], [-3.6305115377790678, 40.359274870164136], [-3.6305185222040106, 40.35927747176884], [-3.630526453103357, 40.35928053668905], [-3.630527706014665, 40.359281025361824], [-3.6305301767600104, 40.35928202992599], [-3.6305367850139376, 40.35928470565362], [-3.630539374362554, 40.35928579966251], [-3.630542578432615, 40.35928714257619], [-3.6305457709782263, 40.359288512580065], [-3.6305470598064513, 40.359289064120865], [-3.630548135988552, 40.35928954474779], [-3.630548337026182, 40.359289633743245], [-3.6305515180474344, 40.35929103083728], [-3.630554675600009, 40.3592924370683], [-3.6305559528198663, 40.359293006690585], [-3.6305568044117007, 40.359293398450376], [-3.6305572302076095, 40.35929359433027], [-3.6305603762358505, 40.35929502765142], [-3.63056349896326, 40.35929648812701], [-3.630564764406892, 40.3592970578134], [-3.6305654031847743, 40.35929736064189], [-3.630566018325979, 40.35929765459009], [-3.63056912952905, 40.35929914215578], [-3.630572217263453, 40.35930063885854], [-3.63057347118267, 40.35930123563514], [-3.6305738970626105, 40.35930144052366], [-3.630574713493389, 40.35930185049331], [-3.630577789703462, 40.3593033742862], [-3.630580842444864, 40.35930490721609], [-3.6305820848396624, 40.35930553108288], [-3.6305822979055544, 40.35930564704019], [-3.630583303765654, 40.359306164086796], [-3.6305863449827336, 40.35930772410685], [-3.6305893745914455, 40.35930930220842], [-3.6305906052939623, 40.35930993514803], [-3.6305918125276793, 40.35931057722474], [-3.630594818835699, 40.35931218248068], [-3.63059780167505, 40.359313796873636], [-3.630598831423893, 40.35931434982644], [-3.630599008992844, 40.359314447958944], [-3.6306001929257756, 40.359315117190086], [-3.630603152380502, 40.35931674972872], [-3.6306061120871824, 40.359318409293365], [-3.63060694071443, 40.359318864242056], [-3.6306073194890764, 40.35931906938731], [-3.6306084918136783, 40.359319756699946], [-3.630611428135738, 40.359321434410255], [-3.6306143410730733, 40.35932313026631], [-3.630614945025915, 40.35932348733931], [-3.6306155015374983, 40.3593238086344], [-3.630616674030133, 40.35932451396434], [-3.6306195752752903, 40.35932621889316], [-3.630622453303591, 40.359327959985116], [-3.6306228560507963, 40.35932821004537], [-3.6306236022436194, 40.35932866544342], [-3.6306247629600525, 40.35932937083749], [-3.6306276176037495, 40.35933113007514], [-3.630630448778774, 40.359332898449814], [-3.6306306620127167, 40.35933303242441], [-3.6306315978029104, 40.35933361291673], [-3.630632723358247, 40.359334336520746], [-3.6306355312325995, 40.35933613204983], [-3.630638327498611, 40.35933794566044], [-3.6306394648304776, 40.359338669200206], [-3.6306405670011013, 40.35933941094995], [-3.630643328190064, 40.359341251779156], [-3.630645935278905, 40.35934298533876], [-3.6306460893791757, 40.35934309260831], [-3.630647215102724, 40.35934383422959], [-3.6306482938886493, 40.35934459412508], [-3.6306495975171145, 40.35934546991355], [-3.630653699343175, 40.359348366512165], [-3.6306601480874705, 40.35935288096966], [-3.630660764572701, 40.359353319056446], [-3.630661286175327, 40.35935368558743], [-3.6306619502697837, 40.35935417746953], [-3.6306631479111626, 40.359355053835756], [-3.630667701606173, 40.359358416445794], [-3.6306686859296535, 40.35935914982877], [-3.630674533408753, 40.359363595490926], [-3.630675956816517, 40.35936468684558], [-3.6306812482040423, 40.35936885625608], [-3.6306831109480897, 40.359370332608435], [-3.630687845992064, 40.3593741987413], [-3.6306901246037033, 40.359376069228425], [-3.630694326856738, 40.35937963195526], [-3.630697021420077, 40.35938190558582], [-3.6307012486537715, 40.359385621331754], [-3.6307037777604716, 40.359387832800394], [-3.630708041667308, 40.35939169249251], [-3.6307104053173385, 40.35939384179923], [-3.6307133756919554, 40.3593966454653], [-3.6307146708200295, 40.35939787265631], [-3.6307168689293823, 40.35939995079243], [-3.6307211594967947, 40.359404143677345], [-3.630723215534272, 40.35940614150574], [-3.630727519306077, 40.35941048747397], [-3.6307294214952264, 40.35941240505893], [-3.6307337150865817, 40.359416922256344], [-3.630735451650964, 40.35941875966208], [-3.630739770307141, 40.35942343888731], [-3.6307413764919416, 40.35942518691247], [-3.6307456614149123, 40.35943003749535], [-3.63074713730406, 40.35943170514864], [-3.6307514119626956, 40.35943671795203], [-3.6307527456118214, 40.35943828728029], [-3.63075699831371, 40.359443471377126], [-3.630758213359517, 40.35944495126066], [-3.6307624323282734, 40.35945030671517], [-3.6307635169103727, 40.35945168820947], [-3.630767690285636, 40.35945720607718], [-3.630768656096425, 40.35945848010939], [-3.6307728076828916, 40.35946418728793], [-3.6307736548062897, 40.359465362866736], [-3.6307777607153353, 40.35947122344979], [-3.630778500843745, 40.3594722915023], [-3.6307825495508483, 40.35947833258023], [-3.630783182600258, 40.3594792840977], [-3.6307871623290158, 40.359485505734696], [-3.630787700159755, 40.35948634966167], [-3.6307916107422407, 40.35949273384041], [-3.6307920651306946, 40.35949347011261], [-3.6307958831820217, 40.35950003497891], [-3.63079624226776, 40.35950065465192], [-3.630800002949213, 40.35950738199571], [-3.630800278508634, 40.3595078850053], [-3.6308039347985224, 40.35951478409223], [-3.630804138524029, 40.35951516136546], [-3.6308077140591393, 40.35952224107576], [-3.630807846034668, 40.35952250162135], [-3.630811305401767, 40.359529753139036], [-3.630811365543321, 40.359529887948305], [-3.6308147322952307, 40.359537311144905], [-3.6308179111290313, 40.35954478942131], [-3.63081795932626, 40.35954490627741], [-3.6308209489823904, 40.35955230450317], [-3.6308210454608476, 40.359552547224055], [-3.630823798749618, 40.35955985664744], [-3.630823931816861, 40.359560234306045], [-3.6308264839834754, 40.35956744572568], [-3.630826653555554, 40.359567949313295], [-3.6308289692706865, 40.35957506292188], [-3.6308291637391434, 40.35957571052013], [-3.63083130188481, 40.35958272599655], [-3.630831521081722, 40.35958349958807], [-3.6308334463285967, 40.359590417125006], [-3.63083367847754, 40.35959131677397], [-3.6308354260708597, 40.35959812717006], [-3.630835671339802, 40.359599170893915], [-3.630837229503065, 40.35960587421337], [-3.6308374759476347, 40.35960704405892], [-3.630838844596814, 40.35961363129307], [-3.6308390923849605, 40.359614945277734], [-3.6308403068492807, 40.35962141623389], [-3.6308405440366207, 40.35962285640449], [-3.6308415691546703, 40.35962922929276], [-3.6308417839647933, 40.35963079571355], [-3.6308426547299137, 40.35963703430644], [-3.630842847330744, 40.35963874499481], [-3.630843552050414, 40.35964485836525], [-3.630843734218394, 40.35964671325696], [-3.630844308305836, 40.359652710220935], [-3.6308444445437003, 40.359654691491315], [-3.6308448408091536, 40.359660563297076], [-3.630844942977306, 40.359662679890576], [-3.630845231995363, 40.35966841714406], [-3.630845288317343, 40.35967066912489], [-3.6308454347586427, 40.35967627201878], [-3.630845441791646, 40.35967829003051], [-3.6308454452344483, 40.359678659386965], [-3.630845449182907, 40.35968413692996], [-3.6308454089422044, 40.35968613718125], [-3.6308454020360768, 40.35968665974973], [-3.6308452751001408, 40.359691993860196], [-3.630845158554209, 40.3596946521958], [-3.6308449479235936, 40.3596998516255], [-3.6308447612228014, 40.35970256439867], [-3.630844761894567, 40.35970263646821], [-3.6308444204634536, 40.35970770147409], [-3.6308442176197127, 40.35970994585939], [-3.630844153258844, 40.35971062189687], [-3.630843692719654, 40.359715543405976], [-3.630843356031895, 40.359718590335895], [-3.6308428235743606, 40.359723377099975], [-3.6308423938505263, 40.35972655066547], [-3.6308417659217307, 40.35973120281306], [-3.630841376669937, 40.35973366443477], [-3.630841243161791, 40.359734503014124], [-3.6308405313702137, 40.359739002463535], [-3.630840094760624, 40.3597414373161], [-3.630839915574132, 40.35974242930022], [-3.6308391317801583, 40.359746784995906], [-3.6308384555062516, 40.35975004098857], [-3.630838399395004, 40.35975033859665], [-3.630837520129673, 40.3597545596758], [-3.630836682847889, 40.35975823096765], [-3.630835755133016, 40.359762308164605], [-3.6308350394989017, 40.35976513193265], [-3.630834801094136, 40.35976608820313], [-3.6308338130692923, 40.359770012573456], [-3.630831704623303, 40.359777555725024], [-3.630831659028926, 40.35977771813846], [-3.630830471559684, 40.359781724678975], [-3.6308293868036454, 40.35978537930229], [-3.6308280591921984, 40.35978951273531], [-3.6308269259865775, 40.35979302347645], [-3.630825698653116, 40.35979654374011], [-3.6308254461205354, 40.359797247831374], [-3.630824276157806, 40.35980060561739], [-3.630823104263696, 40.359803756203426], [-3.6308226561494643, 40.359804956864835], [-3.6308214612060845, 40.35980816163147], [-3.630820149421616, 40.35981146613608], [-3.6308196891109796, 40.35981262181823], [-3.630818469354896, 40.35981569158291], [-3.630817086659455, 40.35981896944679], [-3.630816545089007, 40.359820251700256], [-3.630815312128739, 40.35982316838134], [-3.6308119780030093, 40.359830619117076], [-3.6308084901107445, 40.35983799861818], [-3.630804813542339, 40.35984535212085], [-3.6308009832073194, 40.35985263438877], [-3.63079696411208, 40.359859881649534], [-3.6308184275386957, 40.35988196313258], [-3.6312096651325945, 40.3602851232171], [-3.6313416958071905, 40.36042116146297], [-3.63147370398257, 40.36055473116935], [-3.631474952376626, 40.3605559946433], [-3.6315367805493564, 40.360616351688954], [-3.6315586904564525, 40.360638268427934], [-3.631559665301521, 40.36063924510194], [-3.6315856415874266, 40.36066403156728], [-3.6316089610140407, 40.36068680547753], [-3.6316112311979136, 40.36068902734884], [-3.6316547414927522, 40.360729970546835], [-3.6316969502729513, 40.36077026316897], [-3.6316978652297394, 40.36077113205905], [-3.6317244036158924, 40.36079556406543], [-3.631794990846708, 40.36086057590168], [-3.6318661284358384, 40.36092523333017], [-3.6319382027424165, 40.360989290991675], [-3.6320108156316713, 40.36105299430726], [-3.632036963337663, 40.36107592384719], [-3.6320381033218943, 40.361076926642], [-3.6320843178803566, 40.36111607108428], [-3.632127771020439, 40.361153356697784], [-3.632130204932721, 40.36115545153566], [-3.632130608453708, 40.36115578266865], [-3.6321583821817045, 40.361178784375454], [-3.6322089804327473, 40.36122070665109], [-3.632452734514628, 40.361417214847364], [-3.632462841962927, 40.36142504257934], [-3.6325855291818514, 40.361519823516616], [-3.6325882577088207, 40.361521934751515], [-3.6327458424903782, 40.36163947994208], [-3.6327464474016797, 40.36163993609916], [-3.6327674608133314, 40.36165532587581], [-3.632837440211577, 40.36170551132938], [-3.6329180553673126, 40.36176332333904], [-3.6329540575066157, 40.36178836093366], [-3.633140443027641, 40.361916369737244], [-3.6331715349131857, 40.361937713366075], [-3.6332043364817856, 40.3619592638454], [-3.633233978230326, 40.36197918294225], [-3.633236787210788, 40.361981077501525], [-3.633239785042234, 40.361983016072465], [-3.6332880949320607, 40.36201435563915], [-3.6333373448486315, 40.36204671708047], [-3.6333391224200784, 40.36204788754446], [-3.633363113190621, 40.36206299964125], [-3.633403092800593, 40.362088907217306], [-3.633405356007771, 40.36209037232244], [-3.6335731077596716, 40.362195364997866], [-3.633576365629142, 40.36219740123603], [-3.633585130445038, 40.362202686634944], [-3.633590793527507, 40.36220625926942], [-3.6336968590041296, 40.36227013860113], [-3.6337479678225093, 40.362300994161345], [-3.6337498274241047, 40.36230211912371], [-3.6337534156474893, 40.36230421661059], [-3.6337571346823663, 40.36230644851774], [-3.633925623532511, 40.36240451761144], [-3.634178207912996, 40.36254694585595], [-3.63443324202141, 40.36268674745203], [-3.63445491643711, 40.36269844855082], [-3.634786842103604, 40.3628740803206], [-3.6347887951089706, 40.362875114661925], [-3.634876356123547, 40.362919733810585], [-3.6351170045194374, 40.36304236033966], [-3.635117075688825, 40.36304241400372], [-3.635125264952817, 40.36304658531127], [-3.635126649543164, 40.363047289430014], [-3.6354650010929705, 40.363213271187924], [-3.635468373285461, 40.36321492835994], [-3.635472466500364, 40.363216860853555], [-3.6357851362420623, 40.363364423938684], [-3.6358138597935525, 40.36337797794866], [-3.6358385450275463, 40.36338917573941], [-3.635839136420625, 40.36338944276235], [-3.635850245797024, 40.36339477816165], [-3.6359235467259574, 40.363428258525786], [-3.6359559212185664, 40.36344304469619], [-3.6360034834596013, 40.36346476546026], [-3.636006286821431, 40.36346604736054], [-3.6361630260756135, 40.363536384564625], [-3.636200273200068, 40.36354328788903], [-3.6362429667219947, 40.36353945837495], [-3.636354296817758, 40.36354272879372], [-3.6365412798999235, 40.36356278119613], [-3.636614787694648, 40.3635768813116], [-3.6366895909898673, 40.363564685564555], [-3.636704172897595, 40.363562298945695], [-3.6367159089839065, 40.363560378449854], [-3.6367267697240333, 40.36353176867683], [-3.636733148432718, 40.36351498555852], [-3.636734722986898, 40.363510841692246], [-3.636748318420188, 40.36347496449929], [-3.6367724645285273, 40.363411326093505], [-3.6367903885079267, 40.36340113716141], [-3.636824106566543, 40.363393473911096], [-3.6369108076825487, 40.36338155485381], [-3.6369308383406795, 40.36337871476938], [-3.6369975995916946, 40.363369274865676], [-3.6370779206744883, 40.36335522862886], [-3.63713492248668, 40.363343743275564], [-3.637229290386859, 40.36332052932063], [-3.6372834062627186, 40.36330275339404], [-3.637340578663627, 40.36328062719946], [-3.6374063485714263, 40.3632497327402], [-3.637434353045634, 40.363233181748555], [-3.637502958408266, 40.36319073089158], [-3.6375646203307412, 40.36314885882046], [-3.6376335395759436, 40.363099739388126], [-3.6376923637078074, 40.36305545042526], [-3.637761712352691, 40.3630031753477], [-3.6378269929200977, 40.36294290452489], [-3.6378540811793667, 40.36291788988773], [-3.6379623570230604, 40.36278467804594], [-3.6379681024563246, 40.36277571828965], [-3.6380057093622997, 40.36271712256217], [-3.638068200974652, 40.36261967723391], [-3.6381583255528254, 40.36250881793524], [-3.638265646103244, 40.36237434979363], [-3.6383637019464175, 40.36225659960904], [-3.63842953926618, 40.3621818206427], [-3.6384901032946235, 40.36210987259542], [-3.6385576804201527, 40.362018552166184], [-3.638594544992428, 40.36196875326723], [-3.63861869600342, 40.36193582661778], [-3.638666521057706, 40.36187060657759], [-3.638730622624097, 40.361774215069644], [-3.6387700839074197, 40.361713816024505], [-3.63880055103993, 40.36167004347461], [-3.6389495059342276, 40.36148110964735], [-3.638970624475044, 40.36145510068261], [-3.6389805900160446, 40.36144282922004], [-3.6389850607335075, 40.36143734497614], [-3.639005820038027, 40.36141195962077], [-3.6391209326873413, 40.361271141211176], [-3.6391210025818355, 40.3612710597426], [-3.6391466535228068, 40.36124362027105], [-3.639181526344984, 40.36120748104584], [-3.6392373950097228, 40.36116104542697], [-3.6392820155396985, 40.36112325767407], [-3.6392880560831338, 40.3611181431251], [-3.639296620387832, 40.36111089747552], [-3.6393389004447725, 40.36107345597638], [-3.6393571170038475, 40.36105569734311], [-3.639435785487173, 40.36098300905453], [-3.639497227970661, 40.36094068669982], [-3.6395663285932445, 40.36089868232874], [-3.639643906910464, 40.36085773014494], [-3.639668621878517, 40.36084469235138], [-3.6397619422670013, 40.360798337621866], [-3.6397910770205555, 40.36078441047477], [-3.639791557732504, 40.3607841825868], [-3.639831819076927, 40.36076496857102], [-3.6398820014987856, 40.36074126714987], [-3.639903344967769, 40.36073163539935], [-3.6399753496890255, 40.360699128375416], [-3.640128047010092, 40.36063125525264], [-3.6403854491896084, 40.36051298162418], [-3.640390615972498, 40.36051013315165], [-3.640595612520471, 40.36039722137126], [-3.6407189378308535, 40.360335726465344], [-3.6408213324713943, 40.36029138370339], [-3.6410036459485626, 40.36021712900812], [-3.641027812551697, 40.36020717509175], [-3.641110774631069, 40.36017527330394], [-3.6411902149503965, 40.36014582345158], [-3.6412962022857656, 40.360106586556356], [-3.641346267405766, 40.36008801135529], [-3.641433980993644, 40.36005546135521], [-3.641538760687099, 40.360014339014235], [-3.6417217962913124, 40.35994188101061], [-3.641889127045085, 40.3598651044079], [-3.6419236213677904, 40.35984392163957], [-3.6419625885478646, 40.35982000227968], [-3.6419644033853467, 40.3598188840807], [-3.642046365335398, 40.359768554454504], [-3.6421732873753836, 40.359689199914364], [-3.642224864229261, 40.35965251655851], [-3.642289577868369, 40.3596064808011], [-3.642354030628684, 40.35956026627326], [-3.642413205305471, 40.35951633331443], [-3.642425624604162, 40.35950707499729], [-3.64245951397226, 40.359481751220315], [-3.642521605039857, 40.35943365779649], [-3.6425692728038426, 40.3593822209985], [-3.6426312073660094, 40.35931890292245], [-3.6426719848952764, 40.35927236930746], [-3.6428362256769513, 40.35908010219492], [-3.642893907288949, 40.35900428489678], [-3.642948313545111, 40.35892957588474], [-3.642978280415801, 40.35888562481989], [-3.6431053888628733, 40.35870347381166], [-3.6432304151488144, 40.35854890224003], [-3.643265723351997, 40.358506903404965], [-3.643289293133503, 40.35847886196049], [-3.6433660811957598, 40.35838751448085], [-3.643367634456587, 40.358384902195816], [-3.643392739095634, 40.358342410523214], [-3.6435118297284537, 40.358223881236626], [-3.6435224695403847, 40.35821329934734], [-3.6435460555668686, 40.35819194254911], [-3.6435482273435085, 40.35818997547879], [-3.6435901913908855, 40.35815193957008], [-3.6435910087823395, 40.35815120528027], [-3.6436636119373813, 40.35814123352066], [-3.6437029538694663, 40.358135834299425], [-3.643903509344576, 40.35810830305961], [-3.6440176878481196, 40.358071468551564], [-3.6441479269108146, 40.35801577842022], [-3.644205699425839, 40.35798316784107], [-3.644243640119493, 40.35796295618761], [-3.64434070446045, 40.357912288544426], [-3.644448720724027, 40.35787643390274], [-3.644560406734284, 40.35784876604491], [-3.644671482396376, 40.35781884919366], [-3.6447820801361064, 40.3577882231773], [-3.6448517952130666, 40.35776318545447], [-3.644888729972524, 40.35774990723527], [-3.6449003175909174, 40.3577461308523], [-3.64494264113534, 40.35773233607342], [-3.6449991392535863, 40.35771930008055], [-3.6451088670790854, 40.35768639928797], [-3.645315140533309, 40.35762143672122], [-3.6453072841698093, 40.35761265158847], [-3.645399600719399, 40.35759898310359], [-3.645485508382963, 40.35758877379146], [-3.6455564648260257, 40.35758034159062], [-3.6456021300922914, 40.35757491543761], [-3.6457185790652145, 40.357561472351605], [-3.6460223472862827, 40.357514685173285], [-3.646337739248947, 40.357760242250905], [-3.646567512099022, 40.3579338255503], [-3.6467655534317127, 40.3580907477374], [-3.646881898630122, 40.35817604434384], [-3.6469805930222914, 40.35822585343089], [-3.6470186749887077, 40.3582426676847], [-3.6470868604740905, 40.3582794039049], [-3.647128583012541, 40.3583074591903], [-3.647200001229898, 40.35836942990093], [-3.6472451513251887, 40.35842092578821], [-3.6473330633103633, 40.35852046235269], [-3.6473520290152126, 40.35854684309648], [-3.6474674898093724, 40.358686027774155], [-3.6474818477026743, 40.35870346117916], [-3.64752479042334, 40.358755608960685], [-3.647594906792541, 40.35883405543347], [-3.647610035982448, 40.358852088116116], [-3.6476374351536642, 40.358884727991445], [-3.647707696593308, 40.35898322794558], [-3.6477604230897573, 40.359049807553575], [-3.6478316894998852, 40.35913760794129], [-3.6479052893256023, 40.35924646760852], [-3.6479241455496303, 40.35928474094281], [-3.647939947709332, 40.359323842207154], [-3.6480144759445317, 40.359482886560535], [-3.6480550263201783, 40.359609796436715], [-3.6480750152840455, 40.359656883351605], [-3.6481218513471187, 40.35976498291504], [-3.6481409386226273, 40.35982489488632], [-3.648159001863229, 40.3599180653539], [-3.648163362603106, 40.359940536754515], [-3.648182304081744, 40.36008727968947], [-3.648182298043562, 40.360089108580055], [-3.6481822617664568, 40.36009146917977], [-3.64818224438319, 40.360093343179685], [-3.648179628535859, 40.36032315413728], [-3.6481793890437095, 40.36033503854337], [-3.6481749553351883, 40.360415623176756], [-3.648167466643931, 40.36045390897156], [-3.648157675828053, 40.360503910548125], [-3.6481468007848274, 40.36059810806], [-3.648146748125698, 40.36067992040756], [-3.648148698079414, 40.36069783767945], [-3.6482190919608595, 40.360817264789205], [-3.6482680619004957, 40.360882450759725], [-3.6482681336819636, 40.36088256747627], [-3.648272058323049, 40.360887779790914], [-3.64832644503945, 40.360949187568394], [-3.648416651024657, 40.361043025625165], [-3.6484290067286156, 40.36105914578497], [-3.648463628674332, 40.36110428568314], [-3.6485035148805864, 40.361173982008424], [-3.648504152165015, 40.36117534782499], [-3.6485061488722312, 40.36117969705486], [-3.648538864519882, 40.36125080296444], [-3.648546420618213, 40.361272409567], [-3.6485728919789593, 40.361348181181874], [-3.648575814872762, 40.36135946225766], [-3.6485836903625337, 40.36138981494546], [-3.648586833701649, 40.36140197768076], [-3.6485933870331895, 40.36143446394046], [-3.6486048309909074, 40.36153485171986], [-3.6486334619452925, 40.361737622117744], [-3.648639830453585, 40.36178276725649], [-3.6486440141810226, 40.36188872735893], [-3.6486457337961857, 40.36193174538433], [-3.64864688722691, 40.36210246218392], [-3.6486585003018246, 40.36223275935288], [-3.648674983388653, 40.36236735359122], [-3.6486908829838525, 40.36247915796568], [-3.64869130218411, 40.36251183177501], [-3.6487053571216146, 40.36263637640959], [-3.6487042742934235, 40.362680680436775], [-3.648704267870642, 40.36268123903963], [-3.648716616540071, 40.36279487415935], [-3.6487264611673274, 40.36288564010052], [-3.6488289477407405, 40.36257342092536], [-3.6488867178501945, 40.3624568698609], [-3.6489133468416437, 40.36240897199451], [-3.6489654982555364, 40.36230341654083], [-3.6489918973470856, 40.36224997932247], [-3.6490370957805474, 40.362172247048576], [-3.649054501821687, 40.36214512193566], [-3.6490548508063907, 40.362144669519964], [-3.6491565910596773, 40.36198328528931], [-3.649288858611179, 40.361775332495675], [-3.649383955367284, 40.361622544041126], [-3.6494164146661534, 40.361567406001356], [-3.649451269350717, 40.361517659987115], [-3.6497451592953496, 40.361216905679264], [-3.6499153887364004, 40.361036667218976], [-3.6501112803627866, 40.36083195956352], [-3.650167262781994, 40.36077488724772], [-3.6501768236941703, 40.36076362612241], [-3.650258098679506, 40.3606680596397], [-3.6503867151179388, 40.3605097214298], [-3.65039777262007, 40.36049610949189], [-3.650486209272422, 40.3603847996302], [-3.6505159528618365, 40.36034624436628], [-3.6505304583166516, 40.360327450781284], [-3.6505385541433513, 40.360316936616265], [-3.6505863334331483, 40.36024091895673], [-3.650706749628295, 40.36004931969902], [-3.6507933181363255, 40.359944704893515], [-3.650815902981067, 40.35991738820161], [-3.6508348092519567, 40.359894542724405], [-3.651103205794805, 40.359637172273224], [-3.6513506487528384, 40.359404243898595], [-3.6515770741579603, 40.35919395626787], [-3.651787402409261, 40.35902069641199], [-3.6520096037772953, 40.358859982042176], [-3.6522072681074707, 40.358718324826825], [-3.652441342297071, 40.358566551816494], [-3.6526416932871606, 40.358458212546026], [-3.652674786449598, 40.35844236789689], [-3.652675876682028, 40.35844184822295], [-3.65313839500723, 40.35822051306785], [-3.653220781469181, 40.35818106519293], [-3.6538034647708484, 40.357908399188084], [-3.653955988105054, 40.35784898641014], [-3.653974212945208, 40.35784354093373], [-3.654007351254587, 40.35783365069472], [-3.6541213389459175, 40.35779962716471], [-3.6545616592572077, 40.35766823306883], [-3.6546033579869457, 40.357655798676085], [-3.6546699513055216, 40.357635925943995], [-3.654792465580385, 40.35763973695666], [-3.654813662433098, 40.357639616946685], [-3.654840642710332, 40.35762865320904], [-3.6548946206714694, 40.357608527445976], [-3.655112774715431, 40.357522452796516], [-3.6553996766993673, 40.35740925802845], [-3.6554017644516326, 40.357410813789336], [-3.6555841257909925, 40.35733909444975], [-3.6558524427290457, 40.35733163617293], [-3.655968647136739, 40.357328454586465], [-3.6559865850310636, 40.357332316871044], [-3.656099750998983, 40.35730726015563], [-3.6563570045307836, 40.35725192579016], [-3.656695468698553, 40.357179561940036], [-3.6569512652849085, 40.3571198200433], [-3.6572163783874, 40.357061466103865], [-3.6573570965772557, 40.35703114340179], [-3.657386065241764, 40.35702490658122], [-3.657477037180299, 40.35700529907464], [-3.657609158305928, 40.35696770950958], [-3.6578297065622523, 40.35690438224293], [-3.658049667923772, 40.3568400849071], [-3.658268763127033, 40.3567739542166], [-3.658400861355917, 40.35673410258151], [-3.658431856480406, 40.35672434940411], [-3.658459200170482, 40.3567157341415], [-3.6584873891737417, 40.356706852794346], [-3.6585209084570436, 40.35669630142575], [-3.6585490505158256, 40.35668743834912], [-3.65857522018418, 40.35667919911916], [-3.6586053111469963, 40.35666972131829], [-3.658639300024556, 40.3566590230949], [-3.658705175656889, 40.356638233194424], [-3.6587580084436055, 40.356621643737505], [-3.6588162297423104, 40.356603320832576], [-3.6588533650065362, 40.356591631635226], [-3.658890441641697, 40.35657996978742], [-3.65892284209384, 40.356569424676344], [-3.658970387751946, 40.35655410850712], [-3.6590079013672714, 40.356542579269124], [-3.659021333444952, 40.35653844861518], [-3.659034178483878, 40.356534501487765], [-3.659082670280497, 40.35651960331106], [-3.6591409897314464, 40.356501703113324], [-3.659187051255741, 40.356487575511885], [-3.6592526369798923, 40.35646728245521], [-3.6592964985737466, 40.35645339257877], [-3.6593585356760987, 40.35643270527012], [-3.6594019089761085, 40.35641825957026], [-3.6594301279662145, 40.356408855291754], [-3.659469111041066, 40.356395867052875], [-3.659512274611206, 40.35638165674538], [-3.6595747605531486, 40.35636111991685], [-3.659620437162769, 40.35634618351458], [-3.6596562871782163, 40.35633435724327], [-3.6596853971063292, 40.35632454240924], [-3.6597284517050577, 40.35631003534075], [-3.659790627128627, 40.35628906772772], [-3.6598139855018363, 40.35628119561213], [-3.659821227799457, 40.356278757861105], [-3.6598453258440715, 40.35627065629059], [-3.6600122459743885, 40.356215198498], [-3.660029071546525, 40.35621006636415], [-3.660030210194417, 40.356209690490964], [-3.660123907587789, 40.356181137283066], [-3.6602494337247937, 40.35614384361008], [-3.660254130846145, 40.35614246542298], [-3.6603109210931395, 40.356126014829265], [-3.6604696173429536, 40.35607988275243], [-3.660607669739782, 40.35603861619558], [-3.66068896049906, 40.35601431363924], [-3.6607705084270727, 40.355991027590385], [-3.6608276648732527, 40.355974718797235], [-3.660909275442572, 40.35595062146922], [-3.660998142760412, 40.355924374469154], [-3.6610829002113574, 40.355899349109485], [-3.6611289653111108, 40.35588567117193], [-3.6611886178376265, 40.35586812268772], [-3.6613490394972157, 40.355821529083315], [-3.661569219330582, 40.35575739498096], [-3.661788800181579, 40.35569226387147], [-3.662009221641691, 40.35562883927202], [-3.662106716805664, 40.35560104651615], [-3.6621905016054654, 40.35557659348976], [-3.6622295223713754, 40.35556515367864], [-3.6624494863513894, 40.35550079390842], [-3.6626687877850377, 40.355434960015664], [-3.662887899495241, 40.355369036703166], [-3.6630090814763605, 40.35533338658174], [-3.663107849362787, 40.35530456765244], [-3.663396108957472, 40.355219273633544], [-3.663547112152083, 40.35517445175234], [-3.66359867167564, 40.35515915569834], [-3.6636316552096333, 40.35514937170076], [-3.6637674209023423, 40.35511068210248], [-3.663773633216702, 40.35510891669235], [-3.6637863223219305, 40.35510473569436], [-3.6639600380720676, 40.35504757552035], [-3.6639838553876483, 40.3550397629922], [-3.6640683606178523, 40.35501206117612], [-3.66420032438795, 40.35496880724217], [-3.664399408899642, 40.35490360870109], [-3.6644168987328247, 40.354897832463635], [-3.664494548630543, 40.35487240398724], [-3.664509867404134, 40.35486739697788], [-3.6646359968688014, 40.35483207709245], [-3.664675151709292, 40.35482118524422], [-3.6646754218384836, 40.354821111618584], [-3.6646756331785557, 40.35482104733997], [-3.6646833371287597, 40.35481888591516], [-3.6645396177929777, 40.354743025901506], [-3.6645161320921265, 40.354730620106174], [-3.6644861950604417, 40.35471481888507], [-3.664468190173344, 40.354705309564466], [-3.66444127174314, 40.35469110362706], [-3.6644044571099674, 40.3546716661625], [-3.6643996629247977, 40.35466913510453], [-3.664372117150965, 40.354654599416115], [-3.66434262995342, 40.354639029811366], [-3.6642979789868937, 40.35461545707917], [-3.664273712214456, 40.354602650308614], [-3.664246663539717, 40.354588363991155], [-3.6641657072286997, 40.35454563003915], [-3.664096197812709, 40.35450893850706], [-3.663750166887257, 40.354326264318125], [-3.6627557202678975, 40.35377753492314], [-3.6620650803610326, 40.35338971845085], [-3.6618335426144886, 40.35325969918029], [-3.661769151689771, 40.353223535513294], [-3.660910421744169, 40.352734266679306], [-3.660657738352618, 40.35260296043347], [-3.660638257881775, 40.35250488093198], [-3.6606113087428342, 40.3521941199184], [-3.660561653159966, 40.351883029100094], [-3.660523687228678, 40.35166687303447], [-3.660512351428699, 40.35136556347985], [-3.6605284037627883, 40.351173892092085], [-3.6601859713477913, 40.35104715140697], [-3.6601774620797465, 40.35104398370872], [-3.659824082680419, 40.350912709760365], [-3.6598152605106233, 40.35092334584939], [-3.659780033998996, 40.35091669083605], [-3.659757527358649, 40.35091510748334], [-3.659740324668101, 40.35091403442119], [-3.6597105343032723, 40.35091420434657], [-3.6596987594554475, 40.35091427150864], [-3.6596518093244557, 40.350917773581145], [-3.6596401601242126, 40.3509186508448], [-3.6596249811022017, 40.35091981851322], [-3.659593703888789, 40.350924501466935], [-3.659582181211922, 40.350926278918955], [-3.6595644266402414, 40.35092899282399], [-3.659544556104438, 40.35093207915886], [-3.659518216419026, 40.35093592311179], [-3.6594916421110604, 40.35093985848811], [-3.6594764386384693, 40.35094214341197], [-3.659423944939175, 40.3509676863721], [-3.659250196208444, 40.35104255194858], [-3.659073457776416, 40.351126056063926], [-3.6589355542659043, 40.3511768516438], [-3.6586722567508003, 40.35127527191996], [-3.658016739136912, 40.35150471862013], [-3.6574770580336255, 40.35168606996611], [-3.6571677896155395, 40.35180445116152], [-3.6569421093007546, 40.351890626529695], [-3.6567510479442022, 40.35196091994233], [-3.6566274810995147, 40.351994441889985], [-3.6565534491775025, 40.352018916614746], [-3.656472878876046, 40.352029743495], [-3.6564006605365615, 40.35203966704947], [-3.6562914380583216, 40.352049088817026], [-3.6561464214759494, 40.35205892977131], [-3.6560085501812676, 40.352053927971994], [-3.6559518773479454, 40.35205187098541], [-3.6557663079302016, 40.35204254473476], [-3.6555335973394163, 40.35201952119074], [-3.6550998407464212, 40.351957581380304], [-3.6548458854084793, 40.35191853237107], [-3.654771694352416, 40.351907132393656], [-3.6545536051723557, 40.35176182388729], [-3.6545302210951065, 40.35174623524354], [-3.6544500684609313, 40.35168820135944], [-3.654404175460186, 40.351654964984995], [-3.6543479892859683, 40.351614282198334], [-3.65415821595169, 40.351476848901996], [-3.654148639569792, 40.35146924528041], [-3.6541428123662905, 40.351464548429945], [-3.654133306202372, 40.35145689936415], [-3.6541749941263366, 40.351426672094654], [-3.6542176750483, 40.35139562836899], [-3.654260344069098, 40.35136457568567], [-3.6543029188512577, 40.351333523519656], [-3.6543455995686887, 40.35130247073855], [-3.6543995058005523, 40.351263246185695], [-3.654430249165979, 40.35123982860711], [-3.654471980805819, 40.35120806041656], [-3.654513711535531, 40.35117620212447], [-3.65454702613842, 40.351150787949166], [-3.6545651448406455, 40.3511369914882], [-3.6545901027142143, 40.35111198496075], [-3.654609793493892, 40.35110367518205], [-3.6546265301228837, 40.351091868548565], [-3.6546699113557093, 40.351061442323356], [-3.654713315228059, 40.35103092586208], [-3.6547565786340135, 40.35100050027119], [-3.654792384950815, 40.35097705393396], [-3.654820260164473, 40.35095905798405], [-3.654867656006317, 40.350929780145705], [-3.65491404828995, 40.350905102641484], [-3.6549656606943697, 40.350884449679235], [-3.6550384927086177, 40.35085529800075], [-3.655077331045009, 40.35083976246297], [-3.655129648967862, 40.35081901533999], [-3.6551824583450623, 40.35079916632526], [-3.6552352314946406, 40.35077922740009], [-3.6552880399373904, 40.35075928825086], [-3.655300841022392, 40.35075453997005], [-3.6553357739236723, 40.3507382156484], [-3.6553564540172507, 40.35073359389211], [-3.655385360788315, 40.35072730386731], [-3.655411889041531, 40.35071859484084], [-3.6554658831519444, 40.35070072099808], [-3.655477726964027, 40.35069683399285], [-3.6555332603128887, 40.350678618056456], [-3.6555742280202272, 40.35066533158185], [-3.655628330635021, 40.35064772732304], [-3.655691026205825, 40.35062737157685], [-3.655757282543828, 40.35061113982132], [-3.655784470125275, 40.35060972438999], [-3.655812966809235, 40.35060973398567], [-3.6558424692926237, 40.35060417021076], [-3.6558528995658284, 40.35060023712754], [-3.655904261986554, 40.3505781436986], [-3.6559552676383267, 40.35055569190387], [-3.656020812890601, 40.3505268512077], [-3.6560584829339033, 40.35051231297449], [-3.6561110528071428, 40.35049210452799], [-3.656163705072216, 40.35047189559019], [-3.6562227274323624, 40.35044921801338], [-3.65628692282153, 40.350428132701936], [-3.6563333881085445, 40.35040985972601], [-3.6563731167912685, 40.35039026457905], [-3.6564274138361754, 40.35036725334761], [-3.656481579993245, 40.35034289145975], [-3.6565275160153226, 40.350319837546365], [-3.656564669869526, 40.350301878597804], [-3.6565915064858268, 40.35028857287913], [-3.656625400074341, 40.35027441626616], [-3.656635487035532, 40.35027030487824], [-3.656658124912201, 40.35026116719477], [-3.6566672777542206, 40.350257871931845], [-3.656677585809024, 40.35025348901021], [-3.6566979023470236, 40.350246616788525], [-3.656734519898467, 40.350234075335116], [-3.6567745475647406, 40.35022104602957], [-3.6568186999549344, 40.35020836266198], [-3.656829738486874, 40.35020523686079], [-3.6568601362742217, 40.350194883878444], [-3.6568894856897414, 40.350185708033045], [-3.657037897253565, 40.35014026969682], [-3.6570502122140733, 40.35013641589073], [-3.6571049232690385, 40.35011970840079], [-3.657159515675157, 40.350102911467516], [-3.657214460420667, 40.350086022414814], [-3.6572700201112793, 40.350071832589215], [-3.6573259339815305, 40.35005773982482], [-3.6573711594747644, 40.35004766280389], [-3.65742768947187, 40.35003517912799], [-3.6574550794344614, 40.35002916748271], [-3.6574948824037965, 40.350018490595815], [-3.657550434978955, 40.3500035799433], [-3.6575948296599523, 40.349991624643984], [-3.6576332356842642, 40.34998139710075], [-3.6576617707747947, 40.34997447797951], [-3.6577178147900273, 40.349960465368156], [-3.657776533303067, 40.34994418522957], [-3.657829040092348, 40.34993091341381], [-3.657864503819452, 40.349922062911496], [-3.6578942249959012, 40.349913605429485], [-3.6579125326074577, 40.34990602368885], [-3.6579385888267444, 40.34989848795879], [-3.6579826221610534, 40.349885714732736], [-3.657993900456489, 40.349883037914445], [-3.658108253958954, 40.349861576138736], [-3.6581697436062575, 40.34985177563675], [-3.658211963286805, 40.34984503977176], [-3.6582288934052785, 40.34984233076637], [-3.6582692069296576, 40.34983453363858], [-3.6583024688741945, 40.3498281370155], [-3.6583535232166886, 40.349824152662876], [-3.6583849234019548, 40.34981883870344], [-3.6584284046621054, 40.349809852297376], [-3.6584631639902283, 40.34980002362325], [-3.658506703303565, 40.34978490161967], [-3.6585569974985193, 40.349762092361914], [-3.658598038763968, 40.34974438090047], [-3.658617270312143, 40.34973616314605], [-3.658659004001741, 40.349717006254494], [-3.658732389825685, 40.34968334451657], [-3.6587989533036516, 40.34965044232502], [-3.6588484072952885, 40.34962601607751], [-3.6588870803257665, 40.349606966629935], [-3.6589075850890365, 40.34959648928408], [-3.6589607823280037, 40.34956951909873], [-3.659004707395493, 40.34954566483413], [-3.6590527433956104, 40.34951953483819], [-3.6591203185368264, 40.349482932941314], [-3.6591477105989605, 40.349466290074965], [-3.659193713735133, 40.349438189590465], [-3.659229993047046, 40.34941518964044], [-3.659275402121649, 40.34938655195972], [-3.6593051279680844, 40.34936773355482], [-3.6593652812783724, 40.34932838999092], [-3.659386330373799, 40.3493145760677], [-3.6594199259712616, 40.34929411392266], [-3.6594686321285494, 40.349264286177224], [-3.6595094489236133, 40.34923567458832], [-3.6595357626508327, 40.349217145854986], [-3.6595504669491605, 40.34920354826505], [-3.6595734574507865, 40.34918233572561], [-3.6595867417675714, 40.3491680254959], [-3.659620767975912, 40.349131344348415], [-3.659653372426513, 40.34909377038356], [-3.659683257289469, 40.34905504073006], [-3.6597052012806226, 40.34902311323228], [-3.6597106580583505, 40.349015154046725], [-3.659738058795177, 40.3489752673569], [-3.6597656967457497, 40.34893555949042], [-3.659793688776933, 40.348895939688894], [-3.659809543678369, 40.348873551570414], [-3.6598160018006722, 40.34886443349482], [-3.6598250497244575, 40.348851615897864], [-3.6598474663190204, 40.348819865859355], [-3.6598754582551685, 40.348780246038004], [-3.6599054605990307, 40.34874151565532], [-3.659935935643456, 40.348702962750764], [-3.659960941639901, 40.34867110782346], [-3.659990738326768, 40.34862336943085], [-3.6599958400494117, 40.34861523207426], [-3.660016129183435, 40.34858268331757], [-3.6600414022655112, 40.34854199787061], [-3.6600657416246833, 40.34850095738016], [-3.6600887587064377, 40.3484595640643], [-3.6601116690001247, 40.34841809027063], [-3.6601347086088287, 40.34837659771581], [-3.6601541370291546, 40.348341531281264], [-3.6601715438952507, 40.348315305359975], [-3.66018907850943, 40.34828889852356], [-3.6602473259076698, 40.348200366345736], [-3.660274014270174, 40.34815994304168], [-3.6602996437871713, 40.348119615867724], [-3.6603457975785965, 40.34804673852861], [-3.660371530255943, 40.34800613146515], [-3.6604016809135276, 40.347957318851265], [-3.6604193822941045, 40.34792388388037], [-3.6604416898719574, 40.34788222426746], [-3.660450117812359, 40.34786622992606], [-3.6604677901581626, 40.34784189436664], [-3.660496372684348, 40.34780254129243], [-3.6605249551775203, 40.34776318821119], [-3.660553182651204, 40.34772365696696], [-3.6605815278349696, 40.34768412504341], [-3.6606097552430987, 40.34764459378538], [-3.6606357375083864, 40.34760425551035], [-3.6606613640538344, 40.34756366700462], [-3.6606869796736135, 40.34752316864702], [-3.6607126177565803, 40.34748256204527], [-3.6607382567760856, 40.34744205453305], [-3.660752171357252, 40.34741999268634], [-3.660772295502761, 40.34739474215609], [-3.6607817174601602, 40.34738288632544], [-3.6608280135532842, 40.347324692908984], [-3.6608414826109725, 40.347305246253796], [-3.660890931707177, 40.34723352105267], [-3.6609240356653783, 40.34718576351294], [-3.660974796799042, 40.347114571327296], [-3.660986179839376, 40.34709856005764], [-3.6610127383532585, 40.347069047415744], [-3.6610462856205324, 40.34703173793552], [-3.661081969791489, 40.34699621806424], [-3.6611182435125507, 40.34696078490363], [-3.6611447333456324, 40.34693630874571], [-3.6611881804342326, 40.34689993364211], [-3.661228007404336, 40.34686664233347], [-3.6612519498723586, 40.34684658619453], [-3.6612671252478375, 40.34683308479033], [-3.661286383643008, 40.34681567709059], [-3.661314006986353, 40.34678912230526], [-3.661346943747537, 40.346760465024104], [-3.6613890957968946, 40.346722926058135], [-3.6614118423636044, 40.346700993809215], [-3.6614558893039018, 40.34666578636525], [-3.6614800724840597, 40.346646278361085], [-3.661501870574375, 40.34662489206852], [-3.661537207563337, 40.346588833491126], [-3.661572651361734, 40.3465528643835], [-3.6616079891558693, 40.34651689587125], [-3.6616539256684115, 40.346470235904754], [-3.661701395709734, 40.34641302642498], [-3.661710717565263, 40.34640180173148], [-3.6617206771072786, 40.34638835713463], [-3.6619282491396197, 40.344996712931554], [-3.6619087145598477, 40.34499784276001], [-3.6616301352998604, 40.345013995469735], [-3.661623474752137, 40.34501438492746], [-3.661609377691686, 40.345008051039365], [-3.661601052133181, 40.34500433283108], [-3.661599786701718, 40.34500376348282], [-3.6615979770342166, 40.345002926972604], [-3.6615966522056236, 40.34500230390906], [-3.6615952919675823, 40.34500167203887], [-3.6615896848620206, 40.34499901037086], [-3.6615840776688904, 40.344996339693935], [-3.661582740802686, 40.34499568967159], [-3.661581404112529, 40.344995057666516], [-3.6615789667366916, 40.3449938463615], [-3.661575866770795, 40.34499230550716], [-3.6615703295175104, 40.34498956235618], [-3.661568992563557, 40.34498890332501], [-3.6615678801922225, 40.34498833310092], [-3.66156221175539, 40.34498541952572], [-3.66155728885375, 40.344982889080164], [-3.6615567326681724, 40.34498260396807], [-3.6615554190860897, 40.344981926784726], [-3.6615541289636373, 40.344981240458026], [-3.6615487199038883, 40.34497836143527], [-3.6615466129880305, 40.34497722932192], [-3.661543310668566, 40.344975464394935], [-3.661542008684535, 40.34497476912679], [-3.6615407420219674, 40.34497407365657], [-3.66153600671083, 40.34497146105467], [-3.6615353792665046, 40.34497111328589], [-3.6615300281972996, 40.34496814383891], [-3.6615287613589613, 40.34496743035125], [-3.661527494520647, 40.34496671686357], [-3.661525528979223, 40.34496559295041], [-3.661522213478942, 40.344963683951576], [-3.6615169324376957, 40.344960651039315], [-3.6615156890592475, 40.34495992840817], [-3.6615151443838188, 40.34495961620253], [-3.661514421957179, 40.344959187894354], [-3.661509210943442, 40.34495609151709], [-3.661504888070029, 40.34495351259171], [-3.661504023477787, 40.344952995004896], [-3.6615027797475834, 40.34495223633895], [-3.6615015479672364, 40.34495149562298], [-3.661496584468606, 40.34494842485704], [-3.6614947484400973, 40.344947300202655], [-3.6614912538703726, 40.34494513997038], [-3.6614900336880685, 40.344944381169626], [-3.661488813417789, 40.34494361336019], [-3.6614847020344214, 40.344940988178706], [-3.6614837542338288, 40.344940389985105], [-3.661478694786343, 40.3449371395838], [-3.6614774979759313, 40.34493636263091], [-3.6614763010775473, 40.34493557666934], [-3.6614747724006294, 40.344934576385235], [-3.661471300059786, 40.34493228088773], [-3.661466310640314, 40.344928967021225], [-3.6614650307095657, 40.34492811847024], [-3.6614639519014944, 40.34492736786987], [-3.6614590326855576, 40.34492400855572], [-3.661455274958576, 40.34492142639651], [-3.6614541014323096, 40.34492062228271], [-3.661452939679885, 40.34491981810158], [-3.6614517777514806, 40.344918995903136], [-3.6614469403373757, 40.3449155730565], [-3.661445707238327, 40.34491469720999], [-3.6614421262073615, 40.344912123049006], [-3.6614409525054277, 40.34491130091776], [-3.6614398375845125, 40.34491046944118], [-3.6614362679758092, 40.34490785917805], [-3.661435046562843, 40.344906974255416], [-3.661430314234666, 40.344903460715464], [-3.6614291757664215, 40.34490262937346], [-3.661428060669814, 40.344901779879436], [-3.661426945661218, 40.34490093939406], [-3.661423351537983, 40.34489823016988], [-3.6614187010116463, 40.34489465309751], [-3.661417657174031, 40.34489386626006], [-3.6614164941905827, 40.344892935957276], [-3.6614118903201875, 40.34488931357198], [-3.661408698267067, 40.34488678223145], [-3.661407286274299, 40.344885673169166], [-3.661406194549844, 40.34488480552297], [-3.661405126373011, 40.34488393774208], [-3.6614006043924494, 40.34488026083307], [-3.6613997615896983, 40.34487956293754], [-3.6613960939222023, 40.34487655683054], [-3.6613950256576384, 40.34487568004091], [-3.6613939689909163, 40.34487478516661], [-3.6613909535460456, 40.344872252815684], [-3.661389528812183, 40.344871044725224], [-3.661385100319758, 40.34486729520766], [-3.661384055339102, 40.344866391257284], [-3.6613830221322585, 40.34486548723957], [-3.6613822858219285, 40.34486484278995], [-3.661378652069568, 40.34486169234182], [-3.6613743289265526, 40.344857879157296], [-3.661373461960849, 40.344857118335554], [-3.661372285885019, 40.34485605296969], [-3.6613680211717337, 40.34485219440498], [-3.661365359910392, 40.34484975912896], [-3.6613637798305447, 40.34484831768812], [-3.6613627700838425, 40.3448474045269], [-3.66136179539457, 40.34484646413773], [-3.661357600797302, 40.344842551116685], [-3.6613571017229476, 40.344842085493745], [-3.6613534413459186, 40.344838619876214], [-3.6613524668328723, 40.34483769750428], [-3.6613514802821188, 40.34483674817364], [-3.6613489839429727, 40.34483432096342], [-3.6613474028080226, 40.344832771418375], [-3.661343325334417, 40.34482879466298], [-3.6613423624194703, 40.344827854206294], [-3.661341399328583, 40.34482689573227], [-3.6613409949726323, 40.344826483622676], [-3.6613373919704952, 40.34482286452076], [-3.6613332890148778, 40.344818689709], [-3.661332480303181, 40.344817865489716], [-3.6613315642197364, 40.34481689773769], [-3.661327650613178, 40.3448128209439], [-3.6613254735756042, 40.34481053605414], [-3.661323772240454, 40.34480873493939], [-3.661322844383474, 40.3448077672546], [-3.6613219398101355, 40.34480677240918], [-3.6613181316408996, 40.34480264095723], [-3.6613143470196867, 40.34479850937051], [-3.6613134307607935, 40.34479752360101], [-3.661312561509077, 40.34479652855352], [-3.661311359160343, 40.34479518405312], [-3.6613105493934404, 40.344794251729695], [-3.6613052263363897, 40.34478811989466], [-3.661298283835149, 40.344780132421015], [-3.6612961642608677, 40.34477770305547], [-3.6609258098256183, 40.34453508592432], [-3.6609249882934107, 40.34453415366538], [-3.660879458750411, 40.34448248498379], [-3.6608681536997967, 40.344470252065314], [-3.66080904521686, 40.34440619225339], [-3.660787507587705, 40.34439026997363], [-3.6607850526720855, 40.34438846414683], [-3.660784139327452, 40.34438777565888], [-3.6607831191403584, 40.34438699768964], [-3.660774684739385, 40.34438055927457], [-3.6607662855732412, 40.34437411164838], [-3.6607641146342482, 40.344372448345474], [-3.6607619787527743, 40.34437075781477], [-3.6607597124815694, 40.34436897793722], [-3.6607536846733675, 40.34436421949563], [-3.6607454374266726, 40.344357653880884], [-3.660743301546133, 40.34435596334983], [-3.6607412125847105, 40.34435425453231], [-3.6607330822863595, 40.34434760716607], [-3.660724963499621, 40.34434093270598], [-3.660723978283415, 40.34434011849979], [-3.660723123544865, 40.34433940264907], [-3.660720832146141, 40.34433746074928], [-3.6607007673222394, 40.344320430921364], [-3.6606897716157625, 40.34430972777636], [-3.6606887252466858, 40.344308679680815], [-3.660687822095684, 40.34430782896887], [-3.6606849343673877, 40.344305106677126], [-3.660683211272525, 40.34430348586037], [-3.660678588764164, 40.344299151827585], [-3.6606775905449243, 40.34429821156692], [-3.6606766879215655, 40.34429741490687], [-3.6606718526965056, 40.344293001006385], [-3.6606686096492513, 40.34429006452378], [-3.660667136615273, 40.3442887305718], [-3.660666115024754, 40.34428780846285], [-3.6606650699747534, 40.34428689549708], [-3.660660271917994, 40.344282670576284], [-3.6606554387165477, 40.344278463874346], [-3.660654417214222, 40.34427755077397], [-3.6606533487929425, 40.344276655959895], [-3.6606518053810917, 40.3442753494372], [-3.660648445477551, 40.344272503713185], [-3.6606433761885375, 40.34426823529507], [-3.660642461968067, 40.34426745671932], [-3.6606413700876126, 40.3442665710483], [-3.6606363967467686, 40.3442624822652], [-3.660634521562976, 40.34426096141723], [-3.66063140003492, 40.34425841163368], [-3.6606303914494474, 40.34425761557849], [-3.6606291928151364, 40.34425664943459], [-3.660616793340244, 40.34424688224452], [-3.6605892854874083, 40.34422726423085], [-3.6605882419333784, 40.344226504411665], [-3.6605827627697556, 40.34422246356095], [-3.6605787896736106, 40.34421952223608], [-3.660570511622322, 40.34421341625208], [-3.660562292001531, 40.344207264887935], [-3.660557049632755, 40.34420335782113], [-3.660551912876176, 40.34419941411426], [-3.660543763197832, 40.34419319027601], [-3.660535683811546, 40.344186929999054], [-3.6605305467938356, 40.344182959265204], [-3.6605254564320604, 40.34417894321887], [-3.660517494082922, 40.34417261019891], [-3.6605095550190114, 40.34416625001794], [-3.6605055084754587, 40.34416302081659], [-3.660504499717147, 40.34416220674293], [-3.6604995263922393, 40.344158117953725], [-3.6604916926796625, 40.34415169410571], [-3.660483905536042, 40.344145215936244], [-3.6604789555852326, 40.344141108994314], [-3.6604740759255563, 40.34413696561415], [-3.660466358812272, 40.34413042397937], [-3.6604587239403994, 40.34412386385616], [-3.660453879340615, 40.34411969324741], [-3.6604529173267704, 40.3441188428697], [-3.660449081308904, 40.344115468317526], [-3.6604415398389354, 40.34410882657729], [-3.66043404511366, 40.34410214853298], [-3.660429305864887, 40.34409791425745], [-3.660424613359896, 40.34409364367816], [-3.6604172004385815, 40.344086902101466], [-3.660409881356572, 40.34408012395183], [-3.6604052239114493, 40.34407582614403], [-3.660400601436471, 40.344071492099715], [-3.660393364158397, 40.344064650417764], [-3.660386185486494, 40.3440577813732], [-3.660382738708812, 40.34405447666976], [-3.6603541229734775, 40.344026279187766], [-3.660260815600088, 40.34392645874468], [-3.6602596143418147, 40.34392522233682], [-3.660195827432997, 40.343859432121775], [-3.6601743471709764, 40.343837284063014], [-3.6601256562147557, 40.343788525063495], [-3.660076754721233, 40.343739902381934], [-3.6600543730623705, 40.34371828197616], [-3.659884875150713, 40.343558012028886], [-3.6596933565741123, 40.34335384862484], [-3.659499520198719, 40.34315095038418], [-3.6594608766246606, 40.34310734110785], [-3.659458579163017, 40.343104768575195], [-3.659456508468328, 40.34310251007049], [-3.6594388961464412, 40.343083348880796], [-3.6594212486895588, 40.34306420590701], [-3.659419047173213, 40.34306181300991], [-3.6594167751915725, 40.34305943853285], [-3.6593987531011463, 40.34304051391142], [-3.6593806606431314, 40.34302161671573], [-3.659378400525378, 40.34301925117942], [-3.6593760818912844, 40.343016922013334], [-3.6593576029387735, 40.342998234228176], [-3.659339112486169, 40.34297957353303], [-3.659336793767071, 40.34297723535746], [-3.6593344283051077, 40.34297493348495], [-3.659315539760188, 40.342956500284465], [-3.65929660439484, 40.342938094375214], [-3.659294227162164, 40.34293579256895], [-3.6592918266458296, 40.34293351792291], [-3.6592725167352986, 40.34291533937376], [-3.659253148230984, 40.3428971881828], [-3.6592508785409077, 40.34289504792775], [-3.6592482652283107, 40.3428926844019], [-3.6592038496633927, 40.342852396282325], [-3.6591764881715, 40.3428295698271], [-3.659173140087691, 40.34282671498268], [-3.6591673815640027, 40.34282177473857], [-3.6591619429408877, 40.342817039881986], [-3.65915722863646, 40.34281293153923], [-3.6591553045032827, 40.34281121274396], [-3.6591525728490697, 40.34280878682614], [-3.6591470621844318, 40.342803908232675], [-3.6591415980882323, 40.34279897531853], [-3.659136965586586, 40.34279480344459], [-3.6591323915142766, 40.34279058619165], [-3.659126997885463, 40.34278563485688], [-3.659121639139349, 40.34278063827723], [-3.659120308239171, 40.34277938457765], [-3.6591171235854, 40.34277638465352], [-3.659112643352312, 40.342772130828344], [-3.6591073666716314, 40.3427670977437], [-3.6591021249613185, 40.342762028422854], [-3.6590977032465672, 40.34275773822693], [-3.659093328275394, 40.34275341172782], [-3.659088144995955, 40.342748297027505], [-3.659083032182509, 40.34274316390709], [-3.6590787041315744, 40.3427388191217], [-3.6590744227365346, 40.342734429024425], [-3.6590693684416222, 40.34272925953326], [-3.6590643608904845, 40.342724053738834], [-3.6590601381890755, 40.34271964528825], [-3.659055950457804, 40.342715200601546], [-3.6590510249720167, 40.342709958302265], [-3.659046146405335, 40.342704697717046], [-3.6590420055942503, 40.34270023474416], [-3.6590379350735662, 40.342695735333926], [-3.65903311493768, 40.34269042936939], [-3.6590283651800557, 40.3426850959761], [-3.6590255319839677, 40.34268191386349], [-3.6590231511751163, 40.342679242695915], [-3.659020306118433, 40.34267605164157], [-3.6590184482497388, 40.34267388200787], [-3.659003180975737, 40.342656112819164], [-3.6589899183622694, 40.34264591792841], [-3.658985588368462, 40.342642582177575], [-3.6589841526524682, 40.342641446192744], [-3.6589834288639405, 40.34264087372952], [-3.6589800829892005, 40.342638244096044], [-3.658976807579858, 40.342635596042676], [-3.6589748137801323, 40.34263397674211], [-3.6589736507814736, 40.34263303740514], [-3.6589704583124694, 40.34263044293408], [-3.6589671827285475, 40.3426277768631], [-3.658965580256914, 40.342626443626315], [-3.6589639540632026, 40.34262509250635], [-3.6589608321477325, 40.34262248862388], [-3.6589577217429223, 40.34261985764823], [-3.6589564869647244, 40.34261880160081], [-3.658954539908978, 40.342617145996904], [-3.658951381446787, 40.342614416194], [-3.658948306187612, 40.34261176699954], [-3.6589475223931283, 40.342611077758725], [-3.658945254300175, 40.342609099653494], [-3.6589421309836405, 40.342606351631765], [-3.6589388409988794, 40.342603415366874], [-3.6589360142093836, 40.34260089088493], [-3.658933032437418, 40.34259816908408], [-3.658929944003799, 40.34259537581745], [-3.6589269142621466, 40.342592564198], [-3.6589239678111167, 40.34258984219571], [-3.6589211992761683, 40.34258725431735], [-3.6589180265013406, 40.34258426332911], [-3.658915055189416, 40.342581406330645], [-3.6589129159045934, 40.34257935541759], [-3.6589121671680815, 40.34257863894933], [-3.658909290657415, 40.342575844474865], [-3.6589063781255735, 40.34257297813213], [-3.6589045948481336, 40.34257121348432], [-3.658903453557631, 40.342570084830385], [-3.658900624053639, 40.34256728107875], [-3.658897841468167, 40.34256445904141], [-3.658896402599843, 40.34256299874329], [-3.6588949637315813, 40.34256153844516], [-3.6588920976810027, 40.3425586087731], [-3.6588893620145257, 40.342555768449934], [-3.6588883509330996, 40.34255471112748], [-3.6588866379463774, 40.34255291004228], [-3.6588838187271557, 40.34254995307573], [-3.658881034740713, 40.34254698689924], [-3.6588804278991804, 40.342546332686645], [-3.658879226164847, 40.34254504221172], [-3.658875727185609, 40.34254119720929], [-3.6588649802919915, 40.34252938434093], [-3.6588594323924117, 40.3425218842769], [-3.6588588835418037, 40.342521139642166], [-3.658858477900109, 40.3425205923934], [-3.6588554729674536, 40.34251669953026], [-3.658853755600296, 40.34251444801098], [-3.6588524795455997, 40.34251277957397], [-3.6588520623935543, 40.34251225941826], [-3.6588491181691345, 40.34250855540173], [-3.6588479263689133, 40.34250707567732], [-3.658846007540007, 40.342504690167935], [-3.6588455903880606, 40.34250417001219], [-3.6588425524154724, 40.342500511575345], [-3.6588419447859373, 40.342499776284484], [-3.6588395144432133, 40.34249685313841], [-3.658839073832234, 40.34249634212546], [-3.6588357873046116, 40.34249254996666], [-3.658832536185153, 40.342488766615276], [-3.6588320244081136, 40.34248820195262], [-3.6588288701930605, 40.342484697333404], [-3.6588255253255144, 40.34248095956164], [-3.658825072941358, 40.34248044861569], [-3.6588230859276805, 40.34247831575107], [-3.658821788956894, 40.34247691770794], [-3.6588185050604043, 40.34247339580877], [-3.658818029217235, 40.34247289400559], [-3.658816518660624, 40.34247132600474], [-3.6588144967655363, 40.34246923838449], [-3.658810976262869, 40.34246560071357], [-3.6588105005074523, 40.342465107919004], [-3.6588097990420936, 40.34246440919917], [-3.6588070643469437, 40.34246166796933], [-3.6588034500085866, 40.34245806686933], [-3.6588029625675347, 40.34245758315049], [-3.658799444432339, 40.34245418871329], [-3.6587959028383645, 40.34245080341879], [-3.658795415485055, 40.3424503287086], [-3.6587916254236377, 40.34244681870079], [-3.658788785645903, 40.34244416816074], [-3.6587878826314024, 40.34244332644197], [-3.6587873717314454, 40.34244285186583], [-3.6587837014202655, 40.342439548386615], [-3.6587815041533953, 40.34243758789302], [-3.6587798413332524, 40.34243610184145], [-3.658779307061935, 40.34243564541673], [-3.658775554776074, 40.34243238745001], [-3.658774082345785, 40.342431107524895], [-3.658771636261197, 40.34242898628319], [-3.658771102077613, 40.342428538867104], [-3.6587672914514875, 40.34242533528741], [-3.6587665318211893, 40.34242470897193], [-3.658763279363865, 40.34242199771746], [-3.658762721633662, 40.342421550435446], [-3.658758840893875, 40.34241840130981], [-3.658754746831643, 40.34241510925226], [-3.6587542009625498, 40.34241467091183], [-3.658751045059233, 40.34241220235471], [-3.6587502383357484, 40.342411576307306], [-3.6587460859332688, 40.342408338636744], [-3.658745504744179, 40.34240790049743], [-3.6587431087342424, 40.34240608528171], [-3.6587414837771024, 40.34240486027989], [-3.658740985702699, 40.34240449374055], [-3.658737439351274, 40.342401829205], [-3.658736870110915, 40.342401409015906], [-3.6587350438675332, 40.342400068041115], [-3.6587325773931956, 40.342398271244846], [-3.658728284938759, 40.34239516049966], [-3.6587276920641427, 40.342394731435974], [-3.658726862144868, 40.3423941415572], [-3.6587185519681062, 40.34238832391428], [-3.6587128237775337, 40.34238528440929], [-3.658711758478782, 40.34238470488006], [-3.658710255199561, 40.34238388459754], [-3.6587075208306863, 40.342382386629005], [-3.658705022630256, 40.3423809593888], [-3.658702287735864, 40.34237940736812], [-3.6586997655507933, 40.342377935218536], [-3.6586984510838527, 40.34237715890644], [-3.658697278598313, 40.3423764538591], [-3.658694649226442, 40.34237485619145], [-3.6586920434014303, 40.342373258389635], [-3.658689602929382, 40.342371713701134], [-3.658686996578871, 40.34237006184717], [-3.6586855984719553, 40.34236915988283], [-3.658684591251906, 40.34236849894006], [-3.6586822092965283, 40.3423669178815], [-3.6586792818235527, 40.342364934516745], [-3.6586771721453513, 40.34236350506343], [-3.6586748485314193, 40.34236186961743], [-3.658673224365162, 40.34236072569265], [-3.658672524917588, 40.34236023417139], [-3.6586700821683165, 40.342358455256964], [-3.6586675919752443, 40.34235664057602], [-3.658665385920156, 40.34235498644204], [-3.6586630134609526, 40.34235317109054], [-3.658661364258858, 40.34235187415226], [-3.6586608067051327, 40.342351444887086], [-3.658658445844301, 40.342349611451084], [-3.658656285831681, 40.3423478489447], [-3.658655621266356, 40.342347312178816], [-3.6586539599406986, 40.34234597927279], [-3.6586518350731594, 40.342344198547835], [-3.6586498526250746, 40.34234253413104], [-3.658649401469835, 40.342342149305786], [-3.6586474778886773, 40.34234048455374], [-3.6586452691184594, 40.342338551150526], [-3.6586445327741357, 40.34233789767412], [-3.658643202504857, 40.34233670702948], [-3.6586411595256942, 40.34233487178298], [-3.6586390922990017, 40.34233296460116], [-3.65863689390077, 40.34233088699199], [-3.65863493289738, 40.34232900623274], [-3.65863399395294, 40.342328101653116], [-3.6586328527586796, 40.34232698200509], [-3.6586309267251313, 40.34232506500995], [-3.658628893504865, 40.342323022496736], [-3.6586270143021187, 40.34232107820735], [-3.6586250278250527, 40.342318999391196], [-3.6586240523342113, 40.34231796889123], [-3.658623171906401, 40.342317027941654], [-3.658621363168878, 40.34231506523257], [-3.6586193753779686, 40.34231285128626], [-3.65861766135319, 40.34231094209282], [-3.658615815543668, 40.342308799411335], [-3.6586146961444834, 40.3423074994556], [-3.658614076833423, 40.34230677323922], [-3.658612277942325, 40.342304612272166], [-3.6586105503047373, 40.342302513963546], [-3.6586088222292066, 40.34230037061157], [-3.658607177355752, 40.34229830786832], [-3.6586059727398608, 40.34229672010425], [-3.6586054838119817, 40.34229608323711], [-3.6586037785825796, 40.34229386768159], [-3.6586022275458063, 40.34229176836726], [-3.6586018337685378, 40.342291230059196], [-3.6586006881072612, 40.342289650968546], [-3.6585990766269227, 40.342287389833295], [-3.65859778714486, 40.34228555029558], [-3.658597452935298, 40.34228508372167], [-3.658596019632418, 40.3422829837369], [-3.6585945623448857, 40.34228083884281], [-3.658594060066894, 40.34228003988657], [-3.6585930799337607, 40.34227853192667], [-3.65859166956459, 40.34227636874707], [-3.6585903179746273, 40.34227419622358], [-3.6585888706210152, 40.34227186208026], [-3.658587482046617, 40.34226951859308], [-3.6585869314488795, 40.34226859378351], [-3.658586177287497, 40.34226731877537], [-3.6585848474048124, 40.342264956935615], [-3.6585835657545185, 40.34226271194045], [-3.658582294826342, 40.34226035877414], [-3.6585810236354415, 40.34225797858184], [-3.6585804717237593, 40.342256918642164], [-3.6585798714922024, 40.34225573284923], [-3.658578719173824, 40.34225346909926], [-3.658577518185195, 40.34225104346133], [-3.65857644854321, 40.342248806268096], [-3.6585753181948175, 40.342246380227905], [-3.658574692927426, 40.34224504142158], [-3.6585742716616214, 40.342244097857225], [-3.658574247501679, 40.34224403493058], [-3.658574211480795, 40.34224396306231], [-3.658574127140026, 40.34224376534079], [-3.6585720795027044, 40.34223902916647], [-3.6585652848925414, 40.34222923884771], [-3.658563051914935, 40.342226026278425], [-3.658561905730046, 40.34222439313532], [-3.6585610581713692, 40.34222319974131], [-3.658560139009036, 40.342221907654086], [-3.658558325545226, 40.34221945847566], [-3.6585511320472532, 40.34220981457391], [-3.6585494857761147, 40.34220760769101], [-3.6585494143476573, 40.342207527015155], [-3.6585493546925383, 40.34220744627228], [-3.658547542017946, 40.34220507817171], [-3.658547506259911, 40.34220503332945], [-3.658545658353051, 40.34220267443863], [-3.658543727507338, 40.34220026196498], [-3.658540008760807, 40.342195607377924], [-3.658538066229775, 40.34219320397988], [-3.6585373273476023, 40.34219228925124], [-3.658536135472207, 40.34219080051472], [-3.6585342409108037, 40.3421884869352], [-3.65853231120474, 40.34218619157409], [-3.6585310606381043, 40.34218472119005], [-3.6585246415775194, 40.34217722606927], [-3.6585244987207277, 40.34217706471752], [-3.6585243558639373, 40.342176903365775], [-3.6585223195853525, 40.342174545547024], [-3.658520271883991, 40.342172223829984], [-3.6585057413357047, 40.34215633329588], [-3.6584905429557772, 40.34214077990125], [-3.6584642891633243, 40.34211073062117], [-3.6584543787177126, 40.34210016522649], [-3.65843673512546, 40.342081364424544], [-3.658420566286704, 40.342065294012954], [-3.658407916600905, 40.3420527261528], [-3.6583778573120576, 40.34202483368832], [-3.6583465930172276, 40.34199773187245], [-3.6583141709850735, 40.34197143845354], [-3.6582806034268796, 40.34194599840698], [-3.6582459610699396, 40.341921420338466], [-3.6582102561251304, 40.34189774922341], [-3.6581735241746207, 40.341875011885854], [-3.6580263712625114, 40.341817821065334], [-3.6579160568423204, 40.341774934297305], [-3.6577256604411783, 40.341682754185186], [-3.6577243236772436, 40.34168210411707], [-3.6577098680887765, 40.34167511411687], [-3.6576428770297587, 40.34163292669096], [-3.6575480353970042, 40.341573203542715], [-3.657519734485429, 40.3415553731102], [-3.657452807987439, 40.34147372503008], [-3.6573889078972064, 40.34139575346992], [-3.657355729884977, 40.34136550003875], [-3.6572462414518077, 40.3412656609497], [-3.657235605435253, 40.341260369937466], [-3.657055172070964, 40.34117061862754], [-3.657014310471364, 40.34114931881641], [-3.6565948906595644, 40.340946354388926], [-3.6565693330467806, 40.34093454429434], [-3.6563162518324472, 40.340817491961275], [-3.65631460480789, 40.34081641119683], [-3.656274488726501, 40.34079180953411], [-3.6562447245090604, 40.34077356365715], [-3.6561913115040108, 40.340737568727626], [-3.6561911692668243, 40.34073747043363], [-3.6561910270296374, 40.34073737213965], [-3.656037270722043, 40.340633737899836], [-3.655786087564888, 40.34046444744559], [-3.655723280504302, 40.34042246040124], [-3.655607739091044, 40.340284374066734], [-3.6555332813817487, 40.3402550657987], [-3.6554630123877314, 40.34022912119558], [-3.6553914909763137, 40.340202715168886], [-3.6553882837604728, 40.34019978734139], [-3.655258233168861, 40.340080639065], [-3.655237064945899, 40.34006124510858], [-3.6550472490366777, 40.33989917307726], [-3.6550399837881904, 40.339892988881445], [-3.654983769979705, 40.339866730147904], [-3.654983710853648, 40.33986670345519], [-3.6549836517275787, 40.33986667676247], [-3.6548708696592698, 40.339814017072655], [-3.654843667537615, 40.339801305976756], [-3.654675577527322, 40.33970765213425], [-3.6545291464903675, 40.33961106462124], [-3.6544765129981522, 40.339576352789685], [-3.6543358913195783, 40.339499723520134], [-3.6543096156748667, 40.33948539441372], [-3.6541430296490245, 40.33942418233554], [-3.653892583877229, 40.33933640758564], [-3.653631012859685, 40.33919373917889], [-3.653385980521592, 40.33905552638601], [-3.6534069486780116, 40.33910552599237], [-3.6534158587159182, 40.33912601658344], [-3.6534151099072605, 40.33918385973203], [-3.653353870436669, 40.33919303465763], [-3.653325459607855, 40.33914040135555], [-3.6533160039500396, 40.33911216594674], [-3.6533009242912535, 40.339086755147136], [-3.653281271498718, 40.339063262101625], [-3.6532570699899813, 40.3390417767617], [-3.6532391487437383, 40.33902935521786], [-3.653219859644496, 40.33901793240561], [-3.653212491091161, 40.33901321717281], [-3.653165040447972, 40.33898963784002], [-3.653164803862752, 40.3389895220567], [-3.653164697386379, 40.33898946860291], [-3.6531644371687095, 40.33898934394384], [-3.6529309350882553, 40.3388733627826], [-3.6526942729462495, 40.33874947090087], [-3.6524789067204044, 40.33863626941633], [-3.6524111451130756, 40.33860266000876], [-3.6523298501610615, 40.338562333965314], [-3.652212865271718, 40.33850437094031], [-3.6522127942884706, 40.33850433530384], [-3.6521050843227734, 40.33845098662469], [-3.651902088927535, 40.338336056622744], [-3.6518942925807574, 40.33833213652387], [-3.6518908542261053, 40.338329633331995], [-3.6518824383989648, 40.33832373470423], [-3.651865110521848, 40.33832031877996], [-3.651825860969752, 40.338316927290144], [-3.651790321269198, 40.33830632555702], [-3.651771370228053, 40.33830796390555], [-3.651754208719248, 40.338309601176654], [-3.651735029574413, 40.33831078133638], [-3.651720237974751, 40.338316450370506], [-3.6517190750803086, 40.338316727198084], [-3.6517183704533887, 40.338316911351804], [-3.6517032140393013, 40.33832014996091], [-3.6516864744583892, 40.33833015437212], [-3.6516705173550625, 40.33833582996643], [-3.651662700734074, 40.33834326153184], [-3.6516580459053616, 40.33834770225445], [-3.6516508944005435, 40.338352066950925], [-3.651638135848439, 40.338359796631885], [-3.651631753250013, 40.33836821112597], [-3.6516055030464467, 40.33839313425007], [-3.6515772081248112, 40.33842824925871], [-3.6515768592771782, 40.33842870168281], [-3.6515609352080123, 40.338450053047325], [-3.6515458293796605, 40.33845977795969], [-3.651531203628028, 40.338469229890535], [-3.6515273789374643, 40.338474296574375], [-3.651493873768898, 40.33850385521933], [-3.6514469605593, 40.33852258826379], [-3.651428695016475, 40.33852206049256], [-3.651424975554462, 40.33852460401025], [-3.651406362915133, 40.33853695230691], [-3.65135560614832, 40.33854777888267], [-3.6513463083872426, 40.33854811052508], [-3.651246123830704, 40.3385035026173], [-3.6511456951232852, 40.33845920230857], [-3.651250527115837, 40.338467999678336], [-3.6513096655138098, 40.338472991117285], [-3.6513189777230646, 40.33847293868101], [-3.6513455258359215, 40.33846918551508], [-3.6513820222366213, 40.33846663760479], [-3.6513842935019514, 40.338466534722336], [-3.6513871814324457, 40.33846444634767], [-3.651404608478489, 40.33845246509805], [-3.6514330818398117, 40.33843834051377], [-3.6514576528697686, 40.33842243606525], [-3.651479624871998, 40.33840438404714], [-3.6514975789093906, 40.33838599428892], [-3.6515437109900724, 40.338347265246114], [-3.651561813053759, 40.3383320278567], [-3.651562636781187, 40.338330761931516], [-3.6515646133645068, 40.338329399420424], [-3.651584654461003, 40.33830767350485], [-3.651595025454627, 40.33829652478242], [-3.651603707765566, 40.33829341275079], [-3.651615557430072, 40.33828911168191], [-3.651636431527187, 40.33826953425838], [-3.6516721620029973, 40.3382620355231], [-3.651684569953308, 40.338254578089035], [-3.6516875899651886, 40.33825275923806], [-3.651687896054495, 40.338252757513516], [-3.6516882021437893, 40.338252755788965], [-3.651691969396704, 40.338252734563675], [-3.651702917108638, 40.33825258279005], [-3.651737499971897, 40.33823716242281], [-3.6517927406336157, 40.338239643997944], [-3.6518456668467545, 40.33823651686192], [-3.6517680349215587, 40.33817179994622], [-3.651624070631139, 40.338121574069454], [-3.651600291267406, 40.338113284447246], [-3.651162191772776, 40.33795856843873], [-3.651140750601057, 40.337951004311215], [-3.650977642256694, 40.33788345263046], [-3.650884211974716, 40.33782977018055], [-3.6507680633600947, 40.33776300801556], [-3.6506675176748877, 40.337706383382276], [-3.6503608869690187, 40.337533762202455], [-3.650294510995646, 40.33750568439893], [-3.650285231323907, 40.33750175451159], [-3.6502159463109343, 40.33752016237196], [-3.6501161264062425, 40.337504723150275], [-3.6501249519698655, 40.337541070636156], [-3.6501613142855067, 40.337589605920115], [-3.6501754372028716, 40.33762466234009], [-3.6501810833571584, 40.33766093760057], [-3.650177834248855, 40.33770266837007], [-3.650073732708252, 40.337699920088], [-3.6500689305738336, 40.33766571219045], [-3.65006368074855, 40.33764619177302], [-3.6500402102598404, 40.33762956660054], [-3.650027760496579, 40.337609365909394], [-3.6500141737880103, 40.33759214463571], [-3.6499969709810705, 40.337577195976266], [-3.6499813395752523, 40.33756773408421], [-3.6498159717270986, 40.337473066809196], [-3.6496176014139743, 40.337376881913485], [-3.6494148147978858, 40.337285406244234], [-3.6494038214567683, 40.337280783191005], [-3.6493065701920204, 40.33724340049978], [-3.6492077854723344, 40.33720692725124], [-3.6491125218397147, 40.337154568989234], [-3.6490149508712015, 40.33710835884724], [-3.6489991412304583, 40.337104843881214], [-3.6487902671205155, 40.33705367230827], [-3.648582477914701, 40.336966998096166], [-3.648478490090899, 40.33693911211932], [-3.6483602674850144, 40.3369135581357], [-3.6482518902336287, 40.33688216495909], [-3.6481447858944596, 40.336848449187926], [-3.648035860610865, 40.33682004992754], [-3.6479233664011095, 40.33680131038117], [-3.647809258577168, 40.33678618343537], [-3.647696427678395, 40.33676915729826], [-3.64760745347049, 40.33677352943093], [-3.6475390751999126, 40.336768560793274], [-3.647461260172052, 40.3367629061853], [-3.647308880692103, 40.33674556048709], [-3.6472725567050435, 40.33674143034181], [-3.6472185561372346, 40.33673182241068], [-3.6471709437531645, 40.33671434072317], [-3.647156478128408, 40.336703610638445], [-3.647145559999821, 40.336695743642885], [-3.6471325868381417, 40.33669212245958], [-3.6470921864690564, 40.336665501115284], [-3.647087995557564, 40.33665813703056], [-3.647073607484302, 40.33666045179851], [-3.646998176120804, 40.33667261271706], [-3.646950278591103, 40.336685664654695], [-3.6468966155035334, 40.33670028938778], [-3.6466550769808945, 40.33674191102775], [-3.646651462595614, 40.33673203915121], [-3.646635010156649, 40.336687067194305], [-3.6468032059454045, 40.336645801686345], [-3.6468702728502196, 40.336629354255784], [-3.647054493079999, 40.33658949429029], [-3.646979913477391, 40.33654537907385], [-3.646930647422296, 40.336516212616125], [-3.6469014376016475, 40.33649638460376], [-3.6468160759066888, 40.33645122145145], [-3.646746428181183, 40.336414366933205], [-3.6465682098187395, 40.33636761460524], [-3.646274321909181, 40.33628997619339], [-3.646024146919035, 40.336228309430496], [-3.6458659424738706, 40.336181444235166], [-3.645615089911734, 40.33604860781159], [-3.6454938498639415, 40.33603969868481], [-3.64549374382743, 40.336039690267384], [-3.6454936142463352, 40.336039681981326], [-3.645435132450394, 40.33603537760412], [-3.6454317747712284, 40.33603512606442], [-3.645410097440101, 40.33603353527637], [-3.645121101364027, 40.33597478591596], [-3.6450812553426744, 40.33597039543937], [-3.6450811728508903, 40.335970386890224], [-3.6450811021313907, 40.33597037827545], [-3.644911334879604, 40.33595163085547], [-3.644752845781792, 40.33593036982272], [-3.6447499813452877, 40.33592998938521], [-3.6446920671476932, 40.33592222194107], [-3.644532807013871, 40.335887964649885], [-3.64411132056531, 40.335762391068585], [-3.6438167231741265, 40.33573339994423], [-3.643512422590371, 40.33567563265778], [-3.6433577744127508, 40.33564465445761], [-3.64324111897078, 40.335621284751134], [-3.6431431623471338, 40.33559827943716], [-3.643008699417364, 40.33556672005609], [-3.642949230746927, 40.335667998555394], [-3.6428876752896056, 40.33564617809808], [-3.6428369193247994, 40.3356309553782], [-3.642785921661988, 40.33561755383465], [-3.6427340681007307, 40.335610724721015], [-3.642732523972946, 40.33561052608988], [-3.642728869795718, 40.33561004188032], [-3.642500002413963, 40.33558363715788], [-3.642471725220484, 40.335580037392795], [-3.6424607514395935, 40.335578638856575], [-3.642401253873468, 40.33557392416299], [-3.642341804069567, 40.33557424530856], [-3.642282276107859, 40.33557998137841], [-3.6422165785237297, 40.335590616633084], [-3.6421413987318547, 40.33560941275896], [-3.6421169168858847, 40.33554667355757], [-3.642188147913923, 40.33552240376723], [-3.642264515168088, 40.335505934396686], [-3.642320383618012, 40.335500398841326], [-3.6424203561796933, 40.335492708369], [-3.6423144561102503, 40.33547868358141], [-3.6421444737820643, 40.33547553719917], [-3.6421272000291096, 40.33547521867122], [-3.6418149581424544, 40.33544632039214], [-3.6414037276978335, 40.335407159192414], [-3.6413366561418252, 40.335398260640545], [-3.6412929240760232, 40.33539245794271], [-3.641300430895256, 40.33543926409387], [-3.6412501850441834, 40.335727836622624], [-3.641239255955206, 40.33579333993897], [-3.641110894093472, 40.33577818629344], [-3.6411927495819505, 40.335381301341336], [-3.6410029648130986, 40.335366866428764], [-3.6409830426124055, 40.335365346166405], [-3.6409002678581115, 40.335351642390826], [-3.6409000673900027, 40.335351607464816], [-3.6408998669218935, 40.33535157253881], [-3.640799169249518, 40.3353348778451], [-3.640641095323802, 40.33530868084435], [-3.6402600709935062, 40.33524041076327], [-3.6402598233522228, 40.33524036708808], [-3.6402595874831096, 40.335240323347755], [-3.640142037247573, 40.335219252805636], [-3.6401387117930724, 40.335218667593836], [-3.6399964021443543, 40.33518499493311], [-3.6399935822146667, 40.33518433484657], [-3.6396225157560855, 40.3351593597746], [-3.6393894695821047, 40.335165152814554], [-3.6390437649775706, 40.33518417169973], [-3.6390436355687856, 40.33518418142386], [-3.639043517762186, 40.335184173065514], [-3.639042268638248, 40.33518404482875], [-3.6387229549937437, 40.335149014979685], [-3.638659553288346, 40.33516468068233], [-3.638523313723996, 40.335197865911056], [-3.6383366906402044, 40.33515528248275], [-3.6382920464085218, 40.335145087199265], [-3.637895220490831, 40.33512245597817], [-3.6378456304591693, 40.33511962127615], [-3.637678935168589, 40.33510786444607], [-3.6376206094414023, 40.33510374444654], [-3.63750881640035, 40.33510886523609], [-3.637149977593122, 40.33513336537125], [-3.637086597561576, 40.335152624759175], [-3.6370238452920947, 40.33516478141476], [-3.6369691106853552, 40.33517447942267], [-3.6368773886842254, 40.33519072353136], [-3.636858586247519, 40.335193088362125], [-3.636668081179972, 40.33521710151428], [-3.6363940721571133, 40.335247438787775], [-3.6361717946435124, 40.335272986312106], [-3.635931975251025, 40.33530853996014], [-3.635790772639266, 40.3352935230732], [-3.6357923808806825, 40.33531435248609], [-3.6358037661315534, 40.335461202738244], [-3.635807254125057, 40.335539311244794], [-3.6358112544258603, 40.33562935410813], [-3.635758878076452, 40.33563072310041], [-3.6357065260300283, 40.33563217301809], [-3.635703959796738, 40.335464102700385], [-3.6356942953634523, 40.33532245930088], [-3.63569246979691, 40.33529352281137], [-3.6355027887525124, 40.335277447637], [-3.635278876647603, 40.33528064162071], [-3.635256640845396, 40.33528096194358], [-3.6352133254446644, 40.3352605237349], [-3.6350552005519963, 40.33518594903979], [-3.635018720241391, 40.33516874356674], [-3.63480836182845, 40.335196114965825], [-3.6347620304550294, 40.3352018107779], [-3.634574235255407, 40.335224877665404], [-3.634337166609827, 40.335239953049445], [-3.634122797449142, 40.335241371705585], [-3.634100301061152, 40.335241522060116], [-3.6338634455516057, 40.33524164906046], [-3.6338250966094483, 40.335239859163764], [-3.6336270623792726, 40.33523060159381], [-3.633552621588457, 40.33523170305584], [-3.6333964536903594, 40.33523401780897], [-3.633299731087752, 40.33524059257735], [-3.633165983122173, 40.33524969431488], [-3.6329345026207807, 40.335271952596145], [-3.6327020860759043, 40.33529484617765], [-3.6324703740176303, 40.335317555256545], [-3.632320700517998, 40.33533584237627], [-3.6322389492060103, 40.335345829980426], [-3.6320013625528667, 40.33536984052566], [-3.6319004595870386, 40.335368770144974], [-3.631891770001628, 40.335371160004776], [-3.6318793224681425, 40.33537455239452], [-3.6318610032814753, 40.335379526438274], [-3.6318413923418635, 40.33538484988448], [-3.6318288272492047, 40.335388260929314], [-3.631810391089125, 40.335393316686705], [-3.6317847906797467, 40.33540021341015], [-3.6317678116724306, 40.33540372063046], [-3.6315541338065014, 40.335447780253816], [-3.631323639756581, 40.33548758883703], [-3.631312365299337, 40.33548927202636], [-3.63127620921448, 40.335502983140515], [-3.6312224896800607, 40.33552318661481], [-3.6311685203780097, 40.33554312115135], [-3.6311550166949464, 40.335548149889476], [-3.631131411438502, 40.33555691850233], [-3.6311158426335113, 40.33556268824817], [-3.6310632842371136, 40.33558369614015], [-3.6310599879850307, 40.33558497541008], [-3.6310090894647438, 40.33560471293512], [-3.630954183288264, 40.3356251930339], [-3.630898547223547, 40.33564441580117], [-3.630843281127459, 40.33566291578877], [-3.6307881159177815, 40.33568087464844], [-3.630733421569364, 40.33569883091426], [-3.630678847514607, 40.3357170657832], [-3.6306248585214647, 40.33573491905073], [-3.6305719408294985, 40.33575403674856], [-3.6305171385872725, 40.33577432688029], [-3.630460684116633, 40.33579292325485], [-3.630404821617372, 40.33581061545671], [-3.630348237625391, 40.3358279511958], [-3.630290700084769, 40.33584403081671], [-3.6302551048430556, 40.33585353126428], [-3.630233155811001, 40.33585938971057], [-3.6301752592186367, 40.335873579300646], [-3.630150850180816, 40.335879496179516], [-3.630118629820322, 40.33588731149921], [-3.63006341977921, 40.335901756673806], [-3.6300079035923414, 40.33591746477602], [-3.629952125037294, 40.3359328139129], [-3.629945796684708, 40.33593466823401], [-3.6298945830786606, 40.33594970418794], [-3.6298865939886578, 40.33595147745768], [-3.6297601081064244, 40.3359795811388], [-3.6297095417930025, 40.33599080259969], [-3.629664780523132, 40.336000866289325], [-3.629444544410258, 40.33606800322393], [-3.6292172927959063, 40.33612770928469], [-3.6289880202344293, 40.33618535377525], [-3.6287538835620623, 40.336227618538835], [-3.62866858932575, 40.33624546988335], [-3.6285210992868295, 40.33627356023839], [-3.628286894395938, 40.33630726569837], [-3.6280642161597854, 40.33635379123752], [-3.6278415511655586, 40.33642464108645], [-3.6276009664242124, 40.336457289675586], [-3.6273688570141758, 40.336487288140624], [-3.6271431953211204, 40.33652833248407], [-3.6269464324194143, 40.33657533699409], [-3.6269186911729463, 40.3365799919475], [-3.6266938442223693, 40.336645535992865], [-3.626448390080347, 40.3366610100266], [-3.6263369983078375, 40.33667170354755], [-3.626314531256574, 40.33667380722386], [-3.6263288110303145, 40.33669535195565], [-3.62635333486605, 40.33673233701888], [-3.6263797649538474, 40.33678958242853], [-3.6264015721614613, 40.33684342937496], [-3.6264123558744505, 40.336891759327855], [-3.6264191358070446, 40.33692216465877], [-3.626419330498828, 40.336922848302734], [-3.6264225445801905, 40.33693430860265], [-3.6264065013146136, 40.33698178381786], [-3.6264020839767808, 40.33700570911692], [-3.6263999121124715, 40.337003828949], [-3.6263242971053113, 40.33695838164464], [-3.6262839001628087, 40.336935086396885], [-3.626118235749804, 40.336844080526326], [-3.6260271297996622, 40.336795032119085], [-3.6259963804524338, 40.336778675685046], [-3.625996309817624, 40.336778676067304], [-3.625969152281724, 40.336780264509876], [-3.6259228977903133, 40.336794479060096], [-3.625894877683954, 40.336802099300236], [-3.6258786128491574, 40.33680652072935], [-3.6258370416266104, 40.33681665576922], [-3.6257799052612447, 40.33683813649019], [-3.6257368916775476, 40.33685909032402], [-3.625694933817242, 40.33686688501534], [-3.625643146262085, 40.33687986809746], [-3.625612747758413, 40.33689129400231], [-3.6255761507177047, 40.33690590663917], [-3.6255435346774774, 40.336918155346], [-3.6255225386217393, 40.33692147616303], [-3.625504034838654, 40.33692440511288], [-3.6255025305421187, 40.33706747916442], [-3.6254732918388806, 40.33707574554461], [-3.6252366659685054, 40.33709125035349], [-3.6249097407216633, 40.33716806359562], [-3.6245546729647313, 40.33723295556066], [-3.624328853690386, 40.33728290535501], [-3.6240184151196377, 40.33733611310802], [-3.623964974412294, 40.33734991518462], [-3.6238523241725007, 40.33735196428209], [-3.6238327205858814, 40.33738378235515], [-3.6236855620559534, 40.33742151360085], [-3.623467099101877, 40.33746499849674], [-3.623359536324764, 40.33748641647552], [-3.622666240810735, 40.33764176633063], [-3.6226174821311763, 40.33765265964028], [-3.622614779395461, 40.33765321473978], [-3.6225494421425686, 40.337667746878154], [-3.6223927196045285, 40.33770260897769], [-3.6221726020804073, 40.33774559581841], [-3.6221341598740966, 40.33775300093156], [-3.6220618822886097, 40.33776691245298], [-3.6218297386878655, 40.33781959413937], [-3.621594909015912, 40.33787725385774], [-3.621082794993778, 40.33797470037416], [-3.6210103275111414, 40.337988495139065], [-3.620714571759305, 40.33806306607631], [-3.620478356563008, 40.33812261388452], [-3.620443754744378, 40.338130313156775], [-3.6203704154201617, 40.338146643779474], [-3.6197711622531896, 40.33828000297393], [-3.6195057035655744, 40.338338597354934], [-3.618891573890164, 40.338474166848414], [-3.618891456162381, 40.338474167478324], [-3.6188913384345964, 40.33847416810824], [-3.61882716746116, 40.3384876648574], [-3.618823313149799, 40.33848846927739], [-3.618821150908838, 40.33848891328638], [-3.618818601565301, 40.338489512522514], [-3.61881413687985, 40.33849051840982], [-3.618808167665084, 40.33849179361243], [-3.618802388049183, 40.33849320293825], [-3.618797278164765, 40.338494464533866], [-3.618796115210762, 40.33849475004022], [-3.618791816413546, 40.33849587215863], [-3.618786002466252, 40.33849738977756], [-3.618780541702196, 40.33849890550678], [-3.6187753741875417, 40.33850030254758], [-3.6187691391352286, 40.338502119721596], [-3.6187631390444612, 40.33850388158323], [-3.6187543583502326, 40.338506703384994], [-3.618749110153225, 40.33850829004912], [-3.6187435586616923, 40.33851018464785], [-3.618740037607126, 40.33851138368668], [-3.6187398733642087, 40.338511447629564], [-3.61873972081178, 40.33851150250073], [-3.61873663493867, 40.338512654165584], [-3.61873276144094, 40.33851393617218], [-3.618729674580028, 40.33851497973186], [-3.6187294515554584, 40.33851505299837], [-3.618729240303688, 40.33851512620192], [-3.6187257208122214, 40.338516496406484], [-3.618722189547834, 40.33851786667393], [-3.6187170377534543, 40.33851969606906], [-3.618711406566269, 40.33852188839574], [-3.6187077693462197, 40.33852325922952], [-3.6187053411845564, 40.33852423620087], [-3.6187028660962586, 40.338525231441544], [-3.618702772243133, 40.33852526798032], [-3.618702666699499, 40.3385253135908], [-3.6186972015648, 40.33852764016641], [-3.6186940702448935, 40.338528972257], [-3.6186915488057276, 40.33853004882806], [-3.6186906457572277, 40.33853043204425], [-3.618688652036183, 40.33853128056285], [-3.6186868927010853, 40.33853201070827], [-3.618683492581585, 40.338533560456845], [-3.618680432227033, 40.33853492820423], [-3.618677137650894, 40.338536432342124], [-3.6186769617173655, 40.33853650535668], [-3.618676821019909, 40.338536569173534], [-3.6186734099500466, 40.33853820907226], [-3.618668779858556, 40.338540441088256], [-3.6186667512300015, 40.33854133483914], [-3.618666598759745, 40.338541398718945], [-3.618664065876033, 40.33854251138738], [-3.618663128331708, 40.33854298487972], [-3.6186599170694933, 40.338544587672594], [-3.6186566472723163, 40.338546226815225], [-3.618653154779375, 40.338547975259104], [-3.6186517249170653, 40.33854868562343], [-3.618649967226836, 40.33854959594327], [-3.6186468033843138, 40.3385512345189], [-3.618643522636554, 40.33855296381162], [-3.6186402301158407, 40.33855469316718], [-3.6186369619633822, 40.3385565124842], [-3.6186336812151123, 40.33855824177662], [-3.618631150798731, 40.3385596247068], [-3.618631010183469, 40.33855969753235], [-3.6186308695682063, 40.33855977035792], [-3.618628870326274, 40.33856130360331], [-3.6185156606763242, 40.3386480188495], [-3.618502981117731, 40.338659663457435], [-3.618460079264338, 40.33869322685148], [-3.618411836825213, 40.338722134004996], [-3.6183614210341593, 40.33874511570222], [-3.618314704089224, 40.33876058196051], [-3.6183342763580186, 40.3387894869185], [-3.6183900641433433, 40.33886486585429], [-3.6184367128193635, 40.338945068495526], [-3.618485785373974, 40.33901994273526], [-3.6184874035050636, 40.33902308729862], [-3.6184882188684337, 40.339024704592546], [-3.618552314599185, 40.33914986883778], [-3.61858453517139, 40.339171408669685], [-3.618586311802809, 40.33917257036267], [-3.6186069031101575, 40.33918669475513], [-3.6186716030965678, 40.33923103428076], [-3.6186846273617896, 40.33923907288553], [-3.618854416477156, 40.33934384235377], [-3.619035602014172, 40.33945882105119], [-3.619123014327442, 40.33951224615437], [-3.619219590698071, 40.339571270891675], [-3.6193760252685814, 40.3396703451977], [-3.6194030365740533, 40.33968866938605], [-3.6194479824873085, 40.33972410506749], [-3.619489304361741, 40.339762352988494], [-3.6195238341969813, 40.339804601315244], [-3.6195523796157807, 40.3398490438906], [-3.61957599358839, 40.33989495434389], [-3.619593383545308, 40.33994260987757], [-3.619604308244781, 40.339991381143676], [-3.619608879634696, 40.3400406369014], [-3.6196066267789657, 40.3400903796742], [-3.6196060546096076, 40.34009218457632], [-3.6195963901277266, 40.34013097584461], [-3.619595867407648, 40.34013818599311], [-3.619582416108192, 40.34018645718956], [-3.6195601819524, 40.34023991066472], [-3.619455740489763, 40.340213172217865], [-3.619478367464298, 40.3401640410676], [-3.619491070529739, 40.34012406234107], [-3.619492436327904, 40.34011891979029], [-3.619494489582494, 40.34008467388813], [-3.6194945998968064, 40.340083862470586], [-3.6194946220315125, 40.34008242088236], [-3.6194952853626576, 40.34004295709644], [-3.619491146352444, 40.34000234783666], [-3.619482059376357, 40.33996140470911], [-3.6194819350539342, 40.33996068464007], [-3.619481666323855, 40.33995962299541], [-3.619474120151825, 40.33993009526246], [-3.6194705214993124, 40.33992281709502], [-3.6194493338769664, 40.33988473161791], [-3.6194250264202408, 40.33984537453052], [-3.6194038163311038, 40.33982542465633], [-3.619403448154502, 40.33982507526967], [-3.6194033174979072, 40.33982494984073], [-3.6193934831827193, 40.33981556988576], [-3.619383606128, 40.33980409101843], [-3.619363852028643, 40.33978113328105], [-3.619326652482673, 40.339755926562745], [-3.619324164582869, 40.33975423714771], [-3.619323465609764, 40.3397537634034], [-3.619301540501638, 40.339739303932895], [-3.61914440518188, 40.33964085491224], [-3.6191344499949265, 40.33963370085084], [-3.61909202521451, 40.33960356697261], [-3.618961406512764, 40.339531102411826], [-3.6189594894955874, 40.33953004057696], [-3.6187792333837385, 40.33941370541174], [-3.618610962344481, 40.33930757633749], [-3.618597094791783, 40.339298731407645], [-3.6185063582366856, 40.33923704423622], [-3.6184865359668468, 40.33922204182269], [-3.6184201695073406, 40.33917182810372], [-3.6183009270966195, 40.33913435671257], [-3.618217343994597, 40.33908111772734], [-3.6182051227555423, 40.33907333604408], [-3.61809899288723, 40.339004532479386], [-3.6180222755415707, 40.33891791365816], [-3.617952604572215, 40.33883062649629], [-3.6179391104479746, 40.3388072026252], [-3.617911930903681, 40.338760031569095], [-3.6178427000848044, 40.338759680652835], [-3.6178326755712433, 40.33875909454622], [-3.6175966234479637, 40.338745399910486], [-3.617360803227168, 40.33873259546467], [-3.6173416045687596, 40.3387317159316], [-3.6172815393405657, 40.338729423830976], [-3.617268266160275, 40.33873021539988], [-3.6172252813688264, 40.33873278717161], [-3.617168627459846, 40.338743089672555], [-3.617166642777057, 40.338743640813504], [-3.6169463380301767, 40.33880688037752], [-3.616849983279582, 40.338814511530735], [-3.61671961754983, 40.33884827041138], [-3.6164942644887517, 40.33889893217691], [-3.6164871027252907, 40.33890113255315], [-3.6164478592729243, 40.33890990043544], [-3.6163560275165842, 40.33893588581628], [-3.616268646130588, 40.33896058612679], [-3.6162424354707827, 40.338964140254454], [-3.616227265681401, 40.338966113003], [-3.616057967411896, 40.339031250338564], [-3.6158293135464366, 40.339081568022024], [-3.615812878187708, 40.33908679076204], [-3.6156715460352964, 40.33910583177783], [-3.6156560456304656, 40.33911159007035], [-3.6156022933126457, 40.3391316062836], [-3.6155139947756916, 40.339146130522806], [-3.615479796520343, 40.3391517180133], [-3.615374605065971, 40.33918461167671], [-3.615243514382586, 40.33920612025541], [-3.615203601352819, 40.33921768412559], [-3.615149808721785, 40.33923328584088], [-3.6149213475968214, 40.33929071796395], [-3.614716777440107, 40.33932512131335], [-3.6146878822429795, 40.33932997766986], [-3.614587613512745, 40.339347528837315], [-3.614567619133459, 40.33934979727881], [-3.6145438617440213, 40.339352563196854], [-3.61453762837936, 40.33935329002215], [-3.6144649320479827, 40.33937331626256], [-3.6142365243388963, 40.339425070961404], [-3.614204688021746, 40.33943148338683], [-3.61411840430584, 40.33944885177497], [-3.614006876570038, 40.33947124609553], [-3.613773793781159, 40.33951257403991], [-3.61365250544459, 40.33952456014449], [-3.613631380552601, 40.33953070837286], [-3.613619286221052, 40.33953428611766], [-3.613590738288339, 40.33954110436098], [-3.613568319643093, 40.339548700911024], [-3.6135386531597558, 40.33956201169039], [-3.613432204942158, 40.33959671209203], [-3.6134257250205994, 40.33959881857084], [-3.613403005209323, 40.33962516480634], [-3.6133846364118822, 40.339650938403466], [-3.6133683587560737, 40.33968661101531], [-3.613290183836568, 40.33967378203368], [-3.6133030843302736, 40.3396292082433], [-3.613316762160757, 40.33959246832306], [-3.613330240976159, 40.339572756821866], [-3.613124161297161, 40.339617471871584], [-3.6130667954832156, 40.33962992032492], [-3.612839639183256, 40.339677061938914], [-3.6126155044880472, 40.33973158364695], [-3.6123926637214017, 40.33978862064298], [-3.612174907678262, 40.33985986481584], [-3.6119516207168436, 40.33991842587673], [-3.611728806809185, 40.33997726328975], [-3.611506216116543, 40.34003609008441], [-3.611283987250292, 40.34009591455857], [-3.611063224377707, 40.34015906426067], [-3.610843312019233, 40.34022518208191], [-3.610621442436482, 40.34028581421307], [-3.6104029585647104, 40.34035506786265], [-3.6101820718081483, 40.340419027364106], [-3.6099632193307793, 40.34048666948315], [-3.6097452327090145, 40.34055899140133], [-3.6095176239150555, 40.34060748025786], [-3.6094264214417477, 40.34062675398769], [-3.609291162969279, 40.34065534098636], [-3.6090721854170744, 40.34072235143571], [-3.6088504432731936, 40.34078442096986], [-3.608629050595307, 40.340846118863496], [-3.6084108150131384, 40.340915917004985], [-3.6081881261586233, 40.34097627850393], [-3.6079642239939913, 40.341032681909226], [-3.607740066048086, 40.34108817629733], [-3.6075150894498096, 40.34114170153897], [-3.6073326101090566, 40.341182750714964], [-3.607331746829701, 40.34120464757288], [-3.6073350199862895, 40.34125454128359], [-3.6073233268650915, 40.34130424330182], [-3.6073074107246987, 40.34135305756365], [-3.6072906004435437, 40.34138225450825], [-3.607246546051582, 40.34145879361504], [-3.6072314720928786, 40.34148599040464], [-3.6072205487972417, 40.34151388613719], [-3.607214623947893, 40.341549053069585], [-3.607221888470071, 40.34158451112841], [-3.607231497512513, 40.34162013706188], [-3.607247580760689, 40.34165428753505], [-3.6072548699450717, 40.34166623148473], [-3.6072574817740284, 40.341671262916904], [-3.607278232715879, 40.34171124485078], [-3.607305432474254, 40.341763985965954], [-3.607355198842591, 40.34183859099503], [-3.607288432758385, 40.34186397808902], [-3.607240882808402, 40.341788379394046], [-3.6072026650497375, 40.341739840330426], [-3.6071700202795354, 40.34169829916481], [-3.607166906805092, 40.34169378388761], [-3.607161562312911, 40.341686000977624], [-3.6071368147517395, 40.34164279669379], [-3.607122161612283, 40.34159611592898], [-3.6071219588854513, 40.34154854848705], [-3.607133094018477, 40.34146416405026], [-3.607148641059825, 40.34142669431691], [-3.6071934027484502, 40.341350241625705], [-3.6072043835004393, 40.34132612945193], [-3.607220753451556, 40.3412872139182], [-3.6072331212743887, 40.34124840948455], [-3.607228763756143, 40.341208882028795], [-3.607227669427956, 40.341205013823306], [-3.6070609012586625, 40.34123876372996], [-3.6068325458913866, 40.34128455747665], [-3.606598059947898, 40.34131632859178], [-3.6063588236162096, 40.341331727413944], [-3.6062305345374317, 40.341361850907184], [-3.606135133538862, 40.34138450447522], [-3.6059162722844835, 40.34145196781132], [-3.6056953650399257, 40.341515828763285], [-3.605471711758476, 40.341572847676574], [-3.605244055222737, 40.34161935536557], [-3.6050171205684363, 40.34166630929013], [-3.6047901880078563, 40.34171353303433], [-3.6045621705102664, 40.34175796014707], [-3.6043333037301695, 40.34179960740905], [-3.60410717938054, 40.341846465223675], [-3.6038845785023956, 40.34190294403091], [-3.6036607489765653, 40.34195635668946], [-3.603438261156275, 40.3420123925979], [-3.6032172099512296, 40.34207245670216], [-3.602991714740318, 40.34212272353794], [-3.602764876333521, 40.34216895180909], [-3.6025376959318742, 40.34221383003911], [-3.602311089164241, 40.34225969584661], [-3.6020867590128165, 40.342310044944], [-3.6018649835146004, 40.342365695733754], [-3.601648699627754, 40.342433867330705], [-3.601432925858047, 40.34250517106783], [-3.601210068324773, 40.34256108749501], [-3.600985032398878, 40.34261171740984], [-3.600762411949669, 40.34266656865894], [-3.600541099937505, 40.34272428661691], [-3.600320520185807, 40.34278363101379], [-3.60010327289172, 40.342849705581386], [-3.599888661725362, 40.342921000406434], [-3.5996757736162777, 40.34299679049328], [-3.599455782933308, 40.34305902213631], [-3.599234836056051, 40.343118357356815], [-3.59901532321918, 40.343180126218236], [-3.5987973611837236, 40.34324422001401], [-3.5987407845465484, 40.343264008776075], [-3.598738789078601, 40.34326470380377], [-3.5987510440352293, 40.34326581155982], [-3.5987978603276725, 40.343274037836935], [-3.5989000196349106, 40.34329739226692], [-3.5989798627800056, 40.343312294438164], [-3.598986829780293, 40.34331324936937], [-3.5990424120115527, 40.34331548408854], [-3.599048301234199, 40.34331572386306], [-3.5990484072768605, 40.34331573232302], [-3.599048513239841, 40.343315731774226], [-3.5991182559248616, 40.343317523740176], [-3.5992077357698506, 40.34331706022117], [-3.599454997850964, 40.34331749075189], [-3.5994550144440374, 40.34338587038829], [-3.5992080011381034, 40.34338697013092], [-3.5991179396901116, 40.34338824748965], [-3.5990415030291865, 40.34338576044858], [-3.5989656105150365, 40.34337823440408], [-3.598877997388257, 40.34336345353678], [-3.5988779148132073, 40.34336343594596], [-3.5988778322381574, 40.343363418355125], [-3.5988748113264384, 40.343362659206406], [-3.5988319748296345, 40.343351790683016], [-3.598775640750018, 40.34334442451876], [-3.598767141738552, 40.3433433153403], [-3.5987644423024605, 40.34334295993788], [-3.598736506766481, 40.343339491864825], [-3.598683367871726, 40.34333661370895], [-3.598630395124492, 40.34333787889444], [-3.598577805218904, 40.34334382685133], [-3.598526336700567, 40.343354093390964], [-3.598511764588447, 40.34335858329688], [-3.598309321344369, 40.34342017239856], [-3.598138927611341, 40.34347114475674], [-3.5980898526534886, 40.34348581322567], [-3.597872401047602, 40.34355458741613], [-3.597654700237095, 40.34362319131093], [-3.5974360671187258, 40.34369026804999], [-3.5972500940025336, 40.34375050893885], [-3.5972185076447905, 40.34376031186367], [-3.597107406833792, 40.343792507705764], [-3.59699475142205, 40.343821999700154], [-3.5969193100218693, 40.3438389659624], [-3.5968717152290894, 40.343849301866506], [-3.596779617082275, 40.343874732534175], [-3.596771054331065, 40.34387708306547], [-3.596770232072804, 40.343877303528366], [-3.596545949414795, 40.343932785883915], [-3.5963215312402954, 40.3439876288512], [-3.596315961730476, 40.34398893686965], [-3.596313318022941, 40.34398956312403], [-3.5962167285256768, 40.34401042181407], [-3.5960979676273124, 40.344043286815044], [-3.5960057422202207, 40.34406502375639], [-3.5958761525072953, 40.34409965607401], [-3.595767405135111, 40.34413048712717], [-3.5956610340479727, 40.34416644107646], [-3.595650481081809, 40.344170099096964], [-3.5955756123328615, 40.344201386139574], [-3.5955592001743724, 40.34420822753657], [-3.59545691404511, 40.3442508180528], [-3.5954556115856904, 40.34425132927243], [-3.5954444647835597, 40.3442557471029], [-3.595389773870122, 40.34427729031859], [-3.5953816981305393, 40.344281476114055], [-3.5952549400367744, 40.34434095851261], [-3.595054191855522, 40.3444353266302], [-3.5949966147886774, 40.34446075845787], [-3.594874794814278, 40.34452084567972], [-3.594854383536838, 40.34453086075936], [-3.59483926318673, 40.344537335043015], [-3.5947487090244485, 40.34457654020719], [-3.5946534025347363, 40.344624319450105], [-3.594560265718479, 40.34466442965386], [-3.594478912355091, 40.34470557834046], [-3.5944530058847017, 40.34471868471565], [-3.5943639004985104, 40.344762026357536], [-3.5942511973825297, 40.344813237070994], [-3.59418067950702, 40.34484134764136], [-3.594085755546678, 40.344879133264456], [-3.59404295372033, 40.34489908321487], [-3.593963048191234, 40.34493219691824], [-3.593931245784112, 40.34494299106519], [-3.593884104887959, 40.344964945258354], [-3.5938368470114614, 40.344986990124745], [-3.593657568777923, 40.3450608848255], [-3.5936290598099334, 40.34507264398655], [-3.5935450092862062, 40.34510307591895], [-3.593556929131845, 40.34514517773557], [-3.593579499290092, 40.34520812620329], [-3.5934971230150823, 40.34522674747634], [-3.59347052536092, 40.34516237818814], [-3.5934616863052034, 40.345133233781745], [-3.59342307066432, 40.34514721596154], [-3.5934167246179123, 40.345149951275666], [-3.5933829175645413, 40.34516445833166], [-3.5933023528277177, 40.3451990074206], [-3.5932049568416993, 40.34523563380672], [-3.593169965779475, 40.34524671437343], [-3.592992016358242, 40.34529771789798], [-3.5929836866431617, 40.34529982370621], [-3.5929340190011403, 40.345315664220294], [-3.592919924149547, 40.34532096180175], [-3.592897569009528, 40.34533495054171], [-3.5928918320761865, 40.34533867371505], [-3.5928466953613545, 40.34536232895682], [-3.592798723041122, 40.34539563854161], [-3.59274094477487, 40.345359267269366], [-3.592777717521851, 40.34532304207571], [-3.592594836123175, 40.34536082676408], [-3.5923623468762065, 40.34540787442099], [-3.592139253257109, 40.34546567552301], [-3.5919548026634094, 40.34557995521152], [-3.5917557283516577, 40.34567683160524], [-3.5915541132837987, 40.34576867550709], [-3.591355609263548, 40.345864917651575], [-3.591151488979844, 40.34595316097633], [-3.590951543424501, 40.34604625657963], [-3.5908602386177226, 40.34609573300278], [-3.59075969964306, 40.34615030166133], [-3.590569287030682, 40.34625650132085], [-3.5903758987687824, 40.34635910317191], [-3.5901796496327587, 40.34645776426516], [-3.589978876257036, 40.34655077231662], [-3.5897720276171543, 40.34663579282399], [-3.5895626736178134, 40.34671712295723], [-3.5893547462195987, 40.34680007610439], [-3.5891512131940373, 40.34688877237146], [-3.5889474582709573, 40.34697773968543], [-3.588740723192489, 40.34706257758533], [-3.5885408910288117, 40.34715592970554], [-3.588339632940697, 40.347247856273185], [-3.5881431247130617, 40.34734579448997], [-3.587939859995776, 40.347435928728245], [-3.587736578971858, 40.3475256032235], [-3.587534249602071, 40.34761645272992], [-3.587336772113927, 40.34771286293739], [-3.587138622134955, 40.34780918612913], [-3.5869362910292666, 40.34790002558792], [-3.5867465637777345, 40.34800504427189], [-3.5865570862546536, 40.34811177312203], [-3.5863529865738926, 40.34820253944528], [-3.5861436165539775, 40.34828441302659], [-3.5859763491049295, 40.34841337113797], [-3.585791754485442, 40.34852538040118], [-3.585609982729036, 40.348639816564585], [-3.5854186021066834, 40.34874475134425], [-3.585186568255143, 40.348847774339525], [-3.585121243089902, 40.34887679006488], [-3.585172684165079, 40.3488885120294], [-3.585220107767943, 40.3489122455188], [-3.585263031095936, 40.348946623585284], [-3.585220390712269, 40.34898584909775], [-3.585174411258708, 40.34896436059773], [-3.5851377881147863, 40.348953194313296], [-3.5850994543476706, 40.34894437905791], [-3.585083401089895, 40.34893986558317], [-3.585073168024575, 40.34894117863281], [-3.5850648174272406, 40.348942310984825], [-3.585025752605529, 40.3489456437793], [-3.5849977834497126, 40.3489521006821], [-3.584970901952072, 40.348961786373266], [-3.5848843951707687, 40.34900059396074], [-3.5848323737430423, 40.349023929526965], [-3.5846334801860555, 40.34911818006773], [-3.5844390937955217, 40.349217632816334], [-3.5842506728685075, 40.349323442613205], [-3.5840672508796256, 40.34943413686233], [-3.584067051719025, 40.34943425498741], [-3.5840668643331854, 40.34943437305302], [-3.584060890291981, 40.349438006892875], [-3.5839806386837827, 40.34948679141597], [-3.5839140498270834, 40.34953325461273], [-3.5838887662556442, 40.349550769972225], [-3.5838524423425224, 40.349571584362785], [-3.583827423756746, 40.34959252185981], [-3.5837565780942304, 40.349651979672586], [-3.58372394311021, 40.3496772799943], [-3.5835577281116806, 40.34980631937295], [-3.583440039025608, 40.34986843679473], [-3.5834217407954845, 40.34987807882778], [-3.583409140545584, 40.34989030477902], [-3.583370987440966, 40.34991752476242], [-3.5833339565485294, 40.34993969393241], [-3.5833121684865326, 40.34995703837959], [-3.583298531914715, 40.34996789114058], [-3.5832846129748135, 40.34997877235152], [-3.5831954046240604, 40.35003913324705], [-3.5831694064254327, 40.350055751133844], [-3.5832606020913853, 40.35011808526868], [-3.5834241237515743, 40.35024889366443], [-3.583522177860372, 40.3503418242044], [-3.583552486919439, 40.35036221221701], [-3.5835816358416954, 40.35038188534084], [-3.5836632096232393, 40.35044670017962], [-3.583754817000005, 40.350515698633615], [-3.583684067220657, 40.35057137205541], [-3.58368238337104, 40.35057001115774], [-3.5835931188393206, 40.35049822599845], [-3.5835113095629163, 40.350433412298884], [-3.5834736685783954, 40.35039711501574], [-3.5834506334545018, 40.35037497854538], [-3.5833464147916896, 40.35030594435367], [-3.5831820979583138, 40.35017577951053], [-3.5831003094513196, 40.350099613843575], [-3.5830629078584666, 40.35012251453888], [-3.5830101145663384, 40.350154844336544], [-3.583000012212072, 40.35015768810463], [-3.582992376610155, 40.350159825731275], [-3.582992306659005, 40.35015990716649], [-3.5829922484051675, 40.35015997953355], [-3.582970442827531, 40.350183513310895], [-3.582827858206231, 40.350267386628126], [-3.5826420453565766, 40.350378595170426], [-3.5824467532565, 40.35048029240991], [-3.5824352539619078, 40.35048638646803], [-3.5823772872557096, 40.35052379617741], [-3.5822665067430037, 40.35059534626313], [-3.5821533353663098, 40.350662764053716], [-3.582080935546124, 40.35070611123491], [-3.581896886432901, 40.35081730069092], [-3.581716052593215, 40.35093136562833], [-3.5815386747836544, 40.35104891747577], [-3.581391241358798, 40.35114586769614], [-3.5813609275395457, 40.35116602945717], [-3.5811879212487834, 40.35128816248131], [-3.5810145633995125, 40.35141056728669], [-3.580946798815456, 40.351453584158236], [-3.5809234572432875, 40.35146841338616], [-3.5808648977830484, 40.351505555036326], [-3.580836001813049, 40.35152768254852], [-3.580781085590239, 40.351563995033914], [-3.580683724503662, 40.351635377110654], [-3.580663598741111, 40.35165034329657], [-3.5804898826697, 40.351772388742866], [-3.580444927960365, 40.351801795086715], [-3.580360147613985, 40.351857275616865], [-3.580313821546437, 40.351891562756045], [-3.5801382070656618, 40.352012085636346], [-3.5801343428603487, 40.35201462758855], [-3.580081931083257, 40.3520547110331], [-3.579971598251633, 40.35213922988194], [-3.5797946779037506, 40.35225866867566], [-3.5797733806074943, 40.35227300993621], [-3.579744624850209, 40.352297839224526], [-3.5797224807638455, 40.35232605885345], [-3.5797071996951098, 40.352356766649216], [-3.5796967713679653, 40.35238898168067], [-3.579692411205947, 40.35241612115791], [-3.5795957129571643, 40.3524139030215], [-3.5795978818764675, 40.352378395993725], [-3.5796117458518397, 40.35233346081361], [-3.5796305448837886, 40.35230102365627], [-3.5795696428194423, 40.352339798040006], [-3.5793752146719737, 40.35244870210048], [-3.5791666414803154, 40.352542270972585], [-3.578967505396051, 40.352639206706456], [-3.5787742231323443, 40.352743239062846], [-3.5787208764259724, 40.352770542544576], [-3.5787101261996193, 40.35278031723661], [-3.5786993767402784, 40.35279018201562], [-3.5786835899877794, 40.35280450451206], [-3.5786667753907233, 40.352819814149164], [-3.578655896466845, 40.35282968858097], [-3.578640016956112, 40.35284418270986], [-3.578616763392603, 40.35286529042662], [-3.578440322156225, 40.35298617522253], [-3.578279881216033, 40.353117790761665], [-3.5781070407479763, 40.35324540491606], [-3.5779192394973953, 40.35335867888482], [-3.57773165329028, 40.353469627105994], [-3.5777299895532417, 40.35347061741677], [-3.5777287241064384, 40.353471362490275], [-3.5777001294859376, 40.35348762273615], [-3.5776797267820517, 40.35349925638851], [-3.5776479799845826, 40.35351734320997], [-3.577618682716331, 40.353534066412955], [-3.5775981747736525, 40.35354579066826], [-3.5775720406451796, 40.35356059712651], [-3.5775498248531217, 40.353579185884776], [-3.5775274256413554, 40.3535914601222], [-3.577509889207827, 40.35360641282727], [-3.577495416429055, 40.35361882766327], [-3.5774743609154127, 40.35363677096204], [-3.577464306988437, 40.35364537987718], [-3.5774515772165447, 40.35365643462873], [-3.577437068321426, 40.353668759545926], [-3.5774156751290778, 40.35368715497863], [-3.5773907738588533, 40.35370845085665], [-3.5772196750261, 40.353833532414285], [-3.577056963676237, 40.353963175558604], [-3.5768920337952603, 40.35409373045567], [-3.576849412657154, 40.35412510577524], [-3.5767222394683933, 40.35421872368349], [-3.5765572793969955, 40.354348647608184], [-3.576381476198108, 40.35447204863529], [-3.576198632637644, 40.35458881767903], [-3.576011394076313, 40.354699833440044], [-3.575822982207954, 40.354814197142304], [-3.5757400473122565, 40.35484939444094], [-3.5757040112658967, 40.354864529050786], [-3.57570141810221, 40.35486563206872], [-3.5756905173778986, 40.354870262988506], [-3.575681365258867, 40.354874182488096], [-3.575667049441317, 40.35488019979858], [-3.57565415388727, 40.35488566948789], [-3.5756448729971466, 40.35488967971726], [-3.575642994933189, 40.354890400789394], [-3.5756319114917074, 40.354902627347194], [-3.575288519027008, 40.355153700846216], [-3.575132087723648, 40.355285922689305], [-3.574981496830769, 40.355427845191834], [-3.574816230581722, 40.35556128171826], [-3.574698703707707, 40.3556460114472], [-3.57475813389507, 40.35565373428966], [-3.575000895487117, 40.35568883460441], [-3.574983752998936, 40.35577802055339], [-3.574739385770761, 40.35574941478758], [-3.5746441517879037, 40.355739887814316], [-3.574497912079583, 40.35583970621245], [-3.5743148087799455, 40.35595305006822], [-3.5741353829139637, 40.356069618680266], [-3.5739558394333963, 40.356186277688195], [-3.5738564045304604, 40.356250817307604], [-3.573836632294564, 40.35626614992122], [-3.5738205257988964, 40.35628325716968], [-3.573807743618085, 40.35630214975764], [-3.5737972073888997, 40.356324815054116], [-3.573791270659362, 40.35634826835645], [-3.5737903087383045, 40.356372327619894], [-3.5737946209336866, 40.35639618053407], [-3.5738042482454375, 40.35641910616119], [-3.5738191515319637, 40.35644065423551], [-3.5738320924466667, 40.35645437406398], [-3.573832294395287, 40.35645458027299], [-3.5738333282250303, 40.35645567426268], [-3.5738437561355574, 40.3564674605768], [-3.5738454257935395, 40.35646854240249], [-3.5738538307353163, 40.35647507739608], [-3.5739103169825417, 40.35651191490593], [-3.573981712566838, 40.35655849839474], [-3.5741284158393585, 40.35666023155965], [-3.5741356064566587, 40.356665213973635], [-3.574064368364076, 40.35672331638021], [-3.574050574479137, 40.35671317745353], [-3.573914579576432, 40.35661324694352], [-3.5738451957788073, 40.35655809471824], [-3.5737974507053587, 40.356520222801535], [-3.573788806867518, 40.356514679998064], [-3.5737675632992225, 40.3564967670431], [-3.573747299119894, 40.35648047087666], [-3.5737448101225193, 40.356478591297744], [-3.573721812883956, 40.356446902999615], [-3.573706100749328, 40.35641328663356], [-3.5736974530195975, 40.35637810366421], [-3.5736963115041447, 40.356342072635464], [-3.573703663523351, 40.35630635984249], [-3.5737094446122804, 40.35629371832394], [-3.573567636742426, 40.35638873869574], [-3.5733934208355103, 40.35651032545189], [-3.573214358913417, 40.35662851247646], [-3.573036459479643, 40.35674498172017], [-3.572868731842316, 40.35686671571836], [-3.57282688874668, 40.35690417589408], [-3.5727835506695516, 40.35690553469646], [-3.572669427386798, 40.35700199345722], [-3.5726659662040534, 40.357004911548486], [-3.5726728158546117, 40.35700440014661], [-3.572674510774586, 40.357004292653315], [-3.572674663787667, 40.35700428288651], [-3.5726757231031168, 40.35700421457708], [-3.572677700573251, 40.35700409667553], [-3.5726796781196097, 40.357003987782754], [-3.5726811258939, 40.357003899531456], [-3.572682597449055, 40.357003838189925], [-3.5726830682643853, 40.35700380883113], [-3.5726845632192847, 40.35700372935535], [-3.5726865410705098, 40.357003656497625], [-3.572688012625655, 40.357003595156016], [-3.572689472480917, 40.357003542881486], [-3.572691450332131, 40.357003470023685], [-3.5726916387497254, 40.3570034690907], [-3.5726934283357754, 40.357003415183435], [-3.5726948647150496, 40.35700337203425], [-3.5726963364988493, 40.35700333771892], [-3.572698338207148, 40.35700330077955], [-3.5727002221544257, 40.35700326442326], [-3.572700292811025, 40.357003264073406], [-3.5727017646710437, 40.357003238766794], [-3.5727032248311956, 40.35700322252728], [-3.5727052149920473, 40.35700321267248], [-3.5727071933767953, 40.35700320287596], [-3.5727086536893844, 40.35700320465398], [-3.5727087950025824, 40.3570032039542], [-3.5727101140019832, 40.35700320643196], [-3.5727121043915093, 40.35700322360341], [-3.572714083004934, 40.35700324083315], [-3.572715519917782, 40.357003260745294], [-3.5727169922351516, 40.357003289491274], [-3.5727173809226676, 40.35700329657571], [-3.572718982777134, 40.3570033246802], [-3.572720961619243, 40.35700336893622], [-3.5727224222367533, 40.357003406749214], [-3.5727238593782777, 40.357003453687646], [-3.572725861925051, 40.357003515844525], [-3.5727259561338527, 40.35700351537802], [-3.572727829295989, 40.357003596193906], [-3.572729289989724, 40.35700364301562], [-3.572730750835918, 40.35700370785493], [-3.572732741835288, 40.35700379709639], [-3.5727345326409763, 40.35700388732918], [-3.5727347211348, 40.357003895404944], [-3.572736170357359, 40.357003978320044], [-3.572737619579932, 40.35700406123516], [-3.5727395990319066, 40.3570041775612], [-3.572741578560117, 40.357004302895994], [-3.572743039711265, 40.35700440377032], [-3.5727444655341003, 40.35700450481955], [-3.5727464569909024, 40.357004648113566], [-3.5727484367478297, 40.35700480047463], [-3.5727498861991154, 40.357004910415974], [-3.572751324026777, 40.35700503843321], [-3.572751618657973, 40.35700506400166], [-3.5727533039361883, 40.35700520881176], [-3.5727552838456207, 40.35700537919031], [-3.5727567099734205, 40.357005516274604], [-3.5727581715057735, 40.35700566219268], [-3.5727601398678153, 40.357005859655835], [-3.5727621082298766, 40.35700605711897], [-3.572763546286271, 40.357006212162446], [-3.572764972642813, 40.35700637627299], [-3.572766953009705, 40.35700660070411], [-3.572768638745388, 40.357006799566776], [-3.5727689216767287, 40.35700683420228], [-3.572770348033297, 40.35700699831277], [-3.572771786394663, 40.35700718939129], [-3.5727737433618643, 40.35700743195652], [-3.572775712257649, 40.35700769248099], [-3.572777138766708, 40.357007874608975], [-3.5727785772043568, 40.35700807469621], [-3.5727805345527797, 40.35700836230529], [-3.572782480048882, 40.35700864096386], [-3.5727839303388897, 40.35700885000152], [-3.572785345376845, 40.3570090682229], [-3.5727855340231587, 40.357009094316176], [-3.5727872674732524, 40.357009365015635], [-3.57278923682656, 40.35700967959262], [-3.572790663716887, 40.357009906764404], [-3.5727920789835834, 40.3570101520121], [-3.57279393057593, 40.35701046717223], [-3.5727940013087713, 40.357010475831096], [-3.572795947262409, 40.35701080854219], [-3.5727973743052455, 40.35701105373151], [-3.5727987897244744, 40.3570113169967], [-3.572800724054531, 40.35701166778364], [-3.572802281091951, 40.3570119663841], [-3.5728026467609912, 40.357012036646466], [-3.572804062104023, 40.35701229090279], [-3.5728054894518717, 40.35701257212718], [-3.5728074004585175, 40.35701295005703], [-3.5728093116176516, 40.35701334600445], [-3.5728105856475176, 40.35701360096057], [-3.572810727189451, 40.35701362728706], [-3.5728121311376384, 40.3570139266456], [-3.572814042296837, 40.357014322592946], [-3.572815953608527, 40.35701473655785], [-3.5728173576329985, 40.357015044925106], [-3.5728187617337226, 40.357015362301134], [-3.572818844318916, 40.35701537991045], [-3.572820661345617, 40.357015785333054], [-3.5728225728861194, 40.35701622632424], [-3.5728239417348213, 40.357016552883984], [-3.572825345911848, 40.357016879268734], [-3.5728270570299547, 40.35701729422497], [-3.572827245828789, 40.357017338335744], [-3.5728291340458944, 40.35701780646982], [-3.5728305265231084, 40.35701814192163], [-3.5728318956006118, 40.35701849550766], [-3.5728337955938843, 40.35701896358335], [-3.5728352119283224, 40.35701933495363], [-3.5728356722637007, 40.357019458802036], [-3.5728370414175106, 40.3570198213968], [-3.572838422423671, 40.35702019294203], [-3.5728402873936935, 40.35702069722777], [-3.5728421642923336, 40.35702121947271], [-3.5728431676245935, 40.3570214937876], [-3.572843297466695, 40.357021529181175], [-3.5728448912052198, 40.35702198976438], [-3.572851336892365, 40.35702384075578], [-3.5728569228480613, 40.35702568699601], [-3.572913577592578, 40.35711861525864], [-3.572915395869468, 40.35713725523721], [-3.572917744169529, 40.357161469267496], [-3.5729161639110427, 40.3571695583225], [-3.5729220169145512, 40.35719043060725], [-3.572929296750114, 40.35722404380138], [-3.572969395063818, 40.357308774619064], [-3.572963788001778, 40.35730582937008], [-3.572856748966921, 40.357241691759874], [-3.572797594197131, 40.35731675185829], [-3.5727912906914243, 40.35732474718433], [-3.5727478533863173, 40.357306061058544], [-3.5725465767280253, 40.35721950650466], [-3.5725426744013364, 40.3572217871248], [-3.572524300325025, 40.35723262602366], [-3.5724874157175583, 40.35725488107504], [-3.5724689500048026, 40.35726602673054], [-3.572461158564349, 40.35727075907427], [-3.572450496595443, 40.357277235386384], [-3.572431830828323, 40.35728840004444], [-3.57239438113309, 40.35731068489044], [-3.57237541980082, 40.357321715864565], [-3.5723566686048804, 40.35733252957557], [-3.5723003820900567, 40.35736525914665], [-3.572281313903742, 40.35737619153316], [-3.572262068535575, 40.35738706172901], [-3.5722427038000664, 40.35739774331966], [-3.5722232791112964, 40.35740829907527], [-3.5722055297270296, 40.35741781949357], [-3.572187934722686, 40.35742749230132], [-3.572169916837126, 40.35743729332681], [-3.57215162641887, 40.35744689749595], [-3.5721337597855802, 40.35745648154744], [-3.5720797515549525, 40.35750520002895], [-3.572026863550653, 40.357577787248445], [-3.5719994680499605, 40.35760670704343], [-3.571998907588418, 40.35760727739311], [-3.5719958763213677, 40.35762066199487], [-3.5719929408338964, 40.35763701914935], [-3.5719901276750807, 40.357653916249], [-3.5719868566127917, 40.357670977778234], [-3.571983066557774, 40.35768794277312], [-3.5719787185267333, 40.35770437898625], [-3.571974343591471, 40.35772041892867], [-3.571970025784364, 40.357736251377425], [-3.5719658713199456, 40.35775190283479], [-3.5719619752456446, 40.35776747193157], [-3.5719584557807993, 40.357783012138206], [-3.5719554524134742, 40.357798306544844], [-3.5719531322952753, 40.3578136246], [-3.571951495046012, 40.35782892125976], [-3.5719506247219424, 40.35784578172255], [-3.5719499737542915, 40.35786351499008], [-3.5719495236678127, 40.3578813283467], [-3.571949204338006, 40.35789928520335], [-3.5719488737647214, 40.35791730517976], [-3.571948567276723, 40.35793538810119], [-3.57194812122433, 40.357953678923664], [-3.5719473224926688, 40.35797204356355], [-3.571946265824526, 40.35799054461646], [-3.5719445970940007, 40.3580090847328], [-3.571942435053031, 40.35802778044449], [-3.5719395079331697, 40.35804652498535], [-3.5719358847928575, 40.3580651288213], [-3.5719318011573455, 40.358083590787544], [-3.571927268954799, 40.3581019288434], [-3.571922546121538, 40.35812000657575], [-3.5719179265320595, 40.358137759467205], [-3.5719171522345623, 40.35814089848742], [-3.5719215407144644, 40.35816548083085], [-3.5719219916853278, 40.35816867685629], [-3.571924266438948, 40.358184224444834], [-3.571926391573189, 40.35820297102865], [-3.5719277385584847, 40.35822161335033], [-3.571928871134888, 40.358239968438774], [-3.571929627402612, 40.3582583884522], [-3.571930005686602, 40.35827667519718], [-3.571930288618364, 40.3582948272761], [-3.571930443304842, 40.35831313314501], [-3.5719303611706907, 40.358331287029095], [-3.5719302772856585, 40.35834923371086], [-3.5719303117730345, 40.358367251880566], [-3.5719302402734034, 40.358385270574345], [-3.571930277990778, 40.35841482046561], [-3.5719302649434135, 40.358416063795616], [-3.571928853307378, 40.358476179958465], [-3.571927538454596, 40.35849897065127], [-3.571923788276222, 40.35852344909241], [-3.5719175385359425, 40.35854758853607], [-3.571908906766525, 40.35857136137316], [-3.57189804468832, 40.35859460468786], [-3.5718846926860253, 40.35861725669911], [-3.5718690492053313, 40.358639109213875], [-3.5718512175679975, 40.358659846399455], [-3.5718313286071286, 40.3586796207639], [-3.5718093562573037, 40.358698135132386], [-3.5717856532772743, 40.358715324695595], [-3.5717603600706513, 40.35873108064828], [-3.5717336656691847, 40.35874547412838], [-3.5717053809662103, 40.35875842498712], [-3.571676210340441, 40.35876966847576], [-3.571646112318559, 40.358779871477196], [-3.5716145634134473, 40.358788405936096], [-3.5715821297315986, 40.3587953681544], [-3.5715348019968736, 40.358802773342425], [-3.571532364838144, 40.35882656058446], [-3.571530620372931, 40.35884451547066], [-3.5715288884440186, 40.358862560386534], [-3.5715272971467176, 40.35888052352483], [-3.5715256816871754, 40.3588984147091], [-3.571524324775893, 40.358916241551476], [-3.5715230743844093, 40.35893413093158], [-3.571521930664951, 40.35895210086701], [-3.5715207755488465, 40.35897011590455], [-3.571519644593672, 40.358988202895965], [-3.5715183729291073, 40.359006362656004], [-3.5715169840318866, 40.35902458605947], [-3.5715153479044535, 40.35904281969372], [-3.5715138326303872, 40.359058629264204], [-3.571513594468017, 40.359061107962596], [-3.5715114536245443, 40.359079542292484], [-3.571508992989668, 40.35909776198244], [-3.571506544358187, 40.359116008640505], [-3.5715038367951903, 40.359134274596286], [-3.5715014564329217, 40.359149448790156], [-3.5715040361585166, 40.359163463318744], [-3.5715072623421302, 40.35918151076047], [-3.57151051200442, 40.35919954907689], [-3.571513516416204, 40.359217831852625], [-3.571516296391698, 40.35923603465476], [-3.571518933985795, 40.359254112032005], [-3.571521547952287, 40.35927218051671], [-3.571524067708236, 40.359290249466845], [-3.5715265875416486, 40.35930832742565], [-3.571529001920434, 40.35932646896966], [-3.5715312984594023, 40.35934460208668], [-3.571533478451738, 40.35936287992628], [-3.571535305073754, 40.35938115050285], [-3.5715370127144137, 40.35939927752062], [-3.571538486727497, 40.35941763092203], [-3.571539607369607, 40.35943597706047], [-3.571540469004823, 40.359454333487975], [-3.5715409890450753, 40.35947268259432], [-3.5715412601047407, 40.35949083472927], [-3.5715413907430498, 40.359500726150685], [-3.5714247109494504, 40.359583853707335], [-3.571357552864492, 40.35963204220257], [-3.571308398756296, 40.35966731266903], [-3.571318339176669, 40.35952089160676], [-3.5713289898630998, 40.35935398018167], [-3.571272862703084, 40.35905981977191], [-3.5712642988586425, 40.35901493334517], [-3.571262475499716, 40.358871462319684], [-3.571220908606981, 40.358701889823514], [-3.5712161647124656, 40.358654705203605], [-3.571193993683728, 40.35843479275249], [-3.571200525668095, 40.358392435410806], [-3.5711910805584863, 40.358075647549526], [-3.5711534679584123, 40.35814292459526], [-3.5710328362121855, 40.358229224498224], [-3.570872045137906, 40.35833646161662], [-3.5704798195148175, 40.35854343666794], [-3.570346548126839, 40.35866729436323], [-3.5697653842631247, 40.35903543566034], [-3.5697413806809832, 40.35906735627797], [-3.569741345806598, 40.35906741050477], [-3.569741066432379, 40.359067799275294], [-3.5697409220055385, 40.35906743061085], [-3.5697082070442554, 40.35911097091789], [-3.5695475283542693, 40.35920407024615], [-3.5693960985349804, 40.35929488954266], [-3.5693247819682417, 40.359362674259884], [-3.569312448891067, 40.35937077114905], [-3.569228928253959, 40.3594256066402], [-3.5692268719942923, 40.359428968171585], [-3.569203550188185, 40.35943977683733], [-3.569177624060651, 40.35945179653464], [-3.5691362835629854, 40.35947382919445], [-3.569118767216331, 40.35948316780733], [-3.569062784008768, 40.35950614638354], [-3.568998917679429, 40.359544028845164], [-3.568992937390013, 40.359547121384225], [-3.5690088903702457, 40.35959556628284], [-3.5690183172454777, 40.35962420509726], [-3.5690483565437523, 40.3597203833343], [-3.5690534161031637, 40.359736647017094], [-3.5691135944149517, 40.35989040769101], [-3.569136046689499, 40.3599470369486], [-3.569180975360667, 40.3600603493851], [-3.5692683845629882, 40.360231093370984], [-3.5693521405331863, 40.360359512181404], [-3.5693996256924434, 40.36043225266621], [-3.56953291551002, 40.360598265963134], [-3.5695365057939314, 40.360603653783315], [-3.569657712820223, 40.36073188792958], [-3.569730134983383, 40.360800901775654], [-3.5698435546767193, 40.36090916472349], [-3.569846449964652, 40.36090753781715], [-3.569874625493816, 40.36089685826341], [-3.5701694567790048, 40.36095546024023], [-3.5704676108038282, 40.361071469500686], [-3.5706190316497803, 40.36117065218456], [-3.570770532337204, 40.36127505958983], [-3.5709305077711035, 40.36139138913023], [-3.5711442248318686, 40.361595742881796], [-3.5713743283543375, 40.36171812196444], [-3.5714922787746266, 40.36182267613811], [-3.5716567233784837, 40.36203556081826], [-3.5716757796263394, 40.36206069228523], [-3.571685300145328, 40.36207235713862], [-3.5718346340605636, 40.36218333250872], [-3.5719768565670464, 40.36228893735505], [-3.5721310621963065, 40.36241880748665], [-3.572413733711794, 40.36264145766636], [-3.572413781201122, 40.36264150247713], [-3.5724138639455, 40.362641538104256], [-3.572469447286693, 40.36267136260108], [-3.5724721697342114, 40.362672970774625], [-3.5726502882188975, 40.36278921709727], [-3.572656683686431, 40.36279341973686], [-3.572828306243709, 40.36290743664629], [-3.573006089346773, 40.36302565708162], [-3.5730085785667525, 40.36302753667282], [-3.5731693884158404, 40.36315800331646], [-3.5732660388325983, 40.36322230015809], [-3.573346107482065, 40.3632755978535], [-3.573348596720679, 40.36327747743718], [-3.573509407819374, 40.3634079435938], [-3.5735655509771385, 40.36344532346843], [-3.573686128128196, 40.36352553759762], [-3.5736886173854434, 40.363527417173756], [-3.5736931232835425, 40.363530998487064], [-3.573850017832595, 40.363657789833674], [-3.5740267332712725, 40.363774662600825], [-3.5740307597065306, 40.36377725527277], [-3.5740694838586737, 40.36380210853015], [-3.574696234109075, 40.36426621086799], [-3.5758742971111093, 40.365087661954405], [-3.5759181958931965, 40.36512528182298], [-3.5759338549161916, 40.36513844730664], [-3.57597632742659, 40.36517454269845], [-3.5760237749160284, 40.365213946684236], [-3.5760320805330537, 40.36522111264297], [-3.576033989992807, 40.365219895905156], [-3.57618771362427, 40.365309437942436], [-3.576196608837733, 40.365316682034184], [-3.576235627830048, 40.36534829896525], [-3.576256679353664, 40.365365383547335], [-3.5762584109207007, 40.365366789357246], [-3.5763042617188368, 40.36540399393823], [-3.576372136661832, 40.365459071020176], [-3.576425150511786, 40.36541906740625], [-3.5765743676128876, 40.36553113626215]]], [[[-3.606628014722288, 40.33853120581082], [-3.60656589821213, 40.33861794773269], [-3.6066072816655295, 40.338606117861865], [-3.6068181796902397, 40.33854583026216], [-3.6070432378078348, 40.33848916173324], [-3.607267014651439, 40.33843276075996], [-3.607495203149523, 40.338383903904734], [-3.607523416282016, 40.33837780965815], [-3.6076308150795167, 40.33835445226389], [-3.607721764244715, 40.338334784874206], [-3.6079269891112453, 40.33829848950991], [-3.608398899979586, 40.338183213210236], [-3.6086248395195653, 40.33813058209625], [-3.608843866013326, 40.33808430237292], [-3.6088516214405186, 40.33808263989592], [-3.6089550052307313, 40.33805804111991], [-3.6090764926368832, 40.33802911260449], [-3.609302804135939, 40.33797999179297], [-3.6095263626837037, 40.33792458762089], [-3.6097510675970876, 40.3378697085161], [-3.6099881651179833, 40.33781566454135], [-3.610008594748642, 40.33782123259296], [-3.610010482434966, 40.33782167309732], [-3.6100256202651146, 40.337817467052965], [-3.6101925126722354, 40.337771162412444], [-3.6102013088177705, 40.33776871956436], [-3.6102018959906506, 40.3377685543013], [-3.6102029178597532, 40.33776828764393], [-3.6104247178219846, 40.33770994500791], [-3.6104249880249437, 40.337709880517615], [-3.610425070271218, 40.33770986206519], [-3.610648602054712, 40.33765299637721], [-3.6106500115244407, 40.33765262856853], [-3.6108756022952924, 40.337603490467814], [-3.6108764718460415, 40.33760330569167], [-3.6108800197098643, 40.33760245810876], [-3.6111003612143264, 40.337549617487284], [-3.6113224283157956, 40.337502776457264], [-3.611432010327333, 40.337472466918996], [-3.611510576401694, 40.337450699802694], [-3.6115186846586167, 40.33743597195335], [-3.611742230447184, 40.33735478826964], [-3.611761497641556, 40.33735027186483], [-3.611794028430772, 40.33734262217869], [-3.6119341747054077, 40.33726818564359], [-3.612122458521465, 40.337166115268595], [-3.61222050145361, 40.33711100067728], [-3.612325893697909, 40.337061432796524], [-3.6124352138961955, 40.33701661889423], [-3.612459152041914, 40.33700918569104], [-3.6125513123603956, 40.33698059800147], [-3.612621595957444, 40.336966081345814], [-3.612644770756222, 40.336952354721696], [-3.612655205484332, 40.3369462632945], [-3.612742180996481, 40.336917180381526], [-3.612759787375855, 40.336911294202], [-3.6127602568912174, 40.336911138558435], [-3.6127712902163243, 40.33690744940407], [-3.6129990376632266, 40.33684859283814], [-3.6130539253770366, 40.3368370674799], [-3.6132329944123533, 40.33679942382352], [-3.613270216719778, 40.33680156886942], [-3.6133329055907484, 40.33678176761551], [-3.6133595550048137, 40.3367734369487], [-3.613448189313172, 40.33674557896832], [-3.613529450167384, 40.336725138558926], [-3.6136741876151697, 40.336688703363336], [-3.613880223484715, 40.33664796962598], [-3.6138813516825543, 40.336647747417786], [-3.6139026463337447, 40.336643544227236], [-3.6141264457806965, 40.336589643433534], [-3.6143516398171593, 40.33653637445268], [-3.6145782670328974, 40.33648409743913], [-3.61472507427804, 40.33645791140218], [-3.614781637542418, 40.33643779055925], [-3.614799240591145, 40.336431570746974], [-3.6150243102522226, 40.33637379652189], [-3.615247930699517, 40.33631593947551], [-3.615474213198533, 40.336264752653314], [-3.61560402797472, 40.336234322494896], [-3.6156990575433445, 40.336212104545396], [-3.6159230830718476, 40.33615748734753], [-3.616146134185459, 40.336100622608306], [-3.61636975804443, 40.33604205164971], [-3.6164547098841275, 40.33602376073341], [-3.6165980596547613, 40.335993005067785], [-3.616830071718995, 40.335950677125076], [-3.6168988673668516, 40.335943634427316], [-3.6170510442855615, 40.335898425423416], [-3.617219470953813, 40.3358677964769], [-3.6172258027283424, 40.335864987858685], [-3.617294212898098, 40.335867334561755], [-3.617371126544222, 40.33584293259119], [-3.6176528727715396, 40.33575354379183], [-3.618698448516999, 40.33551795121817], [-3.6187512586944544, 40.33550604687485], [-3.6188093206018332, 40.33549297024445], [-3.6202286938679715, 40.335519215732376], [-3.6202410813415504, 40.33554648319928], [-3.620412595212049, 40.33592386837166], [-3.6204250306674632, 40.33595121664202], [-3.6205916923425265, 40.336317906606894], [-3.6205948744091465, 40.336316988615245], [-3.620659621147266, 40.336290784836365], [-3.6207200818925824, 40.33625937869047], [-3.620777333407301, 40.336224647326375], [-3.620832087232539, 40.33618715450881], [-3.62088898005381, 40.33615055110268], [-3.6209526532075267, 40.33611128959491], [-3.620955696679054, 40.33610938132632], [-3.621014294334209, 40.33605457013952], [-3.621091356163948, 40.33597198354394], [-3.6211091431552376, 40.33594738303382], [-3.6211535201041793, 40.33596074861447], [-3.621176553198825, 40.335967742184266], [-3.621228541515219, 40.33598818412197], [-3.621280626724744, 40.336007634504725], [-3.621333418711557, 40.33602455849373], [-3.6213569981148415, 40.33602821569206], [-3.6214049826462325, 40.33603570582208], [-3.6214775871049047, 40.33604477540149], [-3.6215505831185575, 40.3360451940076], [-3.6216136498482974, 40.33604125142478], [-3.6216485376637393, 40.33603277547483], [-3.621673688601413, 40.33602679333707], [-3.621730927234545, 40.33600612491786], [-3.621758261067377, 40.335994266044985], [-3.62180212333749, 40.33598232732453], [-3.621897469300785, 40.33595636377099], [-3.621981388755873, 40.33593351569819], [-3.6222073204918663, 40.335883290591624], [-3.622306243983427, 40.33584951450653], [-3.6223274982595726, 40.33584228289478], [-3.622422851038916, 40.33581582336614], [-3.622515139813568, 40.33578775859449], [-3.6225286180717404, 40.33578373102093], [-3.62263628536435, 40.33573936684061], [-3.622841628075147, 40.33566384540201], [-3.6229637053699477, 40.3356233673674], [-3.623039773692261, 40.33559819139323], [-3.6230597150334103, 40.33559158835308], [-3.623124127394572, 40.33557272748705], [-3.6231712565336087, 40.33555891475513], [-3.6232811307436754, 40.33552417791973], [-3.623503278132202, 40.335459564977214], [-3.6236140921277697, 40.33542464257598], [-3.6236314810350505, 40.33542085505688], [-3.623730294760041, 40.335399601122276], [-3.6238480286169277, 40.3353874344376], [-3.6238903704810403, 40.33538306183741], [-3.623899527928186, 40.33538030968695], [-3.623911856253116, 40.335377990891985], [-3.6239645213097504, 40.33536833725082], [-3.6239874505977996, 40.33536533061859], [-3.624190454626645, 40.335318648815516], [-3.624256165934767, 40.335307942637506], [-3.6243327721573393, 40.335291402725154], [-3.6244072120099884, 40.33526973921732], [-3.6244733747282045, 40.335244156303695], [-3.6245375120348067, 40.33521597162243], [-3.6245968872468266, 40.335182046737366], [-3.6246420795260033, 40.335154865215294], [-3.624685490987024, 40.33512607163843], [-3.6247689959862415, 40.335066159966836], [-3.6248506397287064, 40.335008690771026], [-3.6249339311374436, 40.33493841956275], [-3.62509957877849, 40.33481013452005], [-3.6252467031494144, 40.33469159821109], [-3.6252466224918676, 40.334682859730506], [-3.6252577942200754, 40.33468279934212], [-3.6252618954621147, 40.33467944377157], [-3.6254030482408486, 40.33457723717104], [-3.625415093643132, 40.33456852321897], [-3.6254315475566363, 40.334552758258724], [-3.625479359714765, 40.334528895643636], [-3.625495821090313, 40.33451394146116], [-3.6255184563448424, 40.33450462968094], [-3.6255593724193362, 40.33447341678695], [-3.6256098443012044, 40.334457116464684], [-3.6256316104638158, 40.334442935389625], [-3.6256670705660374, 40.33443283347795], [-3.625703628812016, 40.33441416688217], [-3.625765571317785, 40.33439066916208], [-3.625779179546671, 40.3343854693116], [-3.625838227809883, 40.33438001460497], [-3.625858636270379, 40.33437179590936], [-3.625905680354224, 40.33436676648638], [-3.6259234035882506, 40.33436225607837], [-3.62598818693905, 40.33435190529703], [-3.626003265299021, 40.3343503732147], [-3.626053699039443, 40.33434525331332], [-3.626100288860531, 40.334342028108416], [-3.626335494464027, 40.33432931307715], [-3.6265707785130727, 40.33432254320987], [-3.626805380341956, 40.334308208839225], [-3.6270401392572653, 40.3342955938971], [-3.627262290149781, 40.334283037841296], [-3.627274297621993, 40.3342829727262], [-3.627326875962443, 40.33427935418416], [-3.627378595303633, 40.3342706951296], [-3.6274291008047546, 40.33425681730452], [-3.6274434184524753, 40.334251964768846], [-3.627468949623369, 40.33423759175086], [-3.6274724628720527, 40.334235590670446], [-3.6275078224425967, 40.334214677709326], [-3.627539275527721, 40.33419144354093], [-3.6275685946943006, 40.33416533799984], [-3.62764331944259, 40.334112408966064], [-3.6276961231647955, 40.33414456453695], [-3.62764234915775, 40.33421098380591], [-3.627606017703508, 40.33424135272415], [-3.6275662423664077, 40.33426850601553], [-3.627522317577013, 40.33429252858705], [-3.627516568391699, 40.33429462288174], [-3.627483243549611, 40.33430643453247], [-3.627467195969845, 40.33431517040994], [-3.6274091339091816, 40.33433683714475], [-3.627347936642773, 40.33435302524716], [-3.627284212992603, 40.33436337104292], [-3.627269169893591, 40.33436489409176], [-3.627046628880959, 40.334373488231385], [-3.626811502549762, 40.33438332133764], [-3.626576360228512, 40.3343914332969], [-3.626328098920062, 40.334408003373284], [-3.626292792748497, 40.33440927564532], [-3.6261599421436785, 40.33441476975433], [-3.6262763449939635, 40.334462609027106], [-3.6263089423968817, 40.334475225583205], [-3.6263655840510345, 40.33449978424864], [-3.6264441529948748, 40.33454287316316], [-3.626512925114481, 40.33459719549476], [-3.626578729867171, 40.33466034484862], [-3.6266119383622435, 40.33473773409832], [-3.6266301413260016, 40.334819438949104], [-3.626624770360952, 40.33490442472317], [-3.6265927979619024, 40.33498613110775], [-3.626585997280622, 40.335003105227294], [-3.6265605717113383, 40.33506585683545], [-3.6265812863371822, 40.335077997127144], [-3.626601291306697, 40.33508978089175], [-3.6266338440426478, 40.335108983314974], [-3.626485848950746, 40.33526049973227], [-3.626345562144415, 40.33540540651786], [-3.6263392601185966, 40.33541138670878], [-3.6261597663075653, 40.335581461019856], [-3.626138980949373, 40.33560115951672], [-3.6261104580980636, 40.33562820634608], [-3.626075737936529, 40.335661106649276], [-3.6260512509604026, 40.33568664510272], [-3.6260497229464663, 40.33568818493532], [-3.62592682910119, 40.33581210475483], [-3.6259086912427145, 40.3358303924588], [-3.6257560112430314, 40.33597086098627], [-3.625738492895213, 40.33598612723307], [-3.625707122980983, 40.33601342360256], [-3.625596592789098, 40.33610965400908], [-3.6255581948292672, 40.3361344567663], [-3.625411098030922, 40.336229479312955], [-3.625207064057916, 40.336330593338175], [-3.625062051012812, 40.336384882639024], [-3.625152911095044, 40.33636660746656], [-3.6252977678143115, 40.33633748156405], [-3.6255309703961913, 40.33629577840449], [-3.6255787129072155, 40.33629101561194], [-3.6256436180050833, 40.336284718499954], [-3.6256495345211484, 40.33628414594659], [-3.625793551471206, 40.336267384574185], [-3.6257940689565347, 40.33626732771934], [-3.625843269299223, 40.33626489931982], [-3.625989773694196, 40.336195006061686], [-3.6260273528485403, 40.33618480248075], [-3.626070100173914, 40.33617330962806], [-3.626080657715137, 40.33617045963517], [-3.6262126035621587, 40.33612785264771], [-3.626433543660163, 40.33606008740498], [-3.6266438457475876, 40.33600560486343], [-3.626654098907531, 40.33600294566023], [-3.6267207965624477, 40.33597793515453], [-3.626868340617133, 40.33592259400125], [-3.6270973184320754, 40.33587243293372], [-3.627314931439274, 40.335812981509584], [-3.62754618301241, 40.335738923859736], [-3.627769924026745, 40.3357704131343], [-3.6277750620046127, 40.33576587164484], [-3.6282371201679093, 40.33563725234862], [-3.628277834730614, 40.335633877991924], [-3.628294561378503, 40.33562471488304], [-3.6283451980730823, 40.335596970803266], [-3.6286220884517406, 40.33544524710282], [-3.6286610359750884, 40.33543035045109], [-3.62883582239176, 40.33536390354898], [-3.6290455785673994, 40.33528277042539], [-3.629259496150269, 40.335208632442146], [-3.6296848213988855, 40.33506532400718], [-3.6297514654289595, 40.335038564263044], [-3.6298908994011385, 40.33498258771938], [-3.630103629541875, 40.3349062924356], [-3.630316152258131, 40.33483306101573], [-3.6304830203533185, 40.33477251975609], [-3.630526174696377, 40.33475686980166], [-3.6307677233020375, 40.33466670421328], [-3.6311071503679764, 40.33454001241134], [-3.631155016725379, 40.334522183316416], [-3.6315710910356236, 40.3343610802248], [-3.6317793826745333, 40.334276337453765], [-3.631997936477117, 40.334206412412506], [-3.6322108349912923, 40.33412344553164], [-3.6323366985915713, 40.33409852281733], [-3.6323963530504835, 40.33404585328776], [-3.6325882694289904, 40.33393363045983], [-3.6327730313176985, 40.33382686097535], [-3.6329452804132956, 40.333702663814805], [-3.633129086777961, 40.333592034045175], [-3.6331046055626985, 40.333574996521705], [-3.6330905160538935, 40.333562631943316], [-3.6330747647625485, 40.33354880795993], [-3.633043462811964, 40.33351239294485], [-3.6330179047869664, 40.3334733428306], [-3.6330075915656974, 40.33345312858786], [-3.6329917815060666, 40.33341159263954], [-3.6329862863485665, 40.333390451109274], [-3.6329793234712344, 40.33332562302807], [-3.632982803291983, 40.33328226977073], [-3.633001593098929, 40.333226940597335], [-3.633022588375339, 40.33316826594959], [-3.6330611081798976, 40.33308264799442], [-3.633095739828381, 40.33299669093849], [-3.633162340988514, 40.33284226919867], [-3.633204132949355, 40.33275411070663], [-3.6332126116384456, 40.332729198919715], [-3.6332246920608324, 40.33267399652601], [-3.6332288756299387, 40.33264172071198], [-3.633230786201616, 40.33259423180424], [-3.6332252839580175, 40.332547143844245], [-3.633219884624999, 40.33252365940709], [-3.63321029530805, 40.33249272027587], [-3.6331977689688166, 40.33246242786479], [-3.633182540202777, 40.33243269079681], [-3.6331693884168583, 40.33241105063183], [-3.633149701589032, 40.33238295961672], [-3.6331276671764585, 40.33235560218307], [-3.6331035248242913, 40.3323294274776], [-3.6330773914085657, 40.33230434476735], [-3.6330474936032195, 40.332279552928675], [-3.633002103387325, 40.33224718804888], [-3.6328155442640417, 40.33212451258899], [-3.6327514886013526, 40.33208513245908], [-3.6327325370272803, 40.33207271334684], [-3.6327050333204585, 40.33205214264357], [-3.632630892770072, 40.33199173609327], [-3.632650837081485, 40.331973059062896], [-3.6327084992772853, 40.33191905788406], [-3.6327397319832366, 40.33193555405156], [-3.632801097603729, 40.33196422796428], [-3.6328221554281837, 40.331975284163484], [-3.6328516317014996, 40.331992780921006], [-3.6328830806788726, 40.332012257909504], [-3.6330041878951356, 40.332092308596195], [-3.633108269284158, 40.332156875446785], [-3.633151752449584, 40.3321867281497], [-3.6331898164800593, 40.33221616004092], [-3.633223652007187, 40.33224660607893], [-3.6332837136712013, 40.33231204438183], [-3.633316629639794, 40.332357450687844], [-3.63335826655921, 40.33244163885719], [-3.633358363343746, 40.332441917612236], [-3.633370866242579, 40.33247976884757], [-3.633385539853725, 40.33253825726624], [-3.6333921303007592, 40.33258840238538], [-3.633393117929854, 40.33261848768283], [-3.633392091751255, 40.33264849391533], [-3.6333877561910404, 40.33268842838148], [-3.6333772691964517, 40.33273776609127], [-3.6333655258386806, 40.33277864203762], [-3.633341608248381, 40.332839494957646], [-3.6333223637628436, 40.33288392555524], [-3.6331596328343103, 40.3332452742185], [-3.6331465354190313, 40.33327985111675], [-3.633134660799331, 40.333331899153166], [-3.633134614121151, 40.33336469286819], [-3.6331452832076803, 40.333397788296686], [-3.6331555930932327, 40.33341764217783], [-3.6331680177116317, 40.333437034022644], [-3.633192895431159, 40.333466267808596], [-3.633253203543844, 40.3335214342836], [-3.6333267570150496, 40.333479769485216], [-3.633556515845333, 40.33341255497862], [-3.6337587380850245, 40.33333397714379], [-3.6339334304532382, 40.333219594149746], [-3.6340640000072595, 40.33314554366847], [-3.6340662273775273, 40.33314454044776], [-3.634125903994472, 40.333118365935206], [-3.634260975103395, 40.333047353678346], [-3.6343206042738876, 40.33301738645543], [-3.6343615047809124, 40.3329976122099], [-3.6344847158420284, 40.33294243081995], [-3.634543096251808, 40.332914902813904], [-3.6346088211406027, 40.33288093795788], [-3.6346477025564385, 40.33285928275792], [-3.6346474274228666, 40.332829914299865], [-3.6346672039835513, 40.33282980579136], [-3.6346677394000184, 40.33282412706233], [-3.6346695494541246, 40.33281627913337], [-3.634672303780496, 40.332808696299075], [-3.6346759897631045, 40.332801288536665], [-3.63468039888609, 40.33279441735787], [-3.6346953021033888, 40.33277550637159], [-3.6347113859085045, 40.33275821055994], [-3.634728410646367, 40.33274208077784], [-3.6347639375661513, 40.33271296631581], [-3.6348337573384555, 40.332662501046634], [-3.634917080206268, 40.332599510913404], [-3.6349709948876363, 40.33256155653918], [-3.635009509291308, 40.33253720047388], [-3.6350302345938528, 40.33252528465241], [-3.6350527281785308, 40.33251362939494], [-3.6350758213195085, 40.332503142036394], [-3.6350985605097654, 40.33249382781171], [-3.635163079355568, 40.33246941900608], [-3.635200849864525, 40.33245362569505], [-3.6352178411094984, 40.33244524393037], [-3.6352335307906403, 40.33243615758474], [-3.6352486233509906, 40.33242616458778], [-3.635277616027903, 40.33240330219515], [-3.6352917297235967, 40.33239061181059], [-3.6353665372728328, 40.332319749039], [-3.63539994316439, 40.3322917271342], [-3.6354327765001426, 40.33226542011166], [-3.6354629764568283, 40.332242010488535], [-3.6355034846239325, 40.33221061613436], [-3.635503543059652, 40.33221057076735], [-3.6355038459958062, 40.33221023576286], [-3.63558167239278, 40.332150005131695], [-3.6357304695057358, 40.33203666261623], [-3.635860887017619, 40.331934322068435], [-3.6360089751342923, 40.331819541618955], [-3.636142101030892, 40.33171862733134], [-3.636209792244187, 40.33166861438386], [-3.6362784319347625, 40.33161932592399], [-3.636451288950294, 40.33149846258802], [-3.6365390159023168, 40.331438429091165], [-3.636592596767048, 40.33140272809297], [-3.6367355709025992, 40.331310227562064], [-3.636768212608641, 40.33128743479879], [-3.6368375424672057, 40.33123651154208], [-3.636856962955612, 40.33122362057368], [-3.636885658088186, 40.331206786564756], [-3.6369335213100857, 40.331101385723386], [-3.637144884832374, 40.33105715773908], [-3.6371709487633135, 40.331037193943395], [-3.6372209866143717, 40.33100034998321], [-3.637235943984326, 40.330988564640776], [-3.6372499585327502, 40.33097666737097], [-3.637262794492472, 40.330964623436216], [-3.6372863253387866, 40.3309381869494], [-3.637297608033988, 40.33092371007646], [-3.6373438581939914, 40.33085966114426], [-3.637355582329781, 40.330844560198834], [-3.6373715564196076, 40.33082573305537], [-3.637387292718443, 40.33080915951869], [-3.6374035108841234, 40.330793754519895], [-3.6374367780672907, 40.33076492195972], [-3.6374883295670077, 40.33072508749812], [-3.637591805221788, 40.33065001114092], [-3.637681288984431, 40.33058924635433], [-3.637816050500838, 40.330500033066286], [-3.637792597086164, 40.33047088250053], [-3.6377846999399437, 40.330457322158324], [-3.637779267145889, 40.33044293740039], [-3.6377764332757083, 40.33042826803689], [-3.6377760469964744, 40.330413495086304], [-3.637777792091944, 40.330398791466834], [-3.6377816553476814, 40.330384004094945], [-3.6377920020085357, 40.330358901483216], [-3.637805922258941, 40.33033576118922], [-3.637823158823627, 40.33031476481423], [-3.6378433384116082, 40.330296274783045], [-3.6378660128646354, 40.330280203473436], [-3.63789049859916, 40.330266464561795], [-3.637916501333883, 40.330255059669796], [-3.6379437460893174, 40.33024553985323], [-3.6379716788523844, 40.330237827084], [-3.6379970656555574, 40.33023227253887], [-3.6380008248374764, 40.33023144097737], [-3.638013283754802, 40.330229390235914], [-3.6380235279060544, 40.330228414794284], [-3.638026338871906, 40.33022814703218], [-3.638039521033946, 40.33022789413775], [-3.638046634973006, 40.33022828733925], [-3.638052830241483, 40.330228631552544], [-3.6380660319174933, 40.33023045066243], [-3.6380982236811343, 40.330237480440964], [-3.6381052560591405, 40.33022796397368], [-3.6381189254215847, 40.33020944674312], [-3.638139165650382, 40.330183658877246], [-3.6381605889327657, 40.33015849512461], [-3.638192289465105, 40.33012462583886], [-3.6381710145991715, 40.33011555383501], [-3.6382886263011027, 40.33001670467556], [-3.638316106179171, 40.32999592197899], [-3.6383423048946124, 40.329977849104694], [-3.6383699254838255, 40.32996075938905], [-3.638356897041871, 40.32993983986231], [-3.638346050822062, 40.32991314240596], [-3.6383427553399383, 40.329899466614194], [-3.638340361619731, 40.32987155131623], [-3.6383437593492762, 40.32984360405808], [-3.6383569221683967, 40.329806323438326], [-3.6383694465434675, 40.32978499261752], [-3.638400297347041, 40.32974842520374], [-3.6384339149198364, 40.32971814894843], [-3.6384659209984527, 40.3296917555324], [-3.6385451932977513, 40.32961815427415], [-3.638612713911292, 40.32955544689467], [-3.638684225850773, 40.32948658217477], [-3.638766404057933, 40.32940410867824], [-3.638853561453761, 40.32931663454655], [-3.6389790150299257, 40.329188281292794], [-3.639171349319305, 40.32898695324263], [-3.6392206226744626, 40.32893298615044], [-3.6392662832131526, 40.328880390382615], [-3.6393077860051517, 40.32883628622111], [-3.6393332832457297, 40.32880632485666], [-3.639390894228562, 40.32875023949283], [-3.639424364116709, 40.32871563934803], [-3.6394476995846485, 40.328693618001644], [-3.639463740533004, 40.328673258631476], [-3.639500696956943, 40.32862143162269], [-3.639538426408672, 40.328565456096854], [-3.639577005414821, 40.328513439908114], [-3.63962272214457, 40.328456879639255], [-3.6396664029631776, 40.328405375761186], [-3.639694141473331, 40.32837594247357], [-3.6397152564133015, 40.328355645099755], [-3.6397408383549417, 40.3283346923734], [-3.639766387243834, 40.32831148752461], [-3.6397985521077083, 40.3282870748814], [-3.6398048458696883, 40.32828166157898], [-3.6398262146269103, 40.32826331777682], [-3.639851088680264, 40.32824345004519], [-3.6398679068439312, 40.328228131469714], [-3.639883123590568, 40.328207776599456], [-3.6398990555224087, 40.32818462491936], [-3.6399121204392566, 40.32816202964931], [-3.6399236412306712, 40.32813547887275], [-3.639934201478894, 40.32810569009747], [-3.6399066629127246, 40.32808647266659], [-3.6398679621361167, 40.32805947897217], [-3.639711655114456, 40.3282173377884], [-3.6396459021295415, 40.328283738824645], [-3.639232224915739, 40.32869043948647], [-3.6388819579741334, 40.32902358871846], [-3.638564961461161, 40.329313750522815], [-3.638431759258899, 40.329435668481366], [-3.638332625969437, 40.32952279396023], [-3.6380793450714632, 40.32974538517953], [-3.637767423224226, 40.33001011085119], [-3.637689860560291, 40.330072882104986], [-3.6374960675690757, 40.3302313229288], [-3.637358780059172, 40.330343577270135], [-3.6369554813783975, 40.33065868810246], [-3.636441556246371, 40.33104138060388], [-3.6359145628031317, 40.331413268556005], [-3.6354787888035576, 40.3317063630953], [-3.635480338695927, 40.3317009130273], [-3.6354844787469087, 40.331679178124915], [-3.6354885603684988, 40.33164870462501], [-3.6354889596548414, 40.3316285218365], [-3.6354958172363716, 40.33160659181976], [-3.6354961624959667, 40.33158190473078], [-3.635492766941112, 40.33155750846931], [-3.635486869908047, 40.33153249530678], [-3.6354763936951384, 40.33150624601365], [-3.635463876674115, 40.3314770348968], [-3.6354686966959076, 40.33144998083392], [-3.635455342149673, 40.331428116810436], [-3.6354549238090828, 40.33142744341904], [-3.635448485167554, 40.33141747858415], [-3.635432886136123, 40.33139729358903], [-3.6354155003219004, 40.33137612739553], [-3.6354040864535753, 40.33136411777326], [-3.635399561740973, 40.33135864701932], [-3.635387656683355, 40.33134321659958], [-3.6353731696760287, 40.331332395050175], [-3.635357091944536, 40.33132392462694], [-3.6353384355267955, 40.33131790084765], [-3.635318638289651, 40.33131575728489], [-3.6353000393232104, 40.331315859436245], [-3.6352884888097297, 40.331314382301485], [-3.635234171938766, 40.331260355159834], [-3.6351728625771234, 40.331198798665135], [-3.6351263809359473, 40.33115175561899], [-3.6350713655355373, 40.33109602048717], [-3.63502238838727, 40.33104646852434], [-3.634971049373772, 40.3309948573905], [-3.6349316118445136, 40.33095579377969], [-3.634882751686038, 40.33090614201281], [-3.6348589836006786, 40.330882235930645], [-3.634820723259206, 40.33084315681091], [-3.63477627949708, 40.33079871510283], [-3.634745140460165, 40.330767083519234], [-3.634710426189971, 40.33073204805041], [-3.6346838210643084, 40.33070561690523], [-3.634649596995123, 40.33067138054638], [-3.634641408111429, 40.33066305593216], [-3.6346355063846416, 40.33066137656474], [-3.6346422258127693, 40.33065106921529], [-3.6346470507605524, 40.3306370784893], [-3.6346480744360234, 40.33062194643287], [-3.6346425118358185, 40.33060620185022], [-3.6346300932342976, 40.3305874407649], [-3.6345992138839227, 40.330572204452615], [-3.634555345043563, 40.3305375795265], [-3.6345211591506557, 40.33053254172365], [-3.6345018478035036, 40.33051940413563], [-3.6344985353528254, 40.330530233340774], [-3.634467991886824, 40.3304993191494], [-3.6344304850987057, 40.33047906498395], [-3.634400461815253, 40.33046472484246], [-3.634374928184806, 40.33044081032292], [-3.6343370244445152, 40.3304410181887], [-3.6343147989999736, 40.33043095967638], [-3.634294973375971, 40.33042575296634], [-3.6342501587697322, 40.33041707959486], [-3.6341993492230054, 40.33040933999414], [-3.634200168157201, 40.33040879495238], [-3.634299723202779, 40.33034212157773], [-3.6343979613515294, 40.33027563552335], [-3.6343990375644006, 40.330274908885244], [-3.6344978775860457, 40.33020734735036], [-3.6345962422550517, 40.33013932886944], [-3.6346937827365364, 40.330071314826775], [-3.63479120948389, 40.330002490497925], [-3.6348882559760516, 40.32993330780584], [-3.6349842537846304, 40.32986404069664], [-3.635080010905409, 40.32979423427701], [-3.635175515565637, 40.32972388861214], [-3.635270581113929, 40.32965318491167], [-3.635364902343879, 40.32958221494508], [-3.6354587601597848, 40.32951080599622], [-3.6355132234769956, 40.329468884294265], [-3.6355520257544853, 40.32943903084754], [-3.6356449337908647, 40.32936680712816], [-3.6357373674021307, 40.32929422557319], [-3.6358292206481724, 40.329221286766085], [-3.635920693638472, 40.3291479896081], [-3.636011480324068, 40.32907433578289], [-3.6361016513323734, 40.32900032490366], [-3.6361924240891317, 40.32892522954031], [-3.636207257469496, 40.32891280535619], [-3.63622185796074, 40.328900652727015], [-3.6362363398900523, 40.32888841065611], [-3.636252224190946, 40.328875079766036], [-3.636267991620897, 40.32886183960859], [-3.6362826971838715, 40.32884959630174], [-3.636298358662371, 40.32883635672293], [-3.6363141143032487, 40.328823116623994], [-3.6363274394098033, 40.328811790834216], [-3.6363432051181634, 40.32879837049197], [-3.6363588665730218, 40.32878513090502], [-3.6363733240646803, 40.32877279885928], [-3.6363891015259404, 40.32875937844606], [-3.636403466530588, 40.328747227089316], [-3.636408067430144, 40.328743273765994], [-3.6364179467019437, 40.3287348048212], [-3.636433594664059, 40.32872138511433], [-3.6364492307643013, 40.32870795646139], [-3.636463582368352, 40.3286956339961], [-3.6364791361440854, 40.32868221480124], [-3.636493499423664, 40.32866988325877], [-3.6365090405702207, 40.32865637403736], [-3.6365246767251858, 40.32864295438302], [-3.6365389332025533, 40.32863053333058], [-3.63655445163538, 40.328617114320004], [-3.6365688014236635, 40.32860460265835], [-3.6365830587313064, 40.328592271687846], [-3.636597290798858, 40.32857976067049], [-3.636612831057657, 40.328566161347915], [-3.636629398610112, 40.32855164644034], [-3.6366437719974036, 40.328539143648634], [-3.63665319383364, 40.328530857385175], [-3.636657910721041, 40.328526723229494], [-3.6366733105499787, 40.32851321476362], [-3.636687553508771, 40.32850061358312], [-3.6367016922163624, 40.32848819315868], [-3.636716961700239, 40.3284745953124], [-3.6367323724299774, 40.328460996686616], [-3.63674767721457, 40.32844739864194], [-3.636761920145724, 40.32843479745237], [-3.6367759285830905, 40.32842229665307], [-3.6367912214945752, 40.32840868965876], [-3.63680651363788, 40.32839500158383], [-3.636820521974145, 40.32838249177044], [-3.6368345176028436, 40.32836988292412], [-3.6368498215843275, 40.328356203787415], [-3.636864984223243, 40.328342516417685], [-3.6368802881077342, 40.328328828268276], [-3.6368930109247075, 40.3283173165357], [-3.636908184470346, 40.328303539008225], [-3.6369233470857236, 40.32828985163088], [-3.6369385323900327, 40.32827607403464], [-3.6369537067641073, 40.32826238658855], [-3.6369665464188694, 40.32825078411246], [-3.636981602225118, 40.328237007223585], [-3.636990916345638, 40.328228541341524], [-3.6369978140334567, 40.32822223295494], [-3.6370105485814683, 40.32821072114473], [-3.6370244357445927, 40.32819785160574], [-3.637040659305206, 40.32818307726632], [-3.6370557150813934, 40.328169300367875], [-3.6370696030745284, 40.32815652091083], [-3.6370833742000768, 40.32814383218774], [-3.637098300478548, 40.32813005599691], [-3.6371123170888593, 40.328117185734314], [-3.637127254279411, 40.3281033193876], [-3.6371423209441125, 40.3280894523258], [-3.6371559634093944, 40.32807685439464], [-3.637170900582145, 40.328062988042355], [-3.6371858495197325, 40.32804912162329], [-3.6371993851832953, 40.32803643418328], [-3.637204321160303, 40.3280318213107], [-3.6372131545657513, 40.32802356527021], [-3.6372293746545945, 40.32800843055523], [-3.6372430161554377, 40.327995733517795], [-3.637255512743928, 40.32798396172448], [-3.6372713696949615, 40.32796901819728], [-3.637287484666949, 40.32795397414514], [-3.6373013708777098, 40.32794101448581], [-3.6373136227991107, 40.32792951431009], [-3.637328323557074, 40.3279155501386], [-3.6373444249532967, 40.32790031696008], [-3.6373569105831765, 40.32788863530803], [-3.637371610560688, 40.32787459005248], [-3.6373864290885165, 40.32786063423381], [-3.6373998452731473, 40.32784776724444], [-3.637415829860623, 40.32783263380071], [-3.637430647522676, 40.32781858788908], [-3.6374427933773914, 40.32780707927481], [-3.63745630201271, 40.327794031585384], [-3.637458740259926, 40.327791693775275], [-3.6374588334946543, 40.3277915941603], [-3.637459008447514, 40.32779142202136], [-3.63747229665069, 40.3277787178944], [-3.6374802999371663, 40.327771070024355], [-3.6374869965805416, 40.32776467262427], [-3.6375004135747786, 40.327751895710655], [-3.6375139456450354, 40.32773883887608], [-3.637520047053493, 40.32773298530652], [-3.637528644794758, 40.3277247125221], [-3.637542994118278, 40.327710939453105], [-3.6375565380278085, 40.32769789155743], [-3.637571119366426, 40.327683756838134], [-3.6375857014619224, 40.327669703195596], [-3.637599221050355, 40.32765657434613], [-3.637614864193621, 40.32764144275664], [-3.637628150812307, 40.32762857645468], [-3.6376415652097087, 40.32761552926281], [-3.6376561465129473, 40.3276013945329], [-3.6376693264153332, 40.32758844773163], [-3.6376784824226487, 40.32757946013169], [-3.637684022787074, 40.32757403307861], [-3.6376986032247007, 40.327559808256034], [-3.6377128339226426, 40.3275459457277], [-3.6377262474395646, 40.32753280843879], [-3.6377407101511663, 40.327518584259856], [-3.637753902555333, 40.32750571846273], [-3.637768235776283, 40.32749149499425], [-3.6377826994030804, 40.32747736990617], [-3.637796111960145, 40.327464133513146], [-3.637810574642505, 40.327449909325544], [-3.637823636693073, 40.32743695414711], [-3.637839252801925, 40.32742146230797], [-3.637853727236982, 40.32740723805013], [-3.637866789271115, 40.327394282866834], [-3.6378811342157156, 40.32738005931958], [-3.6378941962393956, 40.32736710413319], [-3.6379073734217133, 40.327353878034316], [-3.6379143705116315, 40.32734689335434], [-3.6379230004150283, 40.3273382960317], [-3.6379360624226837, 40.32732534084065], [-3.6379502887820827, 40.327311027846676], [-3.6379646454624166, 40.32729680422418], [-3.6379766447944504, 40.327284755809316], [-3.6379908593659986, 40.327270442875296], [-3.638006029805109, 40.327255133655406], [-3.6380202569833524, 40.327240910740194], [-3.638033550976162, 40.327227593890456], [-3.638047765523764, 40.32721328094949], [-3.6380610712765646, 40.32719996403167], [-3.638075296735009, 40.32718556093509], [-3.638089172457789, 40.32717152013396], [-3.6381032692742585, 40.32715720783552], [-3.6381165750900286, 40.327143899920095], [-3.6381293880556544, 40.327130756887556], [-3.6381326993910528, 40.32712738719779], [-3.6381435083967233, 40.32711644445437], [-3.638158899017619, 40.3271007736315], [-3.6381731135122872, 40.327086460675226], [-3.638174303099146, 40.32708528291628], [-3.6382285035061925, 40.327030829578796], [-3.6384687855489943, 40.32678276861609], [-3.6384861907037442, 40.32676478928366], [-3.6384862838506784, 40.32676468065912], [-3.6384875432017707, 40.32676341241982], [-3.6385195151062435, 40.326729793788246], [-3.638515935058675, 40.32672712880794], [-3.6384821614777167, 40.32670196333834], [-3.6384024276414, 40.326642519251045], [-3.638401313304005, 40.32664168754526], [-3.638397993748439, 40.326639183289224], [-3.6382624544085784, 40.32653371275264], [-3.6382533164351036, 40.32652709636394], [-3.6382442020047208, 40.3265204798446], [-3.638221096401335, 40.326504381756884], [-3.638089085301816, 40.326417270317975], [-3.6380549128916684, 40.32639471959005], [-3.6380035063379257, 40.32636080420291], [-3.6378083460563353, 40.326237733635956], [-3.637721819419705, 40.326184335663655], [-3.6375640993093805, 40.32608700476678], [-3.637466431683326, 40.326015469417285], [-3.637463208900046, 40.3260132348768], [-3.6373859807180278, 40.32595969531593], [-3.6373678820278874, 40.32595150657395], [-3.637325466147925, 40.32593227138892], [-3.6372255754076583, 40.32588714504498], [-3.6371759535320964, 40.32585516544182], [-3.637134727924347, 40.325828554102195], [-3.637068141279766, 40.325775009768336], [-3.6370447042590315, 40.3257561564516], [-3.6370125054868234, 40.325731864775605], [-3.63693077571728, 40.32567020537685], [-3.636930692815622, 40.32567015177809], [-3.636858099882687, 40.32562251439298], [-3.6367815511546064, 40.325572286068954], [-3.636692534845406, 40.32550930622078], [-3.6366671998364852, 40.325491382211666], [-3.636618473057961, 40.32546190199801], [-3.63646014692739, 40.325366122494884], [-3.6364074662364647, 40.3253342404702], [-3.636343522609138, 40.32529504184216], [-3.636239468184341, 40.32523128849098], [-3.6362311069118043, 40.325225865892335], [-3.6360242776824006, 40.32509165801617], [-3.6358744971533765, 40.32496181195956], [-3.635811148133459, 40.32490687969379], [-3.6357216675353214, 40.32482935177395], [-3.6356535047691767, 40.32476567090939], [-3.6355622930996594, 40.32468049455185], [-3.635486669888556, 40.32459945780148], [-3.6354133178818393, 40.32452085001905], [-3.635381664112598, 40.32449178901812], [-3.635191290997677, 40.32431701988593], [-3.6351364129892207, 40.324277860891854], [-3.63497763352531, 40.324164585940856], [-3.6349752632664925, 40.3241628691842], [-3.634425963237729, 40.32376545991712], [-3.634082317939054, 40.323524248680336], [-3.6339492350179086, 40.323437129313916], [-3.633575552173449, 40.323101268258895], [-3.6334485102728324, 40.32298531278144], [-3.6333177173159914, 40.32286593618012], [-3.633188076444511, 40.32274761620789], [-3.633082324168437, 40.32269163520522], [-3.63298589343925, 40.322640594199825], [-3.6327229253959876, 40.32254340003201], [-3.632541479775753, 40.32247633677411], [-3.632388179160077, 40.32242454313708], [-3.6321987707103873, 40.32236055897314], [-3.632029683792764, 40.32230344560641], [-3.6320129444649303, 40.32229569905124], [-3.6319475356054185, 40.32226540706535], [-3.6318518519800946, 40.322221117933516], [-3.6317764540934427, 40.322186204631315], [-3.6316931241592014, 40.32214763180969], [-3.631591524101731, 40.32209238353284], [-3.631508285106821, 40.32204712524655], [-3.631389625883962, 40.32198260033964], [-3.631279495425231, 40.32192764159451], [-3.631197012978532, 40.32188647814417], [-3.63105950709022, 40.32181786644734], [-3.6309380954155386, 40.32176356352398], [-3.6308215039370566, 40.32171621632514], [-3.630625125552458, 40.32163648343987], [-3.630511760157153, 40.321590460712216], [-3.6303488072270693, 40.32152430222872], [-3.6300835203039163, 40.321423691159666], [-3.6296311530115073, 40.32125308728519], [-3.629616601694459, 40.321247679875825], [-3.6293357560735466, 40.32114321473825], [-3.629124903056868, 40.3210735672718], [-3.6289589351515303, 40.32102469387599], [-3.6287073165534744, 40.32095061853064], [-3.628418932270006, 40.32087318372927], [-3.628120332226848, 40.32080084883612], [-3.627785540582464, 40.320719763436486], [-3.627461934735171, 40.32062885941406], [-3.6274493888915025, 40.32062517963101], [-3.6270632655624597, 40.32051192836943], [-3.626749844249627, 40.32042371495], [-3.625747408699684, 40.320139252286275], [-3.625562904891998, 40.32009264548524], [-3.625407753836232, 40.32005344744161], [-3.625158316691093, 40.31999685745876], [-3.6247828901268093, 40.32034347919201], [-3.6246931527534145, 40.32042633507501], [-3.6241243846484066, 40.32014302922237], [-3.624123840758812, 40.32014276188035], [-3.623641844277349, 40.319902680139194], [-3.6236414422063388, 40.31990247509484], [-3.6235347277883525, 40.31984931939007], [-3.6210783618719895, 40.31933925118482], [-3.620897217798522, 40.31930162810286], [-3.6205105672580045, 40.3192213404775], [-3.6203984322096243, 40.319224960003545], [-3.6203358107148187, 40.319226980551306], [-3.620293745302112, 40.31922833227125], [-3.620294277091279, 40.31923499624075], [-3.620294674696504, 40.31923985908623], [-3.620294942837994, 40.319244722625925], [-3.620295223573463, 40.31924967619026], [-3.620295385790116, 40.319254540297905], [-3.620295559776236, 40.31925940434246], [-3.6202957228174317, 40.319264358537865], [-3.620295767339781, 40.31926922327661], [-3.6202958118621393, 40.31927408801535], [-3.620295857208999, 40.31927904284184], [-3.620295784036964, 40.31928390821165], [-3.620295828559347, 40.31928877295039], [-3.620295626747921, 40.31929372910214], [-3.6202953753032863, 40.31930355049751], [-3.6202951844367455, 40.31930841649843], [-3.620294993570192, 40.3193132824993], [-3.6202945067364523, 40.31932310515681], [-3.620293866899745, 40.319332928634736], [-3.620293026157699, 40.319342663097736], [-3.6202922921650047, 40.31935248708048], [-3.6202913219585073, 40.319362222237636], [-3.6202897960315403, 40.31937682535201], [-3.6202887198992597, 40.3193865610771], [-3.6202875143850513, 40.31939630650513], [-3.6202874040283195, 40.31939710891721], [-3.6202860881569894, 40.31940765675731], [-3.6202847731097485, 40.31941829468511], [-3.6202826811945212, 40.319434072032344], [-3.6202804724081457, 40.31944994009834], [-3.6202764761433452, 40.319476268440695], [-3.6202721258842745, 40.3195024995795], [-3.6202690924875958, 40.31951829098366], [-3.6202649298769654, 40.31953930477916], [-3.620260177964897, 40.319560231642015], [-3.620256308022164, 40.319575928429714], [-3.6202521093562585, 40.31959171707199], [-3.6202476618801187, 40.3196073268638], [-3.6202410268379426, 40.31962826382245], [-3.620238517744138, 40.3196357549255], [-3.620231847843361, 40.31965416948971], [-3.6202265591804426, 40.31966789185509], [-3.6202189561843223, 40.31968595105262], [-3.6202128411772256, 40.31969940757125], [-3.620206371433481, 40.319712685807055], [-3.620199536007772, 40.31972587591085], [-3.62019224074375, 40.31973897838737], [-3.620184720207276, 40.31975190188679], [-3.6201767162930687, 40.31976473788499], [-3.620168346696166, 40.3197774857509], [-3.6201595282053582, 40.31979005583834], [-3.6201502145666375, 40.31980253848737], [-3.6201372062510235, 40.31981900499746], [-3.620131490055058, 40.31982588264537], [-3.620118445827352, 40.31984099796329], [-3.6201051746755533, 40.31985575412749], [-3.620091642032914, 40.31987023240613], [-3.6200777665840613, 40.3198845503548], [-3.620060737170335, 40.31990148887108], [-3.620043470708732, 40.31991824847107], [-3.620019767837868, 40.31994035800418], [-3.6200132312790387, 40.31994633912143], [-3.6199942001843652, 40.31996319826411], [-3.6199797431927903, 40.31997570846514], [-3.619905301260773, 40.32003664934286], [-3.619875391972065, 40.32006095431677], [-3.6198555445903096, 40.320077367349725], [-3.619836028395074, 40.32009395878899], [-3.6198215604007697, 40.32010655912123], [-3.619802649380987, 40.320123687865205], [-3.619791096349265, 40.320134560824364], [-3.6197784955840873, 40.32014670068607], [-3.619766355558604, 40.320159027271465], [-3.6197573895090027, 40.32016834579116], [-3.6197458529381143, 40.3201810205008], [-3.619737596436289, 40.320190704595475], [-3.6197295643783116, 40.32020047757931], [-3.6197218752840454, 40.32021042890955], [-3.6197145526104264, 40.32022054945142], [-3.6197076907615373, 40.320230865726884], [-3.619701089407069, 40.32024135178157], [-3.619695054721697, 40.32025202399377], [-3.619689398968458, 40.32026294643378], [-3.6196840862620303, 40.320274056229366], [-3.619678204841757, 40.320287331283055], [-3.6196727950276846, 40.320300693902304], [-3.619667620603948, 40.320314055260376], [-3.6196613112232225, 40.32033201739799], [-3.619655590320622, 40.32034997638295], [-3.6196502350972755, 40.32036802350092], [-3.6196453279409107, 40.320386158310676], [-3.6196396498594265, 40.32040880185764], [-3.61963024486825, 40.320449934259855], [-3.619628233882117, 40.32045913443176], [-3.6196281085341724, 40.32045958556396], [-3.619625848498782, 40.32046986817572], [-3.6196235892863537, 40.32048024087519], [-3.61962031783354, 40.32049576325873], [-3.619618176233653, 40.32050612631885], [-3.6196160347154818, 40.32051649838769], [-3.6196129985701244, 40.32053201050135], [-3.6196099632470466, 40.32054761270265], [-3.6196061501681442, 40.32056826423049], [-3.6196017971961343, 40.32059423408716], [-3.6195984557228744, 40.32061497318071], [-3.6195962433644047, 40.32063047187215], [-3.6195949376511134, 40.32064085748212], [-3.619593608974602, 40.32065130627957], [-3.6195924090229665, 40.32066167330459], [-3.6195913267678326, 40.32067203969919], [-3.619590786051935, 40.32067726794035], [-3.619589809723514, 40.320687633767555], [-3.619589076679764, 40.32069628654072], [-3.6195888791711277, 40.32070043183774], [-3.619588250407174, 40.32070890386804], [-3.6195880419523565, 40.320713139315835], [-3.619587844443632, 40.32071728461284], [-3.619587580539919, 40.320725754688915], [-3.6195875015516696, 40.32072998944323], [-3.6195872930967576, 40.32073422489103], [-3.619587331805444, 40.32073845901498], [-3.6195872645868725, 40.320742693706265], [-3.6195873032955697, 40.320746927830214], [-3.6195873420042743, 40.32075116195415], [-3.619587380712988, 40.3207553960781], [-3.6195874194217073, 40.32075963020203], [-3.6195875640577353, 40.3207638637586], [-3.6195877204634974, 40.320768097252135], [-3.6195880450447735, 40.32077656417615], [-3.619588593250524, 40.320785029902424], [-3.6195888673534498, 40.32078926276553], [-3.6195895332564962, 40.32079772786137], [-3.6195903160331895, 40.320806102239054], [-3.6195912173307856, 40.320814566074056], [-3.6195928752901145, 40.320827260187485], [-3.6195947442813394, 40.320839863078405], [-3.6195969781344663, 40.32085246401498], [-3.619600297461765, 40.32086921238576], [-3.619601533066865, 40.32087433201112], [-3.619603980079289, 40.32088449931765], [-3.619605906408309, 40.32089178646416], [-3.6196062231281325, 40.32089295596571], [-3.6196080150489545, 40.320899703279174], [-3.619612602374002, 40.320914814189805], [-3.6196174587576255, 40.32092974347471], [-3.619629665760633, 40.32096463384406], [-3.619640531155866, 40.32099439614569], [-3.619647657335192, 40.3210142683391], [-3.6196528550565663, 40.321029195793834], [-3.6196576996878127, 40.32104412513968], [-3.619662192052387, 40.32105914646443], [-3.619664990526103, 40.321069131702345], [-3.619667554429288, 40.32107920828886], [-3.6196698837618135, 40.321089376224016], [-3.6196706179533615, 40.32109243542418], [-3.619674674129801, 40.321111242955105], [-3.619679715464631, 40.32113481108311], [-3.6196827873133777, 40.32114894810407], [-3.6196866089251167, 40.32116784698307], [-3.6196904297153023, 40.32118665577414], [-3.6196930315191005, 40.32120087639565], [-3.619695621554246, 40.32121509708005], [-3.619697998910718, 40.32122922881158], [-3.619700235854562, 40.32124345138735], [-3.619702378641102, 40.32125767446747], [-3.6197036547079153, 40.32126721739898], [-3.6197048946419805, 40.3212766704319], [-3.619706964215995, 40.32129575887991], [-3.619708275706197, 40.32130917558382], [-3.619709059914764, 40.32131899142658], [-3.6197102644169106, 40.32133357990143], [-3.619710638454883, 40.32133844287351], [-3.61971070348216, 40.321339118216216], [-3.6197107173113885, 40.321339343372514], [-3.6197121236613223, 40.32135798491248], [-3.6197124035411594, 40.321362848388915], [-3.619713479400829, 40.321377527644955], [-3.619715115021398, 40.32140193385375], [-3.6197159554861202, 40.3214166143707], [-3.61971703134756, 40.32143129362652], [-3.6197177088068857, 40.32144101994875], [-3.6197183988600283, 40.321450836295625], [-3.6197190645499573, 40.32146056268084], [-3.619719859708156, 40.32147028837248], [-3.6197205083461155, 40.321478149941655], [-3.6197210532696915, 40.32148496699758], [-3.619721848428495, 40.32149469268915], [-3.61972326479393, 40.32150928002841], [-3.6197241894215315, 40.32151900502631], [-3.6197252240968862, 40.32152917989535], [-3.6197266571764755, 40.3215443076978], [-3.619731074117804, 40.321589690474205], [-3.619733141825708, 40.32160986003639], [-3.619735209534931, 40.321630029598445], [-3.6197368771924188, 40.32164506605162], [-3.61973866337307, 40.32166019196193], [-3.6197405672531318, 40.32167531724157], [-3.61974183568319, 40.32168531067358], [-3.6197439749619926, 40.32170043469198], [-3.619745361915526, 40.32171051758104], [-3.6197484880961093, 40.32173059137964], [-3.6197506085121205, 40.32174365238887], [-3.6197543412317126, 40.32176569595548], [-3.6197580740361968, 40.32178774853064], [-3.6197669002488957, 40.3218390537617], [-3.61977607874844, 40.32189026701201], [-3.619781290689663, 40.32191960912411], [-3.6197866195107227, 40.321948860517466], [-3.6197904692117544, 40.3219708223724], [-3.6197944138985703, 40.32199287381034], [-3.6197982871446337, 40.32201483553869], [-3.6198008931245966, 40.32202950659391], [-3.6198047327130576, 40.322051648686504], [-3.6198072327666018, 40.32206632030903], [-3.6198074821717645, 40.32206785053897], [-3.619808589841514, 40.32207442132983], [-3.6198108404914566, 40.32208756272225], [-3.6198119599318006, 40.32209413344999], [-3.6198141988131636, 40.32210727490535], [-3.619815319078126, 40.32211393572072], [-3.619817557960844, 40.322127077176], [-3.619818665632599, 40.322133647966645], [-3.619820916286606, 40.32214678935872], [-3.6198231560779237, 40.32216002991028], [-3.6198253948813996, 40.322173162356464], [-3.619827633768172, 40.322186303811385], [-3.619833231813008, 40.32221924753599], [-3.619837592718158, 40.322245621163546], [-3.619839713910284, 40.322258763248655], [-3.6198419536268407, 40.322271994790775], [-3.619844074820693, 40.32228513687574], [-3.6198462086093453, 40.322298368985294], [-3.619847198587217, 40.32230494040613], [-3.619849191137514, 40.322318173272386], [-3.619850322355638, 40.322324743936335], [-3.6198523149071775, 40.32233797680249], [-3.619853328426221, 40.32234454809708], [-3.619854330093092, 40.32235111044595], [-3.6198559457335087, 40.3223617416691], [-3.61985633458102, 40.32236436126643], [-3.6198574613642576, 40.32237173377397], [-3.6198583322437767, 40.32237815267619], [-3.619858735827869, 40.322381096526186], [-3.6198598690520614, 40.32239046003523], [-3.6198608971707347, 40.32239991419955], [-3.6198619362356954, 40.3224092782131], [-3.6198628340611156, 40.32241864298341], [-3.6198641396047706, 40.32243269035962], [-3.619864932324938, 40.32244214578524], [-3.6198660024696654, 40.322456194422735], [-3.6198674693050004, 40.32247500680806], [-3.6198689237120028, 40.32249374718618], [-3.6198699937761165, 40.32250778681473], [-3.6198713119996344, 40.322521933224024], [-3.6198721038979857, 40.322531298561735], [-3.6198730134966386, 40.32254066326868], [-3.619874040795668, 40.32255002734493], [-3.6198762130947544, 40.322568754866595], [-3.619876978625526, 40.32257523739746], [-3.6198791270294226, 40.322591352375426], [-3.619881156910159, 40.32260737789626], [-3.619890774314614, 40.322682102822775], [-3.619893570792403, 40.32270343967045], [-3.61989699344753, 40.3227301786898], [-3.6198991402134384, 40.32274611349145], [-3.6199012878044687, 40.32276213838072], [-3.6199033176960715, 40.322778163900665], [-3.6199054652892015, 40.32279418878975], [-3.619906858059716, 40.32280490228858], [-3.6199085043615016, 40.322817596455394], [-3.6199104000744593, 40.32283182085166], [-3.619912296612333, 40.322846135335546], [-3.619914193151034, 40.32286044981937], [-3.619916077096429, 40.322874674278495], [-3.619920514128697, 40.322908074677215], [-3.6199250562721472, 40.32294138442015], [-3.619927690928825, 40.322960469830235], [-3.6199295984202586, 40.322974694162696], [-3.6199316126674237, 40.322989008015085], [-3.6199331206750087, 40.3229994506193], [-3.619934996387434, 40.32301277420068], [-3.619935633664944, 40.32301681592156], [-3.6199382787644443, 40.323034468810484], [-3.6199411348205883, 40.32305202146742], [-3.619945351752131, 40.32307551291074], [-3.6199496855636055, 40.32309891363531], [-3.619955367659783, 40.32312816312134], [-3.619964859208222, 40.32317496015327], [-3.6199730024849512, 40.32321590842253], [-3.619979786539373, 40.3232510980804], [-3.619983331893182, 40.32327065609542], [-3.619984002673374, 40.32327449943362], [-3.6199841387383853, 40.32327521944128], [-3.619986872402191, 40.323290970909994], [-3.619990231431999, 40.3233120344616], [-3.619995239648776, 40.32334353084989], [-3.6200008734014526, 40.32338035733816], [-3.620004762821701, 40.32340664338877], [-3.620007025689542, 40.323422397379986], [-3.620009407084355, 40.32343824082794], [-3.620011787656086, 40.32345399418811], [-3.6200149230691188, 40.32347505893691], [-3.620016548803017, 40.32348550090812], [-3.620019931392807, 40.32350656433183], [-3.620019933865541, 40.323506834594895], [-3.620022037595659, 40.323519346122524], [-3.620025133368606, 40.32353607765274], [-3.6200275902885752, 40.323548596296334], [-3.6200310501982402, 40.32356524479167], [-3.6200347329189904, 40.32358180200047], [-3.620038533343492, 40.323598358578195], [-3.6200436672324265, 40.32361914233738], [-3.6200490231097944, 40.32363974472215], [-3.6200557359951024, 40.323664574161846], [-3.6200564787064233, 40.323667272944036], [-3.6200614575806047, 40.323685264677735], [-3.6200615810528043, 40.32368589466065], [-3.6200642362131195, 40.32369434908642], [-3.6200672546019765, 40.32370262138089], [-3.62007052016601, 40.323710892350334], [-3.6200742431205017, 40.32371898068366], [-3.6200758729680755, 40.32372215219848], [-3.619968331520408, 40.32378609939953], [-3.61993113955778, 40.32381224524871], [-3.6198416320923683, 40.32387119467314], [-3.6198039642804756, 40.323896802478416], [-3.6197722144022504, 40.32391309907783], [-3.619718974383067, 40.32393491632591], [-3.619665222329879, 40.32395223168715], [-3.619587748692915, 40.3239756201615], [-3.619535097826862, 40.32398464109048], [-3.619496432144972, 40.32399124470571], [-3.619336582967567, 40.324029750138585], [-3.6192366336684816, 40.32405388935504], [-3.619199823097961, 40.32406642901942], [-3.6191022755669504, 40.32409965456612], [-3.61898143089677, 40.324142914825714], [-3.6189075899139955, 40.324177454827414], [-3.618841917314003, 40.32420420316271], [-3.6133399465929754, 40.32922468863792], [-3.6131994689299325, 40.32935285959062], [-3.6131342652820067, 40.32944393691563], [-3.607897182055773, 40.33675878592548], [-3.606628014722288, 40.33853120581082]]], [[[-3.6585521427143557, 40.34084749586091], [-3.658542609973357, 40.3408551718964], [-3.65852853736735, 40.34086939641969], [-3.6585147939460962, 40.340887204718044], [-3.658500539631444, 40.34090453843712], [-3.658494546281678, 40.34092991536186], [-3.6584881598598153, 40.34095482604695], [-3.6584786888997782, 40.34097006943072], [-3.65847110752458, 40.34098227497437], [-3.6584579802333455, 40.34101138627025], [-3.6584582015729104, 40.34101356523009], [-3.6584601830827768, 40.34103330205696], [-3.6584661594380834, 40.34105098006868], [-3.6584559796597116, 40.34109383159125], [-3.658454476743206, 40.34111120983221], [-3.6584544348183234, 40.34111174161208], [-3.6584531003889977, 40.341127073811585], [-3.6584546574566037, 40.34116128178584], [-3.6584504272392753, 40.34118636037666], [-3.658432549679147, 40.34122460698409], [-3.6584074064617087, 40.34126030931481], [-3.6583756484065972, 40.34128895907331], [-3.6583419624892732, 40.34131550264044], [-3.6583228091061044, 40.34134847711689], [-3.6583661826453757, 40.34138831205195], [-3.6586323304001023, 40.341430680516034], [-3.658649378554717, 40.34143911512388], [-3.6587630718035364, 40.34149529750775], [-3.658941867101943, 40.34159788453402], [-3.658986373369177, 40.341631865828], [-3.6592229971568457, 40.341812493715395], [-3.659442407975535, 40.34197611984107], [-3.659542360989876, 40.342043019617726], [-3.659553382635074, 40.34205039834516], [-3.6595673718256987, 40.342060246680695], [-3.65958113917006, 40.34207028547219], [-3.659594660946054, 40.34208049683667], [-3.659607972561377, 40.34209088958143], [-3.6596129212553725, 40.342094888459606], [-3.659614606491097, 40.342096257252244], [-3.6596210268350147, 40.34210145496647], [-3.6596338590869166, 40.34211219279042], [-3.6596464339971053, 40.34212310325482], [-3.6596587515655727, 40.342134186359736], [-3.659669076828308, 40.34214380332194], [-3.6596692788176095, 40.34214399136254], [-3.6596694808069112, 40.34214417940313], [-3.6596708116167638, 40.34214542408789], [-3.6596826141506456, 40.34215681643943], [-3.6596941710282547, 40.34216837235584], [-3.6597054350684823, 40.342180083097254], [-3.6597164650501393, 40.342191939319235], [-3.6597196313335725, 40.342195470873], [-3.65972005991254, 40.34219595492374], [-3.6597272138798465, 40.34220394129051], [-3.6597376697841884, 40.34221608907827], [-3.6597478561342376, 40.342228364530975], [-3.65976528579873, 40.342250544790765], [-3.6599467297214168, 40.34236721448619], [-3.6599706941006924, 40.34238335732161], [-3.660234859625025, 40.34256125833687], [-3.6602560536086837, 40.34257944398945], [-3.660276814710809, 40.342597911393504], [-3.6602971547047303, 40.342616660481966], [-3.660305592876417, 40.342624720563485], [-3.6603090156784823, 40.3426279893704], [-3.660317049867858, 40.342635673372186], [-3.6603365472058393, 40.34265494078688], [-3.66035558793935, 40.34267447207097], [-3.660374160119108, 40.34269424927456], [-3.660374540997333, 40.34269467053095], [-3.660392299328733, 40.34271429922226], [-3.660409957771534, 40.34273455011377], [-3.6604271712068086, 40.342755046791005], [-3.660434822611652, 40.34276452579478], [-3.6604372539989742, 40.342767548001916], [-3.6604439042261907, 40.34277578044714], [-3.6604601565658395, 40.34279672405645], [-3.660475940086766, 40.342817886560496], [-3.660491231066086, 40.34283925007666], [-3.660491852159367, 40.34284015645609], [-3.660506053138214, 40.34286082347929], [-3.660520370806776, 40.342882588952975], [-3.6605415793067997, 40.34291672970801], [-3.66055235696017, 40.342934073873366], [-3.6605634981904083, 40.342951271814535], [-3.6605683126680124, 40.34295839759929], [-3.6605704390127953, 40.34296152965565], [-3.6605750384059905, 40.34296833233837], [-3.6605869772556354, 40.34298521941009], [-3.6605996849019866, 40.34300246245642], [-3.6606142641028994, 40.34302206422349], [-3.660629300632344, 40.34304147418401], [-3.660644770767856, 40.34306067445493], [-3.6606463671338307, 40.343062584289925], [-3.660646950889466, 40.34306328367086], [-3.660660674509647, 40.34307966503612], [-3.660676999996549, 40.343098436986], [-3.6606937708636367, 40.34311699917846], [-3.6606975426115897, 40.34312103175965], [-3.660699648580528, 40.34312328103136], [-3.660710916206475, 40.34313532499093], [-3.6607285420745286, 40.34315342282659], [-3.6607541019148955, 40.34317857456058], [-3.6607823988049986, 40.343212728830295], [-3.6608114337628943, 40.34324650049104], [-3.660823623550004, 40.343260133793706], [-3.660829587486216, 40.343266802541464], [-3.6608412774302717, 40.34327988913865], [-3.660871846953582, 40.343312850200014], [-3.6609031896911524, 40.343345410431525], [-3.660903701052308, 40.34334593004139], [-3.6609352700591606, 40.343377543008344], [-3.6609855448310116, 40.3434256890045], [-3.6610224366603257, 40.34345255973351], [-3.661058744502225, 40.34347991127417], [-3.66109442117463, 40.34350773488754], [-3.661100105913253, 40.343512333108016], [-3.6611039392023086, 40.343515428370324], [-3.6611294550798545, 40.34353604865882], [-3.661163834092489, 40.34356481662122], [-3.6611975464388418, 40.34359403884262], [-3.6612089496961606, 40.34360428014335], [-3.661213629738565, 40.34360847868904], [-3.6612305920307566, 40.34362370631494], [-3.6612629472329115, 40.3436538101647], [-3.661294612045015, 40.343684350392465], [-3.6613062883393304, 40.34369602258003], [-3.6612874458590667, 40.34367514795762], [-3.6609183452988248, 40.343253952842495], [-3.6607899783292446, 40.343107440416766], [-3.660649062243223, 40.34294539564071], [-3.660636166313826, 40.34293057714161], [-3.6605824274949623, 40.34287004514566], [-3.660481307446465, 40.342756152108414], [-3.660352842560556, 40.34261147761059], [-3.6599993444091146, 40.34222068642453], [-3.659834397825234, 40.34204135400474], [-3.659682803892762, 40.341876540045256], [-3.659604707978894, 40.34178835320165], [-3.659420897169998, 40.34158073984924], [-3.659279976292275, 40.341410278808844], [-3.6592266842813648, 40.34134580660675], [-3.659105789180563, 40.341206547091794], [-3.658907581075489, 40.34097824879256], [-3.6587790204993906, 40.340833933399544], [-3.658745088421562, 40.34079639623847], [-3.6587450289427292, 40.34079633351301], [-3.6587449693762686, 40.34079626177888], [-3.6585181573759824, 40.34055624259304], [-3.658490594110499, 40.34052707465443], [-3.658480994024164, 40.34051692191379], [-3.658477687483914, 40.340513481214956], [-3.6584230114502105, 40.3404566652971], [-3.6584206445317884, 40.34045420124783], [-3.658355569052485, 40.34039219214641], [-3.6582592474355335, 40.34029273852304], [-3.6582283224240393, 40.340260481486766], [-3.658140303550152, 40.34016728693419], [-3.6580117956555527, 40.34002927678369], [-3.6579077001340754, 40.33991725423881], [-3.65789279199781, 40.3399012126119], [-3.657892351761115, 40.339900737629634], [-3.657861881261094, 40.339867964384254], [-3.6578249711205943, 40.33982554289151], [-3.657590414487148, 40.33955598875418], [-3.6575035804178517, 40.339464588801036], [-3.657476073840148, 40.33943510496988], [-3.6574231421669228, 40.33937830567718], [-3.657394124506727, 40.33934718173537], [-3.6573174165978357, 40.339288580550345], [-3.657305163810828, 40.33927922658231], [-3.6570882177234147, 40.339121861689605], [-3.6570858107138777, 40.33912010956492], [-3.6570397360550433, 40.33907831646322], [-3.6570157307001314, 40.33905654250465], [-3.657000853677223, 40.33904123933525], [-3.6568855950651193, 40.33892262146971], [-3.656882526848154, 40.33891945865503], [-3.656858942249127, 40.33887671791933], [-3.6568514519979485, 40.33886312056161], [-3.656851332173528, 40.338862905021834], [-3.6568310071142935, 40.33882605578964], [-3.6568294990231505, 40.33882351475644], [-3.6568237053472132, 40.33881368260771], [-3.656777510269444, 40.33873515065868], [-3.6567587607525933, 40.33870414843169], [-3.65675685606296, 40.33870198803482], [-3.656705631721672, 40.33864387237914], [-3.656688357955948, 40.33852342765864], [-3.656681627256658, 40.33847644697445], [-3.6566780991547736, 40.33847927786793], [-3.656590755395115, 40.3385499912396], [-3.6565814801770853, 40.33855750348919], [-3.6564914259015495, 40.33863039437399], [-3.656459674925799, 40.338656088568044], [-3.656457664656554, 40.33865518104104], [-3.6564565886236626, 40.33865470065239], [-3.6564360247027667, 40.3386454117777], [-3.6564099675579076, 40.33862934313534], [-3.656369599828484, 40.338594436422845], [-3.6563439060488623, 40.338564833919015], [-3.656321896398319, 40.33854728280257], [-3.656159749040853, 40.338417975086244], [-3.6559385573598444, 40.338153539986564], [-3.6556988940831734, 40.33783912713732], [-3.6554361689836923, 40.33750277196304], [-3.655216374405992, 40.3372361112529], [-3.655185150649958, 40.33719823334376], [-3.6549769883129284, 40.33695211026622], [-3.654942881911101, 40.336911951271304], [-3.6548073976156537, 40.336752436006144], [-3.6546098471873636, 40.3365795778921], [-3.6543159824833595, 40.336373759158946], [-3.6540038999716793, 40.33615381717658], [-3.6536469606218276, 40.33591148775923], [-3.653359115640353, 40.335729867242115], [-3.653228280008001, 40.33565134340468], [-3.6531773619785137, 40.33562077449548], [-3.6529931224122763, 40.33551020897849], [-3.652853789081962, 40.33539396618833], [-3.6525286426251533, 40.33511479545392], [-3.6522465397369355, 40.33485394900634], [-3.6520362559057635, 40.33468153660038], [-3.651844880654877, 40.334599721722675], [-3.651642546536159, 40.33455472573959], [-3.651438904868107, 40.33452063787949], [-3.651223594366692, 40.33444834433758], [-3.6510309864576014, 40.334348345500736], [-3.650809997985933, 40.334188576921285], [-3.6507584430957247, 40.33414908241477], [-3.6506903557250574, 40.3340969328895], [-3.6506283170536213, 40.334049425068145], [-3.650262737978335, 40.33389679308813], [-3.6497014344649124, 40.33366723089268], [-3.649354751376613, 40.33352042694107], [-3.6493525062626957, 40.333519556644376], [-3.6492812650839834, 40.333491919965255], [-3.6492530383086716, 40.33343333850233], [-3.6492519100848195, 40.33343108352896], [-3.6492397057837556, 40.33341796257977], [-3.6492275845809248, 40.333404913236365], [-3.6492205691008244, 40.33339395239418], [-3.649213230776283, 40.333382470830635], [-3.6492046337821455, 40.33335512214254], [-3.649204497989737, 40.33335446523399], [-3.649169696558199, 40.33338004844264], [-3.649138554130485, 40.33340294438721], [-3.6490257377695814, 40.333350017831414], [-3.6490075176810897, 40.33334057032346], [-3.6489521468221815, 40.33331178130946], [-3.6488310426066692, 40.33325390096035], [-3.6488048223076675, 40.333242516274005], [-3.648746045307898, 40.33321698957331], [-3.6486643088353192, 40.3331763660702], [-3.6486070348448987, 40.33314550643956], [-3.648397363046914, 40.33301091348483], [-3.6481875255008966, 40.33286875335547], [-3.6480516935800833, 40.332784828064234], [-3.6480031207227466, 40.33275158600259], [-3.64796152711999, 40.33272307969454], [-3.6478627080274064, 40.33265146960839], [-3.6477942600384856, 40.33260184294933], [-3.647791178723935, 40.33259969800017], [-3.6476665154228995, 40.33251408804857], [-3.647636061830775, 40.332494528435454], [-3.647574713980598, 40.332454871100474], [-3.64750585562314, 40.332406606953185], [-3.6474515973135473, 40.332372135195904], [-3.647338851697998, 40.33230042242219], [-3.647194781242116, 40.33221771341168], [-3.647097979551219, 40.33216365028626], [-3.6469673171381296, 40.33209068599757], [-3.646801999687519, 40.33199944650534], [-3.646713637635223, 40.33195507479751], [-3.646619528856433, 40.33191172615752], [-3.6465958808068697, 40.331900867138074], [-3.646580729197478, 40.33189338411321], [-3.6464715439987274, 40.331839308596095], [-3.6463244634712058, 40.33177157056998], [-3.6461036672162734, 40.33166693706929], [-3.64607068520256, 40.33165126511434], [-3.6459123360393764, 40.33157575150268], [-3.6458059759333485, 40.331520308198], [-3.645725737488578, 40.33147589037401], [-3.6456161529294118, 40.331427942522204], [-3.645569534596024, 40.33140315715709], [-3.645565050367009, 40.331400785738644], [-3.645541718186757, 40.331388447231625], [-3.645423174590497, 40.331325593935475], [-3.6452660779184995, 40.33124546874586], [-3.6451949404444557, 40.331206044928436], [-3.645074607514433, 40.33113941739143], [-3.64503627418649, 40.33111927038564], [-3.6449993611729106, 40.331099926274554], [-3.644876745978478, 40.331043311459254], [-3.6447262432750738, 40.33097559046283], [-3.6446956087113294, 40.330960355488045], [-3.644679262778239, 40.33095226624337], [-3.6445921159815584, 40.330909129396304], [-3.644502947887213, 40.33085521073235], [-3.644382198682463, 40.33077190877146], [-3.6443363193903857, 40.33073190226059], [-3.644309919580018, 40.33070888667828], [-3.64429922361672, 40.33069948660281], [-3.6441922675736564, 40.330605846140195], [-3.6441327241454595, 40.3305450953972], [-3.6439717722721303, 40.33038103322464], [-3.6438921471491534, 40.33028940252458], [-3.643872162248399, 40.33026627004848], [-3.6437623053580066, 40.330139761767285], [-3.6436167525682026, 40.32994839660662], [-3.643569308286496, 40.329886046679846], [-3.6435303825280547, 40.32984058662744], [-3.643439927065437, 40.32973640298461], [-3.6434045790375524, 40.32969578795215], [-3.6433420950466044, 40.32962397183564], [-3.6432995402010944, 40.32958060400159], [-3.6432814726638005, 40.32956223562999], [-3.643195887205246, 40.3294749619937], [-3.643080478294178, 40.329357312925275], [-3.6430469245670207, 40.329319660839204], [-3.643005754423661, 40.32927331216163], [-3.642969872670435, 40.32925206972959], [-3.642754313596286, 40.32912479657717], [-3.642694717319302, 40.329097910934244], [-3.6425292051920892, 40.32902324326201], [-3.6425128987329507, 40.32901675712456], [-3.642491876821478, 40.32900831515297], [-3.642307334435942, 40.32893780699841], [-3.642262983503426, 40.32892092677691], [-3.6422360823273725, 40.3289106885353], [-3.642144296867361, 40.32887573790603], [-3.64200391284147, 40.32880669586554], [-3.641944193122518, 40.32874062952173], [-3.6418897082466684, 40.32868039007542], [-3.641873409545593, 40.328662281940055], [-3.6418566357453734, 40.32864372597877], [-3.641811642721642, 40.32860252431368], [-3.6418043908986553, 40.328596258111894], [-3.641782193937221, 40.32857683130947], [-3.6416936441984453, 40.328499393011185], [-3.641365587689258, 40.32831355083163], [-3.6411787812557113, 40.32824230565111], [-3.6411746698755914, 40.32824073381228], [-3.641011491797918, 40.32817845667704], [-3.6409533895189847, 40.32815628266992], [-3.6408391094820365, 40.328108797713966], [-3.6406457679201263, 40.328028515609596], [-3.640568152127227, 40.32798678239892], [-3.6405030313927136, 40.32795184495898], [-3.6404961934741413, 40.327960702826324], [-3.640399659174193, 40.328085663339394], [-3.640276086867571, 40.32824567506596], [-3.640289415003921, 40.32825468256341], [-3.6403248326645357, 40.32828052309359], [-3.6403531120826313, 40.32830337603854], [-3.6403764851120872, 40.3283239858206], [-3.6403442238258994, 40.32834689462172], [-3.640319211416834, 40.32836830379752], [-3.6403059033307987, 40.32838135070896], [-3.640283938150798, 40.32840632867006], [-3.6402658810068944, 40.328431294004865], [-3.640243745250436, 40.3284718588143], [-3.6402124496033825, 40.32852471781564], [-3.6401944008290505, 40.32855057500315], [-3.6401890352322415, 40.32855828954425], [-3.6401515162252296, 40.32860657927108], [-3.640112159208721, 40.32865345570341], [-3.6400983570177, 40.328669036909254], [-3.6400699002513273, 40.328699690508294], [-3.6400402719141667, 40.32872969291125], [-3.6400094484633834, 40.32875904424757], [-3.6399774410736816, 40.32878768139004], [-3.6399470224949066, 40.32881254388931], [-3.639914753740092, 40.328835948116684], [-3.6398769303537186, 40.328860770478215], [-3.6398762868590664, 40.32886118846092], [-3.639878161996325, 40.32886653856047], [-3.639882202595536, 40.32888554363322], [-3.6398829734776013, 40.32890484607829], [-3.639880463038839, 40.328924463978296], [-3.639866168243346, 40.328967670079], [-3.6398442524387704, 40.32900663896461], [-3.6398038998722746, 40.32905783620191], [-3.639755610171234, 40.3291099692334], [-3.6397221531319546, 40.32913845215612], [-3.639670252533623, 40.32917595616726], [-3.639538811180944, 40.32938066918656], [-3.6395178447912673, 40.329421731901874], [-3.6394964451532386, 40.32945680589275], [-3.6394383204175726, 40.32953833611373], [-3.6393931072523835, 40.32960094769747], [-3.6393470444828626, 40.329664600016514], [-3.6393464518876812, 40.32966542312874], [-3.63930730937194, 40.32971394677852], [-3.6392483286123203, 40.32977591365897], [-3.639200633207362, 40.329820015976566], [-3.639150000286593, 40.32986220653762], [-3.6391273833081033, 40.329879331857434], [-3.6391272899030356, 40.329879413456304], [-3.639083996002007, 40.32991217585586], [-3.6390230812435207, 40.329952603309174], [-3.639022952609444, 40.32995269411174], [-3.6390229190288257, 40.3299566223066], [-3.6390226009325684, 40.329964083677936], [-3.6390220124372505, 40.32997158257983], [-3.6390211411767326, 40.32997905601623], [-3.639020010523504, 40.32998648583958], [-3.639018609555915, 40.32999396220223], [-3.6390169836595265, 40.33000130466949], [-3.6390119762357065, 40.330020810213014], [-3.639006402768604, 40.330040210772864], [-3.6390002165125455, 40.330059542643994], [-3.638993299754281, 40.33007880647656], [-3.638985652068382, 40.33009795722678], [-3.6389772146828183, 40.33011700422842], [-3.638967928570616, 40.330135929788945], [-3.638957734619776, 40.330154707207065], [-3.638946597430777, 40.330173327668945], [-3.638935118830173, 40.33019069773736], [-3.6389341089157234, 40.33019220785135], [-3.6389217829075196, 40.330208348339404], [-3.638908035417162, 40.33022355071201], [-3.638893828717651, 40.33023749433195], [-3.6388795533863303, 40.33025040227174], [-3.6388655996608694, 40.33026246156913], [-3.638852287236164, 40.33027386866092], [-3.638839900408239, 40.330284811170316], [-3.6388286639370184, 40.33029540497587], [-3.6388187203531546, 40.33030578442871], [-3.6388092108116914, 40.33031725159631], [-3.6388055651589726, 40.330322632200684], [-3.6388027583271536, 40.33032833250359], [-3.6388010330477973, 40.33033512595539], [-3.638795114504331, 40.330379114503444], [-3.6387952061705398, 40.330401321663196], [-3.6387956733798843, 40.33042215735131], [-3.6387957862957876, 40.33044412114526], [-3.6387947326103394, 40.33046720852181], [-3.638791569425426, 40.330491298559174], [-3.638785283213317, 40.33051627072556], [-3.6387750184485057, 40.33054128288053], [-3.638762881075944, 40.33056245844913], [-3.638749161117529, 40.33058184091651], [-3.638734109593675, 40.33059983430983], [-3.638718116827851, 40.33061663467556], [-3.6387015957524214, 40.33063233883441], [-3.6386848428602283, 40.33064717938815], [-3.638668189448809, 40.330661334691364], [-3.638651895932743, 40.33067495646261], [-3.638636211125113, 40.33068821450307], [-3.6386211262273096, 40.33070142418334], [-3.6386059760450866, 40.330715201801326], [-3.638590523791602, 40.330729404517086], [-3.638574744140441, 40.330743843277205], [-3.6385584946457556, 40.33075839273923], [-3.638541656998843, 40.330772990491674], [-3.6385239944977164, 40.33078750270297], [-3.638505435239945, 40.330801794631725], [-3.6384858250082766, 40.330815741000016], [-3.638473585812863, 40.330823628537665], [-3.638473918383697, 40.33082394202378], [-3.6384740492275447, 40.330824085448675], [-3.638474132391467, 40.330824166072404], [-3.638474262980618, 40.33082428247111], [-3.638474298889136, 40.33082434533729], [-3.638474429732985, 40.330824488762175], [-3.6384745247532275, 40.33082457832965], [-3.638474608002052, 40.33082466796209], [-3.638474727074507, 40.33082481145196], [-3.6384748221796386, 40.33082491002814], [-3.6384748817158608, 40.3308249817731], [-3.6384750127295122, 40.33082514321544], [-3.6384751078346547, 40.33082524179163], [-3.638475179312085, 40.33082533148904], [-3.6384752982996313, 40.33082546597021], [-3.6384753934896747, 40.33082557355509], [-3.6384754649671054, 40.33082566325252], [-3.6384755722681463, 40.33082580680735], [-3.638475655686783, 40.33082591445725], [-3.6384757153928065, 40.33082600421964], [-3.638475846321561, 40.33082615665327], [-3.638475941596508, 40.33082627324691], [-3.638475989276425, 40.3308263360481], [-3.638476108433775, 40.330826488546684], [-3.638476203708721, 40.330826605140324], [-3.638476227760924, 40.33082665906274], [-3.6384763589443825, 40.33082683852253], [-3.638476430591615, 40.3308269462374], [-3.638476490297651, 40.33082703599979], [-3.6384765741407796, 40.330827188693306], [-3.638476681102237, 40.33082729621326], [-3.6384767288670545, 40.330827368023165], [-3.638476824651405, 40.33082753866915], [-3.6384768962986387, 40.33082764638402], [-3.6384769560895647, 40.33082774515513], [-3.638477051704104, 40.33082789778368], [-3.6384771351227467, 40.330828005433574], [-3.638477183142266, 40.33082810426965], [-3.638477278756817, 40.33082825689819], [-3.6384773504040533, 40.33082836461307], [-3.638477398423574, 40.330828463449144], [-3.638477482266717, 40.330828616142675], [-3.638477553998854, 40.33082873286625], [-3.6384775899922666, 40.33082880474115], [-3.638477697632926, 40.330828984330886], [-3.6384777339659418, 40.330829092240684], [-3.638477805528278, 40.33082919094682], [-3.6384778776849163, 40.330829352714034], [-3.638477937645646, 40.330829469502575], [-3.6384779970969756, 40.33082953223881], [-3.6384780577369065, 40.330829721097174], [-3.6384781294690454, 40.33082983782077], [-3.6384781774885795, 40.330829936656855], [-3.638478249645219, 40.33083009842405], [-3.6384783094361506, 40.3308301971952], [-3.638478345769165, 40.33083030510497], [-3.6384784178409055, 40.33083045786347], [-3.63847846645474, 40.33083061976063], [-3.6384785023632564, 40.33083068262679], [-3.638478574519897, 40.33083084439401], [-3.638478622709222, 40.33083096124756], [-3.6384786469312393, 40.3308310331874], [-3.638478719342583, 40.33083122198079], [-3.638478767531908, 40.330831338834344], [-3.6384787917539256, 40.330831410774195], [-3.638478852478761, 40.3308316086413], [-3.6384789360672123, 40.33083173430863], [-3.6384789486876117, 40.330831824330915], [-3.6384789855300417, 40.330831986293056], [-3.6384790454907754, 40.33083210308161], [-3.6384790579413866, 40.33083217508646], [-3.638479118666223, 40.33083237295358], [-3.6384791669404506, 40.33083249881583], [-3.6384792029338775, 40.3308325706907], [-3.638479240030998, 40.33083275967901], [-3.6384793002464346, 40.330832903493764], [-3.638479312697045, 40.33083297549858], [-3.638479361395774, 40.33083314640449], [-3.6384793860422957, 40.33083326338796], [-3.638479410603916, 40.33083337136274], [-3.6384794474463362, 40.33083353332488], [-3.638479483949167, 40.330833659252114], [-3.638479531629093, 40.3308337220533], [-3.6384795453532095, 40.33083392918903], [-3.6384795699997206, 40.33083404617251], [-3.6384796059082487, 40.33083410903866], [-3.638479631403774, 40.3308343161094], [-3.6384796443637772, 40.330834442166605], [-3.6384796567294884, 40.3308345051627], [-3.6384797057678324, 40.33083471210351], [-3.638479718727835, 40.33083483816069], [-3.6384797193221377, 40.33083490122177], [-3.6384797683604813, 40.330835108162574], [-3.6384797812355956, 40.33083522521103], [-3.6384798053727043, 40.330835288142154], [-3.638479807410314, 40.330835504351576], [-3.638479832056837, 40.330835621335076], [-3.638479844337648, 40.330835675322454], [-3.6384798699180654, 40.33083589140191], [-3.638479871106669, 40.33083601752408], [-3.638479883472382, 40.33083608052021], [-3.6384798971964996, 40.33083628765591], [-3.638479910411215, 40.33083644073928], [-3.638479911090418, 40.33083651280908], [-3.6384799244749355, 40.330836683909915], [-3.6384799492063484, 40.33083680990211], [-3.638479949800651, 40.3308368729632], [-3.6384799517533604, 40.3308370801639], [-3.6384799531966667, 40.330837233312224], [-3.63847995387587, 40.33083730538205], [-3.6384799554889766, 40.33083747654784], [-3.638479956932285, 40.330837629696155], [-3.638479957611488, 40.33083770176597], [-3.6384799592245956, 40.33083787293177], [-3.6384799606679024, 40.33083802608011], [-3.6384799613471053, 40.33083809814992], [-3.6384799504246996, 40.33083818830215], [-3.6384799394174054, 40.33083826944566], [-3.638479940860712, 40.330838422594], [-3.638479941539915, 40.330838494663816], [-3.6384799313816125, 40.330838665894554], [-3.638479921053511, 40.330838819107896], [-3.6384799217327135, 40.3308388911777], [-3.638479899803002, 40.33083906247342], [-3.6384799012463094, 40.330839215621765], [-3.638479901925512, 40.33083928769158], [-3.6384798682244015, 40.33083945905231], [-3.638479845785288, 40.33083957629568], [-3.6384798468040924, 40.33083968440038], [-3.638479813102981, 40.33083985576112], [-3.6384797909185687, 40.33084000003066], [-3.638479768054952, 40.330840072230444], [-3.638479757981561, 40.33084025246993], [-3.638479747313855, 40.330840369648335], [-3.6384797362216488, 40.33084044178312], [-3.6384797027752276, 40.33084064017001], [-3.638479680421024, 40.330840766422135], [-3.6384796693288184, 40.330840838556895], [-3.6384796241109965, 40.330841037008774], [-3.638479601671881, 40.33084115425216], [-3.638479602351085, 40.330841226321965], [-3.638479545361853, 40.33084142483879], [-3.6384795230076383, 40.33084155109091], [-3.638479500228934, 40.330841632299396], [-3.6384794548413, 40.33084181273384], [-3.6384794324021947, 40.330841929977204], [-3.638479397936969, 40.330842020259404], [-3.6384793866749603, 40.33084207437672], [-3.638479340862836, 40.33084220976751], [-3.6384793301951293, 40.330842326945934], [-3.638479319018022, 40.33084239007198], [-3.638479250257379, 40.33084258865378], [-3.638479204530155, 40.33084273305332], [-3.6384791934379472, 40.33084280518809], [-3.638479147965423, 40.33084297661377], [-3.6384790902120856, 40.330843094052085], [-3.638479067688069, 40.330843202286744], [-3.638479010274334, 40.33084335575997], [-3.638478964377307, 40.330843482142015], [-3.6384789415136893, 40.33084355434178], [-3.6384788726681436, 40.33084374391488], [-3.638478838457627, 40.33084386122323], [-3.6384787805344887, 40.33084396064409], [-3.6384787349770518, 40.33084412306105], [-3.6384786771388127, 40.33084423149064], [-3.638478654614806, 40.330844339725296], [-3.638478585599458, 40.33084451128094], [-3.63847852793102, 40.33084463772798], [-3.6384785049825004, 40.330844700919], [-3.6384784242806414, 40.33084488154835], [-3.6384783782987133, 40.33084499892169], [-3.6384783437485835, 40.33084508019515], [-3.638478251190424, 40.33084525188073], [-3.6384782052084836, 40.33084536925406], [-3.638478147285343, 40.33084546867492], [-3.638478078185094, 40.33084563122183], [-3.638478020431753, 40.33084574866013], [-3.6384779625086128, 40.33084584808098], [-3.638477893323461, 40.3308460016192], [-3.6384778355701197, 40.330846119057504], [-3.6384777776469783, 40.33084621847836], [-3.6384776966904155, 40.3308463720815], [-3.6384776388521733, 40.330846480511084], [-3.638477580929031, 40.33084657993194], [-3.638477488285957, 40.33084674260881], [-3.6384774303628147, 40.33084684202967], [-3.6384773724396715, 40.33084694145054], [-3.6384772914831074, 40.33084709505369], [-3.6384772101020526, 40.33084720361322], [-3.6384771521789085, 40.33084730303408], [-3.6384770712223427, 40.330847456637244], [-3.638477001612689, 40.3308475651318], [-3.638476943689545, 40.330847664552664], [-3.6384768391052553, 40.330847809277046], [-3.63847675780909, 40.33084792684531], [-3.638476699801045, 40.33084801725742], [-3.638476583445355, 40.330848162046784], [-3.638476513920598, 40.330848279550075], [-3.638476444141143, 40.330848370027184], [-3.638476351328274, 40.330848514686586], [-3.6384762699472066, 40.33084862324613], [-3.6384762234558714, 40.330848686567094], [-3.6384761191262793, 40.330848858317644], [-3.6384760142023986, 40.330848967007135], [-3.638475967965753, 40.3308490573543], [-3.6384758398386476, 40.33084920220864], [-3.638475758457589, 40.33084931076818], [-3.6384757002797414, 40.33084938316284], [-3.6384755840938365, 40.330849545969635], [-3.6384755027127764, 40.330849654529175], [-3.6384754444500182, 40.330849717915136], [-3.6384753047212994, 40.33084988085188], [-3.6384752114839274, 40.33084998046767], [-3.6384751299330556, 40.33085007100974], [-3.6384750253487708, 40.33085021573413], [-3.6384749321113867, 40.330850315349906], [-3.638474873848639, 40.33085037873587], [-3.6384747341199177, 40.33085054167262], [-3.6384746408825426, 40.33085064128841], [-3.6384745593316694, 40.33085073183049], [-3.638474419348249, 40.33085086774105], [-3.6384743496536873, 40.33085096722687], [-3.638474268017913, 40.330851048760245], [-3.638474128119389, 40.330851193679536], [-3.638474011508989, 40.33085131144271], [-3.6384739649327513, 40.33085136575497], [-3.638473824949328, 40.33085150166555], [-3.638473731711939, 40.33085160128132], [-3.6384736617626765, 40.33085167374097], [-3.638473498321338, 40.33085181879023], [-3.6384733581681123, 40.33085193668335], [-3.6384733351346874, 40.330851990865675], [-3.638473159837034, 40.330852126971166], [-3.638473078371057, 40.33085222652196], [-3.63847299656548, 40.330852290037875], [-3.6384728448106514, 40.33085242601341], [-3.63847273980185, 40.330852525694155], [-3.638472669767686, 40.33085258914509], [-3.6384725062414427, 40.3308527251856], [-3.6384723893763287, 40.33085281592262], [-3.6384723077405616, 40.33085289745597], [-3.638472144044509, 40.33085301547904], [-3.6384720508071267, 40.33085311509482], [-3.6384719572301374, 40.33085317867569], [-3.638471805475293, 40.33085331465124], [-3.638471688610187, 40.33085340538824], [-3.638471606804609, 40.33085346890414], [-3.638471443193464, 40.330853595935935], [-3.6384713263283563, 40.33085368667293], [-3.63847125629419, 40.33085375012385], [-3.6384710691402073, 40.3308538772856], [-3.6384709639616126, 40.33085395894888], [-3.6384708940123445, 40.330854031408556], [-3.6384707067734707, 40.33085414956157], [-3.6384705898234646, 40.330854231289834], [-3.6384705197043976, 40.33085428573203], [-3.638470320863909, 40.33085442196748], [-3.6384701807106725, 40.330854539860596], [-3.6384701104218062, 40.33085457628533], [-3.6384699231829307, 40.33085469443836], [-3.6384698179194244, 40.33085476709295], [-3.6384697478852543, 40.330854830543856], [-3.6384695488749657, 40.33085494876185], [-3.638469396865426, 40.33085505771122], [-3.6384693265765597, 40.330855094135956], [-3.638469151024183, 40.33085520321527], [-3.6384689989297434, 40.33085530315592], [-3.638468928725776, 40.330855348589395], [-3.6384687530884987, 40.330855448659975], [-3.6384686243670745, 40.33085553045322], [-3.6384685190186765, 40.33085559409907], [-3.638468331609997, 40.33085569423463], [-3.638468191286957, 40.3308557941103], [-3.6384680856838503, 40.33085583072995], [-3.6384679336743075, 40.330855939679324], [-3.6384678048679713, 40.33085601246387], [-3.6384676876632605, 40.33085606716594], [-3.6384675120259917, 40.330856167236526], [-3.6384673713633537, 40.33085623107728], [-3.6384672894728696, 40.33085628558446], [-3.6384670903776732, 40.33085639479373], [-3.638466914570605, 40.33085647684685], [-3.638466844366635, 40.330856522280335], [-3.6384666569579505, 40.330856622415894], [-3.6384665280667234, 40.33085668619167], [-3.6384664226334107, 40.33085674082879], [-3.638466223368415, 40.3308568320206], [-3.638466094562087, 40.33085690480513], [-3.638466000730401, 40.33085694135981], [-3.6384657780074763, 40.33085704169029], [-3.638465578827377, 40.330857141890824], [-3.638465332561636, 40.33085724235124], [-3.6384648872006813, 40.33085745202092], [-3.638459325664509, 40.33086065395461], [-3.6384308882042187, 40.33087479318243], [-3.6384018207914126, 40.330887043949204], [-3.6383731135005744, 40.330897535928294], [-3.6383450762956158, 40.33090668183237], [-3.6383217866468285, 40.330913693379614], [-3.63831639012701, 40.33091566914535], [-3.6383137509787185, 40.33091668372953], [-3.6383111116606015, 40.330917680296174], [-3.638308508081056, 40.330918721711505], [-3.6383058927300067, 40.33091976319177], [-3.638303301346109, 40.330920849585674], [-3.6383007216486773, 40.33092192690584], [-3.6382981657486297, 40.33092303112221], [-3.6382955863905355, 40.33092414447717], [-3.638293054457548, 40.33092529360714], [-3.6382904988967493, 40.33092643385826], [-3.638289268414207, 40.33092702624581], [-3.63828561185633, 40.330928758169804], [-3.6382853069875543, 40.3309288859808], [-3.6382850375179303, 40.33092902260566], [-3.63828284627688, 40.33093009778191], [-3.6382806432643324, 40.33093117302307], [-3.6382803621081377, 40.3309313187216], [-3.63828008086708, 40.3309314554114], [-3.638277889880492, 40.33093255761374], [-3.6382757224366746, 40.33093365968612], [-3.6382754530518864, 40.330933805319695], [-3.6382751718956685, 40.33093395101822], [-3.6382730283341194, 40.33093508899556], [-3.6382708846876146, 40.33093621796413], [-3.6382706035313785, 40.33093636366261], [-3.6382703341465663, 40.33093650929617], [-3.6382682026108886, 40.33093767423464], [-3.6382660828465654, 40.33093883910812], [-3.638265801690307, 40.330938984806615], [-3.6382655440769014, 40.330939130375185], [-3.6382634598813737, 40.33094032207994], [-3.638261328600071, 40.330941514044476], [-3.6382610828429476, 40.33094166855682], [-3.638260825314395, 40.330941823134125], [-3.6382587531447426, 40.33094304180002], [-3.6382566809750156, 40.33094426046587], [-3.6382564234464425, 40.330944415043156], [-3.6382561659178663, 40.33094456962044], [-3.638254117630388, 40.33094582419127], [-3.6382520574865334, 40.33094706981827], [-3.638251835272214, 40.33094722420069], [-3.6382515425142117, 40.33094738798155], [-3.6382470256471007, 40.33095026881899], [-3.638220669041693, 40.33096536950657], [-3.6382172968613498, 40.33096729806163], [-3.638214721404043, 40.330968825816214], [-3.638204653559585, 40.33097478238664], [-3.6381945978242296, 40.33098077492616], [-3.6381920459087542, 40.33098230255036], [-3.638188745288845, 40.33098432981092], [-3.6381631133337096, 40.33100012920444], [-3.638159994629686, 40.3310027230398], [-3.638159188595196, 40.331003385157864], [-3.6381587215563362, 40.33100379314821], [-3.6381578106820456, 40.33100457296416], [-3.638156888036294, 40.33100535284505], [-3.638156281013026, 40.3310058967456], [-3.6381556622183084, 40.33100644071111], [-3.638154774971684, 40.33100722940586], [-3.638153887809885, 40.33100802710938], [-3.638153292473151, 40.33100856193623], [-3.6381526738480994, 40.33100912391917], [-3.6381517985425584, 40.33100993056643], [-3.638150923236988, 40.331010737213674], [-3.638150339841361, 40.33101128999304], [-3.6381497447591413, 40.33101185184609], [-3.638148881309818, 40.331012667437115], [-3.638148029631914, 40.33101348296319], [-3.638147458177383, 40.33101405369504], [-3.638146886637997, 40.33101461541818], [-3.638146035044902, 40.33101543995298], [-3.6381452188509553, 40.331016273301664], [-3.6381446356249465, 40.33101684409845], [-3.6381440760266557, 40.33101742377405], [-3.638143259832672, 40.33101825712274], [-3.6381424319520725, 40.331019099545074], [-3.6381420822879744, 40.33101947085106], [-3.6381418841251856, 40.33101967915575], [-3.6381413363831574, 40.33102026777517], [-3.638140520273951, 40.331021110132546], [-3.6381397513353373, 40.33102196123887], [-3.638139203508417, 40.33102254084955], [-3.6381386558511872, 40.33102313847768], [-3.6381378870822485, 40.33102400760142], [-3.638137118143569, 40.33102485870778], [-3.6381365822577445, 40.33102545627093], [-3.6381360581433544, 40.331026053769165], [-3.6381352775180513, 40.331026913949124], [-3.6381345441482016, 40.33102779188678], [-3.638134008347187, 40.33102839845868], [-3.6381335197167908, 40.331029013779535], [-3.6381327861771857, 40.33102987369972], [-3.6381320411206817, 40.33103076071104], [-3.6381315406339527, 40.33103136708808], [-3.638131040147204, 40.33103197346514], [-3.638130330489841, 40.33103286929036], [-3.6381296088913073, 40.33103374716302], [-3.6381291203456763, 40.33103437149259], [-3.6381286317151935, 40.331034986813414], [-3.6381279339140558, 40.3310358915824], [-3.638127247714647, 40.33103677826896], [-3.6381267710252723, 40.33103741154231], [-3.638126294251034, 40.331038035806934], [-3.6381256199927243, 40.331038940446], [-3.6381249575906955, 40.33103985402886], [-3.638124492587868, 40.33104047822853], [-3.638124341510747, 40.33104068627343], [-3.6381240276698867, 40.33104111143692], [-3.6381233888107083, 40.33104202488991], [-3.638122738264919, 40.33104294741653], [-3.638122285033497, 40.33104357155125], [-3.6381218438280625, 40.331044222647215], [-3.638121205053678, 40.33104514510891], [-3.6381205898221576, 40.33104606744072], [-3.638120148446996, 40.33104670051922], [-3.6381197190129773, 40.33104735155022], [-3.6381191038662704, 40.33104828289074], [-3.6381185004909935, 40.33104921416633], [-3.6381180827435267, 40.33104985612366], [-3.638117653309469, 40.33105050715467], [-3.638117073561899, 40.331051447309086], [-3.6381164938991573, 40.33105239647226], [-3.638116087923111, 40.33105303836466], [-3.638115693888199, 40.331053698209566], [-3.638115114225418, 40.331054647372696], [-3.6381145581055283, 40.33105559640597], [-3.6381141522991385, 40.33105625631583], [-3.638113781807085, 40.331056916030825], [-3.6381132256871465, 40.3310578650641], [-3.638112669652056, 40.33105882310608], [-3.6381124153470905, 40.331059320014646], [-3.6381119523804677, 40.33106016042371], [-3.6381101465814387, 40.331063413695375], [-3.638103687362744, 40.33107754871666], [-3.6380990581634984, 40.331088502406004], [-3.6380906166747353, 40.3311071529586], [-3.6380815971072007, 40.33112567156149], [-3.638071928831693, 40.33114405860411], [-3.638061658594217, 40.33116227779166], [-3.6380507042486157, 40.331180356604726], [-3.6380389830547433, 40.33119825946268], [-3.6380265299022922, 40.3312159411269], [-3.6380132507038216, 40.331233411125275], [-3.6379989825245107, 40.3312508685585], [-3.6379836617554044, 40.3312678092622], [-3.637967309563661, 40.33128398086173], [-3.6379504780214407, 40.331299254183236], [-3.637933380118697, 40.33131374517136], [-3.63791621749811, 40.33132761487948], [-3.637899226777592, 40.331340988131366], [-3.6378825740309257, 40.331353999149236], [-3.6378663900173867, 40.33136678235004], [-3.6378508990745013, 40.33137940857046], [-3.6378358697590505, 40.331392302519156], [-3.637820716294601, 40.33140576472964], [-3.6378053653376656, 40.33141950731207], [-3.6377900146289313, 40.33143327691866], [-3.6377747231955935, 40.331447091242346], [-3.637759490613605, 40.3314609052395], [-3.637744317307045, 40.331474763953835], [-3.6377291795632583, 40.331488649497636], [-3.637714089153786, 40.331502561806076], [-3.637699057934954, 40.33151650982297], [-3.637684109365035, 40.33153048440985], [-3.6376692082990694, 40.33154450377886], [-3.637654342795927, 40.33155854997747], [-3.6376395600265594, 40.33157263175486], [-3.637624801218086, 40.33158675844423], [-3.637610089743999, 40.33160091189837], [-3.6375954257738767, 40.33161511013472], [-3.637580820909707, 40.33162933507097], [-3.6375662046070043, 40.33164359610521], [-3.6375516355539266, 40.33165787489551], [-3.6375371137504926, 40.33167217144195], [-3.6375226042211564, 40.33168652197403], [-3.6375081183983498, 40.33170089039203], [-3.6374936916815517, 40.33171528551002], [-3.637479300358098, 40.3317296894403], [-3.637464968055922, 40.33174411106192], [-3.637450671401419, 40.33175856852204], [-3.637436410225095, 40.33177304380327], [-3.637422231613234, 40.33178753664611], [-3.637408088733855, 40.33180207433627], [-3.637394063225197, 40.331816575341136], [-3.637380190741118, 40.33183107550107], [-3.6373664839008684, 40.33184566483854], [-3.6373527786650546, 40.33186042534021], [-3.637339062668718, 40.33187529400981], [-3.6373252887406693, 40.3318902620981], [-3.6373114095401866, 40.331905302838294], [-3.637297365954912, 40.33192038952841], [-3.637283098957218, 40.331935504475275], [-3.6372685963516274, 40.331950602699955], [-3.6372538689774525, 40.331965585041594], [-3.637239104078738, 40.33198033334904], [-3.6372242908161074, 40.331994946783105], [-3.6372093948068733, 40.332009524634294], [-3.6371943569387133, 40.33202404020065], [-3.637179271299791, 40.332038483954655], [-3.6371640322844616, 40.33205289251472], [-3.637148651155903, 40.33206721176362], [-3.6371331987980207, 40.33208146833844], [-3.6371176162679406, 40.332095653554646], [-3.637101868589615, 40.33210980364153], [-3.6370859670262963, 40.332123864481915], [-3.637069958495051, 40.332137817798866], [-3.6370538430806105, 40.33215167260116], [-3.637037656097898, 40.33216542869417], [-3.6370213973775187, 40.332179068060476], [-3.6370050674277623, 40.33219264475241], [-3.636988701394167, 40.332206140557965], [-3.636972311217823, 40.332219573429796], [-3.6369558969834626, 40.33223295237661], [-3.6369394938366817, 40.33224625918648], [-3.6369231375160056, 40.332259538708605], [-3.6369067578996734, 40.33227284538422], [-3.636890284357705, 40.33228617960225], [-3.6368737049489437, 40.33229952340998], [-3.636856960815004, 40.33231287713148], [-3.636840051532349, 40.33232619572298], [-3.6368229297601515, 40.332339452417486], [-3.6368055719549837, 40.33235264734453], [-3.636787966091045, 40.332365753542625], [-3.636770005969115, 40.3323787445687], [-3.636751644671688, 40.33239163869924], [-3.636733080454439, 40.33240423664052], [-3.6367144429753924, 40.332416555697115], [-3.6366957916011575, 40.332428649597354], [-3.6366771502139805, 40.33244055424654], [-3.6366585779264464, 40.33245229634694], [-3.6366401577332237, 40.33246393850612], [-3.636621890311737, 40.33247555279398], [-3.6366038462076125, 40.332487129813124], [-3.63658586264889, 40.332498886680085], [-3.636567598256066, 40.332510825273594], [-3.6365491687989993, 40.332522737745], [-3.636530820552332, 40.33253452363785], [-3.6365126245696784, 40.33254622760719], [-3.6364946165895455, 40.33255789450238], [-3.6364768320964678, 40.33256954214665], [-3.6364593304569652, 40.332581224268615], [-3.636442135722413, 40.33259299479119], [-3.636425318607846, 40.332604862334655], [-3.6364090550968062, 40.332616762866586], [-3.6363935696139564, 40.33262877623521], [-3.6363784886802297, 40.3326412468449], [-3.636363424759395, 40.332654275928945], [-3.63634825920295, 40.33266776503894], [-3.6363328969904454, 40.33268162460565], [-3.6363171015867843, 40.332695738810735], [-3.6363007777175986, 40.33270999105853], [-3.636283700788642, 40.33272428348323], [-3.6362657398718135, 40.332738463648354], [-3.6362468337388796, 40.33275227963294], [-3.636227286170604, 40.332765486517424], [-3.636207567360283, 40.33277800964185], [-3.6361877020363553, 40.33278997499879], [-3.63616780884734, 40.33280148103676], [-3.636147959270124, 40.3328126174546], [-3.6361282838095206, 40.33282349164489], [-3.6361088303141957, 40.33283418442733], [-3.63608968160967, 40.33284474039254], [-3.6360709449108906, 40.33285529408899], [-3.63605229306153, 40.33286610858238], [-3.6360332557828006, 40.33287724952301], [-3.636013923949827, 40.332888365052504], [-3.635994720246758, 40.33289933572722], [-3.6359756921837345, 40.33291020633192], [-3.6359568873554537, 40.332921030660195], [-3.635938329728472, 40.33293185362631], [-3.635920125840882, 40.33294273770908], [-3.635902346492612, 40.33295370053782], [-3.635884969070439, 40.33296484133812], [-3.6358679704536296, 40.33297620528321], [-3.6358513747777113, 40.33298785530497], [-3.635834947114219, 40.332999846750084], [-3.6358186987274794, 40.33301212550155], [-3.6358025941329, 40.333024673736105], [-3.6357865270460086, 40.33303745600122], [-3.6357705325284075, 40.33305044507664], [-3.635754516067443, 40.33306360544508], [-3.635738453612095, 40.33307688318359], [-3.635722274446891, 40.33309026967155], [-3.635706235268902, 40.33310352025005], [-3.635690571599056, 40.33311664263394], [-3.6356752388018996, 40.33312989833522], [-3.635659908703783, 40.33314344231379], [-3.6356445102509736, 40.333157229914114], [-3.6356289248797564, 40.333171171695746], [-3.6356131289617797, 40.333185258779324], [-3.6355969685332923, 40.33319939290958], [-3.6355803727095264, 40.333213547448324], [-3.6355632344449624, 40.333227605864046], [-3.635545670020865, 40.33324141436134], [-3.6355279716201196, 40.33325474610489], [-3.635510176164289, 40.33326777206643], [-3.635492225301423, 40.333280546621644], [-3.635474131479516, 40.333293141775634], [-3.6354728212305867, 40.333294022865466], [-3.635455906470487, 40.333305557463646], [-3.635437573733598, 40.333317784547525], [-3.6354191806943192, 40.33332985880352], [-3.6354006921217197, 40.33334178943429], [-3.635382190841276, 40.33335362103079], [-3.6353636649122296, 40.33336533564022], [-3.6353450914669, 40.3333770054617], [-3.635326388271243, 40.333388648965276], [-3.635307543553365, 40.333400266215534], [-3.635288521490729, 40.333411803354], [-3.635269310564889, 40.333423287471426], [-3.635249816009509, 40.33343465602383], [-3.635230061030379, 40.33344587284684], [-3.6352100103118823, 40.33345693813426], [-3.635189639718975, 40.33346778895418], [-3.6351692654874026, 40.333478252395224], [-3.6351490424256347, 40.33348851680041], [-3.6351288784704976, 40.33349880790507], [-3.63510826819132, 40.33350920956713], [-3.635087245805484, 40.333519604478965], [-3.635065621695852, 40.33352985854354], [-3.6350433121923316, 40.333539837082036], [-3.6350202101656226, 40.333549414553445], [-3.634996243464434, 40.33355842918799], [-3.6349713165628366, 40.33356673736243], [-3.634944957910085, 40.33357426959109], [-3.6349356888020257, 40.33357633852986], [-3.6349256254883078, 40.3335778262299], [-3.634915555250498, 40.33357857521339], [-3.634873023151809, 40.33357878163577], [-3.634863744414344, 40.333588616544546], [-3.634853400510404, 40.33359910596047], [-3.634842772726929, 40.333609452786376], [-3.634831931695261, 40.333619656634646], [-3.6348208184714235, 40.33362970881946], [-3.63480946803341, 40.333639573112016], [-3.6347967828550303, 40.3336502195189], [-3.634756662898977, 40.333679197026804], [-3.634702435523512, 40.33369393632615], [-3.634564154808331, 40.33378183190603], [-3.6345390219520604, 40.33378827621457], [-3.634482649164842, 40.33380272987672], [-3.634478457676848, 40.333807707923064], [-3.6344721565623788, 40.33381494983868], [-3.634468325784043, 40.33381947544657], [-3.6344301306299376, 40.33386419034897], [-3.634415503852505, 40.333881225870336], [-3.634396708015021, 40.333903122190634], [-3.634340905055491, 40.333915581627274], [-3.634278172733278, 40.333929799789686], [-3.6342718293739584, 40.333931276043714], [-3.6342645577169095, 40.333932937571454], [-3.6342617265801893, 40.33393358373891], [-3.634257145639515, 40.333934689960586], [-3.6342287383601426, 40.33396863018864], [-3.6342206352382482, 40.33397830544328], [-3.634262355901965, 40.33399199588197], [-3.634289810373484, 40.333999629277315], [-3.634336545639153, 40.33400949031251], [-3.6343652859381006, 40.33401363008158], [-3.63441374327661, 40.33401755359374], [-3.6344809970859706, 40.334015986488], [-3.6345201193061305, 40.334011168190315], [-3.6345849492564, 40.333999686192165], [-3.634629686639726, 40.33399106220087], [-3.6346988670285385, 40.33397900670941], [-3.6347563973806434, 40.33396997913185], [-3.634835351562553, 40.333955689699444], [-3.6349040485026554, 40.333942303378414], [-3.6349672290636748, 40.333930704090754], [-3.635001410778229, 40.33392631816446], [-3.6350598729424726, 40.33392502421551], [-3.6351089760539264, 40.33392751142972], [-3.6351524938488335, 40.333933218545916], [-3.6351949051654713, 40.33394270657273], [-3.635235003441948, 40.333955360503346], [-3.6352853071456828, 40.33397665223926], [-3.635320698900161, 40.33399584563379], [-3.6353627871859024, 40.334024858288885], [-3.635381898092871, 40.334040348222516], [-3.635410028074173, 40.3340660140402], [-3.6354377945968475, 40.33409936668692], [-3.635473854807762, 40.3341496470775], [-3.635515766866298, 40.33420377826622], [-3.635578165467711, 40.334292013776746], [-3.635621888890879, 40.334355991026165], [-3.635659840677999, 40.33441210792567], [-3.635703264291445, 40.33447548317453], [-3.635775191802503, 40.33457546824234], [-3.6359489416299935, 40.33457263919462], [-3.6360873148484494, 40.3345798694947], [-3.636192178465843, 40.334585355971875], [-3.636434787093102, 40.33460763444371], [-3.636679064173723, 40.33464457919177], [-3.636912231665379, 40.334703188631366], [-3.6369192412233806, 40.33470495187238], [-3.636919323797362, 40.33470496943608], [-3.6371445223739958, 40.33475490139035], [-3.6373632629675923, 40.33474154290198], [-3.6374864392490935, 40.33470761119736], [-3.637614431102857, 40.33467249964046], [-3.637852822521476, 40.33473442980355], [-3.638093264423715, 40.334689048725956], [-3.6383352390854755, 40.33475763393517], [-3.6385523987721142, 40.3347651742307], [-3.638792477423416, 40.334706279923154], [-3.6390537692074196, 40.3346997104073], [-3.6392016433045273, 40.33475307459762], [-3.6392589478654784, 40.33477375833207], [-3.6392833179400457, 40.33478255175214], [-3.63929250842445, 40.33478587039439], [-3.6393029254569966, 40.33478817322776], [-3.6399563363170024, 40.33491301301473], [-3.640003017068994, 40.33492193510164], [-3.6400390123787254, 40.334928808146124], [-3.6400406281376507, 40.33492911452719], [-3.6400619680526205, 40.33492619458703], [-3.6402122763794544, 40.334905641643886], [-3.640406189311214, 40.33492104601342], [-3.640406295345391, 40.334921054435554], [-3.6404064484680254, 40.33492106259696], [-3.6405815698817534, 40.33493497608363], [-3.6405816642290483, 40.33493499357951], [-3.6406364131226434, 40.33493933009825], [-3.640705115899686, 40.3349440037229], [-3.641126485911223, 40.3349726515498], [-3.6411372153538477, 40.33497063708533], [-3.6411842461109862, 40.334961790637465], [-3.6412745469926517, 40.334944803231686], [-3.6412982652851453, 40.33483746240439], [-3.641321826739575, 40.334714806820855], [-3.6413520513289956, 40.33453991505065], [-3.641438723343666, 40.33453138924667], [-3.6414942779949135, 40.33452511707772], [-3.641505473631388, 40.334523856765465], [-3.6414918905042515, 40.33464719580484], [-3.641490900899659, 40.33466701249692], [-3.6414911210908234, 40.33469026398929], [-3.6414913532259945, 40.33471477670158], [-3.6414939005343006, 40.33473637561568], [-3.6414976316192735, 40.3347561751362], [-3.6415012485576246, 40.33476516426446], [-3.6415084450706705, 40.334780439971574], [-3.6415120364171587, 40.334786726485135], [-3.6415191967576432, 40.33479569596085], [-3.6415239770869547, 40.334801975879785], [-3.6415381994964577, 40.33481450986177], [-3.64159865858964, 40.334857427632066], [-3.641609625256107, 40.33486430387596], [-3.6416199763623385, 40.33487082316579], [-3.6416306105946865, 40.33487616068063], [-3.6416495462171743, 40.334884154901154], [-3.641668426392693, 40.334891266525794], [-3.641686135667332, 40.334896564787144], [-3.6417274405343973, 40.334907155672624], [-3.6417486815354407, 40.33491244333977], [-3.6418996836086635, 40.33494403854075], [-3.641962203871147, 40.334957205354314], [-3.6420058396109547, 40.334967774194624], [-3.642142786928958, 40.33500575351592], [-3.6421923494154793, 40.33501809122052], [-3.642239540411753, 40.33502864023376], [-3.642659317180539, 40.335100184057644], [-3.642935275814069, 40.335149101953355], [-3.6430649803512596, 40.33517184085711], [-3.6430662303372365, 40.33517205913747], [-3.6430663010556597, 40.3351720677535], [-3.6430663717740845, 40.33517207636953], [-3.643089744287229, 40.33517617173616], [-3.6431048955343073, 40.33517861908013], [-3.6432300670669484, 40.335198815382924], [-3.643386876300397, 40.33522316899547], [-3.643467017809305, 40.33523352521316], [-3.6435047433690033, 40.335237828943356], [-3.643555394680585, 40.33524205173734], [-3.643573827955538, 40.33524298523453], [-3.6435757477593067, 40.335243073653984], [-3.6436036979911917, 40.33524448573657], [-3.6436195443475006, 40.335244505674225], [-3.643739086405473, 40.335244633254796], [-3.643742792060012, 40.33527655019656], [-3.643745447727826, 40.33529956289655], [-3.6436549688590074, 40.33531267026139], [-3.64363814072904, 40.335313403554075], [-3.6436369286232027, 40.335313455344696], [-3.6436358459256577, 40.33531349740605], [-3.643583184280235, 40.33531577244693], [-3.6436527092225317, 40.33532637679821], [-3.6437541376418454, 40.33534184869897], [-3.643961353172328, 40.3353804978489], [-3.6439652450158673, 40.33538121493525], [-3.6441611430192715, 40.33543057559134], [-3.6442631329333, 40.335448116030605], [-3.644328579158857, 40.33545937333561], [-3.644493595626961, 40.33548007605207], [-3.644605030948262, 40.335497977983124], [-3.6447282335953584, 40.33551776921081], [-3.6448567657561526, 40.33553841349536], [-3.644909634938077, 40.335551740626364], [-3.644911086436677, 40.335552101910196], [-3.6449547152655772, 40.33556309310528], [-3.6450575736218407, 40.335586483970836], [-3.64510344575634, 40.33559691303903], [-3.6452756317535187, 40.33563607951871], [-3.6453224451173076, 40.335647674443095], [-3.6454196478054848, 40.335671781236776], [-3.64557170030466, 40.335709473998214], [-3.6455741902568874, 40.33571009074428], [-3.645608434042647, 40.3357245485525], [-3.645820019998704, 40.335813873663156], [-3.6458201145203155, 40.33581390917217], [-3.6458202209859567, 40.33581396263284], [-3.6458715219073574, 40.33583563157457], [-3.6458732476149414, 40.335836351682545], [-3.6458901619457844, 40.33583600497809], [-3.6459956619229215, 40.335833866245174], [-3.646175266847918, 40.33588176489336], [-3.646175373056137, 40.33588179132761], [-3.6461754792643446, 40.33588181776182], [-3.646180967634086, 40.335883282626085], [-3.6461839521192343, 40.33588390560546], [-3.6463026827189773, 40.33590868419566], [-3.6463027770690575, 40.33590870168685], [-3.6463028831914, 40.33590871911225], [-3.646471158626093, 40.335943824496454], [-3.6469033284898638, 40.33607924882481], [-3.6470237636785714, 40.33609261151247], [-3.647042408283684, 40.336094687440344], [-3.6472074219611423, 40.33611238623472], [-3.647218004938373, 40.33611352524039], [-3.647234883430175, 40.3361143497336], [-3.647415871193226, 40.33612322894601], [-3.6476301905939814, 40.336127434682915], [-3.6477182714696053, 40.33612576128249], [-3.6478302939331027, 40.33612361137838], [-3.6479648896051424, 40.33615393014177], [-3.6480728682716768, 40.33617825361826], [-3.6480839587251257, 40.33618075008802], [-3.648617931754199, 40.33596060870064], [-3.6487840391271913, 40.33589213528034], [-3.6487871074827827, 40.33589659563434], [-3.6488038471587676, 40.335921033747766], [-3.6488043367247944, 40.33592175173641], [-3.6488228989343554, 40.33594963915059], [-3.6488306153978356, 40.33596124474082], [-3.648804849058462, 40.33597401113691], [-3.648804591276435, 40.33597413871143], [-3.6488043452666856, 40.3359742662199], [-3.648304411386664, 40.33621194776093], [-3.6481949168274803, 40.3362580577825], [-3.648189499564463, 40.33626034043588], [-3.6482510950168408, 40.33629963565557], [-3.6483197340012583, 40.336349107777274], [-3.6483317073624577, 40.336357743537384], [-3.6484422510203594, 40.33647040534791], [-3.648476753023167, 40.33650558197588], [-3.64847857364402, 40.33650637358615], [-3.648690738791497, 40.33659897852395], [-3.648701683848699, 40.33660349380645], [-3.6488108276415856, 40.33664856721223], [-3.6488110640386666, 40.336648664987244], [-3.6488113003494456, 40.33664875375354], [-3.648833777736277, 40.336657636853346], [-3.649083876803825, 40.33669620741674], [-3.6491072102126627, 40.33669981528789], [-3.649115546077711, 40.336701101867575], [-3.649464069615787, 40.33670545190846], [-3.649685325055656, 40.33682132874546], [-3.6497836141485474, 40.336791442738864], [-3.649790974452585, 40.336789212159935], [-3.6498001314266237, 40.33679877351575], [-3.6499467780475694, 40.33695229489941], [-3.6499634237157133, 40.33696931881076], [-3.6501161702277005, 40.33706035405082], [-3.6502389888735545, 40.33713656605469], [-3.650249991576873, 40.33714338721621], [-3.6503606127215096, 40.3371373597787], [-3.6503891374273585, 40.33713719939139], [-3.65041241160938, 40.33713706852123], [-3.6504808156582618, 40.33715324273508], [-3.6505575622642303, 40.33717138804391], [-3.650606850650739, 40.337184282242106], [-3.650682872274219, 40.33720416130818], [-3.6506829667137346, 40.33720418780445], [-3.6507463948522965, 40.33722077724699], [-3.6508123046789076, 40.33724078518932], [-3.6509091505071827, 40.33727019576901], [-3.6509707387934416, 40.33728888557157], [-3.6511833193309773, 40.33735796060283], [-3.6512841231287165, 40.337387564805105], [-3.6513970169034016, 40.33742072252452], [-3.651566180025794, 40.337471563520886], [-3.651566274466009, 40.337471590016435], [-3.651570584178627, 40.33747289008899], [-3.6517182405337585, 40.33752522140517], [-3.6518694554401567, 40.33757662254982], [-3.651994735633002, 40.33762816968679], [-3.6522894022967898, 40.33778416899079], [-3.6523804559044653, 40.337826899536694], [-3.652496153886042, 40.33786137372043], [-3.6525221571606274, 40.337869533493624], [-3.6526626715032724, 40.337913597423785], [-3.6528265405949103, 40.33797072781898], [-3.652845772055253, 40.33797743021508], [-3.6530372615328104, 40.33805653996688], [-3.6531909832615352, 40.33812593456993], [-3.6534227786019966, 40.33823363642291], [-3.6535930959603964, 40.33831465767674], [-3.653613568743753, 40.338325533188986], [-3.6536770460125925, 40.338359229169534], [-3.6537374703402183, 40.338391320717655], [-3.6538890739124423, 40.33848506014758], [-3.6540573336104014, 40.338596714540095], [-3.6542031214146946, 40.338697702790434], [-3.654419725814355, 40.338818101392974], [-3.654575921653025, 40.33889830917248], [-3.654722693329886, 40.33898035390115], [-3.6548150379005935, 40.3390320753752], [-3.6549075452335322, 40.33910183222554], [-3.6549277458848137, 40.339118610054406], [-3.655023859681929, 40.339198472704375], [-3.655100775136255, 40.33923857840094], [-3.6552474467400944, 40.339308920102276], [-3.65557944061858, 40.339494330663705], [-3.6556030815117975, 40.33946997099405], [-3.6556164613334534, 40.33945833638298], [-3.6556723786762406, 40.339432091012696], [-3.65574518226357, 40.33940616430624], [-3.655876721556972, 40.339369066475314], [-3.655923301270082, 40.339358513861384], [-3.656043075985311, 40.339349095680575], [-3.6562034813676423, 40.33933971715163], [-3.6563487733217337, 40.339312504910545], [-3.6564476855346877, 40.33929460993863], [-3.656520915487745, 40.339277491298816], [-3.6565617514552375, 40.339285349748565], [-3.656630362512577, 40.33928121245311], [-3.6566870076424847, 40.33925965624188], [-3.6567196787134946, 40.33929119206003], [-3.656688605907784, 40.33931763923487], [-3.656603605246968, 40.33936176223633], [-3.6565594869897073, 40.33940031968963], [-3.6564583862129796, 40.33946087661733], [-3.656372381632689, 40.33950349160466], [-3.6562875916811812, 40.33954996457263], [-3.656279484281479, 40.33955165024336], [-3.656150928889298, 40.33959902008337], [-3.6560726600625078, 40.33963200520112], [-3.655940964757343, 40.33967978001217], [-3.655942443611984, 40.33968051938723], [-3.6559699971614474, 40.33969424626844], [-3.655970139134344, 40.339694317536676], [-3.6559702811072423, 40.33969438880493], [-3.656150366198722, 40.33978399066172], [-3.6563127812860916, 40.33989927855778], [-3.6564931529262075, 40.33996489582524], [-3.65650300684718, 40.339968479603286], [-3.6567038371090166, 40.34003851203416], [-3.6567590957783707, 40.340056036452715], [-3.6569230269356585, 40.34016844094759], [-3.6570189468233925, 40.340237627146074], [-3.657243914318706, 40.340416838845215], [-3.6574377955251296, 40.34057128940157], [-3.6576536104887256, 40.34073042581673], [-3.6577379810699915, 40.34080922679917], [-3.6578021420382005, 40.340869223390094], [-3.657833698105432, 40.340902197681636], [-3.6578390149397224, 40.340907753130224], [-3.657862967082653, 40.3409797083066], [-3.657864034358422, 40.34098291851117], [-3.6578645436187465, 40.34098443816496], [-3.6578800086574805, 40.340980214993984], [-3.6578987268808443, 40.34097757694994], [-3.6579497974686848, 40.340977160324506], [-3.6580110309678404, 40.34099392941858], [-3.658054952174312, 40.341006562664575], [-3.658115009093563, 40.34100644619777], [-3.658165384971322, 40.3409914836153], [-3.658201541776918, 40.34097447576118], [-3.658242742395861, 40.34095431300894], [-3.6582901315549505, 40.34092763742578], [-3.6583221183178685, 40.3409164731927], [-3.6583708750189343, 40.3409154208906], [-3.658405972479994, 40.340910563367785], [-3.6584451996266623, 40.340898141647585], [-3.658471817127364, 40.34088935933254], [-3.658493068930097, 40.34086758029436], [-3.6585080684481404, 40.34085060270043], [-3.658521982433399, 40.34083459526636], [-3.6585323708782616, 40.34082531973701], [-3.6585521427143557, 40.34084749586091]]], [[[-3.65450964251936, 40.33309928466647], [-3.6545208133311182, 40.33320760196808], [-3.6545612336936806, 40.33349206351954], [-3.6545671747079362, 40.333534282981105], [-3.6545706623288763, 40.333554083453436], [-3.6545769506190138, 40.33358350790531], [-3.654584655019071, 40.33361328471028], [-3.654604667924369, 40.33367416364049], [-3.6546126286778255, 40.33370610119682], [-3.654619045166527, 40.3337366060223], [-3.6546243997734997, 40.33375468418114], [-3.6546323729258257, 40.3337757205513], [-3.6546427911906436, 40.33379395023517], [-3.6546566198258463, 40.333811800249144], [-3.6546738492569517, 40.33382827963579], [-3.6546834619744555, 40.333836243403994], [-3.6547250494855543, 40.3338637563056], [-3.6548299223598355, 40.33392253317973], [-3.654835372270177, 40.333926106000746], [-3.654869019593318, 40.33394816819793], [-3.6548865761407057, 40.33396194294487], [-3.654904763096096, 40.33398003852856], [-3.6549191752087133, 40.3339973446557], [-3.6549318380891136, 40.33401637243034], [-3.654936756030247, 40.33402580422864], [-3.6549402665677264, 40.33403578454673], [-3.654945166085765, 40.334055486919546], [-3.6549525740279227, 40.334103283745094], [-3.654958050828474, 40.33412181165444], [-3.654962268561755, 40.33413187805915], [-3.6549678910902323, 40.33414112568262], [-3.654974808534179, 40.334150365973436], [-3.6549915838015457, 40.33416855962817], [-3.6550426962362677, 40.33421926217325], [-3.6550725844748473, 40.3342543188229], [-3.6551276575842535, 40.334312836889296], [-3.655141353922935, 40.334329156031174], [-3.65518631204954, 40.33437646987795], [-3.6552065466166526, 40.33439932868186], [-3.655227410752041, 40.334426418232376], [-3.6552734030622314, 40.33449543831939], [-3.6552993937076685, 40.334529165610526], [-3.655311934718122, 40.33454774357261], [-3.655328687450969, 40.33457575731484], [-3.65534249370599, 40.33460342738077], [-3.6553507941983, 40.334621759087916], [-3.655373845297135, 40.33468018817923], [-3.6553774736544304, 40.33469016781513], [-3.6554188182074063, 40.33483849498871], [-3.655462856776942, 40.33492455342128], [-3.655471285523722, 40.33494396549383], [-3.6554863755106384, 40.33497045707218], [-3.655507111754075, 40.33499646619168], [-3.6555424541042205, 40.335035455845635], [-3.6555713959661045, 40.33506997717258], [-3.655601494142904, 40.335102329734276], [-3.6556508114080537, 40.33514988896071], [-3.6556930837779382, 40.335187217632644], [-3.655769138749684, 40.33524831919493], [-3.6557869469602977, 40.33526371402708], [-3.6558409367269706, 40.335319625219554], [-3.6558687888404258, 40.33535099943476], [-3.6558945472494084, 40.33537283578188], [-3.6559033205781524, 40.3353791825526], [-3.65593280597198, 40.33539685353321], [-3.6559533950864305, 40.33540763788634], [-3.6560194946139095, 40.33543753387432], [-3.6560511034161993, 40.33545564324063], [-3.6560841179155497, 40.33547302389048], [-3.6561036641604474, 40.335485525876415], [-3.6561780054078676, 40.33553978990739], [-3.656203886073671, 40.33556207595005], [-3.656218871758312, 40.335577757002355], [-3.6562458199070207, 40.335613010201406], [-3.656259515907635, 40.33562923911616], [-3.656289491703758, 40.33566105163786], [-3.6563242749306673, 40.335690854853574], [-3.6563725308892567, 40.33572598711662], [-3.6563895109427085, 40.335740936094474], [-3.6564044905992037, 40.33575598651354], [-3.656426393310734, 40.33578081765032], [-3.6564325995512035, 40.33578952133574], [-3.656441478622136, 40.33580676857463], [-3.656451633575972, 40.335834188947], [-3.6564599345226867, 40.335852520567094], [-3.656468947046837, 40.33587138869895], [-3.656492215636052, 40.33591567190259], [-3.6565087119272914, 40.335941434625624], [-3.6565148013438686, 40.335950229061204], [-3.656521707834703, 40.33595829812435], [-3.6565342494485025, 40.33597687594458], [-3.656581439886185, 40.336059943009936], [-3.65659231333212, 40.33607645818094], [-3.6565974426513197, 40.336083366133856], [-3.6562312064695566, 40.33621905065694], [-3.655701809650692, 40.33644133636841], [-3.6554643865540712, 40.33653043144709], [-3.6558359406791534, 40.33695581095812], [-3.656301731953005, 40.33748326912102], [-3.656713362628238, 40.33796103191938], [-3.65693394063645, 40.33821050478175], [-3.6570421477508135, 40.338332955535606], [-3.6571726131823055, 40.33848032523764], [-3.6573458695857326, 40.33868168685654], [-3.65746399387576, 40.33881894598351], [-3.657561729188588, 40.33892974382713], [-3.6577391075152264, 40.339130991311514], [-3.6578926778250027, 40.339305256313764], [-3.6579875584298556, 40.33941291681075], [-3.658154920508432, 40.339600887034265], [-3.658258360742143, 40.3397169672209], [-3.658550398166758, 40.34004936506621], [-3.6598156883130737, 40.33934637562075], [-3.6616587136353864, 40.33832231526041], [-3.6616173961253806, 40.33827480296971], [-3.6615798047467956, 40.338235107334974], [-3.6615116418791134, 40.338163243588944], [-3.6615009365349174, 40.33815204334252], [-3.661446073042873, 40.33805559853638], [-3.6613911874114433, 40.337932756940724], [-3.6613485719961214, 40.33775227651811], [-3.6613054909181617, 40.33754819469112], [-3.661299068882514, 40.33732453352639], [-3.6612728271354853, 40.33719314955518], [-3.661253710770362, 40.33709217586299], [-3.6611910227339117, 40.33692973836906], [-3.6610604558599014, 40.3365433602369], [-3.6609994098240666, 40.33636812020271], [-3.6609241119932663, 40.336240439941704], [-3.6608443716462724, 40.33609179362047], [-3.6607703957317503, 40.33596680845362], [-3.6606990320219746, 40.33588027751503], [-3.660685331398471, 40.33586368878841], [-3.660674370025856, 40.33585032771905], [-3.660600552867089, 40.33580191956404], [-3.660478518048642, 40.335770814048395], [-3.6603607908271236, 40.33571058415812], [-3.660257736082902, 40.33563378359441], [-3.6601828460491967, 40.335559795220306], [-3.6601325285534405, 40.335458278651636], [-3.660119643030355, 40.33536826037821], [-3.660130061731723, 40.33531387555592], [-3.660121537991037, 40.33523653533326], [-3.6600811637401405, 40.33515261998559], [-3.660027862136154, 40.33508310298737], [-3.659949340953469, 40.335035081616475], [-3.6599305092403185, 40.335023477122355], [-3.659815513321103, 40.33496548337789], [-3.659815497797331, 40.334939717206154], [-3.659761351096197, 40.334904259610354], [-3.65969513848513, 40.33483869004449], [-3.6595764823433665, 40.33477954574082], [-3.6594379618964825, 40.334699433076366], [-3.6594282071028097, 40.33468903803673], [-3.659344336563978, 40.33459933423085], [-3.659251804541934, 40.3344905802605], [-3.659139650694026, 40.334373649580606], [-3.659080088405521, 40.33427759071846], [-3.659023644000227, 40.334223677037656], [-3.6589708840400905, 40.334173346011816], [-3.658859287642444, 40.334077313181574], [-3.6587435707363944, 40.33400544832012], [-3.6587214984832235, 40.33393899615172], [-3.6586159050962124, 40.33377013468787], [-3.6586136985730136, 40.33376113806745], [-3.6585741287543634, 40.33360226117255], [-3.6585645784290883, 40.333491772853876], [-3.6585737604500443, 40.33349172057617], [-3.658550879763329, 40.33341473222541], [-3.658549297541026, 40.33330041467892], [-3.6585215014333747, 40.333177957920185], [-3.6584955282355707, 40.33308558145312], [-3.658489143233143, 40.33294948901181], [-3.658460170215962, 40.33282703893029], [-3.658391737164669, 40.332690128476095], [-3.6583317756105767, 40.33255271930391], [-3.658269109829789, 40.33237928874095], [-3.6581948180827504, 40.33224511425467], [-3.658114085485893, 40.33216286927814], [-3.6580017264504034, 40.3320969306005], [-3.6578994776691722, 40.33201742052891], [-3.6578000977940524, 40.33190600152775], [-3.657789783101218, 40.331813625923125], [-3.6578240842329786, 40.33172117677884], [-3.6578422478207537, 40.33162773829822], [-3.6578342799196903, 40.33154670092321], [-3.6578134295336096, 40.331375554836924], [-3.657773546792942, 40.33119622851806], [-3.657728309616753, 40.33104738368301], [-3.657570813738179, 40.33083052702601], [-3.6574594578879163, 40.33067358928716], [-3.6573923533682833, 40.330563968474685], [-3.6573090125756025, 40.33041885358535], [-3.657272224851118, 40.330291402406395], [-3.6573053945517984, 40.33021580700623], [-3.657368252770077, 40.330094096010384], [-3.65743932321116, 40.32995738304769], [-3.6574474332947697, 40.32985904668562], [-3.657435819357212, 40.32976613784831], [-3.6574110249521548, 40.329661501878284], [-3.6574005316821676, 40.329538495967135], [-3.6574256937101692, 40.329171498694], [-3.6574384043354637, 40.32904989245783], [-3.6574657751183084, 40.32894694201249], [-3.6550431908633163, 40.33002133826956], [-3.6515383342314642, 40.33176999645642], [-3.6517886062829596, 40.33213661186053], [-3.6519944521388314, 40.33242491699565], [-3.652174701335496, 40.332658860482084], [-3.652350453971584, 40.33287805396762], [-3.6523657057020458, 40.33289706742854], [-3.652529671025562, 40.333102362868274], [-3.652746659890792, 40.33337357637994], [-3.6528433947626664, 40.33349213189446], [-3.6530365926585184, 40.33374978514964], [-3.653048738930135, 40.33376413127257], [-3.6535128954744422, 40.33349213516695], [-3.653873681662787, 40.33328063266938], [-3.654486607532687, 40.3329449074566], [-3.65450964251936, 40.33309928466647]]], [[[-3.6345798800004765, 40.36337956610231], [-3.634667911301611, 40.363377578514466], [-3.6347060982699246, 40.36337672028902], [-3.6347098677786125, 40.36337678969303], [-3.6345204632836117, 40.36327925995081], [-3.6344460106324883, 40.363240929083275], [-3.6343736647667715, 40.36320369473614], [-3.634364622937364, 40.36319903254881], [-3.6343639481834242, 40.36319866687497], [-3.6343622083441356, 40.36319775748532], [-3.634183809741232, 40.36310322992723], [-3.634178139587322, 40.36310017088265], [-3.6340371897812207, 40.363024014598224], [-3.6340234226364796, 40.36301656743584], [-3.6340189007754695, 40.363014132728466], [-3.6340065305806055, 40.36300745269238], [-3.6337511169482895, 40.36286614771585], [-3.633661925559772, 40.36281586989274], [-3.633573025775651, 40.36276527508254], [-3.6334336235527296, 40.36268444283899], [-3.633407105615019, 40.362668632877224], [-3.6333890464334724, 40.36265811900788], [-3.633358049511834, 40.36263941460098], [-3.633295948884285, 40.36260191625526], [-3.6332219920072033, 40.36255725745609], [-3.6323533800059735, 40.361975487493616], [-3.6323389853670687, 40.36196512459542], [-3.6323380958754843, 40.36196446278181], [-3.6321734422307808, 40.36184162226594], [-3.632172244020691, 40.36184069186408], [-3.632049343374703, 40.36174575850443], [-3.6320301845216783, 40.36173094405694], [-3.631949939439168, 40.36166727345742], [-3.6318888687673874, 40.361618813593324], [-3.6318881091657502, 40.36161818710312], [-3.631870021902178, 40.3616033487555], [-3.6317912511537234, 40.361538615918356], [-3.6317312920189186, 40.36148934808308], [-3.631712819811345, 40.36147363792561], [-3.631635511703402, 40.361407851929854], [-3.6315586138296094, 40.36134183841239], [-3.631482815804053, 40.361275035041395], [-3.6314251509053546, 40.36122420494358], [-3.6314238918157145, 40.36122305864659], [-3.6314074043743023, 40.36120799527112], [-3.63138938883668, 40.36119198526579], [-3.6313877019208176, 40.36119042688316], [-3.631333163788136, 40.361140201299726], [-3.6312592861592736, 40.36107216205139], [-3.6311865914012373, 40.36100339556715], [-3.6311205454024402, 40.360940349600924], [-3.6308688841016705, 40.360689673642405], [-3.630480155174306, 40.3602890933933], [-3.630437465501694, 40.360245109190856], [-3.630381303097328, 40.36018724323161], [-3.630362859983719, 40.36016826237299], [-3.6303550470383867, 40.36016016969275], [-3.630324177494146, 40.36012837346886], [-3.6303139744678115, 40.360129203862876], [-3.630313856786524, 40.36012921351339], [-3.630303734937051, 40.36012990832683], [-3.630303499490572, 40.36012991861915], [-3.6302934587341347, 40.360130468843316], [-3.6302931408520163, 40.360130479584875], [-3.6302832165182335, 40.36013088502722], [-3.6302827573178775, 40.3601308965389], [-3.6302748569512864, 40.360131119776554], [-3.6302729376303082, 40.36013115726366], [-3.6302723724412673, 40.36013116935289], [-3.6302650599777304, 40.36013129028536], [-3.63026337610323, 40.36013131748006], [-3.6302630228076516, 40.36013131940536], [-3.6302626695120646, 40.36013132133068], [-3.6302619864739323, 40.36013132505293], [-3.6302578763008415, 40.360131329433166], [-3.630253094782232, 40.3601313284626], [-3.6302527532631648, 40.360131330323696], [-3.630252388191065, 40.360131332313145], [-3.6302515872199517, 40.36013131865971], [-3.630247606169098, 40.36013127729018], [-3.630242824231038, 40.3601312312757], [-3.6302424707676657, 40.360131215183564], [-3.6302421173881845, 40.36013120810011], [-3.6302411985679894, 40.36013118607965], [-3.6302373465555124, 40.36013108995168], [-3.6302325286167783, 40.36013097205974], [-3.630232210482973, 40.36013095577504], [-3.630231845243094, 40.360130939747044], [-3.63023080848992, 40.36013090035086], [-3.630227073823223, 40.360130758537345], [-3.6302222788503458, 40.36013057745577], [-3.630221937163501, 40.3601305612994], [-3.6302215837001373, 40.36013054520717], [-3.6302204290140043, 40.36013048843524], [-3.630216811693098, 40.36013030093618], [-3.6302120278256944, 40.36013004772046], [-3.6302116743623327, 40.36013003162821], [-3.6302113325916077, 40.36013000646313], [-3.630210059888637, 40.36012992330671], [-3.6302065599974274, 40.36012969913082], [-3.630201787403301, 40.36012939179834], [-3.630201445548695, 40.36012935762453], [-3.630201103861862, 40.360129341468074], [-3.6301997131420682, 40.360129231927154], [-3.630196330596686, 40.36012896206581], [-3.6301915691080815, 40.36012858259918], [-3.6301912155608482, 40.36012855749818], [-3.6301908737901467, 40.36012853233301], [-3.6301893768300513, 40.360128396343434], [-3.6301861117144107, 40.36012808980531], [-3.630181373191765, 40.360127647149035], [-3.6301810195606667, 40.36012761303931], [-3.6301806541530377, 40.36012757899377], [-3.6301790627291854, 40.3601274164913], [-3.6301759151271735, 40.36012708228511], [-3.6301711642409753, 40.36012657663175], [-3.630170834162917, 40.36012654239367], [-3.6301704804479367, 40.36012649927521], [-3.6301687708395374, 40.36012629237081], [-3.630165764388077, 40.36012593937696], [-3.630161036467903, 40.36012537053398], [-3.630160682752934, 40.36012532741549], [-3.6301603289540956, 40.36012527528832], [-3.6301585130215606, 40.36012503292648], [-3.6301556005307196, 40.36012465239295], [-3.6301509074369864, 40.36012402930487], [-3.630150565414673, 40.36012397711351], [-3.630150211615848, 40.3601239249863], [-3.6301482774987943, 40.36012363822248], [-3.6301455179350626, 40.36012323883715], [-3.63014081239397, 40.36012254374329], [-3.6301404586790285, 40.36012250062476], [-3.630140128349371, 40.36012243936049], [-3.630138076047841, 40.36012210819467], [-3.6301354339977645, 40.36012168114138], [-3.6301307515066576, 40.360120931866604], [-3.630130421260893, 40.360120879611024], [-3.6301300674620895, 40.36012082748376], [-3.630127920445249, 40.3601204427789], [-3.630125395992733, 40.36011999706635], [-3.6301207246912384, 40.36011918466613], [-3.6301203943616143, 40.36011912340182], [-3.630120040478952, 40.36011906226582], [-3.630117798914575, 40.36011864203929], [-3.630115392143487, 40.360118186676196], [-3.6301107555007857, 40.360117302013556], [-3.6301104016181536, 40.36011724087754], [-3.6301100712046734, 40.36011717060448], [-3.6301077113720064, 40.360116696967204], [-3.6301054459192503, 40.360116240833996], [-3.6301008204662164, 40.3601152930459], [-3.6301004664997287, 40.36011522290115], [-3.6301001360862686, 40.36011515262809], [-3.6300976814544903, 40.360114616443035], [-3.6300955219066666, 40.36011415072347], [-3.630090931280225, 40.360113148690345], [-3.6300906007829137, 40.360113069408555], [-3.630090258509084, 40.360112990190906], [-3.6300876973017173, 40.36011239152219], [-3.6300856790722187, 40.36011192503255], [-3.6300810877751184, 40.36011085092947], [-3.63008075744557, 40.36011078966505], [-3.6300804151717636, 40.36011071044738], [-3.630077771025732, 40.360110058175394], [-3.6300758704776706, 40.36010958203529], [-3.6300713022306907, 40.36010845375134], [-3.6300709599569054, 40.360108374533645], [-3.6300706412361583, 40.36010829518763], [-3.6300679022072346, 40.3601075713591], [-3.6300661195083324, 40.360107103585975], [-3.6300615860041576, 40.36010591204831], [-3.630061255506904, 40.36010583276645], [-3.630060924925794, 40.36010574447586], [-3.630058079321382, 40.36010495816367], [-3.630056426248138, 40.36010449869335], [-3.630051915710272, 40.36010324396612], [-3.6300515969056937, 40.36010315561135], [-3.6300512545481034, 40.3601030673849], [-3.630048325837367, 40.36010220945199], [-3.6300467670602443, 40.360101758476986], [-3.630042314985982, 40.36010045838513], [-3.6300419843210587, 40.36010036108581], [-3.630041665348776, 40.360100254713636], [-3.630038641839119, 40.360099334232814], [-3.630037200995006, 40.360098900633574], [-3.6300327600267073, 40.360097528407614], [-3.630032452830979, 40.36009742197127], [-3.6300321221660834, 40.360097324671905], [-3.6300290272428306, 40.36009632349754], [-3.630027716024347, 40.36009589820115], [-3.6300233099666674, 40.360094480738915], [-3.6300229792179355, 40.36009437443083], [-3.6300226602457224, 40.36009426805861], [-3.6300194703558764, 40.360093186318934], [-3.6300182770703775, 40.36009277839831], [-3.6300138939790845, 40.360091297746536], [-3.6300135750068985, 40.360091191374295], [-3.6300132441743376, 40.36009107605749], [-3.630009994731341, 40.36008992256875], [-3.630008919462663, 40.36008954103259], [-3.630004582890818, 40.360087997063], [-3.630004252058288, 40.360087881746175], [-3.630003944778776, 40.360087766301056], [-3.630000612145781, 40.36008653218284], [-3.62999963125703, 40.36008616815079], [-3.6299953295119893, 40.360084569936234], [-3.629995010455994, 40.36008445455521], [-3.6299946913161523, 40.36008433016552], [-3.6299912871858377, 40.36008300634499], [-3.629990436174249, 40.36008267764202], [-3.6299861692560262, 40.360081025182474], [-3.6299858265631895, 40.36008090092105], [-3.6299855426690515, 40.360080767330196], [-3.6299820553488016, 40.360079362880164], [-3.6299813105774654, 40.360079060625864], [-3.629977078402235, 40.36007734491269], [-3.629976759262459, 40.360077220522946], [-3.629976451815341, 40.36007708706035], [-3.6299729047743563, 40.36007559284382], [-3.629972266327114, 40.360075326046925], [-3.629968069062605, 40.360073565097494], [-3.629967761531654, 40.36007342262617], [-3.629967442308059, 40.360073289227735], [-3.6299638355463757, 40.36007170524468], [-3.629963303423207, 40.36007147390521], [-3.629959152678224, 40.36006964963801], [-3.6299588569238317, 40.360069507102516], [-3.629958549392918, 40.360069364631165], [-3.6299548711340615, 40.360067690945804], [-3.6299544453349566, 40.360067495063745], [-3.629950341109515, 40.36006560747876], [-3.6299500218859904, 40.360065474080244], [-3.6299497143551247, 40.360065331608894], [-3.629945987984436, 40.36006355007545], [-3.6299456685932245, 40.36006339865953], [-3.6299416110550453, 40.360061465774194], [-3.629941291747706, 40.36006132336695], [-3.6299410077698866, 40.36006118076728], [-3.629937209734405, 40.360059291514084], [-3.6299369967510526, 40.36005918456432], [-3.629932974039798, 40.36005719743408], [-3.6299326665089935, 40.36005705496267], [-3.6299323824473704, 40.36005690335429], [-3.6299285247751767, 40.36005493334326], [-3.6299284064231587, 40.360054870923825], [-3.629924430315338, 40.360052829484495], [-3.629924122784572, 40.360052687013074], [-3.629923850331786, 40.36005251732315], [-3.629919920827178, 40.360050421574954], [-3.6299160031831588, 40.36004833477115], [-3.629915695568594, 40.360048183291035], [-3.629915423199694, 40.360048022609746], [-3.629911552075037, 40.36004587248838], [-3.6299114810806143, 40.36004583683846], [-3.629907669090283, 40.36004371342233], [-3.6299073851126065, 40.360043570822576], [-3.6299071009672392, 40.360043410205456], [-3.629903264753408, 40.36004121484789], [-3.6299030990438736, 40.36004112565889], [-3.629899440232462, 40.36003901041736], [-3.629899156170988, 40.36003885880892], [-3.6298988837183197, 40.360038689118895], [-3.6298951059683, 40.3600364483969], [-3.629894845459848, 40.36003629666016], [-3.6298913280508422, 40.36003418965739], [-3.6298910439055514, 40.36003402904019], [-3.6298907832294276, 40.36003385928607], [-3.6298870519990443, 40.36003155524636], [-3.6298867085520503, 40.360031349906386], [-3.629883320852769, 40.360029260215235], [-3.6298830484001785, 40.360029090525195], [-3.629882775947591, 40.36002892083516], [-3.629879103181055, 40.36002657143105], [-3.6298786884881853, 40.36002630341499], [-3.6298754304147622, 40.360024222026794], [-3.6298751461857095, 40.36002405240088], [-3.629874885425822, 40.360023873637985], [-3.629871271123127, 40.36002147886945], [-3.629870773407915, 40.36002114824146], [-3.6298676568206893, 40.36001908410078], [-3.6298673960608294, 40.36001890533789], [-3.629867135300981, 40.36001872657498], [-3.629863567685629, 40.360016286506166], [-3.62986298686427, 40.36001588425755], [-3.629859999986694, 40.360013837428546], [-3.629859739226885, 40.360013658665636], [-3.629859478467078, 40.360013479902705], [-3.6298559692317345, 40.3600109854608], [-3.6298553053880886, 40.360010520600234], [-3.6298519501697744, 40.360008124420084], [-3.6298477760015375, 40.36000504800428], [-3.629844538716417, 40.36000266919996], [-3.6298403517662985, 40.35999948474366], [-3.629840102615421, 40.35999928789918], [-3.629837255967347, 40.35999712318694], [-3.6298330560676986, 40.35999381267277], [-3.6298328306375223, 40.35999363371738], [-3.629830101838724, 40.35999147737233], [-3.6298259360117306, 40.359988031535075], [-3.6298188742525936, 40.35998218701536], [-3.6297704259298484, 40.35999006357463], [-3.6297693440011223, 40.359990231630775], [-3.6297682503797213, 40.359990408759764], [-3.6297412509421814, 40.359994790077565], [-3.629704079666609, 40.36000082139234], [-3.6296490930536214, 40.36000975153398], [-3.6278395813962914, 40.36030343116602], [-3.6259187376797883, 40.360615135813894], [-3.625500379335555, 40.36068302188246], [-3.6247666743434426, 40.3608020706339], [-3.624348313553787, 40.360869943541374], [-3.6241900640101017, 40.360895626957344], [-3.624101319511975, 40.36091063764631], [-3.624098756102718, 40.36091107490938], [-3.6240086945880092, 40.36092758815357], [-3.6240078010560777, 40.36092775513937], [-3.623919396951164, 40.36094520533247], [-3.6239172456399755, 40.360945631359215], [-3.623828453619574, 40.36096444395751], [-3.623827125346062, 40.360964721396705], [-3.6236740305873694, 40.361000277360496], [-3.623663313495346, 40.361002857715775], [-3.6236496703168473, 40.361006138544255], [-3.6236482014686686, 40.36100649782182], [-3.6236469912924987, 40.361006810658715], [-3.623640340962658, 40.361008504203625], [-3.623617264760247, 40.361014403502196], [-3.623588489974865, 40.361021756968384], [-3.623544231353923, 40.36103330208281], [-3.6235096922067696, 40.3610426415938], [-3.6234302110166094, 40.361064773112545], [-3.623410758928874, 40.36107031949542], [-3.623389685885508, 40.361076334079016], [-3.623383754418799, 40.36107807778931], [-3.623379032632658, 40.36107945461294], [-3.6233229045373387, 40.36109634298249], [-3.6232982641372624, 40.36110376418535], [-3.6232970426788094, 40.361104131134326], [-3.623296690290344, 40.36110423213415], [-3.623296161915075, 40.36110440615563], [-3.6232707498882117, 40.36111244413354], [-3.623269235090369, 40.361112929782024], [-3.6232684131269672, 40.361113195477095], [-3.6232677084328206, 40.36111340648527], [-3.6232660761167725, 40.3611139197945], [-3.6232125278100638, 40.36113087529013], [-3.62321029662311, 40.361131581017844], [-3.623125136373138, 40.36115986915248], [-3.6231245023383485, 40.361160079779076], [-3.6230393898695223, 40.36118972797512], [-3.6230384391067716, 40.36119007544478], [-3.622956742973179, 40.361219831303835], [-3.6229549587986, 40.36122048056394], [-3.62295242381591, 40.36122144918847], [-3.622872641406258, 40.361251843339], [-3.622871256560998, 40.36125237332817], [-3.622789550232792, 40.36128487691537], [-3.622788271211018, 40.36128538831537], [-3.6227084077769205, 40.36131851256194], [-3.62270606129776, 40.36131948917524], [-3.6226274189102536, 40.361353489688305], [-3.6226246387610046, 40.36135469386348], [-3.6225475807575416, 40.36138937949729], [-3.622544038679682, 40.361390975165385], [-3.6224682716348493, 40.36142645561178], [-3.6224642727452245, 40.36142832401066], [-3.6224604504239717, 40.36143018244995], [-3.622388577176294, 40.361465182420304], [-3.622385364591676, 40.36146674928294], [-3.6223111707999767, 40.36150427524642], [-3.622307372603614, 40.36150619661488], [-3.622302848388815, 40.36150857234734], [-3.6222967417641696, 40.36151176741781], [-3.6222959331427513, 40.36151220420805], [-3.622295206544558, 40.361512595511186], [-3.622295065803101, 40.361512659332554], [-3.622293366288418, 40.361513551373996], [-3.6222606419966055, 40.361530745736296], [-3.6222221876649816, 40.36155110610233], [-3.6221841138115844, 40.36157186081136], [-3.62214611158933, 40.361592723232306], [-3.622108525175204, 40.36161397980674], [-3.6220710340283064, 40.361635352975455], [-3.6220664647595178, 40.3616379541698], [-3.622063067042674, 40.3616398823853], [-3.622060173989117, 40.361641618694115], [-3.6220516117675263, 40.36164673689957], [-3.6220094638863904, 40.36167145046273], [-3.6220046845346605, 40.361674259994984], [-3.6220011592565347, 40.36167640511434], [-3.6219991682116346, 40.36167761403965], [-3.6219509029954984, 40.361706928121066], [-3.6219415337042555, 40.36171265427173], [-3.6219314495857273, 40.361718771659184], [-3.6218874682798905, 40.36174647706624], [-3.6218686626555527, 40.36175832611966], [-3.6218639552772487, 40.361761279405506], [-3.621859319304497, 40.36176431338956], [-3.6218283294880846, 40.361784444295616], [-3.6217973873399316, 40.361804638001104], [-3.6217938283733617, 40.3618069634783], [-3.6217881152165283, 40.36181068794634], [-3.6217205439496505, 40.36185637625286], [-3.6217180391826638, 40.361858074429136], [-3.621700485980727, 40.36187036717997], [-3.6216912412829787, 40.361876840400086], [-3.621678755087034, 40.36188558333166], [-3.6216499679282452, 40.36190575640448], [-3.62164906682094, 40.36190638287948], [-3.621647042749502, 40.36190784423249], [-3.621590077767505, 40.36194914205015], [-3.621584859960075, 40.36195294492819], [-3.6215830231571307, 40.36195427914544], [-3.6215820406035046, 40.361955014167464], [-3.621581221767424, 40.3619556221815], [-3.621549628429625, 40.361979305861794], [-3.6215180351524565, 40.362002998542266], [-3.6215162575620923, 40.36200436847685], [-3.621514480054402, 40.362005747420106], [-3.6214834322942275, 40.36202985158044], [-3.6214524200079983, 40.36205397356005], [-3.6214519873245825, 40.36205430922362], [-3.621450642497705, 40.36205535250234], [-3.621448900483412, 40.362056749272185], [-3.6214184099950324, 40.362081264841436], [-3.621387954980663, 40.362105798230274], [-3.621387078083787, 40.362106496646376], [-3.621386189492726, 40.36210720413443], [-3.621384494748748, 40.36210861866761], [-3.6213545732264594, 40.362133536574746], [-3.6213246637071914, 40.362158481437035], [-3.6213233897857684, 40.36215955136077], [-3.6213229572664485, 40.36215990504131], [-3.6213212863217525, 40.36216134647316], [-3.621291921906172, 40.36218665777361], [-3.6212625812705665, 40.36221199596629], [-3.621260922100194, 40.36221343733399], [-3.6212592867316546, 40.362214905601306], [-3.6212305028114726, 40.362240592152084], [-3.6212017663078946, 40.36226631447759], [-3.6212003760191975, 40.36226753818056], [-3.6211996987469317, 40.36226817245892], [-3.621198519450245, 40.36226928691877], [-3.621127262399499, 40.36233566166601], [-3.621121085076705, 40.36234143367104], [-3.621120034083365, 40.36234241230378], [-3.621119765446561, 40.36234265699357], [-3.6211196953637996, 40.36234272043402], [-3.6211196252810374, 40.36234278387445], [-3.6211195202809265, 40.36234289254818], [-3.6211193568922817, 40.362343055590365], [-3.621100095785875, 40.36236177193731], [-3.6210715544379166, 40.36238952024096], [-3.621042855795488, 40.36241809822401], [-3.62101495374482, 40.36244621245573], [-3.6209870813422804, 40.3624749931986], [-3.620961591988653, 40.3625016439892], [-3.6208984308171948, 40.362569867046666], [-3.6209717310710916, 40.3625939063154], [-3.6210993324000866, 40.36263918580116], [-3.6211678951235573, 40.36266673692846], [-3.6212317176178934, 40.36268981791134], [-3.6212942892775506, 40.362707500088305], [-3.621419472792851, 40.36274466595434], [-3.621537606792166, 40.362783671400024], [-3.621597879869628, 40.36280496942506], [-3.6216628520935807, 40.36282625116856], [-3.621723093334343, 40.362846639375036], [-3.6218400451196495, 40.36288384002656], [-3.621945163501932, 40.36291751855509], [-3.621998333990881, 40.36293615182104], [-3.622050326805937, 40.36295479139673], [-3.622097625399626, 40.36297525802934], [-3.6221343246891387, 40.3629957816604], [-3.6221710440604884, 40.36301720608663], [-3.622182855525533, 40.363023448948766], [-3.6222642822987634, 40.36305506541554], [-3.6223751433253777, 40.36308560449635], [-3.6224493461419613, 40.36310393517552], [-3.6224871033926145, 40.363112696060035], [-3.6225667375727473, 40.363129943359226], [-3.622637827413837, 40.36313890314113], [-3.6226792006154813, 40.36314384263453], [-3.622860138034066, 40.36315764331664], [-3.622949407918197, 40.36315969407752], [-3.622955568897802, 40.36315983206561], [-3.6229850115550986, 40.363159673469994], [-3.6230426907971744, 40.36315756092381], [-3.623201565069889, 40.363144101124696], [-3.623268652740269, 40.36313922601345], [-3.623288657061983, 40.363137307366], [-3.6233133556929906, 40.36313357059432], [-3.623327463350999, 40.36313080082387], [-3.623681346653293, 40.36306312617705], [-3.623731924990935, 40.36305474517613], [-3.623911894322076, 40.36303125155736], [-3.6239636385327536, 40.3630228641656], [-3.6240588663757163, 40.36300433205722], [-3.6241928835788886, 40.3629774822905], [-3.6244526501936027, 40.36292382693291], [-3.6244879216690293, 40.362914627333566], [-3.6245266777435083, 40.362902706161876], [-3.624574822156003, 40.36288713061659], [-3.624627652403984, 40.36286882699888], [-3.6246886932625824, 40.36284687534859], [-3.6247778942184357, 40.36281215873392], [-3.6248295016038594, 40.36279025797054], [-3.6248588193153077, 40.36277658584958], [-3.624906900383608, 40.362752893264975], [-3.6249467474198376, 40.36273286683261], [-3.625014729433509, 40.362697363778516], [-3.625069806633302, 40.362667335921685], [-3.6251334262951076, 40.362631342853426], [-3.6251518209263653, 40.36262093695707], [-3.6251764452308572, 40.3626130109351], [-3.625213499591787, 40.362596675239786], [-3.6252676343896417, 40.36257684173101], [-3.625322275271033, 40.36255569913393], [-3.6253830833327605, 40.36253664932176], [-3.625407058060554, 40.362529807861186], [-3.625512269110671, 40.36248291382337], [-3.6256010502603138, 40.36241817134907], [-3.6256011323656887, 40.362418134868335], [-3.6256660365219826, 40.36235680083001], [-3.6256661066837506, 40.36235674639552], [-3.6256971722781755, 40.362333442834235], [-3.6257500207404787, 40.36230190416434], [-3.6257612098756242, 40.362295591274005], [-3.625801754609953, 40.36227720043673], [-3.6258465191953086, 40.36226301204101], [-3.625885581073149, 40.36225238607655], [-3.6259344581761903, 40.3622422565355], [-3.6259781176013957, 40.36223592103952], [-3.6260144590135797, 40.362231679225026], [-3.6260624194389672, 40.362228131271], [-3.6260974357782567, 40.36222578852486], [-3.6261398202823156, 40.36222295541981], [-3.626139890943674, 40.36222295503726], [-3.6261399733819255, 40.362222954590926], [-3.626140126398172, 40.362222944753356], [-3.626173507137166, 40.36222203428491], [-3.626231285677814, 40.36222056827104], [-3.6263183243302417, 40.36222089875883], [-3.6264057475596707, 40.3622246055292], [-3.626444055835509, 40.3622267314045], [-3.626470427616046, 40.36222821921206], [-3.6265136263922377, 40.3622306519117], [-3.626582443052499, 40.36223582873328], [-3.6266426400071605, 40.36224370090846], [-3.6266923379486986, 40.362256089473235], [-3.6267380452913787, 40.362268688834426], [-3.626769025541512, 40.3622781787518], [-3.626828131277825, 40.36229920109282], [-3.626875181971816, 40.362314414781146], [-3.6268984823186106, 40.362321252555454], [-3.626921806307352, 40.362328099206074], [-3.6269428442355998, 40.36233608438818], [-3.6269718339213353, 40.362344278715035], [-3.627010440479472, 40.36235697952653], [-3.6270602134815193, 40.36237109728232], [-3.6271007305137353, 40.36238533727872], [-3.6271512343658356, 40.36240587455557], [-3.6271780531398816, 40.36241491845359], [-3.6272469840805215, 40.36243748191678], [-3.6272791510222153, 40.362447920230615], [-3.62731697824525, 40.362461661218404], [-3.627345216475107, 40.36247136405516], [-3.6273773929697524, 40.36248155904268], [-3.6274118640553032, 40.36249280465271], [-3.627529568497529, 40.36253088736975], [-3.6276208337793396, 40.36255514025971], [-3.6277069241975837, 40.36257889863364], [-3.6277321100328366, 40.36258583411555], [-3.6277854687260653, 40.36260049066287], [-3.627831418968702, 40.36261256574111], [-3.628044433362498, 40.3626652027974], [-3.628261631371188, 40.3626939785272], [-3.62838763790428, 40.36270902392157], [-3.6284257773930495, 40.36271830332027], [-3.628478439969906, 40.362731530874925], [-3.6285271624886715, 40.36274153652505], [-3.6285605758476622, 40.362750454170445], [-3.628588904193823, 40.36275714715717], [-3.6286184002853084, 40.36276276170112], [-3.628638229046608, 40.36276732966956], [-3.628662562438896, 40.36277503535934], [-3.6286806456657414, 40.362781874104996], [-3.6287326633337273, 40.36279793392169], [-3.628735032182097, 40.36279810122661], [-3.6288113778564486, 40.36280480338018], [-3.6288256758995363, 40.36280607701172], [-3.6288436997408615, 40.36280778984951], [-3.6288557247426234, 40.36280906682751], [-3.6288737645483042, 40.362811230031205], [-3.628891688092184, 40.36281355602897], [-3.6289154984856067, 40.36281694011834], [-3.628939334947135, 40.362820594335474], [-3.6289750753278778, 40.3628264360957], [-3.6290224950340435, 40.36283437651802], [-3.6290819440339717, 40.36284405331851], [-3.6291201668723367, 40.36284961125618], [-3.6291391296575735, 40.36285223787332], [-3.629169566872569, 40.36285645974802], [-3.6292189770680254, 40.36286313698944], [-3.629289384509254, 40.362873375693084], [-3.6293173403981394, 40.3628779984236], [-3.6293383394825955, 40.36288175808929], [-3.6293591047049634, 40.362885699206785], [-3.62937986150411, 40.36289000073227], [-3.6294087889386617, 40.36289651007448], [-3.6294370013331734, 40.36290338366693], [-3.62946273637251, 40.36290982027874], [-3.6294935354004254, 40.36291748159312], [-3.629585264128789, 40.36293951415571], [-3.6296291751868046, 40.362950086081845], [-3.6297203116737364, 40.36297301366684], [-3.6297351513460736, 40.36297679778874], [-3.6298240713927394, 40.36299947609514], [-3.6299067645743586, 40.3630275847274], [-3.6300074570703984, 40.363064874673], [-3.63003623915503, 40.36306967291161], [-3.6300827931346764, 40.36308326634966], [-3.630117256914338, 40.36309364631213], [-3.63014227791697, 40.36309927583931], [-3.6301822591165713, 40.36310518421045], [-3.6302032113045875, 40.36310516013245], [-3.630240303129302, 40.363103066087184], [-3.630271801820004, 40.36309604748033], [-3.630301292534688, 40.363088409168064], [-3.6303377292583723, 40.363080471725404], [-3.6303793653789316, 40.363071857272644], [-3.6303841551898275, 40.363071461789886], [-3.630695940802793, 40.36304580659753], [-3.631013045274781, 40.363076518804455], [-3.6310486086978813, 40.36307724369298], [-3.6310546281885303, 40.36307736400328], [-3.6311122220584626, 40.36309265357041], [-3.631112481825316, 40.363092724226014], [-3.63111262340176, 40.36309275048089], [-3.631119777759304, 40.36309458534187], [-3.6311848920279695, 40.36310423014383], [-3.631228752247228, 40.36311057644914], [-3.631301339137843, 40.363113243356594], [-3.631390359230556, 40.36311248711987], [-3.6315474856630896, 40.363111331894714], [-3.6316292521877442, 40.3631107322028], [-3.6316293935121635, 40.363110731430965], [-3.6316295465295334, 40.36311072158612], [-3.6316370687754267, 40.36311032914659], [-3.6318031830171242, 40.363101764013685], [-3.6318011182477066, 40.363103892442915], [-3.631794235654014, 40.36311098420382], [-3.6317907782397376, 40.3631191113232], [-3.6317895371848876, 40.363123685740234], [-3.6317873511007948, 40.36313174285038], [-3.631786316377598, 40.36314706405209], [-3.631781849467804, 40.36317321497893], [-3.6317772648073956, 40.36318675374365], [-3.6317769937647593, 40.36318799848651], [-3.631773255360758, 40.36320513628676], [-3.631772747428882, 40.36320749945781], [-3.631765866226309, 40.363227357169855], [-3.6317554434920174, 40.363246333312695], [-3.6317415212737556, 40.363268932228884], [-3.6317310144270403, 40.36327889968249], [-3.631712314089373, 40.36329431737767], [-3.6316994265921987, 40.36330159508803], [-3.631691815230894, 40.363305060137264], [-3.6317321400193667, 40.363296019921336], [-3.6318876916058693, 40.3632611245733], [-3.6319526165977924, 40.36325173365006], [-3.6319530630323547, 40.36325161409172], [-3.6319567278839098, 40.36325056702322], [-3.6319798565048917, 40.363243972071984], [-3.6319886664135055, 40.363241473442066], [-3.6320161040886414, 40.36323723335098], [-3.6320353094328772, 40.3632342815054], [-3.632149971656526, 40.36322617722986], [-3.632252159453337, 40.36320652824769], [-3.632304741418868, 40.36319966410075], [-3.6323384532331136, 40.36320137170354], [-3.632367749462539, 40.363198148409886], [-3.632471441267197, 40.36319073444017], [-3.6325908234665065, 40.36318611748229], [-3.6326731693565155, 40.36318827068184], [-3.632749194562448, 40.363194620629905], [-3.632818088772158, 40.36320667630012], [-3.6328973931505084, 40.3632236299911], [-3.633023908680484, 40.363251325392724], [-3.6331225166034, 40.363268263360176], [-3.6332644961455465, 40.36328586467987], [-3.6334044666603162, 40.36329140457264], [-3.633500127524176, 40.363294204990055], [-3.6336388875520225, 40.3632962466719], [-3.633729025608701, 40.36328782473536], [-3.6338713212398575, 40.36328885575845], [-3.633958383294692, 40.36329279303194], [-3.633998692111468, 40.363297166731776], [-3.634101603306957, 40.363318314571565], [-3.634175473790316, 40.363333495348776], [-3.6342559284889635, 40.36334746878083], [-3.6343310438934635, 40.36335849842412], [-3.6344995282507138, 40.36337658348855], [-3.6345798800004765, 40.36337956610231]]], [[[-3.573613667878671, 40.35553233262347], [-3.5736260416739287, 40.35553335235483], [-3.573644543488283, 40.355534882241415], [-3.573656916520959, 40.35553581188149], [-3.57366068784448, 40.355536153542786], [-3.5736995517547228, 40.355539168037595], [-3.5737546069784836, 40.35554343555629], [-3.5738098760832666, 40.355547927217], [-3.573819858394871, 40.35554884167315], [-3.573859492942257, 40.355552464914574], [-3.573860577312866, 40.35555257665349], [-3.5739667593382114, 40.35549918392644], [-3.5740154036893914, 40.355472365448584], [-3.5740533492565043, 40.35544902353907], [-3.5741671285867738, 40.355381971047784], [-3.574292156213489, 40.35530684442694], [-3.574370192122304, 40.35526177141337], [-3.5744691498328263, 40.35521199975197], [-3.5745562695312385, 40.355166070667565], [-3.574589663787458, 40.355146264769125], [-3.5746287758430983, 40.35512165559066], [-3.574668967720084, 40.355095239198725], [-3.5747158150811056, 40.35506627616151], [-3.5747805219178144, 40.355031170185825], [-3.5748715903803627, 40.35498018511066], [-3.5748729617921695, 40.35497943053263], [-3.574873090713281, 40.35497935781842], [-3.574873231333629, 40.35497927603692], [-3.574911802904308, 40.354958993852684], [-3.575015026021523, 40.354897128226675], [-3.575074220441454, 40.354863310776544], [-3.575088690180969, 40.354850454810354], [-3.5751004253362058, 40.35484562159622], [-3.5751482607135503, 40.35480547308451], [-3.5751812898643527, 40.35478431745409], [-3.57524023215621, 40.354736095501956], [-3.5753043659128405, 40.35468766751289], [-3.575348964832217, 40.354656093732444], [-3.575386292652485, 40.354628069686086], [-3.575428664837317, 40.35459776823697], [-3.5754804864354695, 40.3545569691121], [-3.5755044810331857, 40.35453973228704], [-3.5755352534183613, 40.35451633549065], [-3.5755797167423524, 40.35448269018517], [-3.575629361384468, 40.35444902808446], [-3.575678386189336, 40.35441310774453], [-3.575726985687734, 40.354379802161624], [-3.5757854342417965, 40.35434284385664], [-3.575837886640256, 40.35430564510047], [-3.5758885490871837, 40.35426845523293], [-3.575997290422292, 40.35419241684452], [-3.5760619500336053, 40.35415055350302], [-3.576092612803231, 40.354128157121956], [-3.576134998651946, 40.35410091846431], [-3.5761957269835647, 40.354053768226194], [-3.5763019094869692, 40.3539801747751], [-3.576307294802118, 40.35397645417903], [-3.576411521513701, 40.35390692450127], [-3.576473474062429, 40.35386805645713], [-3.5764896507421193, 40.35385933602744], [-3.5765589636496484, 40.35382466556279], [-3.576622038258177, 40.353791737901524], [-3.576697328986139, 40.35374136158466], [-3.576742411204969, 40.35371275788247], [-3.5767965480049893, 40.353679874694556], [-3.576864111679237, 40.353636203593986], [-3.5769337736165285, 40.353588648041395], [-3.5769879509203095, 40.353560539424905], [-3.5770218525830875, 40.35353136074701], [-3.5771188531052105, 40.353458352901654], [-3.5771774163198176, 40.35342121313467], [-3.5772114778339743, 40.353396988650076], [-3.5772911248130477, 40.35333280616439], [-3.577402016970661, 40.35324559334363], [-3.5774376792329625, 40.353215775111124], [-3.577467101333508, 40.353186087124755], [-3.5774875693238637, 40.35315588527016], [-3.5774911121123165, 40.35314325473347], [-3.5775434017257908, 40.35315758850358], [-3.5775659473509154, 40.35316387243534], [-3.577544729428901, 40.35321659198093], [-3.577529280998555, 40.35324162454101], [-3.5775683394744537, 40.3532234111475], [-3.577610502880854, 40.35318265929295], [-3.577654079286721, 40.35314190036569], [-3.57773525404161, 40.35307743966701], [-3.5777481554343757, 40.353067194852066], [-3.5778098482615466, 40.35301463343796], [-3.5778456802668592, 40.35299094047131], [-3.578010982309818, 40.352887950420175], [-3.578055776831272, 40.35286853700239], [-3.5781289874002584, 40.35283681914258], [-3.5781547796027384, 40.35280822121648], [-3.5781852570693564, 40.35277806830272], [-3.578279037195313, 40.35271157119497], [-3.578351125673594, 40.35266157017466], [-3.5784123088666746, 40.35261423630842], [-3.5784739729943316, 40.35256807119723], [-3.578518192680856, 40.35253379533225], [-3.5786727841831034, 40.35240689349154], [-3.5788318434455118, 40.352265464307024], [-3.5788721430242427, 40.35222724388598], [-3.5790024684775474, 40.35209956213073], [-3.5790621885806515, 40.35204511799168], [-3.579142097613588, 40.35197066244779], [-3.579190224047611, 40.35193889834054], [-3.579313158324013, 40.3518558486763], [-3.579454396030339, 40.351765049380774], [-3.579626200482598, 40.35165607837498], [-3.579713953229238, 40.35160113304187], [-3.5798825271449193, 40.35149866445463], [-3.580057511129644, 40.351389866057346], [-3.5802040626390355, 40.351301021212436], [-3.5801451080259814, 40.35130582152978], [-3.5800751324428606, 40.35130111835263], [-3.580080859656254, 40.3512700079612], [-3.580017690389072, 40.35126392824501], [-3.5798366565539395, 40.35123141190436], [-3.579551713792571, 40.351165721663655], [-3.5793282500519807, 40.351113587922], [-3.5791456819519922, 40.351068195055674], [-3.578849794392408, 40.351251004028036], [-3.5782968789486422, 40.351597884513026], [-3.5780642643466365, 40.351747014098734], [-3.5780641823050443, 40.35174705955468], [-3.577618918172349, 40.352032487641324], [-3.577213419108897, 40.35229743590153], [-3.576932022884151, 40.352483699225445], [-3.5767755916296506, 40.352588571470015], [-3.5763791399179716, 40.3528547059318], [-3.576027059737384, 40.3530948968488], [-3.5753799800421606, 40.35354457652073], [-3.575381512228314, 40.353537803006716], [-3.5753223023632055, 40.353584891213295], [-3.5749820676331727, 40.35382582182662], [-3.5745418326417644, 40.35414222259808], [-3.5740538525120735, 40.354498832382724], [-3.573908318829539, 40.35460670976081], [-3.5737709999096903, 40.35470849203637], [-3.5734893577465545, 40.35491945132252], [-3.5731592248177018, 40.355170020325374], [-3.573016342777427, 40.355278469029834], [-3.5727634423261647, 40.35547138290514], [-3.5729060867558022, 40.35550451486783], [-3.5730440521821047, 40.35552744442434], [-3.573105034226568, 40.355537673987726], [-3.573208134375296, 40.3555430370429], [-3.5733756104627923, 40.35554499073198], [-3.5734242034899677, 40.3555398848666], [-3.573449383188964, 40.355537327547246], [-3.5735854324262757, 40.355530049188296], [-3.573613667878671, 40.35553233262347]]], [[[-3.582462703217727, 40.34945992241092], [-3.582469600786126, 40.34946781575447], [-3.5825371439870244, 40.34953216150811], [-3.582581817650489, 40.34957027056235], [-3.582613786757879, 40.349597542486705], [-3.5826934281781644, 40.34965696224719], [-3.5827258114281553, 40.3496844572831], [-3.5828417416210656, 40.349623160275215], [-3.5828762477003124, 40.34960452657522], [-3.5829103084902956, 40.3495861473661], [-3.5829841731603955, 40.34954901762129], [-3.583247476847654, 40.34941327317585], [-3.583444055415349, 40.34930831577018], [-3.583668644432032, 40.349189441644455], [-3.5837884608236665, 40.34912838534082], [-3.583800302008904, 40.349122379513574], [-3.583878710301677, 40.34908108203905], [-3.583948228904456, 40.34904532499421], [-3.5841951797754628, 40.34891173305909], [-3.584313349190171, 40.34884960342755], [-3.5843935286034245, 40.34880757592122], [-3.5844882431148433, 40.34875926758194], [-3.584533505088671, 40.34873724563464], [-3.584594737811248, 40.34870746712622], [-3.5846496799010437, 40.34867601764813], [-3.584668628769252, 40.34866132698902], [-3.5846810245697176, 40.34863775036326], [-3.584686391273446, 40.34861970487028], [-3.5846879833066376, 40.348598164877615], [-3.58468411223589, 40.34857259836969], [-3.5846758079721446, 40.34855182012883], [-3.584654685392351, 40.34851932267267], [-3.5846829190322818, 40.34850260305731], [-3.5847042525098844, 40.34848998145864], [-3.5847425301256908, 40.348519599331496], [-3.584768238593057, 40.34855271323805], [-3.584774268131376, 40.348581422043885], [-3.5847747601239477, 40.348583852035546], [-3.584776067791733, 40.34862618857891], [-3.584768110591387, 40.348645598550426], [-3.5848132929499408, 40.348614378521404], [-3.5848410353726945, 40.348595318964115], [-3.5848444877947268, 40.34859286001872], [-3.5848664669755905, 40.34857728912284], [-3.584893232620668, 40.348558297556515], [-3.5849412469935467, 40.34852778389052], [-3.5851099248202587, 40.34841052306703], [-3.585290568411023, 40.34830312956483], [-3.585699105323338, 40.34810583252544], [-3.5857860374102337, 40.34806873391645], [-3.5861125852306035, 40.34793572573325], [-3.5861594749742225, 40.34791143359517], [-3.5863109578771026, 40.34783634905624], [-3.586432672668625, 40.34773672108299], [-3.5864746566004553, 40.34770344450733], [-3.5865322288051025, 40.347675404286136], [-3.5865890024282385, 40.34765033210744], [-3.586661240368938, 40.347616190299576], [-3.5867169082155934, 40.347585817257965], [-3.5867853313477247, 40.3475449288272], [-3.5868536443988464, 40.34750629321014], [-3.5869435051486613, 40.34745403443372], [-3.5870596310626226, 40.34738902942196], [-3.5871231749648347, 40.34735718374814], [-3.587258975474556, 40.34729343004016], [-3.5873137078687716, 40.347263872286774], [-3.5873810964099824, 40.34722596178659], [-3.5874572601302286, 40.34718432192182], [-3.5875323881900396, 40.34714411071861], [-3.587592026480451, 40.34711002332093], [-3.587696455034075, 40.347054086276295], [-3.5878332225743836, 40.346979786234606], [-3.5880344157097177, 40.34688039226114], [-3.5880998819798173, 40.34683951808344], [-3.5881808315446673, 40.34679180824466], [-3.5882878166198844, 40.34673072242946], [-3.5884103884424103, 40.34666253005856], [-3.5886017224982734, 40.34655344632382], [-3.5889964516187307, 40.34635486551505], [-3.589180827690133, 40.34624338377247], [-3.5893657032313566, 40.34612442156684], [-3.589564128517526, 40.34601872359237], [-3.589770171801874, 40.34592253616857], [-3.5899866126936892, 40.34584134968856], [-3.59027843623171, 40.345740129087936], [-3.590510982090897, 40.34565876934337], [-3.590573911987975, 40.34563789809257], [-3.590645150523623, 40.34561114642737], [-3.590720623661809, 40.34558391362285], [-3.590780962420314, 40.34556297441024], [-3.590955380278705, 40.34549964974548], [-3.5910568054167133, 40.345464446132496], [-3.5912647958595434, 40.345390769057005], [-3.5913813525000178, 40.34534764981632], [-3.5915381366895116, 40.3452876757559], [-3.5916378560885467, 40.34524598473435], [-3.591714969690832, 40.34521793206299], [-3.591786225356834, 40.34519324271055], [-3.591917128311535, 40.345149418884155], [-3.5920822536045383, 40.34508740136046], [-3.592155268047266, 40.34506324332864], [-3.5923599448148753, 40.3449986895346], [-3.5924936300687507, 40.3449889956193], [-3.592552844785683, 40.344933916427294], [-3.5926047109286605, 40.34490022662495], [-3.5926598051814693, 40.34486003364497], [-3.592730979876662, 40.34481137969158], [-3.5928797550391485, 40.34471106568401], [-3.5930019085274654, 40.344636383970375], [-3.5930630527188328, 40.34460003372961], [-3.5931107254531174, 40.34457023915078], [-3.5931350067317758, 40.344561105451405], [-3.5931919967040016, 40.34453442528349], [-3.5932539315832277, 40.34450771071547], [-3.59328751512178, 40.34449191652903], [-3.5933050573350807, 40.34448366422448], [-3.5933661884758896, 40.34445929610746], [-3.5933625964047033, 40.344327510142186], [-3.5933594203278463, 40.34421094756479], [-3.5933585967039634, 40.34416801400747], [-3.5932759646115127, 40.344198961003315], [-3.592958872917938, 40.3443176974333], [-3.5923467376341915, 40.34455224390674], [-3.5916291927303803, 40.344833912863564], [-3.590811780397604, 40.3451639623448], [-3.5904370501900784, 40.345318581553656], [-3.5904082472940866, 40.34533046755061], [-3.589690900013706, 40.34563264639187], [-3.5888547072501766, 40.34599469732305], [-3.5882632739174456, 40.34625725246049], [-3.5879420495098113, 40.34640254621606], [-3.5877921685307914, 40.346470336328906], [-3.587442215382388, 40.34663099120095], [-3.5866227663628654, 40.347014869293496], [-3.5860435419329866, 40.34729286496038], [-3.5855834391614705, 40.347517677094004], [-3.584894382005438, 40.34786123327944], [-3.584299982306807, 40.34816440553328], [-3.5842881885089257, 40.34817042018209], [-3.584004437943113, 40.34831839661463], [-3.5835336430686837, 40.34856389460413], [-3.5827490586584982, 40.34898432677113], [-3.582426458253397, 40.34916144155978], [-3.582256179924388, 40.349254922285155], [-3.5822939102479525, 40.3492880663109], [-3.582340527456222, 40.34932765219074], [-3.582370367852893, 40.34936209720083], [-3.582404754908337, 40.34940354647011], [-3.5824053506207756, 40.34940435429676], [-3.5824202589901257, 40.34939761243158], [-3.582462703217727, 40.34945992241092]]], [[[-3.6132983521964226, 40.36105797118437], [-3.6130924612190505, 40.361269822987765], [-3.6128547952566974, 40.36151436584924], [-3.6113113135307486, 40.36310246983138], [-3.6115409479200182, 40.36310701265638], [-3.611688769313529, 40.363118762648725], [-3.611756942531186, 40.3631218345449], [-3.6117893324687, 40.363123293866224], [-3.6121672663105824, 40.36314033035194], [-3.612183177842303, 40.36314162452858], [-3.612184521489305, 40.36314173453519], [-3.6121995373112927, 40.363142961377626], [-3.612343353862888, 40.36315464164062], [-3.612512069137282, 40.36315599149977], [-3.6127905974601315, 40.36310772249942], [-3.6129679147964193, 40.36308876453224], [-3.613252682167262, 40.36307401143349], [-3.613447611058678, 40.36304902231238], [-3.6136383244858266, 40.363026748966185], [-3.6140617991143262, 40.36298242854104], [-3.614254029408149, 40.36296511917782], [-3.6146427531845533, 40.36292142263887], [-3.6147817420918416, 40.362902125035795], [-3.6150778621937194, 40.36284982902443], [-3.6155230033838874, 40.36278326154275], [-3.615828100026086, 40.36273001492116], [-3.6160729016440767, 40.36269948544961], [-3.616434426340152, 40.362649107848334], [-3.616495844156186, 40.3626411136833], [-3.6165035610781833, 40.362640108568044], [-3.6163765578758977, 40.362577406126725], [-3.616210561006123, 40.362495469564486], [-3.6154860641730324, 40.36213786228875], [-3.6154845142707064, 40.362137086740795], [-3.615482952673448, 40.362136320264206], [-3.6149833372355356, 40.36188971280187], [-3.6149817874264722, 40.361888946255746], [-3.6149791492344585, 40.36188764494789], [-3.6137943116602815, 40.361302785540865], [-3.6137942052609033, 40.361302741059774], [-3.6133070829287, 40.361062285316876], [-3.6133070119418216, 40.36106224965669], [-3.613298573913101, 40.36105774477976], [-3.6132983521964226, 40.36105797118437]]], [[[-3.657962433048159, 40.33011170917486], [-3.65805934837011, 40.33035746911421], [-3.6580937444559436, 40.33044457247637], [-3.658420385522969, 40.33127723480828], [-3.6584073860621693, 40.32993962441376], [-3.6598161635870614, 40.32993159711289], [-3.6609363732174565, 40.32993159836749], [-3.6608765908980474, 40.32980076614009], [-3.6608508435131193, 40.32975586729221], [-3.6607981550372024, 40.32966436465112], [-3.66074138019295, 40.32957630881846], [-3.660685201087586, 40.329501042603496], [-3.6606343287670495, 40.32943880937775], [-3.660564989994616, 40.329353978425296], [-3.6604897087413666, 40.32927539770254], [-3.6604137108187174, 40.329207812233534], [-3.6603145873930796, 40.32912270071237], [-3.660195224248153, 40.32902626294991], [-3.660109148674026, 40.32895125716475], [-3.6599822827532846, 40.32883378048623], [-3.6598732028727077, 40.32871737339914], [-3.659816149420439, 40.328660940945554], [-3.6597759295854986, 40.32859243022437], [-3.65971325659215, 40.32850287594471], [-3.659657491601096, 40.328421570691745], [-3.6595950343628605, 40.328317870682554], [-3.659554375013948, 40.32824044328512], [-3.6595173127941214, 40.328169752257516], [-3.6594753542053797, 40.32805557473163], [-3.6580753939596855, 40.32867653309889], [-3.6580028060542316, 40.32877793907608], [-3.6579873510436935, 40.328774423313114], [-3.6579598850626427, 40.32881899486107], [-3.6579132986643748, 40.3288947568662], [-3.6578511975089274, 40.32906997847127], [-3.657821731280776, 40.329320781750425], [-3.6578362228154506, 40.32957665045398], [-3.657856862330101, 40.32971401332466], [-3.6578768247522198, 40.32980588362761], [-3.6578961715516285, 40.32989496457793], [-3.657962433048159, 40.33011170917486]]], [[[-3.6058008643089505, 40.34051476088991], [-3.604527047739166, 40.34081079157635], [-3.6030835699479127, 40.341158261551435], [-3.6020500306683063, 40.341422110402796], [-3.601013272091577, 40.34169957062461], [-3.5994761681511327, 40.34213508739712], [-3.5987096368578544, 40.34236317021365], [-3.597946476883015, 40.34259761803706], [-3.597568095263744, 40.34271659384237], [-3.597191149696451, 40.34283701147476], [-3.5968340938647474, 40.342953937794945], [-3.5958071497890716, 40.34329479747398], [-3.5954336892282206, 40.343422614997614], [-3.594810529523155, 40.34364009579278], [-3.5941906757267366, 40.34386175452825], [-3.5935799687596526, 40.344086354051], [-3.5933960106358396, 40.344154010985555], [-3.593397715729563, 40.344254535748824], [-3.5933978272201554, 40.344255165819874], [-3.5933978868787824, 40.344255255605674], [-3.593397946537412, 40.34425534539147], [-3.5933990525688917, 40.34431169217724], [-3.5933994621844825, 40.34433290670931], [-3.593400524473068, 40.34438560499837], [-3.593404909635189, 40.34444396202654], [-3.593536342707444, 40.344393737124975], [-3.593586334382802, 40.34437734512809], [-3.5937985112785777, 40.344307795244475], [-3.593864228349083, 40.34428277267781], [-3.5939511129945596, 40.34425475843826], [-3.5940317614664563, 40.3442272356299], [-3.594162557649771, 40.34418638284119], [-3.594440296610078, 40.344087746660094], [-3.594524909820397, 40.344057221090964], [-3.594617987167801, 40.34402249871233], [-3.594805102270862, 40.34397127437543], [-3.5949805800444987, 40.34392227180372], [-3.5952780702765565, 40.34383794670689], [-3.5954003176934024, 40.34381326295901], [-3.5954701167692753, 40.3437973177455], [-3.5956244684572467, 40.34376949544451], [-3.595701346139421, 40.34375649568025], [-3.595765654979593, 40.3437441912481], [-3.595822004374057, 40.343738576561414], [-3.595942223058777, 40.343658676378276], [-3.5959617955984706, 40.343648395151966], [-3.5960023741218117, 40.34363016769164], [-3.5960470306070724, 40.343607054241765], [-3.5960805709410355, 40.34359182704546], [-3.5961189283323427, 40.343575421837286], [-3.5961596038860604, 40.34355485143313], [-3.596207219557429, 40.3435335245064], [-3.596283110668707, 40.34350079031301], [-3.5963370746191763, 40.34347835851238], [-3.5964136655999455, 40.34344489088081], [-3.59649425963715, 40.34341141156364], [-3.5965842305541424, 40.34337311796626], [-3.59668431077191, 40.34333296130168], [-3.5967890749307028, 40.34328989744337], [-3.5968539450918113, 40.34326253515887], [-3.596909541011826, 40.343238283823126], [-3.597064435241231, 40.343177393085426], [-3.597137172071985, 40.34314755755344], [-3.597197364279125, 40.34312382290147], [-3.5973210467704666, 40.34307651665531], [-3.5973601256507353, 40.34306054875949], [-3.5973718462559225, 40.3430558124591], [-3.5974672575644164, 40.34302171538528], [-3.597587833790421, 40.34298136197317], [-3.597667655806172, 40.34295392198204], [-3.5977310577691957, 40.342935044436956], [-3.597776507497048, 40.34291921465182], [-3.597821113716186, 40.34290520005513], [-3.5978751290898145, 40.34288870432517], [-3.5979260874384726, 40.34287402621056], [-3.5979722628238773, 40.34286171518946], [-3.5980302707220964, 40.34284401854272], [-3.598165691583479, 40.342806119357085], [-3.5982252293104535, 40.34278834262755], [-3.59831673595333, 40.34276282377595], [-3.598362154251993, 40.34274879576073], [-3.5984279333687, 40.342729824453535], [-3.5984795763133666, 40.34271270106343], [-3.598532078154498, 40.34269684350117], [-3.598676804901249, 40.342646183598596], [-3.5987636543553845, 40.34261465234309], [-3.5988114292871565, 40.34259818848051], [-3.598872444558289, 40.3425744486956], [-3.5989318322074473, 40.34255305969529], [-3.5989975526428446, 40.34252749364283], [-3.5990766333038087, 40.342498894333396], [-3.599119222946351, 40.34248191664889], [-3.5991532599619993, 40.34246840674321], [-3.599278555726778, 40.3424307298774], [-3.5994108825725015, 40.34238797129412], [-3.599584667779773, 40.342334817274384], [-3.5997068033580017, 40.34229931853142], [-3.599778768974872, 40.34227570167597], [-3.5998500472835215, 40.34225425054523], [-3.599904039565882, 40.34223659180244], [-3.59998860724921, 40.34221209862793], [-3.600234488955594, 40.34213694757606], [-3.600309659990834, 40.342115025501855], [-3.600359654578008, 40.34209800892842], [-3.600422375436448, 40.342080836180095], [-3.600482613455335, 40.34206250509313], [-3.600637628190369, 40.34201719483895], [-3.6007183151845386, 40.34199462222152], [-3.6008091069954054, 40.341968384376024], [-3.60094616573822, 40.34193100497011], [-3.6010723300051732, 40.34189854697821], [-3.601139631728222, 40.34188017884155], [-3.601306440820234, 40.341838590252024], [-3.6014427144298935, 40.34180301617713], [-3.6015116586290263, 40.341784008640346], [-3.6017615088044423, 40.34171857263761], [-3.601797444887376, 40.3417082052896], [-3.601880499560143, 40.34168849347389], [-3.6019659171904563, 40.34166705755525], [-3.602036418066806, 40.34165101463635], [-3.6022619438166488, 40.34159236194776], [-3.6023059022165675, 40.34158249322147], [-3.6025103905477733, 40.34153873367193], [-3.6025659662631275, 40.341525831299165], [-3.602642787024631, 40.341506872146894], [-3.602701541489478, 40.34149395314709], [-3.6029835834587285, 40.34143428381461], [-3.6030455444086593, 40.341423149761894], [-3.603110527351463, 40.34140893679474], [-3.6031771649503925, 40.341395435897475], [-3.603238996405485, 40.341384311425664], [-3.6032923734418576, 40.341375744581136], [-3.6033511437170893, 40.341364627006676], [-3.60341311497534, 40.341354663897846], [-3.603632665169514, 40.341325941206506], [-3.603682727995733, 40.341315418465705], [-3.6037266910942374, 40.34130744110469], [-3.6037839097443376, 40.34129398001115], [-3.6038379824789226, 40.3412829047291], [-3.603950758911443, 40.341255909993166], [-3.604010181616431, 40.341238761530526], [-3.6040932420032235, 40.34121850754556], [-3.604161366341516, 40.341200133355144], [-3.6042444161854226, 40.341178708122314], [-3.60450363170891, 40.341107802751715], [-3.6047760965616686, 40.34103079136937], [-3.604821538963892, 40.341019742733735], [-3.6049272643615433, 40.34099036945333], [-3.605002446551356, 40.3409713272123], [-3.6050690664278817, 40.34095593338876], [-3.6052679694417065, 40.34090812603079], [-3.6053854707213655, 40.340881663741655], [-3.605465383693259, 40.34086502892028], [-3.605517213895473, 40.340853406022575], [-3.6055665634620384, 40.3408435078347], [-3.6056236785042524, 40.340833028415176], [-3.605677038446933, 40.3408213163536], [-3.6058369245017263, 40.34079480282929], [-3.605883957704859, 40.34078788967079], [-3.6059073436750233, 40.34078299229856], [-3.6059286270736086, 40.34077864648737], [-3.605979528804231, 40.3407711724731], [-3.6060955587043737, 40.34075138397092], [-3.6061277583415032, 40.34074462952319], [-3.606157480036542, 40.340737266418316], [-3.6061982201502003, 40.3407244400469], [-3.6063462144883287, 40.3406834833485], [-3.6063869488869105, 40.34067002629739], [-3.6064322420648947, 40.34065420294174], [-3.6064838783695876, 40.340634111990624], [-3.606599729558592, 40.340594413613644], [-3.6067155708453793, 40.34055362506081], [-3.606770369045672, 40.340532967835905], [-3.606851742425316, 40.340508585503166], [-3.6069558679194196, 40.340475606078584], [-3.6069478022089894, 40.34045581917878], [-3.6069326028713293, 40.34041383503303], [-3.6069236311265773, 40.34038622390055], [-3.6069219670752974, 40.34037001609253], [-3.606922668953629, 40.34035505715647], [-3.606918535641217, 40.340341835337156], [-3.606914348496482, 40.34030815393247], [-3.606914882067016, 40.34027572706234], [-3.6069166434725304, 40.34025550120036], [-3.6058008643089505, 40.34051476088991]]], [[[-3.580023938995869, 40.35123731983097], [-3.580068193098719, 40.351241611491695], [-3.5800858122849224, 40.35124332496108], [-3.580087608222405, 40.3512330364804], [-3.580143195172056, 40.3512337576928], [-3.5801889531406395, 40.35122803256612], [-3.580228797310468, 40.35121927396816], [-3.580269907386207, 40.35120708551739], [-3.5803045077597107, 40.351192407143294], [-3.580363666245788, 40.3511550825854], [-3.5804053655564854, 40.3511278458007], [-3.580489312285746, 40.35107138741565], [-3.58053286731659, 40.3510436007203], [-3.5807097831214887, 40.35092415179479], [-3.580838591144369, 40.35083989981742], [-3.5808808670446233, 40.350812659964944], [-3.580956430668764, 40.350768766100934], [-3.580986371594481, 40.35074357919561], [-3.58106486625186, 40.35068174226987], [-3.5810650884301203, 40.35068156097009], [-3.5810653223833753, 40.350681379611125], [-3.5811279172052464, 40.350634307482906], [-3.5812443519397523, 40.35054912620963], [-3.5812516114218598, 40.350544314862134], [-3.581328874222738, 40.35049266431992], [-3.5814238734754316, 40.350431735203074], [-3.58151627211514, 40.350375143489565], [-3.581626978110639, 40.350319540742376], [-3.581683729380901, 40.35029276835249], [-3.581738398616315, 40.350253925096176], [-3.5818145577848153, 40.35020958622437], [-3.5819688410782144, 40.35011665511894], [-3.5820221372136807, 40.3500838637969], [-3.582143855231099, 40.35001216879835], [-3.5822070073728223, 40.349973922275076], [-3.582257869299734, 40.34994564768743], [-3.5823190279622126, 40.34990975352522], [-3.5824346938873735, 40.349845025758974], [-3.5824706713428807, 40.34982493429275], [-3.5825618361284506, 40.34977294263718], [-3.582602917103228, 40.34975068123919], [-3.582604921294338, 40.34974959004212], [-3.5826255965610714, 40.3497383865849], [-3.582603663387793, 40.349722460726134], [-3.5825301790477355, 40.349651928601986], [-3.5824934534996817, 40.34961379751871], [-3.5824584152034515, 40.34957742372612], [-3.5823367074147914, 40.34943524104895], [-3.5823699389323, 40.34942037975427], [-3.582335766236999, 40.34937920868012], [-3.5823079587025193, 40.3493470057219], [-3.5822631208817706, 40.34930894243211], [-3.582223171719753, 40.34927383655501], [-3.582221732490566, 40.34927352847851], [-3.582158612225624, 40.34930855857488], [-3.581969801508838, 40.34941330354013], [-3.581641053531006, 40.349597645401104], [-3.5812396537117968, 40.34982631625293], [-3.581092369580546, 40.34991022006419], [-3.580510910661742, 40.35024901117189], [-3.5803272951859175, 40.350355997686876], [-3.579741655300806, 40.35070522951518], [-3.579591452019805, 40.350796587624295], [-3.57919635508894, 40.351036877658224], [-3.5791783863443136, 40.3510479768569], [-3.5793695456957457, 40.35109555190394], [-3.579411548943522, 40.35110516149799], [-3.5795618552867503, 40.35113990459335], [-3.5798457358770386, 40.35120532985922], [-3.580023938995869, 40.35123731983097]]], [[[-3.5716566700577816, 40.35683120766859], [-3.5716586141919753, 40.35683272060946], [-3.571655062949925, 40.35683613462024], [-3.571653906705368, 40.3568372754909], [-3.571651571044398, 40.35683960239266], [-3.5716493412157613, 40.356841910752905], [-3.5716481854275117, 40.35684310567631], [-3.5716448940188665, 40.35684660849424], [-3.571644847371072, 40.35684666277982], [-3.5716416156032964, 40.35685025539461], [-3.5716406125233306, 40.3568514045173], [-3.5716384431720534, 40.356853901771046], [-3.5716364730248347, 40.35685628092094], [-3.5716353888055608, 40.35685758360056], [-3.5716324869951723, 40.35686120161177], [-3.5716324053995296, 40.35686130111596], [-3.571629493030044, 40.35686506332602], [-3.5716286312625924, 40.356866211750194], [-3.5716266633971143, 40.35686886116381], [-3.5716251387619598, 40.3568710038731], [-3.5716249409271206, 40.356871284135245], [-3.57162394012898, 40.35687270352169], [-3.5716213924366107, 40.35687641888331], [-3.5716212877452596, 40.35687657255667], [-3.5716187417263696, 40.356880486111756], [-3.5716180329715046, 40.35688162477043], [-3.57161629006799, 40.356884417218765], [-3.5716148270514276, 40.35688688395359], [-3.57161392129838, 40.35688840197111], [-3.571611751048149, 40.35689218754045], [-3.571611623337137, 40.356892404391765], [-3.5716094433647143, 40.356896433256765], [-3.571608864070368, 40.35689756226637], [-3.5716073461289164, 40.356900497749514], [-3.5716061187855392, 40.356902981337804], [-3.571605331553713, 40.35690458886119], [-3.5716035386697786, 40.35690843562955], [-3.571603423115188, 40.356908697466636], [-3.571601609189441, 40.356912841641645], [-3.571601159203554, 40.3569139429846], [-3.5715998896243177, 40.356917003368594], [-3.571598909654285, 40.3569194947434], [-3.571598241019823, 40.35692120078151], [-3.5715968370502913, 40.35692508166436], [-3.571596722028175, 40.35692540656301], [-3.5715952856971995, 40.35692963896348], [-3.5715949530916093, 40.35693069468045], [-3.571593931874756, 40.356933879965325], [-3.5715934170899746, 40.35693567533478], [-3.5715933826746187, 40.35693578361494], [-3.571593222602192, 40.3569363519839], [-3.5715927077412966, 40.356938138344546], [-3.571591657205994, 40.356942035498946], [-3.571591554492464, 40.35694242340097], [-3.5715904955282967, 40.35694671700058], [-3.571590280455243, 40.35694774510915], [-3.571589068721729, 40.35695347192215], [-3.571590317357535, 40.35696606057423], [-3.5715920127879097, 40.35698414261328], [-3.571593683525885, 40.35700208963669], [-3.5715954838019655, 40.357020036019776], [-3.5715972834704255, 40.35703791033244], [-3.571599270949057, 40.35705571164343], [-3.5716013998182277, 40.35707352126474], [-3.5716037394414295, 40.357091185697605], [-3.571606444049564, 40.357108839317306], [-3.5716092924071843, 40.35712678051998], [-3.5716121407663692, 40.357144721722484], [-3.5716151186645346, 40.357162662284665], [-3.5716181099381723, 40.35718079197319], [-3.571620865766825, 40.357198931834425], [-3.5716236339057215, 40.357217134698914], [-3.5716261605294015, 40.357236023454], [-3.5716263620337663, 40.357237572035636], [-3.571625462614291, 40.357248207303854], [-3.5716276081384852, 40.35724707055322], [-3.5716987872327, 40.357209555897406], [-3.5717638970060626, 40.35714644010793], [-3.5718755450324173, 40.35703421040972], [-3.571959530289685, 40.35696806418555], [-3.5720148418487785, 40.356924501566105], [-3.5720611053994435, 40.35689166855202], [-3.572119999982021, 40.35684986296652], [-3.5722562685156056, 40.35673307859129], [-3.5723891723324988, 40.35665156359887], [-3.5724942560883646, 40.3565863306015], [-3.5725405803649988, 40.35656073145974], [-3.5726166409061784, 40.35655051689306], [-3.572728877427647, 40.356483068048774], [-3.5728952841944133, 40.35635701638654], [-3.5730726784161844, 40.3562366038392], [-3.573249495950142, 40.35611769840876], [-3.5734248788935745, 40.35599772772776], [-3.5735994589265134, 40.35587758057809], [-3.573770823402754, 40.35575465627198], [-3.5739034452567617, 40.35565977131779], [-3.5739477387641214, 40.35562813653174], [-3.573949623372011, 40.355626793821685], [-3.573929535668173, 40.355618785248545], [-3.5739047758174434, 40.35561530444259], [-3.5737963385900158, 40.35560412153322], [-3.5736985303583677, 40.3555965074873], [-3.573684391699654, 40.35559567670131], [-3.5736431380415516, 40.35559137673323], [-3.573616950321217, 40.3555903264154], [-3.5735830582936225, 40.35558897195138], [-3.573444080343185, 40.35558695835189], [-3.5732626864439383, 40.35558245207771], [-3.573156658011185, 40.355577572059886], [-3.5729504662367875, 40.35556507992565], [-3.5728430696672815, 40.35553768346217], [-3.5728420075541063, 40.35553741844751], [-3.572839275910398, 40.35554164827061], [-3.572805787354893, 40.355567093873745], [-3.572565609681362, 40.35574957473927], [-3.5721118831860954, 40.356095763264534], [-3.571557416594071, 40.35651873756032], [-3.5715548419372367, 40.35658620196216], [-3.5715497606804636, 40.35672082411519], [-3.5715480796133168, 40.356765806212856], [-3.571624847044468, 40.356808571749106], [-3.571626382481715, 40.35680770828894], [-3.5716566700577816, 40.35683120766859]]], [[[-3.5690459806643418, 40.35890132638909], [-3.5690591758134724, 40.359022380746296], [-3.569068727148144, 40.35913726372889], [-3.5692193837145982, 40.359025907757065], [-3.5692220726007853, 40.35902355213903], [-3.5692269827238134, 40.35901924861708], [-3.569399422426892, 40.35886826196774], [-3.569744218384294, 40.358556648489184], [-3.5698255057167145, 40.35855985169039], [-3.5699632817326163, 40.35855827188103], [-3.570020606615686, 40.35851294351218], [-3.5700021909597925, 40.35842384348662], [-3.5699911597983243, 40.35837254558027], [-3.570106975806747, 40.35829875721206], [-3.5701293845589697, 40.35828447532405], [-3.570143425087651, 40.358273595105125], [-3.5702806222997503, 40.3581404928878], [-3.5703338305818137, 40.35808886923091], [-3.5705161587152627, 40.35792400306071], [-3.570783259661315, 40.35775691642858], [-3.5709871857657345, 40.35763969152763], [-3.5711087087504465, 40.35758097334786], [-3.5711115119369565, 40.35757961713919], [-3.57116951349952, 40.35755744743499], [-3.571166459434749, 40.35755698503136], [-3.5711681927119665, 40.3575516520512], [-3.571168376417785, 40.357551092575314], [-3.5711685021548747, 40.35755064149581], [-3.571168536571202, 40.35755053321578], [-3.5711691668530903, 40.35754846700285], [-3.571169807922843, 40.35754628361739], [-3.5711699449799825, 40.35754577842694], [-3.5711701173657038, 40.35754527306199], [-3.571170460388646, 40.35754405512981], [-3.5711707231068135, 40.35754308985101], [-3.571171305219465, 40.35754089774754], [-3.571171454052769, 40.35754039249892], [-3.571171579257663, 40.35753987835781], [-3.5711721378938974, 40.357537695379435], [-3.5711721720061234, 40.35753755106425], [-3.571172672825657, 40.35753549449981], [-3.571172798106556, 40.3575349893675], [-3.57117293516365, 40.35753448417701], [-3.571173411214376, 40.357532283588164], [-3.5711737067523055, 40.3575310208446], [-3.571173934293835, 40.35753007375788], [-3.5711740477224954, 40.35752955967492], [-3.5711741612271877, 40.35752905460074], [-3.5711746254256194, 40.35752684506122], [-3.5711750661476636, 40.35752464464684], [-3.571175099955798, 40.35752446429645], [-3.5711751678001225, 40.35752413062205], [-3.5711752576763733, 40.35752361665542], [-3.571175674769976, 40.357521407348514], [-3.571176056458945, 40.357519189207316], [-3.571176158035355, 40.35751866617371], [-3.571176236211431, 40.35751816127403], [-3.571176280959492, 40.3575178817687], [-3.571176594347989, 40.35751594324912], [-3.5711769524845116, 40.35751372522423], [-3.5711770305845536, 40.35751321131574], [-3.571177108684584, 40.35751269740724], [-3.57117729702027, 40.35751129104637], [-3.5711774078641083, 40.35751047066434], [-3.5711777071196265, 40.357508252930224], [-3.5711777498910786, 40.35750773919621], [-3.5711778162149153, 40.3575072253459], [-3.5711780917659874, 40.357504989710485], [-3.5711781244337493, 40.357504674228146], [-3.5711783321405135, 40.35750277226717], [-3.571178386612127, 40.357502249466194], [-3.5711784294595943, 40.357501744740965], [-3.5711786459776342, 40.35749949137877], [-3.5711787516518614, 40.3574980583986], [-3.5711788157710145, 40.357497283293185], [-3.5711788702426204, 40.357496760492225], [-3.571178913014057, 40.357496246758195], [-3.571179070803174, 40.35749401170439], [-3.571179205039888, 40.35749177676685], [-3.5711792374035576, 40.35749142524934], [-3.5711792478113313, 40.357491263032834], [-3.571179266954362, 40.35749074040634], [-3.57117937771472, 40.35748851459395], [-3.5711794648466832, 40.35748627988906], [-3.5711794840657443, 40.357485766271374], [-3.5711794796564047, 40.35748524376118], [-3.5711794876314276, 40.35748479326321], [-3.571179543235974, 40.357483009172626], [-3.571179571486998, 40.35748077475853], [-3.57117960240621, 40.35748025207387], [-3.5711796098490822, 40.35747973851433], [-3.571179608245204, 40.35747815290802], [-3.5711796027715415, 40.35747750427469], [-3.571179595694003, 40.35747527003508], [-3.571179591360686, 40.357474756533705], [-3.5711795751751616, 40.35747423408168], [-3.571179532769065, 40.35747200001653], [-3.571179516887634, 40.35747151359967], [-3.5711794668106127, 40.35746976606767], [-3.571179462401276, 40.357469243557475], [-3.5711794345155905, 40.35746873017242], [-3.5711793214524152, 40.35746649645622], [-3.5711792488873453, 40.35746487516367], [-3.5711792202414445, 40.35746427169065], [-3.571179204055926, 40.357463749238626], [-3.57117916439406, 40.3574632359117], [-3.5711789924499935, 40.357461002486275], [-3.571178844058296, 40.35745876894456], [-3.571178804320414, 40.35745824660884], [-3.571178752882382, 40.35745773334009], [-3.5711785574620007, 40.35745550903978], [-3.571178338413245, 40.357453275846964], [-3.5711782987513927, 40.357452762520055], [-3.5711782473133695, 40.3574522492513], [-3.571178171334685, 40.35745161898451], [-3.5711779693837324, 40.35745001634928], [-3.571177715082493, 40.35744779233976], [-3.5711776518682963, 40.35744727912916], [-3.571177588654101, 40.35744676591855], [-3.5711773383060663, 40.35744501036643], [-3.5711772754719893, 40.35744454219982], [-3.5711769623659313, 40.357442327489856], [-3.571176899075724, 40.35744180527048], [-3.5711768240853585, 40.35744129211803], [-3.5711764637985883, 40.35743906863189], [-3.5711763522633264, 40.357438411513186], [-3.5711760918116844, 40.35743685421273], [-3.57117599326897, 40.357436341176616], [-3.5711759182786302, 40.35743582802415], [-3.5711755227394026, 40.3574336137213], [-3.571175177953995, 40.35743183160803], [-3.571175091947698, 40.35743140860169], [-3.5711750051811912, 40.35743089550742], [-3.571174894786293, 40.35743037352065], [-3.5711744285900835, 40.35742815956674], [-3.571173974322117, 40.35742596357223], [-3.571173875779448, 40.3574254505361], [-3.571173827230314, 40.3574252796016], [-3.571173741984267, 40.357424946683224], [-3.5711732405356242, 40.35742274191258], [-3.5711727156106807, 40.35742054626702], [-3.571172593515674, 40.3574200333472], [-3.5711724597205143, 40.35741952949433], [-3.5711722646117785, 40.35741873765076], [-3.571171923019457, 40.35741733390694], [-3.571171339289751, 40.35741514756096], [-3.571171205418589, 40.35741463469929], [-3.5711710716234495, 40.357414130846394], [-3.5711705492073755, 40.357412232491136], [-3.5711704761176355, 40.357411944558606], [-3.57116985705951, 40.357409758387064], [-3.571169711412194, 40.357409245583554], [-3.571169554064727, 40.357408741847], [-3.571168911606364, 40.357406573809364], [-3.5711686691649467, 40.35740575517204], [-3.571168257219816, 40.3574043878123], [-3.5711680880962082, 40.357403884133895], [-3.5711679072724394, 40.357403389522446], [-3.571167217633465, 40.35740121270866], [-3.5711665891560274, 40.35739930586795], [-3.5711665045942413, 40.35739905402875], [-3.571166335470649, 40.35739855035035], [-3.5711661545708964, 40.3573980467301], [-3.5711654062792437, 40.357395897233445], [-3.571164646135446, 40.35739373878615], [-3.571164465235707, 40.3573932351659], [-3.5711643445852115, 40.357392893413184], [-3.5711642843359837, 40.357392731545644], [-3.571163465463449, 40.357390591406705], [-3.571162658291118, 40.35738844220081], [-3.57116246576729, 40.3573879566563], [-3.5711622613152527, 40.357387453152356], [-3.5711619002000465, 40.35738652699099], [-3.571161418890505, 40.357385313129726], [-3.5711605529895003, 40.35738318223219], [-3.5711603603136517, 40.35738267867009], [-3.571160144161507, 40.35738218423309], [-3.571159291177045, 40.35738018840932], [-3.571159243008093, 40.35738006251881], [-3.5711583419307553, 40.357377949813305], [-3.5711581257786293, 40.35737745537629], [-3.571157897850336, 40.357376960997456], [-3.5711569496684166, 40.35737484852457], [-3.571156529520477, 40.35737390463637], [-3.5711560015625765, 40.35737274506047], [-3.5711557618581575, 40.35737225073976], [-3.5711555457060697, 40.357371756302754], [-3.571154538795505, 40.35736966213821], [-3.571153579673839, 40.357367648820215], [-3.57115354366116, 40.35736756791551], [-3.5711533281172576, 40.35736714554889], [-3.5711530644044265, 40.357366597291694], [-3.5711504655695836, 40.357361465888516], [-3.571147278997867, 40.35735785993774], [-3.57113451539966, 40.35731207529176], [-3.5711266454988078, 40.35722517564462], [-3.571127124128321, 40.35720513688235], [-3.5711278056947044, 40.35718681786975], [-3.5711286063903818, 40.35716866043389], [-3.571129513070839, 40.3571505024746], [-3.5711305486801215, 40.35713227180524], [-3.57113184283149, 40.35711397679486], [-3.5711333495604802, 40.35709575280804], [-3.571134985217861, 40.35707745611109], [-3.571136996645799, 40.357059031430005], [-3.5711393618880933, 40.35704066806587], [-3.5711419514833196, 40.35702237566706], [-3.5711447653552844, 40.357004145224806], [-3.5711477093710196, 40.35698598621311], [-3.5711507478980917, 40.356967862771256], [-3.5711536463267493, 40.35694988416791], [-3.571156521885914, 40.356931986759896], [-3.5711591742300812, 40.35691415351829], [-3.571161708812065, 40.35689632085816], [-3.5711640078711375, 40.35687848936102], [-3.5711661886361377, 40.35686059538375], [-3.5711682628072117, 40.356842629859464], [-3.571170336521118, 40.35682461028227], [-3.5711716985358204, 40.35681296370482], [-3.5711632501870163, 40.35681940193934], [-3.5707572736029998, 40.35712906935726], [-3.569956695271236, 40.357739758094176], [-3.5696504879918547, 40.35797335195208], [-3.569564012834001, 40.35803931956398], [-3.569509096927977, 40.35808121236278], [-3.569508579198926, 40.35808266538872], [-3.5690735951122785, 40.35838838853781], [-3.568957870616346, 40.35848862634747], [-3.5690459806643418, 40.35890132638909]]], [[[-3.633104788750914, 40.33463506198013], [-3.6328608799157056, 40.334762074925536], [-3.632662862806157, 40.33486415117766], [-3.632462134053306, 40.33496461125369], [-3.632431069095824, 40.33497883544299], [-3.632641502748002, 40.33494688227693], [-3.6328847957315067, 40.334941587320806], [-3.6331228063670413, 40.3349379424203], [-3.6333485329207855, 40.33489220128403], [-3.6335832577000993, 40.33486452790065], [-3.6338184775266114, 40.33483945498435], [-3.6340529503710455, 40.334810061273544], [-3.6342867576381703, 40.334772472374866], [-3.634520383756117, 40.334729397401055], [-3.634753661678794, 40.33467181006188], [-3.6349894476974045, 40.33461934372205], [-3.6352281901330215, 40.33459343777566], [-3.6354666545764998, 40.33457682133847], [-3.635599189192783, 40.33458663389909], [-3.6355952117849935, 40.334580547524034], [-3.6355899563402128, 40.33457250416811], [-3.6355847009812057, 40.334564469820656], [-3.635579410307279, 40.33455643566702], [-3.6355741314066767, 40.334548401448416], [-3.6355688288786934, 40.334540358350196], [-3.635563538208561, 40.33453232419575], [-3.6355582242491478, 40.33452431719658], [-3.6355529098684003, 40.33451626515353], [-3.6355475836323397, 40.33450820416618], [-3.6355422574820864, 40.33450015218727], [-3.635536978421291, 40.334492099949365], [-3.635531676155762, 40.33448408387547], [-3.6355263622039544, 40.334476076874736], [-3.635521083823106, 40.33446809670584], [-3.6355157703809255, 40.334460143756914], [-3.6355104102744193, 40.33445223611006], [-3.6355050503382023, 40.334444346480396], [-3.635499643737662, 40.334436502152776], [-3.6354941783626966, 40.33442866715701], [-3.635488654128832, 40.33442083248432], [-3.6354830831461538, 40.334413034104955], [-3.635477441279026, 40.334405209087166], [-3.6354717757846404, 40.334397375189695], [-3.635466098604051, 40.334389550365344], [-3.6354603740831215, 40.3343816987732], [-3.6354546258504605, 40.33437382929263], [-3.6354488658471156, 40.33436595987641], [-3.635443152848711, 40.334358081192526], [-3.6354374163921066, 40.33435021164637], [-3.6354316918778697, 40.3343423600527], [-3.6354259675339877, 40.334334526476184], [-3.6354202195628895, 40.33432668401997], [-3.635414471677633, 40.334318850572146], [-3.6354087119371923, 40.334311008179974], [-3.6354029167975344, 40.33430315697277], [-3.6353971451187626, 40.33429529662721], [-3.635391396985371, 40.33428743615203], [-3.6353856373348044, 40.334279602767346], [-3.635379889795584, 40.33427180535261], [-3.635374118713672, 40.334264008066874], [-3.63536828894205, 40.33425622912163], [-3.6353624585802997, 40.33424838711497], [-3.635356616363406, 40.33424053616393], [-3.635350750265894, 40.334232649307], [-3.6353448951813196, 40.334224681306544], [-3.6353390749916543, 40.334216668068166], [-3.6353333016379206, 40.334208627544655], [-3.6353275385367114, 40.334200424799114], [-3.6353247332511462, 40.33419629597976], [-3.635321998175458, 40.33419212172876], [-3.6353194409474208, 40.33418808163873], [-3.635316967137533, 40.334184149200745], [-3.635313309397232, 40.334178250252684], [-3.635308614820781, 40.334171005620696], [-3.635305786754021, 40.334166958008716], [-3.635219461524306, 40.334093232414745], [-3.63520911187674, 40.334088045901794], [-3.635169447799109, 40.33407274087639], [-3.6351355448928624, 40.334064179114705], [-3.6350918617006145, 40.33405841884543], [-3.635055629875055, 40.33405760874188], [-3.635008358759043, 40.33406218366258], [-3.6349742108727967, 40.334068929813185], [-3.634915163549096, 40.33408191185115], [-3.634869810756152, 40.33409144925876], [-3.6348141478138114, 40.33410378202629], [-3.6347585085254313, 40.33411738493314], [-3.634679475498176, 40.334135846000954], [-3.6346352650243494, 40.334145431103956], [-3.634585000822753, 40.3341559953668], [-3.634492181430306, 40.33417188323781], [-3.6344352272842833, 40.33417583534942], [-3.6343931623964156, 40.33417568767513], [-3.634338155283141, 40.33417258387343], [-3.634283563240793, 40.33416728853622], [-3.634214473326826, 40.33415634281978], [-3.634173067315648, 40.33414609215009], [-3.634133519198297, 40.33413309248622], [-3.6340960847916493, 40.334118261365056], [-3.634017900920413, 40.33408407662468], [-3.6339846222461936, 40.33409943050533], [-3.633927927112273, 40.334117219064495], [-3.6339268642918707, 40.334118125808324], [-3.6339199862315743, 40.33412410956886], [-3.633910293882181, 40.33413254123368], [-3.6338999128839413, 40.33414160731498], [-3.6338931289948357, 40.33414759055785], [-3.633827034765466, 40.3342051611066], [-3.633820028038388, 40.334211235658096], [-3.6336331295562903, 40.3343299106424], [-3.6334466576002202, 40.33444516850473], [-3.6332536631922765, 40.334554155340555], [-3.633104788750914, 40.33463506198013]]], [[[-3.6091652818314133, 40.3397329135704], [-3.6081359350142836, 40.33997213654872], [-3.60805023707549, 40.33999205594267], [-3.6075955342038215, 40.34009773572511], [-3.607030070269412, 40.34022914871212], [-3.6070381322589156, 40.34026165660108], [-3.6070421255683818, 40.340298663409364], [-3.6070459808348443, 40.34033603130928], [-3.6070460059960503, 40.340336211361], [-3.6070460310765182, 40.34033638240397], [-3.6070470188888413, 40.34033625109106], [-3.607048582696231, 40.3403360176541], [-3.607145683366128, 40.3403192914658], [-3.607159789310525, 40.34031678494074], [-3.607205281842214, 40.34030879822995], [-3.607258541392352, 40.340300410356676], [-3.60729697891466, 40.3402934516596], [-3.6073529431074802, 40.340284698184085], [-3.6073855057087956, 40.3402803829706], [-3.6074176096158017, 40.34027480887037], [-3.607509789638063, 40.34026081097351], [-3.6077518203120147, 40.34024368334785], [-3.607855675810513, 40.34023187612534], [-3.6079003788525865, 40.340227767241345], [-3.607925441825102, 40.340226103955494], [-3.6079665550578612, 40.34021687867577], [-3.60799511320507, 40.34020979149033], [-3.6080773728722253, 40.34019242179487], [-3.6082195224695197, 40.34015771877617], [-3.6083473863520408, 40.340129108856935], [-3.6084388955839914, 40.340108636141416], [-3.6085132897092635, 40.340093830083404], [-3.608557589236926, 40.34008413737143], [-3.6086487896651898, 40.34006599949447], [-3.608760342394652, 40.34003297936315], [-3.60878348109121, 40.34002682142467], [-3.6087955733427948, 40.340022973920426], [-3.6088523962674053, 40.34000501681836], [-3.6088902245507235, 40.33999580850184], [-3.6089829302356495, 40.33997487859832], [-3.609089391624541, 40.339951795062916], [-3.6091573154932637, 40.339938914591926], [-3.6092441927568455, 40.33992449278081], [-3.6092630841583384, 40.33991736610701], [-3.609288567269441, 40.33990876323763], [-3.6093477995091114, 40.3398825047473], [-3.6093542446938303, 40.33987913739334], [-3.609369245292944, 40.33987140055629], [-3.609401723451893, 40.33984465234037], [-3.609441339397625, 40.3398103888803], [-3.6094444240804786, 40.339799921968265], [-3.6094624657367134, 40.339763790150926], [-3.609468786663665, 40.33973222468395], [-3.6094686739787374, 40.33971970250506], [-3.6094658356657594, 40.33970521266625], [-3.6094636825980717, 40.339663511465844], [-3.609463541944163, 40.339659656274044], [-3.6091652818314133, 40.3397329135704]]]]}, "properties": {"OBJECTID": 21956, "EXP_TX_NUMERO": "511/2024/38692", "EXP_TX_DENOM": "UZPp.03.01 Desarrollo del Este-Valdecarros", "FAS_TX_DENOM": "Información Pública", "FEX_DT_APROB": 1751407200000, "FEX_DT_INFOPUB_INI": 1752098400000, "FEX_DT_INFOPUB_FIN": 1783634400000, "Enlace": "https://servpub.madrid.es/VSURB_WBVISOR/seguimiento/expGestion.iam?exp=511/2024/38692&infoPubli=true", "SHAPE.STArea()": 19258345.3519665, "sigma_layer_kind": "gestion", "sigma_layer_id": 1}}, {"type": "Feature", "id": 21957, "geometry": {"type": "Polygon", "coordinates": [[[-3.657510738658511, 40.507105053963386], [-3.6575236517912084, 40.506948036144145], [-3.6575280905495005, 40.506806733045686], [-3.6575147897748552, 40.50660016217212], [-3.6575053480602953, 40.50643463198138], [-3.657498297800535, 40.50626863773266], [-3.6574956919143484, 40.50613957277595], [-3.6574917929077913, 40.505997740526865], [-3.6574903968141603, 40.505870488482415], [-3.6575004076708337, 40.505745027371574], [-3.6574987925536298, 40.50567753272952], [-3.657515481060283, 40.505563898366695], [-3.657528027517041, 40.50545758479204], [-3.657548226084947, 40.50532752520568], [-3.6575774848088884, 40.50520792746807], [-3.6576025238251675, 40.505082867300786], [-3.6576317718052707, 40.504960981340226], [-3.6576646625660985, 40.50484593042727], [-3.6577087585175905, 40.504697545786044], [-3.6577522895202765, 40.50455417330021], [-3.6578407696639315, 40.50430391533737], [-3.657898071149286, 40.50415548246466], [-3.657953848443634, 40.50405038214255], [-3.6580249770131434, 40.503905095669985], [-3.65807356684237, 40.50380366680811], [-3.6581460344976393, 40.50368072376638], [-3.658215469880989, 40.50355186106851], [-3.658281293573134, 40.503423000882265], [-3.658352053121343, 40.50331374297949], [-3.658413332927294, 40.503225962261126], [-3.658463834976248, 40.5031427744086], [-3.658528117760273, 40.50305314770535], [-3.6585810897719617, 40.50297998166505], [-3.6586602543187197, 40.50287343239819], [-3.6587418289946116, 40.50276595943601], [-3.658850293324334, 40.50263969365101], [-3.6589104799466647, 40.50256696379654], [-3.6590011244359646, 40.50247223160493], [-3.6591292814549394, 40.50232628587123], [-3.6592569944844953, 40.50220496391537], [-3.65935055612749, 40.502096079802115], [-3.659453105440837, 40.501983063281834], [-3.659719431770726, 40.501661942595575], [-3.6598120056164896, 40.50154393769987], [-3.661101334050384, 40.50016317636217], [-3.6613443424058336, 40.49987741015906], [-3.661773919822971, 40.49937685642104], [-3.662143172563038, 40.498975753930075], [-3.6625403035388953, 40.49856106711355], [-3.6629340440628626, 40.498188479071054], [-3.663294439156022, 40.497855143783845], [-3.6636705672739236, 40.49753077098569], [-3.6639875489495224, 40.49727383530881], [-3.6646548059063098, 40.49671795940346], [-3.665157571857453, 40.49627802549186], [-3.665869174643226, 40.49567502281095], [-3.6669553659429464, 40.49478489295603], [-3.6688419536627133, 40.49321853430221], [-3.669059417100221, 40.49301368262027], [-3.6691168426831466, 40.49296313434696], [-3.6693033801265362, 40.492802641071584], [-3.6695160991397557, 40.49262767161194], [-3.6697886650322524, 40.49240258956325], [-3.6700410754562456, 40.49219421818595], [-3.67030806020719, 40.491960032199145], [-3.670559613416111, 40.49173699810303], [-3.6706791649086536, 40.49163081873337], [-3.670910442231053, 40.49141716271815], [-3.6710746703753805, 40.49125323753807], [-3.671241045138188, 40.49107508355016], [-3.671399022985131, 40.490897482601596], [-3.671577699163786, 40.4906952388274], [-3.6718136874568645, 40.49038899577263], [-3.6719032938295606, 40.49022556621317], [-3.6715322389664453, 40.49059865690014], [-3.671525412490887, 40.49059448939162], [-3.6715184925205837, 40.490590412515324], [-3.671511479145312, 40.49058643527965], [-3.671504383984661, 40.49058253959922], [-3.671497195508818, 40.49057875256777], [-3.6714899135381636, 40.490575056168474], [-3.671482561671076, 40.49057145026423], [-3.6714751164887316, 40.490567953008956], [-3.671463465264038, 40.49056274146527], [-3.6712436591784345, 40.4904930729392], [-3.6712375074880272, 40.49049030688875], [-3.671231239421989, 40.49048770367479], [-3.6712248432708763, 40.49048527237422], [-3.671218354432185, 40.49048301278144], [-3.6712117611067026, 40.49048092496497], [-3.671205075183328, 40.49047901786469], [-3.671198308461171, 40.49047729141205], [-3.6711914609402068, 40.49047574560706], [-3.671184556218731, 40.49047438031259], [-3.671177582497513, 40.490473195597225], [-3.671170563464612, 40.4904722003323], [-3.671163510919137, 40.490471394449294], [-3.67115641306185, 40.490470778016686], [-3.6711493052902417, 40.49047035082895], [-3.6711421640058934, 40.49047011302309], [-3.6711350364054414, 40.49047006432505], [-3.6711278989802323, 40.49047021388027], [-3.67112077514905, 40.4904705435349], [-3.6711136650015934, 40.490471062297324], [-3.6711065922259047, 40.490471779038955], [-3.671099556642431, 40.49047267574297], [-3.671092558340854, 40.49047376141779], [-3.671085620919488, 40.49047503592635], [-3.6710787324893515, 40.49047649032882], [-3.671071928447931, 40.490478124419624], [-3.6710651970857264, 40.49047994727574], [-3.6710585618215985, 40.490481940743315], [-3.6710520109460365, 40.490484113899264], [-3.671045567967627, 40.490486457598195], [-3.67104118383319, 40.49048818574352], [-3.670944925830105, 40.49051478044409], [-3.6706425044111906, 40.49059156220335], [-3.670146177897688, 40.490724422240504], [-3.6700022867308393, 40.49079173347824], [-3.6693003107562125, 40.49117426646646], [-3.6686585972986365, 40.49137687137357], [-3.6683483236242176, 40.49147875542822], [-3.6681305246687472, 40.49142226747796], [-3.6679462028048384, 40.491397918716174], [-3.6676790949021765, 40.4914143269314], [-3.667326907877661, 40.491502126172534], [-3.6673174683839997, 40.49150218067802], [-3.667211554463002, 40.49087227458472], [-3.667068828236464, 40.490623803112484], [-3.666901045055055, 40.49033171962303], [-3.666718242855956, 40.490013470463495], [-3.6665156078522996, 40.489660714012864], [-3.6663965095761712, 40.48940625857589], [-3.6662981304871227, 40.48922319653614], [-3.665007132984532, 40.489403847203086], [-3.6647888671768434, 40.48943181443395], [-3.6645717411951844, 40.48946171162103], [-3.664466389381454, 40.48947444341743], [-3.6643685382890925, 40.48949037521879], [-3.664275511854816, 40.48950377472048], [-3.6640614235788433, 40.48953065351148], [-3.6638542180401013, 40.48955670859301], [-3.6637663932671405, 40.489568726464626], [-3.663639305181623, 40.48958735707685], [-3.6636027299334346, 40.48958894546416], [-3.6635671180459477, 40.48959609583496], [-3.6634552508843616, 40.48960867493093], [-3.663427627545682, 40.48961344608278], [-3.6633593665015254, 40.4896278558252], [-3.663158970547921, 40.489656483167956], [-3.663094358898367, 40.48966284484563], [-3.6629802876063615, 40.489673292000084], [-3.66286974055384, 40.48967375493815], [-3.66278321731277, 40.48966937733168], [-3.662706961299307, 40.489665147992184], [-3.6626114012119437, 40.48965614643464], [-3.6625582134373507, 40.48965189284304], [-3.66243791364256, 40.48964692483312], [-3.6623364004261107, 40.489637299517646], [-3.6622365006507542, 40.48962495317595], [-3.6621532672741197, 40.48961793464384], [-3.6620829761094797, 40.48960349962076], [-3.6620014627159336, 40.489594993659146], [-3.6619675200738033, 40.48959431421342], [-3.661910398387395, 40.48959558732007], [-3.661830716955719, 40.489602998556585], [-3.661774748762771, 40.4896063820921], [-3.6617046062433785, 40.489614279156775], [-3.661643621009509, 40.48962224987902], [-3.6615669870205387, 40.48963358940409], [-3.6614231186364803, 40.48965939466432], [-3.660811655101291, 40.489744603622285], [-3.6608007212000127, 40.48974626072257], [-3.6607897621978993, 40.489747764813316], [-3.6607787545852166, 40.48974912503786], [-3.6607677337592777, 40.489750341193826], [-3.6607566761219856, 40.48975141341612], [-3.660745593384129, 40.48975233262883], [-3.660734497344874, 40.48975309876448], [-3.6607233881809913, 40.48975372983998], [-3.6607122656274793, 40.48975419882998], [-3.6607011299495023, 40.48975453275978], [-3.6606899927694765, 40.4897547135451], [-3.6606788422884073, 40.489754741253314], [-3.660667702192877, 40.48975462475803], [-3.660656572394612, 40.48975435505075], [-3.6606454411829503, 40.48975394120742], [-3.6606343203570457, 40.48975338316054], [-3.660620234164493, 40.48975245467857], [-3.66032012644039, 40.48912112930803], [-3.660271230732686, 40.48905149925908], [-3.660224490929024, 40.48885267761975], [-3.6603310551822745, 40.48875900640503], [-3.6603114871560005, 40.488677902571965], [-3.660305140848697, 40.48865160568574], [-3.660285790412994, 40.48865168921384], [-3.6602766180002657, 40.48865126414341], [-3.6602690371127373, 40.48865069484562], [-3.660261489591385, 40.488649918150955], [-3.660253987323429, 40.48864894300049], [-3.6602465303089553, 40.488647769394234], [-3.6602391303469153, 40.48864639726478], [-3.660231799324515, 40.48864483555318], [-3.6602245488641456, 40.488643066175136], [-3.6602173792307005, 40.488641116156025], [-3.6602103020465777, 40.48863896741155], [-3.6602033292872402, 40.48863663789121], [-3.6601964609527555, 40.488634127595056], [-3.6601897205526477, 40.48863142737984], [-3.6601830964646376, 40.48862855532985], [-3.6601766121982298, 40.48862550230189], [-3.660170279640627, 40.48862227723701], [-3.660164087081247, 40.48861888921109], [-3.660158069916749, 40.488615338021944], [-3.660152204637667, 40.48861163281285], [-3.6601465148417707, 40.488607773449026], [-3.6601410005290753, 40.488603759930484], [-3.6601356853856055, 40.488599601130936], [-3.6601305459018767, 40.48859530619361], [-3.6601256174745136, 40.488590874916376], [-3.660120900191762, 40.48858631630768], [-3.6601163823430216, 40.48858163944337], [-3.659873317160003, 40.48829184039034], [-3.659861685395085, 40.488280051030806], [-3.6598509791536387, 40.48823385122315], [-3.6598118140757236, 40.4881853904857], [-3.6596588826403567, 40.48802164302057], [-3.6594732854971816, 40.487824766664374], [-3.6592436994572903, 40.487579456582075], [-3.658993762965523, 40.48730054158067], [-3.658855825967513, 40.4871566443209], [-3.6589605623425956, 40.48703057958041], [-3.6589549094766327, 40.487014792099245], [-3.658942960982306, 40.486981437029], [-3.6588622932628803, 40.48689132997985], [-3.658855673523579, 40.48686716067489], [-3.6588511434049926, 40.48686844775278], [-3.6585854903416632, 40.48694397037636], [-3.657966556863633, 40.48743288877295], [-3.657742015674673, 40.48714645714449], [-3.6576358095303108, 40.48707384581283], [-3.657521819910605, 40.4870112966148], [-3.6573694440417257, 40.48693871346492], [-3.6573106623336944, 40.48692321006533], [-3.6571350220798933, 40.48697677608518], [-3.6569522060468684, 40.48704954466059], [-3.6568011924561445, 40.48713601500616], [-3.6566483755705517, 40.48723846826445], [-3.656351745877511, 40.487435160930694], [-3.656159983924655, 40.48756003275575], [-3.65597471202658, 40.487571102435375], [-3.6558955778539723, 40.48758485778016], [-3.655805055157125, 40.48761415506656], [-3.6557097509807743, 40.48764802892886], [-3.655609052260639, 40.4876974467221], [-3.6551816059191036, 40.487156090610284], [-3.6550562663693493, 40.48713468412431], [-3.654762590925846, 40.487289770673634], [-3.654513865263734, 40.48740918774727], [-3.6543490408999326, 40.48749063403965], [-3.6541682464985303, 40.48780973644968], [-3.654134162512163, 40.487913496231535], [-3.654067158806855, 40.4880926940497], [-3.653711773211999, 40.48830814474867], [-3.6531064775733246, 40.488683681467094], [-3.6529217903838846, 40.488678752072865], [-3.6528959056738075, 40.48856588106701], [-3.6531887286991664, 40.48813200419891], [-3.6535478221891715, 40.48802989372154], [-3.65391749755742, 40.48770155262073], [-3.6540438455347273, 40.48750953265085], [-3.654050741182754, 40.487189153435736], [-3.6539703170280577, 40.487106473965895], [-3.654142626943848, 40.486684078192695], [-3.654306536430599, 40.48627410799261], [-3.6536704481244984, 40.48596427699921], [-3.653872893656353, 40.485335388092864], [-3.6539484729400487, 40.48509296200459], [-3.6540094449894354, 40.48496240159828], [-3.6540738866438227, 40.484835587263845], [-3.6542861240706945, 40.484508649244816], [-3.6544165073481234, 40.48429305652945], [-3.6543565784839065, 40.48395136192395], [-3.6543207472241424, 40.48374981827448], [-3.6542533065480827, 40.483737731674616], [-3.6541012916925855, 40.483708502204], [-3.6539458511666894, 40.48367884146848], [-3.6537797714887286, 40.48364706954918], [-3.6535796617700966, 40.48360892230899], [-3.6534241124503577, 40.483580162380896], [-3.653320235849352, 40.48356300197964], [-3.653256180592234, 40.483552012769955], [-3.652997170064579, 40.483512386625435], [-3.6525732716544277, 40.483442078604384], [-3.6519723953598473, 40.483347443341394], [-3.6512517270593756, 40.48323546211337], [-3.6503210154536805, 40.48303592023296], [-3.650070114353495, 40.48299263830352], [-3.6496928773513866, 40.48292638153295], [-3.6492828058663043, 40.48285768638543], [-3.649048329516434, 40.482816841477714], [-3.6488218950878943, 40.48277793291814], [-3.6485775879408355, 40.48273307920198], [-3.6483501842215658, 40.48269147246858], [-3.64805200415205, 40.48263909105654], [-3.6477812514306938, 40.482591140710745], [-3.647460945342159, 40.48253212506291], [-3.647225968120608, 40.48248803603167], [-3.647127753346051, 40.48247038789961], [-3.647096303546604, 40.48246352799192], [-3.6469405758207083, 40.482427913510456], [-3.6467571479776266, 40.4823827241558], [-3.6465485434999922, 40.48233272042674], [-3.6463736343254247, 40.482302257498354], [-3.6462619574949873, 40.4822833235638], [-3.6461307988949847, 40.48226288583277], [-3.6459226014032935, 40.4822244822346], [-3.645091321393416, 40.482071828623305], [-3.644292261090968, 40.481916142581106], [-3.6433190805512923, 40.48174521320054], [-3.642759448815937, 40.48162141763751], [-3.6421443089021497, 40.4814890359309], [-3.6422352362514223, 40.48168564676231], [-3.6423229763953135, 40.48184241958723], [-3.642473440713348, 40.48207876216525], [-3.642568570631309, 40.48227543042979], [-3.642675553598242, 40.482477762396286], [-3.6427885769254034, 40.48274924045638], [-3.6428857364071283, 40.48296057273891], [-3.6429434904652793, 40.4831658539145], [-3.643013845870074, 40.483394632378584], [-3.6430710937084076, 40.483596240635315], [-3.6431227576424337, 40.48385311384373], [-3.643161567034145, 40.48409698655586], [-3.643182824307564, 40.48434747940895], [-3.643186167047894, 40.48466676523299], [-3.6431801402817556, 40.4848820947927], [-3.643169569747164, 40.48515910691857], [-3.643140302032707, 40.48539330441763], [-3.6430930705779985, 40.48567390788312], [-3.643037226025543, 40.48593973951019], [-3.64299052614803, 40.48617597986487], [-3.642968860055425, 40.486273352053594], [-3.64293833676028, 40.48652817793772], [-3.6428905305636046, 40.48691564866025], [-3.642854509438179, 40.48727076570326], [-3.642828183065674, 40.48776891796238], [-3.6428306503484866, 40.48806583925779], [-3.642840548930806, 40.4883934217054], [-3.642860132315259, 40.48876399502375], [-3.642895819401797, 40.489092208746555], [-3.6429399788368007, 40.489415456420716], [-3.6429768416532267, 40.48964547501498], [-3.6430092554108002, 40.489744366078824], [-3.6430422353158494, 40.48989761397228], [-3.6431174059274416, 40.490235688876474], [-3.6432213713598243, 40.49062467517138], [-3.643332726823612, 40.49094838642967], [-3.6434547306252214, 40.491283596751714], [-3.643568261124158, 40.49157535892219], [-3.643702108374268, 40.491874106854006], [-3.6438965266689616, 40.49227650739603], [-3.6440409705316106, 40.49259223176549], [-3.6441747225497307, 40.49284850245462], [-3.6443502278063185, 40.493218539345364], [-3.644474808885004, 40.49349160840923], [-3.6447396575459505, 40.49412040569852], [-3.6449361583697915, 40.49458860299816], [-3.645111927886367, 40.49503459149536], [-3.6452948639545704, 40.49551888171243], [-3.6454391189982642, 40.49590213618245], [-3.6455440442571847, 40.496182061417876], [-3.6456539210777263, 40.4965130936045], [-3.645920861086371, 40.49728862268047], [-3.6460842948777397, 40.49782014617302], [-3.646165983699018, 40.49812162388879], [-3.6462566757235764, 40.498421672816235], [-3.6462969556082463, 40.49857561743837], [-3.646337038174458, 40.49871267139592], [-3.646439440734102, 40.499087924282584], [-3.6465413756259393, 40.49947457596725], [-3.646610925358518, 40.499763814987105], [-3.646666394132836, 40.49998152975937], [-3.646707637426495, 40.50016309018422], [-3.646750858592427, 40.50038344999173], [-3.6467924030330297, 40.50058402653901], [-3.6468300478190847, 40.500759471958865], [-3.646858290180867, 40.50086154721374], [-3.6468813745302513, 40.501002858193516], [-3.6469173691034795, 40.50119566400615], [-3.6469739511619825, 40.501514281351405], [-3.647013660746569, 40.501723958058356], [-3.647062507175361, 40.501955943744214], [-3.6471020210540606, 40.50213414430646], [-3.6471308688695263, 40.50233472869961], [-3.647157107413448, 40.502502030695965], [-3.6471777679424076, 40.50264152633561], [-3.6471905622903265, 40.502770561613076], [-3.6472224679229392, 40.50297979542265], [-3.647255612420205, 40.50319633752463], [-3.6472799035805146, 40.503339010962264], [-3.6473269829728365, 40.50357602433651], [-3.647363878752116, 40.503718654167436], [-3.647405005199014, 40.50386674671695], [-3.647444861194512, 40.50400298161173], [-3.6474579438401706, 40.504071087856104], [-3.647522975037357, 40.50407362436224], [-3.6475233924189676, 40.50429498030436], [-3.647568121633556, 40.504424908619534], [-3.6476114631456147, 40.50454061059127], [-3.647693073825282, 40.50473052978817], [-3.6477758987900843, 40.50492271236232], [-3.6478574478811665, 40.50510122647762], [-3.6479212048686085, 40.505217768809054], [-3.648014668537261, 40.50538209901897], [-3.6481165780733025, 40.5055532465786], [-3.64821409722073, 40.5056924820414], [-3.6482838407151292, 40.505806720330014], [-3.6484116271636253, 40.50598689352659], [-3.6484691760166044, 40.5060701643863], [-3.6486132176823056, 40.50625666949297], [-3.6487299922548813, 40.50640358913801], [-3.648866646115645, 40.50656184737853], [-3.6489652785596243, 40.50668647246632], [-3.649088775762667, 40.50682048023505], [-3.649230170267874, 40.50696590071938], [-3.649371564096516, 40.50710506883951], [-3.649505198582708, 40.507225316618985], [-3.6497675719415996, 40.50744636194865], [-3.6500435198111565, 40.50768079864525], [-3.6503078653544745, 40.507891813712774], [-3.6506260541618616, 40.5081097952237], [-3.650904040699587, 40.50829447110843], [-3.651201333205063, 40.508472497050114], [-3.6515375591774615, 40.5086523026922], [-3.6518738016469396, 40.5088311883441], [-3.6522276330028296, 40.50899793782469], [-3.652644871647839, 40.50917311181592], [-3.6530837822651265, 40.509342116830965], [-3.6535058924328747, 40.50947760292022], [-3.653935119526814, 40.50961773182223], [-3.654335736215592, 40.50971281439931], [-3.654698740259669, 40.5097997303951], [-3.6550698673509445, 40.50986617599328], [-3.6554218247146784, 40.50993242282217], [-3.655857304861194, 40.50998676225813], [-3.6563640349110083, 40.51004640702823], [-3.6565310632019434, 40.510062124685106], [-3.656806332716637, 40.510088019610066], [-3.657352324848918, 40.51012980643651], [-3.657452007360532, 40.50966002814729], [-3.6575168840557297, 40.50929811331185], [-3.657545980977767, 40.50903126588208], [-3.6575630698636714, 40.50876520747615], [-3.657562870414874, 40.508564733234216], [-3.6575597590135933, 40.50839481577719], [-3.657525288182664, 40.508023186957104], [-3.6575095979226813, 40.50756956019769], [-3.657510738658511, 40.507105053963386]]]}, "properties": {"OBJECTID": 21957, "EXP_TX_NUMERO": "511/2025/18629", "EXP_TX_DENOM": "UZI.0.09 Sanchinarro", "FAS_TX_DENOM": "Aprobación Inicial", "FEX_DT_APROB": 1761778800000, "FEX_DT_INFOPUB_INI": 1762902000000, "FEX_DT_INFOPUB_FIN": 1794438000000, "Enlace": "https://servpub.madrid.es/VSURB_WBVISOR/seguimiento/expGestion.iam?exp=511/2025/18629&infoPubli=true", "SHAPE.STArea()": 3836986.486989, "sigma_layer_kind": "gestion", "sigma_layer_id": 1}}, {"type": "Feature", "id": 21958, "geometry": {"type": "Polygon", "coordinates": [[[-3.683953979194619, 40.50761237565992], [-3.68397124127938, 40.5077326595341], [-3.683978226497586, 40.50778124827689], [-3.6839882788169716, 40.507851746547374], [-3.684028020137065, 40.508128319019185], [-3.6840360974590727, 40.50821700894723], [-3.684062936156866, 40.50850728824012], [-3.6840685462580147, 40.50857850647641], [-3.6840969924049, 40.5089386673239], [-3.684104266189573, 40.50902956917339], [-3.684092599699265, 40.509362436237005], [-3.684141605273704, 40.51009286743049], [-3.6841426057502056, 40.510107690164375], [-3.684213687904404, 40.51116705873654], [-3.684284119938101, 40.51153172746814], [-3.6844690159800697, 40.51139875111262], [-3.6849175214753354, 40.511058376911215], [-3.6849369181605978, 40.51104364950311], [-3.685011606661564, 40.51098063994981], [-3.6850155271193437, 40.510977328460044], [-3.685019447668398, 40.51097402597851], [-3.6850978761473367, 40.51090854377684], [-3.685104893605423, 40.51090219594044], [-3.685104964093747, 40.5108952046137], [-3.68510504342691, 40.5108867628011], [-3.685105376041342, 40.510848698213195], [-3.68510545044782, 40.51084093209747], [-3.685106511533956, 40.51082921423241], [-3.685108243125506, 40.510814951881336], [-3.685108688713849, 40.51081118351799], [-3.6851126663162215, 40.51078913316726], [-3.68511762662755, 40.51076158155894], [-3.68512651678637, 40.51069105219929], [-3.6851294549823517, 40.510667773790274], [-3.685131180355377, 40.510654061018464], [-3.685137285341728, 40.51060561097468], [-3.685144657865797, 40.51051818089759], [-3.6851537300291493, 40.5103658045622], [-3.685155938434252, 40.51032880991752], [-3.6851587702264808, 40.51028116305179], [-3.685164289384017, 40.51021806799892], [-3.685164415611908, 40.51021655375459], [-3.685164712527481, 40.51021325473519], [-3.685164723046473, 40.51021312854816], [-3.6851648491826587, 40.51021160529547], [-3.6851649130300874, 40.51021092024018], [-3.6851714576514683, 40.51013608951267], [-3.6851738998179813, 40.51010814742906], [-3.6851767441782997, 40.5100756534638], [-3.685179954874275, 40.510043202370724], [-3.685188734136177, 40.509979187093485], [-3.68519088824987, 40.50996701229974], [-3.6851909996738375, 40.50996636299793], [-3.685192485482995, 40.509952309305724], [-3.68519718110765, 40.50990803873276], [-3.6852260466057616, 40.509843742188494], [-3.6852306978550686, 40.50983338139406], [-3.6852389849255074, 40.50981494507882], [-3.685247093355598, 40.50979867195942], [-3.68525982864518, 40.50977428140562], [-3.685259967891337, 40.509774046348376], [-3.6852691055151596, 40.50975800135573], [-3.6852733134716806, 40.50975163413307], [-3.6852785442767058, 40.50974371131296], [-3.685291191009984, 40.50972453743662], [-3.6853191593971593, 40.509689236843734], [-3.6853192758632636, 40.509689083001625], [-3.685320322224079, 40.509687518255625], [-3.6853517111919785, 40.50964039570323], [-3.68537326884752, 40.50961306095386], [-3.6853866692956725, 40.50959604473374], [-3.685402917637324, 40.509568921646796], [-3.6854063732997204, 40.50956170303518], [-3.6854109658903065, 40.50954906332803], [-3.6854189708183194, 40.50952379091364], [-3.6854246519327902, 40.50950213584424], [-3.685426856505245, 40.50948680762911], [-3.685430103744319, 40.50945795987148], [-3.6854322349382844, 40.50943542496716], [-3.6854320790144945, 40.509420110753005], [-3.6854294066757998, 40.509389496325745], [-3.68542751478316, 40.509374093310335], [-3.685425544922657, 40.50935798806268], [-3.6854218482660666, 40.509342694849884], [-3.685415699404556, 40.50931840727631], [-3.685407171716241, 40.50929233203071], [-3.685402303995393, 40.509277946653526], [-3.685392660274087, 40.50925818426], [-3.685360206759227, 40.50920071974587], [-3.6853409918627187, 40.50916251882916], [-3.6853349081137567, 40.50915041991383], [-3.685325255260491, 40.50912975667773], [-3.6853216136623437, 40.50911986847799], [-3.6853167276320358, 40.5091036814241], [-3.6853130493554587, 40.509090189879224], [-3.6853080257762953, 40.509060490281804], [-3.685302360950308, 40.509023452228426], [-3.6853017027508055, 40.509019086812394], [-3.685300320769567, 40.50899927541484], [-3.685299143011676, 40.50898793117777], [-3.685297712700419, 40.50897496683528], [-3.685298325048817, 40.50895511658381], [-3.685298613748591, 40.508945214083965], [-3.685298804981642, 40.508941969743695], [-3.6853016225978874, 40.508892944584936], [-3.6853031210844867, 40.50880825197981], [-3.6853024857189745, 40.5087469951846], [-3.6853010631588448, 40.50872087779228], [-3.6852985559712397, 40.5087064784104], [-3.685296110341842, 40.50869928578855], [-3.685295988925603, 40.50869895317903], [-3.6852940961345224, 40.50869389238948], [-3.6852900441162104, 40.508683105731194], [-3.68528787801169, 40.508676704235256], [-3.6852851764661954, 40.50866872034702], [-3.6852827701512165, 40.50866423016362], [-3.685281498220913, 40.50865522879987], [-3.6852814065237163, 40.5086462204371], [-3.6852813881842823, 40.508644418764554], [-3.685289035435749, 40.50858401374061], [-3.6853055376392367, 40.508465899199464], [-3.6853120321326025, 40.5084082036806], [-3.685314108317386, 40.50838026375646], [-3.6853160286091735, 40.50833700961473], [-3.685318294647288, 40.50821177236718], [-3.6853198206199353, 40.50812978226123], [-3.6853229944868264, 40.50809372780917], [-3.6853292277063354, 40.50804283556043], [-3.685331711824968, 40.50802250574184], [-3.6853370535483747, 40.5079675197262], [-3.6853411037254524, 40.50790972158146], [-3.6853504522935108, 40.50777645141873], [-3.685369525408587, 40.507561926288446], [-3.6853600718967288, 40.50756198235579], [-3.6853600823232937, 40.50756184716034], [-3.6853770339768777, 40.50734646974784], [-3.685377274245193, 40.507343405293916], [-3.6853813402431457, 40.50729180517705], [-3.6853907041039866, 40.50717280501821], [-3.6853960134898047, 40.50710537788073], [-3.6854073522045314, 40.50696124916523], [-3.685409473715859, 40.506934290934886], [-3.685418597679725, 40.5068184002633], [-3.6854212935733743, 40.50677018660803], [-3.6854225939727145, 40.50674720617594], [-3.6854227023631108, 40.506746259597534], [-3.6854228107535034, 40.50674531301915], [-3.6854290507048613, 40.50667075430844], [-3.6854299657736065, 40.50665977602897], [-3.6854371929858214, 40.506560463985984], [-3.685439285247663, 40.50653179423395], [-3.6854550346870805, 40.506339811034614], [-3.6854608182988917, 40.50626796670597], [-3.685471799147016, 40.506131605767585], [-3.6854955315987508, 40.50579633351545], [-3.685499611523924, 40.5057449585213], [-3.685504417598051, 40.505683759506056], [-3.685508079552354, 40.50563770224762], [-3.685517912127391, 40.505478996993105], [-3.6855215434963053, 40.50541834547757], [-3.6855261277680786, 40.505371300773895], [-3.6855308387962205, 40.505322795874015], [-3.685532551602118, 40.505259182797005], [-3.6855398956081102, 40.50516905011279], [-3.685541980789278, 40.50514201100731], [-3.6855472395961226, 40.505078917426864], [-3.6855492605670803, 40.50504557246336], [-3.685555290630556, 40.50496317721637], [-3.6855565128093613, 40.5049464314071], [-3.6855589885345625, 40.50491254321015], [-3.6855598279826536, 40.50490109691163], [-3.68556025177299, 40.504895193559996], [-3.685560655628816, 40.50488965068309], [-3.685593173538911, 40.504896836066514], [-3.685599025386426, 40.50482360393648], [-3.6856041746625627, 40.504759033538384], [-3.6856087229291394, 40.50463891775003], [-3.6856088252286012, 40.5046362144693], [-3.6856307879982206, 40.50458044512036], [-3.6856479416844152, 40.50453688435024], [-3.685653117792517, 40.50446568322785], [-3.6856712907476425, 40.50427999179351], [-3.685675864594803, 40.504265550393896], [-3.685686219959828, 40.50423936310224], [-3.6856684717614634, 40.504234963953614], [-3.6856531022224033, 40.50423235247178], [-3.6856756196212768, 40.50413486855124], [-3.6856983177081983, 40.5040365907683], [-3.6857175546246124, 40.50395539639978], [-3.6856962752221087, 40.503951919099755], [-3.685713206864066, 40.50387614375767], [-3.685691935106897, 40.503876891591965], [-3.685651857460444, 40.50387830955589], [-3.685651896969385, 40.50380105788518], [-3.685651909315593, 40.5037674996075], [-3.685671552591169, 40.503494412958815], [-3.685677862884036, 40.50341870063605], [-3.6856944334105304, 40.50319157766536], [-3.68570035049214, 40.50312361533757], [-3.685703097770403, 40.503092067833855], [-3.685710177213652, 40.50301076541308], [-3.685726745923024, 40.50288778549491], [-3.685725180492237, 40.50284995733952], [-3.6857259606462023, 40.50281067383912], [-3.685726916936129, 40.50278868641102], [-3.685729916070781, 40.50273551601322], [-3.685748351088385, 40.5024771119983], [-3.6857553124032845, 40.5023795852096], [-3.6857639979937837, 40.502257841228904], [-3.685768524614356, 40.5021970582357], [-3.6857727905005473, 40.50213616868194], [-3.685781582978617, 40.50201449613202], [-3.6857864623090713, 40.50197212526833], [-3.685791341633767, 40.50192975440417], [-3.685798697836621, 40.50184088282972], [-3.6858024746762457, 40.50179455458331], [-3.6858184710629125, 40.50159572294099], [-3.6858292917985533, 40.501461155587705], [-3.6858353648168736, 40.5013853545498], [-3.6858636310124093, 40.501032037214735], [-3.6858744502597522, 40.50093557757786], [-3.685877511902015, 40.50092564058782], [-3.6858820811746877, 40.500910775780355], [-3.685884731651049, 40.50090218355923], [-3.685883315534821, 40.50090219196406], [-3.685874134381183, 40.50090224645495], [-3.6858646700042916, 40.50090230262604], [-3.685879203845848, 40.50082293788566], [-3.6858814493466494, 40.50081166341033], [-3.685883694846716, 40.50080038893498], [-3.685891616024735, 40.50076700892313], [-3.6859076143418172, 40.50071556313321], [-3.685936180739402, 40.500623502608505], [-3.685961335256142, 40.50054407481409], [-3.686006018978638, 40.50041227935609], [-3.6860272129008096, 40.50040631576392], [-3.686035438590515, 40.50040399668544], [-3.6860324132474185, 40.500397798490994], [-3.686030617290331, 40.500394115495666], [-3.686109610290376, 40.50016177497361], [-3.6861402722226373, 40.50007157580481], [-3.6861415664318113, 40.50006771230312], [-3.6861429065591476, 40.500063722403894], [-3.6861922273271612, 40.49992379130501], [-3.6861993478344854, 40.49990683027362], [-3.686207302163427, 40.49989757592594], [-3.686215489282641, 40.49989032017559], [-3.6862190019815135, 40.49988759664133], [-3.686232860002459, 40.499857784916315], [-3.6862420986763573, 40.499837910432035], [-3.686283559199279, 40.49971765640168], [-3.6863324357835956, 40.499575881045025], [-3.686430085445912, 40.499292655196726], [-3.68643354301257, 40.499284526630824], [-3.686444994770881, 40.49925022471022], [-3.686452354094582, 40.49923586582112], [-3.6864565658887876, 40.49922763367626], [-3.6864514210181376, 40.49915706132467], [-3.686451020485738, 40.499155973624404], [-3.686449819439541, 40.49915276457386], [-3.6864492493822874, 40.499151254461275], [-3.6864456344439147, 40.49914162737958], [-3.686443438656827, 40.49913576660599], [-3.686442140635108, 40.499132305881595], [-3.686439750804318, 40.499125932752], [-3.686436063136557, 40.499116116914635], [-3.686412723299674, 40.49905391381438], [-3.68638231056289, 40.49897279794741], [-3.6863718898486186, 40.498944995246354], [-3.6863717531558775, 40.49894432038913], [-3.6863279343578235, 40.49882732051371], [-3.6863270384795, 40.49882626278154], [-3.6862772302413163, 40.498767703292955], [-3.686063592972996, 40.49851649674055], [-3.6859559745321278, 40.49838993860803], [-3.6855872804253442, 40.4979564009157], [-3.6855259552809754, 40.49780158600869], [-3.6855257011450884, 40.497800965900495], [-3.685510757041089, 40.49778551415432], [-3.685487648564673, 40.49771808430218], [-3.6854412318035408, 40.49758792842457], [-3.685418405929885, 40.49752390225295], [-3.6853978043948223, 40.49747087178876], [-3.6853759586853543, 40.49741154245238], [-3.6853091500952444, 40.497224553029994], [-3.685307913444301, 40.49722479459541], [-3.685157910695845, 40.497253818888204], [-3.6851551119426924, 40.49720143056918], [-3.6851549941710835, 40.49719913399176], [-3.685154309972569, 40.49718639942925], [-3.6851535077279314, 40.49717134126413], [-3.6851511647418285, 40.497125472703395], [-3.6851494436814143, 40.497108257843585], [-3.68513468694614, 40.49695111257075], [-3.6850537744426606, 40.49608975339338], [-3.6850521809791323, 40.49593308860526], [-3.684997813996837, 40.49579146622394], [-3.684780482038549, 40.49522535397267], [-3.6847521779296484, 40.49515163045924], [-3.6846943242022863, 40.49490485834929], [-3.684693944426704, 40.49472819552029], [-3.6846901138369565, 40.49433395146863], [-3.684690101566335, 40.494332744344874], [-3.684689782700652, 40.49430021499203], [-3.6846887472381993, 40.49419254640816], [-3.6847771649939505, 40.49418176136713], [-3.6847764574171, 40.49416323419276], [-3.6847765399240537, 40.494163224694965], [-3.6847691436703247, 40.493970801756916], [-3.6847614950231815, 40.49377211910135], [-3.6847600989248193, 40.49373577634227], [-3.684759214215857, 40.49371259259924], [-3.6847402094360175, 40.49321864646754], [-3.6847402350654233, 40.49315732252547], [-3.684740246031673, 40.49313286321389], [-3.6847402459880905, 40.493121250702565], [-3.684740260757155, 40.4930855572317], [-3.68474033434226, 40.49290009894533], [-3.684740344482952, 40.49286743250137], [-3.6847403626958077, 40.49283672094748], [-3.684740478724817, 40.49254747951139], [-3.6847438757405095, 40.4922652545971], [-3.6847459595031173, 40.49209181129898], [-3.6847486674003767, 40.49186716653405], [-3.684755344541107, 40.49159536350528], [-3.684755888704237, 40.49157344154706], [-3.684762534647823, 40.49157252830272], [-3.684776321557121, 40.491570644826155], [-3.6847912749515386, 40.49156859227529], [-3.684807901652812, 40.49156631359293], [-3.684813792162731, 40.49156537779516], [-3.684907425004595, 40.49154443571419], [-3.6849469478854604, 40.49153559794895], [-3.6849586033913266, 40.491532988350336], [-3.684996064800574, 40.49152682042148], [-3.6850182820575466, 40.49152312119701], [-3.6851329494356833, 40.49150402720911], [-3.685187172681028, 40.49149611121275], [-3.685230037495573, 40.49148984810977], [-3.685287300634779, 40.49148149062255], [-3.6852872181565943, 40.491473383071906], [-3.685284821636114, 40.49146979370922], [-3.6852422208469897, 40.49142892953814], [-3.6853216971049996, 40.49141647639362], [-3.685281664404886, 40.49137750690183], [-3.6852725947792657, 40.491368677872686], [-3.685269376894379, 40.49136554382658], [-3.6852680540676994, 40.49136426339284], [-3.6852362448634044, 40.49133329910973], [-3.685169778201669, 40.49126860364246], [-3.6851632232674447, 40.49126221913459], [-3.6851230715673653, 40.4912231331758], [-3.6849212531937683, 40.49102668242991], [-3.6848993220438886, 40.491005118889625], [-3.6848692619539123, 40.49097554953078], [-3.6848508111965614, 40.49095740676884], [-3.6848501435710674, 40.49095673505504], [-3.6848463771914735, 40.490953036684324], [-3.6848444940476215, 40.490951192003095], [-3.684689867593598, 40.490799100449834], [-3.6846757554232163, 40.490785220208], [-3.684665445381732, 40.49077507416527], [-3.6846252900510135, 40.49073557363948], [-3.6845753731915454, 40.49068648235317], [-3.68443179850973, 40.49054193752946], [-3.684387079804658, 40.490496914440115], [-3.6842987871871307, 40.49040803259122], [-3.6841313160737195, 40.49024576415597], [-3.684032440245314, 40.490149962821356], [-3.6840187000639477, 40.49013550372355], [-3.6839636442733568, 40.4900775958066], [-3.6839425093098046, 40.49005536070667], [-3.683891577637792, 40.49000616701542], [-3.6838695319044192, 40.489984874220596], [-3.6836956095693947, 40.4898169046191], [-3.6836723009213683, 40.48979440305048], [-3.683487952719126, 40.48961636875931], [-3.6834691961170423, 40.48959824559755], [-3.6834689199969968, 40.48959661661299], [-3.683467527807083, 40.489596633855136], [-3.6834545849370866, 40.489553737769555], [-3.6834446621987738, 40.489517760703386], [-3.683435564485605, 40.48948168866791], [-3.683431209017369, 40.489471083878946], [-3.683428664520401, 40.48946452240211], [-3.6834263550894706, 40.48945786944579], [-3.683424045658993, 40.489451216489414], [-3.6834220892841443, 40.48944447135582], [-3.683420133823558, 40.489437816306165], [-3.683418413520204, 40.48943107878548], [-3.6834168101102107, 40.489424232466234], [-3.6834158786726623, 40.489419652425404], [-3.6834154436850457, 40.489417483843894], [-3.683407955818897, 40.48937725817493], [-3.683402039292564, 40.489340716877585], [-3.683396947785098, 40.48930408061177], [-3.683392681295191, 40.48926734937762], [-3.6833893587246282, 40.48923061256154], [-3.6833867431795753, 40.48919378147501], [-3.6833850715510565, 40.48915694480671], [-3.6833842258483935, 40.48912010325433], [-3.6833842224627116, 40.48911046371151], [-3.683384207795615, 40.48908459013045], [-3.6833842060702477, 40.48908325681793], [-3.683384490094354, 40.48907054352796], [-3.683385013129052, 40.489046495581476], [-3.68338664519586, 40.489009639377045], [-3.6833884801316508, 40.488982313428565], [-3.68338910409692, 40.48897286837254], [-3.683392506905862, 40.48893609178627], [-3.6833959370022553, 40.488905495169476], [-3.683396618557503, 40.48889940109751], [-3.683401675028016, 40.488862794910794], [-3.683407557413451, 40.48882618383975], [-3.683414266626314, 40.48878965796827], [-3.683421685590636, 40.48875330807783], [-3.6834300493682686, 40.488717042688954], [-3.6834392399694007, 40.48868086249917], [-3.683449257392706, 40.48864476750829], [-3.6834601034646774, 40.48860893788405], [-3.683471776356296, 40.48857319345829], [-3.6834842760662942, 40.488537534230765], [-3.683524865910612, 40.488397925903044], [-3.683568086880926, 40.48826064431986], [-3.6835846995797463, 40.48821170860412], [-3.683614487937243, 40.48812397453298], [-3.6836639628729353, 40.48798791716691], [-3.6836726775878526, 40.48796300094331], [-3.683676908728476, 40.48794973277338], [-3.6836807859063785, 40.48793646669718], [-3.6836844261946196, 40.48792311193279], [-3.683687712520507, 40.487909759262216], [-3.6836906439700767, 40.48789631860146], [-3.6836914749301037, 40.48789216056484], [-3.683693338530477, 40.48788278925261], [-3.683695680043276, 40.48786935208158], [-3.6836977846672285, 40.48785582622249], [-3.6836995344155894, 40.48784221237332], [-3.683700930202772, 40.48782860061806], [-3.6837020909299927, 40.48781508034272], [-3.683759831127374, 40.48754127239392], [-3.6837615365475296, 40.48751515439724], [-3.683769072887613, 40.487460173295695], [-3.6837785319857432, 40.4873911899338], [-3.683782518561957, 40.48736196837339], [-3.68378365025333, 40.48732931327977], [-3.683784616014623, 40.48730123570915], [-3.6837907660817635, 40.48725615462226], [-3.683808547976315, 40.48710622173045], [-3.683829631074069, 40.486935116307244], [-3.683829818936171, 40.48693502510627], [-3.683837297932914, 40.4869313682684], [-3.6838376032316535, 40.48693122231892], [-3.683840773198497, 40.486929663033465], [-3.6838450571184365, 40.48688207948854], [-3.6838531910353844, 40.486791824837375], [-3.683872459375391, 40.486609342834356], [-3.683873066418853, 40.4866028888406], [-3.683885139809727, 40.48649389930139], [-3.6838881226871076, 40.48646693590761], [-3.6839003258175995, 40.48635678344321], [-3.6839154138117163, 40.486220478964746], [-3.68393053440043, 40.48608390402009], [-3.683939266525588, 40.48600494302406], [-3.6839485664192657, 40.48592379850238], [-3.683962755253699, 40.48580005779458], [-3.6839684730231843, 40.48575425853021], [-3.6839702299824286, 40.48574252749853], [-3.683972502675835, 40.48573627085155], [-3.683976164092135, 40.48573198795318], [-3.683980793152715, 40.48572771734588], [-3.68398809009499, 40.48572357509236], [-3.683996178253897, 40.485720662380835], [-3.684084018613574, 40.48569825075182], [-3.684283153702007, 40.485647432615245], [-3.684323872798293, 40.485637047450055], [-3.6843315575986417, 40.48563508304234], [-3.684375405473578, 40.485655102530934], [-3.684424753684792, 40.48567763896048], [-3.684539602853231, 40.48572617461637], [-3.684620276990074, 40.48576026406544], [-3.684896441511747, 40.48588295121584], [-3.68497099945, 40.485917743325096], [-3.6850813841037184, 40.48596924181362], [-3.6850865883128923, 40.485971643378726], [-3.6852829616204352, 40.486062271264856], [-3.685349300611909, 40.48609287765919], [-3.685526552842287, 40.48617235733847], [-3.68556147231375, 40.4861880149515], [-3.685574629668535, 40.486193945866816], [-3.6856814903321187, 40.48605560124787], [-3.6857917394986757, 40.48591287609338], [-3.68581208428133, 40.48588653034016], [-3.6856937886220096, 40.48583335877822], [-3.6856402108259734, 40.48580917232149], [-3.685640091925997, 40.485809082937436], [-3.6856399739427443, 40.48580908363736], [-3.6855773863793533, 40.48578071639908], [-3.685305903731646, 40.485654399537225], [-3.685191311450223, 40.48560216044512], [-3.6851518021560565, 40.48558414255806], [-3.684997700900002, 40.48551388536992], [-3.684904021506825, 40.48547138683077], [-3.684799744961603, 40.485424068159496], [-3.6847972205063964, 40.48540786702097], [-3.684743282095292, 40.48538296156645], [-3.6845909514568556, 40.48531269334105], [-3.684507793746665, 40.48526404210767], [-3.684514862853978, 40.48524328867952], [-3.6844685339324528, 40.4852403468735], [-3.684419088086278, 40.48523720729254], [-3.6844224281557416, 40.48521639487252], [-3.684469774555958, 40.48488278358124], [-3.6844827382392498, 40.48480232000201], [-3.6844908000511776, 40.48474572311686], [-3.6845105449848834, 40.48459876039177], [-3.6845293571275577, 40.484476127333586], [-3.684540968210376, 40.484412356318366], [-3.6845912499562723, 40.48441886024268], [-3.6846751791604335, 40.48442974136139], [-3.6847518427711123, 40.484439701509494], [-3.6847907009293506, 40.484432038897296], [-3.6848153093936333, 40.48435968639937], [-3.6848286443484737, 40.4843204455041], [-3.6847730053018597, 40.48431155001888], [-3.6846643980074996, 40.484294175575414], [-3.68452759154352, 40.48427213925856], [-3.684514875234191, 40.48427008846386], [-3.6844906004323277, 40.48425916925107], [-3.684474978208517, 40.48425213569816], [-3.6844321457220124, 40.48422396614164], [-3.6844283847734727, 40.48421960105807], [-3.6844276589616474, 40.48421900175705], [-3.6844229169396288, 40.48421330015047], [-3.684421686734049, 40.48421182996877], [-3.6844016762179024, 40.48418861530181], [-3.684388314315376, 40.48416365857018], [-3.6843786562639975, 40.48413628352508], [-3.6843721893268047, 40.484101313060414], [-3.6843721207046327, 40.48409455675827], [-3.6843720520824834, 40.4840878004561], [-3.684371602013258, 40.4840434881221], [-3.684510565649926, 40.48352995709069], [-3.684541983715832, 40.48344733014634], [-3.6845135390757315, 40.4834393815591], [-3.684359010195211, 40.48339617086893], [-3.684362400387604, 40.483369844672666], [-3.6843633880431126, 40.48335092003815], [-3.684362729528792, 40.483344167228104], [-3.684362071014602, 40.48333741441806], [-3.684359456447094, 40.48331232196777], [-3.6843545596188463, 40.4832960177447], [-3.6843527396154916, 40.48329107360126], [-3.6843509196123976, 40.48328612945782], [-3.684340100237723, 40.48326637384092], [-3.6843221289520267, 40.48323945341317], [-3.6842968057825063, 40.48321472064105], [-3.6842916072060055, 40.483210526225086], [-3.684286396923758, 40.48320634088715], [-3.6842721388480992, 40.48319651546385], [-3.6842460097257406, 40.483179553163666], [-3.684239484307869, 40.483175988217994], [-3.684232958890675, 40.48317242327195], [-3.684205695736521, 40.48315997214937], [-3.6841991794696685, 40.483157308041875], [-3.684192663203327, 40.48315464393397], [-3.684160708358332, 40.48314492325892], [-3.684153016881657, 40.48314271655292], [-3.6841453254054883, 40.4831405098464], [-3.6841169373696423, 40.48313347072922], [-3.6840608661666168, 40.483123739623], [-3.6839905265176367, 40.483117101921515], [-3.6839793139803456, 40.48311671783138], [-3.6839681014431553, 40.48311633374013], [-3.6838713315776443, 40.48311420369755], [-3.6838490572217593, 40.48311433549587], [-3.6838378138630428, 40.48311440202168], [-3.683821780573891, 40.48311449688712], [-3.6837249555508933, 40.48311506973221], [-3.6836159079433615, 40.48311571479253], [-3.6835881829749715, 40.48311587878043], [-3.6834580070305707, 40.483117972972494], [-3.683358152216407, 40.483119950804834], [-3.683256727154587, 40.48312415403479], [-3.6831682888604687, 40.48312918130562], [-3.6831234935138846, 40.48313304966336], [-3.6830327230181292, 40.48314079329926], [-3.6829325142075056, 40.48314859263548], [-3.6827946160926275, 40.48316292081535], [-3.6827798808964713, 40.48316420605725], [-3.6827724896567893, 40.48316484431269], [-3.6826940393613223, 40.48317167706683], [-3.682505805611566, 40.48318805896614], [-3.682381239925297, 40.48320590248964], [-3.6820675629582427, 40.483253708727666], [-3.6819561150426297, 40.48327018609813], [-3.6818009713962985, 40.483293119295865], [-3.681663560676201, 40.48332185756638], [-3.681520748905381, 40.483354375244446], [-3.681468554061544, 40.48336625951205], [-3.6814604317259523, 40.483368109193286], [-3.6814563823558855, 40.48336903396412], [-3.6814129273273783, 40.48337946127845], [-3.6813457735947495, 40.48339619040925], [-3.681223293793902, 40.483426695976476], [-3.6811521737186927, 40.48344440332165], [-3.681057350946789, 40.4834680250356], [-3.68099205158609, 40.48348496825717], [-3.680842106564907, 40.48352387843513], [-3.680766933924046, 40.4835433841792], [-3.6806293553738856, 40.48358013116291], [-3.680566473009045, 40.483596924776], [-3.6804490557702034, 40.48362993122586], [-3.6803313945425873, 40.48366215521438], [-3.6801765024523982, 40.483699634200846], [-3.680081213120348, 40.48372269029649], [-3.6799571010674774, 40.48375057351497], [-3.6798570155150956, 40.483773054043915], [-3.6797329482688, 40.48379954938051], [-3.6796100935724545, 40.48382578520334], [-3.6794951269038463, 40.48385033489163], [-3.6793729078396193, 40.48387644060017], [-3.679240907949336, 40.48390258564492], [-3.679126229236714, 40.48392529544904], [-3.679003811485304, 40.483945762334486], [-3.6788778482626983, 40.48396682648896], [-3.6787795542321975, 40.48398216047644], [-3.6786672681541357, 40.4839964504261], [-3.6785801871633415, 40.48400752923898], [-3.6784495656671425, 40.48402415183985], [-3.678343265499828, 40.484037676611266], [-3.6782523194495234, 40.48404925533666], [-3.6782004831795647, 40.484055847773305], [-3.6781093504075906, 40.48406646352467], [-3.677993946512106, 40.48407579817514], [-3.677902745747619, 40.484083179950694], [-3.6777992416689513, 40.48409201217815], [-3.6776973880198276, 40.48410070851001], [-3.677690927855098, 40.48410125990057], [-3.6776425709551273, 40.484105390260545], [-3.6775985757935126, 40.48410914367908], [-3.677596824710925, 40.48411804577582], [-3.6775948571650985, 40.484127714902094], [-3.6775926947589936, 40.484137952734386], [-3.6775910142128656, 40.48414565622756], [-3.67758920751133, 40.484153720818185], [-3.6775868671362515, 40.48416386059531], [-3.6775844899168897, 40.48417385644523], [-3.677582256922169, 40.484182941545946], [-3.6775803281615453, 40.48419060144939], [-3.6775783180822867, 40.4841983879548], [-3.6775761924678085, 40.48420641837908], [-3.6775745664007635, 40.48421249994217], [-3.6775616857087665, 40.484262133671486], [-3.677553134999557, 40.48429649887726], [-3.6775004532363784, 40.48454172492415], [-3.6774621458644394, 40.48478849729879], [-3.6774382672302193, 40.4850363382223], [-3.6774288713207475, 40.48528473387682], [-3.6774306337079365, 40.485449461110804], [-3.677444058176529, 40.48568271408439], [-3.677470254761767, 40.485915333625], [-3.6775043077961342, 40.486106691177774], [-3.6775525139156535, 40.48629627206], [-3.677614701896198, 40.48648346464965], [-3.6776502930555055, 40.48657428232867], [-3.677650813346698, 40.48657556755682], [-3.677708672018926, 40.48671588491524], [-3.6787294138024262, 40.486477428099555], [-3.680292750594931, 40.49000712805006], [-3.680307459844964, 40.490056869893756], [-3.6803134830278874, 40.49007725769743], [-3.6792046542939185, 40.4903438315503], [-3.679175555583024, 40.4903508223244], [-3.6791512007479454, 40.49035667711457], [-3.6791076351201757, 40.490367149255], [-3.679068366085734, 40.490376596141154], [-3.6790442701772443, 40.49038238632484], [-3.679027390159633, 40.49038644943596], [-3.678996384489834, 40.49039390181604], [-3.6789686629665397, 40.49040056012514], [-3.678950005444937, 40.490405048078756], [-3.67892045940219, 40.49041214952389], [-3.678891819799609, 40.49041903843124], [-3.67886420426611, 40.4904256780748], [-3.6787369089480095, 40.49045627234992], [-3.6788180856582264, 40.490644181443606], [-3.6788217100173686, 40.490652556483894], [-3.6788253225782426, 40.49066093159333], [-3.678832559411122, 40.490677672734115], [-3.6788361719747296, 40.49068604784316], [-3.678839784539236, 40.49069442295208], [-3.6788470214702005, 40.49071117310021], [-3.6788506341282226, 40.49071955721713], [-3.6788542466963876, 40.49072793232552], [-3.6788614719262127, 40.49074469155031], [-3.678865084587894, 40.4907530756667], [-3.678868685451266, 40.49076145985227], [-3.6788759107791753, 40.490778228084395], [-3.67887951173606, 40.49078662127798], [-3.6788831126030828, 40.49079500546302], [-3.6788903145214142, 40.4908117918495], [-3.6788939154819515, 40.49082018504259], [-3.6788975164433877, 40.49082857823548], [-3.678904694770561, 40.49084536475956], [-3.6789083442026587, 40.49085388379247], [-3.6789084407753543, 40.49085409943962], [-3.6789118732829293, 40.49086216929992], [-3.678919039999709, 40.49087897390907], [-3.6789226656554495, 40.49088747506327], [-3.6789227501566497, 40.490887663754506], [-3.6789261950116727, 40.49089578759539], [-3.6789333382280227, 40.490912601350544], [-3.6789369402889527, 40.49092110264284], [-3.6789370127186225, 40.49092126437819], [-3.6789404579403007, 40.49092942425219], [-3.6789475778377745, 40.49094626517013], [-3.6789511680123255, 40.49095475752283], [-3.678951228552029, 40.490954910319076], [-3.6789546740495846, 40.490963097217794], [-3.678961746848084, 40.49097994742037], [-3.678965325227018, 40.49098843984188], [-3.6789653737859425, 40.49098857469065], [-3.6789688197409705, 40.490996806630854], [-3.6789758572396947, 40.491013666048794], [-3.6789790132054043, 40.49102122402222], [-3.6789814074775635, 40.49102696666555], [-3.6789829071768283, 40.491030588455736], [-3.6790246635637236, 40.49113207202519], [-3.6790420790427873, 40.49117525763448], [-3.6788544196401936, 40.49122517951589], [-3.678668724535905, 40.49127918862317], [-3.6783382551896766, 40.49138713693409], [-3.678015573382151, 40.49150803850651], [-3.677701548952099, 40.49164157299171], [-3.677397027709075, 40.49178737514469], [-3.6771028315258683, 40.491945043831514], [-3.676819758611361, 40.49211416905358], [-3.6765485593694045, 40.49229427803426], [-3.676548571711749, 40.492294332015604], [-3.6765655428132438, 40.49234861960083], [-3.6766183532223304, 40.49249592181115], [-3.6766501187751226, 40.49262742842569], [-3.6766507341802406, 40.49262995633292], [-3.6768912011573565, 40.49245868471003], [-3.677142653639704, 40.492296879670974], [-3.677404446577529, 40.49214493230986], [-3.6776759350328456, 40.49200324273199], [-3.6779564146381563, 40.491872166350106], [-3.6782451807739895, 40.491752031556125], [-3.6785415050596457, 40.49164314886867], [-3.6788446233713015, 40.49154579298651], [-3.6791537830378727, 40.49146020251184], [-3.679162536388374, 40.49148338511471], [-3.679183970545363, 40.491540087512064], [-3.6791853411102764, 40.4915437731207], [-3.679190362098736, 40.49155723899716], [-3.6791966933870697, 40.49157426471091], [-3.6791997743479268, 40.49158257085984], [-3.6792030010799586, 40.49159129056298], [-3.6792092851773623, 40.491608316553275], [-3.6792123305616538, 40.49161660489302], [-3.679215557478647, 40.49162534261251], [-3.6792218062752715, 40.491642377818415], [-3.6792248277006343, 40.49165063026285], [-3.6792280313855317, 40.49165940415422], [-3.6792342446996353, 40.49167643055895], [-3.679237242166034, 40.49168464710809], [-3.6792404462175616, 40.49169345703264], [-3.6792426063658694, 40.4916993812245], [-3.6792466359393114, 40.49171048357525], [-3.6792495975564754, 40.49171865529002], [-3.6792528020654753, 40.49172751025615], [-3.679258968194824, 40.491744536936665], [-3.6792651107285725, 40.49176156375547], [-3.679271253174643, 40.49177858156546], [-3.6792773839153217, 40.491795608452826], [-3.679283502768918, 40.491812626400716], [-3.679289609826277, 40.49182964441757], [-3.6792957168867657, 40.49184666243405], [-3.6793018120601597, 40.49186367151107], [-3.6793079072366743, 40.4918806805877], [-3.6793139906169254, 40.49189768973328], [-3.679320074000305, 40.49191469887847], [-3.6793261572959644, 40.49193169901487], [-3.6794278011958625, 40.49221576578973], [-3.6805398454283775, 40.495323438998184], [-3.6805457713997023, 40.495339989539104], [-3.6805516974650123, 40.49535654908804], [-3.680557611733276, 40.49537310870608], [-3.6805635378955404, 40.495389677262686], [-3.680569464060773, 40.49540624581887], [-3.6805753784289608, 40.4954228144442], [-3.6805812928911257, 40.49543939207754], [-3.6805871955562264, 40.495455969780004], [-3.680593110115355, 40.495472556420985], [-3.680599012877404, 40.49548914313108], [-3.6805994016749732, 40.495490248939554], [-3.6806048921333763, 40.49550573898819], [-3.680610783192341, 40.49552233477545], [-3.680616662454206, 40.49553893063183], [-3.6806201487456067, 40.495548774876006], [-3.680622530101049, 40.4955555445741], [-3.680625555247929, 40.49556413028403], [-3.6806283740597183, 40.495572149646605], [-3.680634218203377, 40.49558877273555], [-3.6806372312801288, 40.49559733148943], [-3.6806400505499317, 40.49560539589361], [-3.680645871099347, 40.495622019120795], [-3.680648860396941, 40.49563055999652], [-3.6806516917427357, 40.49563865135602], [-3.680657477079898, 40.49565529280777], [-3.680657501499356, 40.49565537374429], [-3.6806621684599783, 40.49566877856863], [-3.680663274857301, 40.4956719972484], [-3.680703120401356, 40.495788202952184], [-3.680742189736836, 40.4959046564529], [-3.6807804348402198, 40.496021276953876], [-3.6808178790346155, 40.49613803729172], [-3.680836194850116, 40.49619649642454], [-3.680854510698089, 40.49625495555358], [-3.6808903179354364, 40.49637202280135], [-3.6809253242519424, 40.496489229888404], [-3.6809617191207735, 40.496614203483816], [-3.6809639599487425, 40.49662107309972], [-3.6809678812166373, 40.496633076910626], [-3.6809737843888626, 40.49665318608564], [-3.6809839586055157, 40.496686044750305], [-3.6809916931746116, 40.4967110439884], [-3.680998976020033, 40.496734550405975], [-3.6810083818877453, 40.49676494514988], [-3.681018422145922, 40.49679739018962], [-3.681030389890738, 40.49683605804642], [-3.681038575953025, 40.49686252307493], [-3.6810467251635814, 40.4968888441771], [-3.68105492303927, 40.49691530913456], [-3.6810643653614536, 40.49694580275621], [-3.681071941395206, 40.49697028941321], [-3.6810874957343973, 40.49702053061309], [-3.6811125661811426, 40.497101553277965], [-3.6811209227067323, 40.4971285308034], [-3.681130853319623, 40.497160625129226], [-3.6811412350403128, 40.497194149214344], [-3.681152032104739, 40.49722906723367], [-3.6811615109199827, 40.497259659728655], [-3.6811698679411813, 40.497286682291445], [-3.681176455789147, 40.49730796758715], [-3.6811885086907177, 40.49734686915393], [-3.6812017090179605, 40.49738953869531], [-3.681215787508734, 40.49743502285191], [-3.681222692401352, 40.49745731527515], [-3.6812294024787025, 40.49747901425718], [-3.6812397599698707, 40.49751246640284], [-3.681262268599331, 40.497585188891456], [-3.6812661915283216, 40.49759967914347], [-3.681279150710721, 40.49764766536106], [-3.681486556014982, 40.49841512892909], [-3.681513577599169, 40.49851159929193], [-3.6816068057617763, 40.4988530642195], [-3.6820237285887805, 40.50040578751569], [-3.6820451286886695, 40.500485399168944], [-3.6813930683342093, 40.50072472087318], [-3.6810642817986787, 40.50083982005871], [-3.680730232137082, 40.500945733186754], [-3.6803913664420125, 40.50104231343684], [-3.680048131906782, 40.501129423001466], [-3.6797009761883417, 40.501206969119686], [-3.6790401575252125, 40.50134468142373], [-3.67906427393058, 40.50144937651237], [-3.679065051192053, 40.501452723263135], [-3.679065816561679, 40.501456061074855], [-3.679739826527748, 40.50131560439411], [-3.680092128532001, 40.50123691076761], [-3.6804404487628717, 40.50114850087055], [-3.6807843398319626, 40.501050494490315], [-3.68112333075772, 40.500943011558206], [-3.6814569863356987, 40.500826207834976], [-3.681712265881649, 40.50073387428819], [-3.681712630343162, 40.5007337370044], [-3.6820757255202814, 40.50059911836125], [-3.682294496938848, 40.50141026928341], [-3.68260293423351, 40.50255685059831], [-3.6826656776427047, 40.50279008117528], [-3.6828092671036616, 40.503189895385376], [-3.6828093156793984, 40.50319003023209], [-3.682853564176539, 40.503355532823576], [-3.6828536251933826, 40.50335573065917], [-3.683731047371766, 40.506617588797475], [-3.683592897256309, 40.5066292438237], [-3.6834559707150687, 40.50664749497944], [-3.68332080977747, 40.50667225798379], [-3.6812996895639154, 40.50709416895198], [-3.6805349021837586, 40.50725380877578], [-3.680559989158511, 40.50732446205896], [-3.6805937142826624, 40.5074194786069], [-3.680662707229959, 40.50761380884002], [-3.681378793139409, 40.507385861505156], [-3.681379205301765, 40.50738576898581], [-3.683423559610067, 40.50695901657385], [-3.6835506793185524, 40.50693617486774], [-3.6836796049148255, 40.506920322260655], [-3.683809688149583, 40.50691154366266], [-3.6838100892355117, 40.50691152327148], [-3.683821312358285, 40.5069532311735], [-3.683849122506771, 40.50708133545774], [-3.6838500541433192, 40.50708590647053], [-3.6838581308333485, 40.507125768143055], [-3.6839310576255193, 40.50748569291511], [-3.6839471935546433, 40.507564839775256], [-3.683953979194619, 40.50761237565992]]]}, "properties": {"OBJECTID": 21958, "EXP_TX_NUMERO": "511/2025/68266", "EXP_TX_DENOM": "APE.08.20 Malmea-San Roque-Tres Olivos", "FAS_TX_DENOM": "Aprobación Inicial", "FEX_DT_APROB": 1776290400000, "FEX_DT_INFOPUB_INI": 1777845600000, "FEX_DT_INFOPUB_FIN": 1809381600000, "Enlace": "https://servpub.madrid.es/VSURB_WBVISOR/seguimiento/expGestion.iam?exp=511/2025/68266&infoPubli=true", "SHAPE.STArea()": 1029623.121242, "sigma_layer_kind": "gestion", "sigma_layer_id": 1}}]}