{"type":"FeatureCollection","features":[{"type":"Feature","properties":{"cod_dis":"17","nombre":"Villaverde","distrito_key":"villaverde"},"geometry":{"type":"Polygon","coordinates":[[[-3.72099,40.36479],[-3.71416,40.36436],[-3.70977,40.36402],[-3.7081,40.36394],[-3.70799,40.36394],[-3.7071,40.36388],[-3.7071,40.36388],[-3.70637,40.36382],[-3.70515,40.36368],[-3.70491,40.36365],[-3.70451,40.36361],[-3.70429,40.36359],[-3.70409,40.36357],[-3.70402,40.36357],[-3.70402,40.36357],[-3.70366,40.36355],[-3.70324,40.36354],[-3.70262,40.36356],[-3.70211,40.3636],[-3.70166,40.36365],[-3.70113,40.36373],[-3.70108,40.36374],[-3.7008,40.36379],[-3.70071,40.36381],[-3.70006,40.36395],[-3.69935,40.36411],[-3.69913,40.36415],[-3.69876,40.36422],[-3.69817,40.36431],[-3.69746,40.3644],[-3.69715,40.36442],[-3.69692,40.36444],[-3.69678,40.36445],[-3.69662,40.36446],[-3.69625,40.36448],[-3.69555,40.3645],[-3.69403,40.36451],[-3.6939,40.3645],[-3.69327,40.36445],[-3.69225,40.36437],[-3.69167,40.3643],[-3.69127,40.36425],[-3.69064,40.36415],[-3.69007,40.36404],[-3.68947,40.36389],[-3.68905,40.36377],[-3.68726,40.36318],[-3.68542,40.36252],[-3.68316,40.36171],[-3.68194,40.36128],[-3.68193,40.3613],[-3.68153,40.36022],[-3.68152,40.36019],[-3.68148,40.36009],[-3.68133,40.35992],[-3.68096,40.35975],[-3.68069,40.35954],[-3.68,40.35881],[-3.6796,40.35842],[-3.67936,40.35823],[-3.6792,40.35812],[-3.67879,40.35792],[-3.67843,40.35778],[-3.67807,40.35764],[-3.6778,40.35749],[-3.67768,40.35742],[-3.67743,40.35715],[-3.67741,40.35712],[-3.67722,40.35683],[-3.6771,40.35637],[-3.67684,40.35549],[-3.67668,40.35496],[-3.67653,40.3546],[-3.67635,40.35422],[-3.67619,40.354],[-3.67595,40.35382],[-3.67572,40.35375],[-3.67551,40.35369],[-3.67513,40.35364],[-3.67506,40.35363],[-3.67506,40.35363],[-3.67463,40.3535],[-3.67426,40.35336],[-3.67417,40.35333],[-3.67387,40.35304],[-3.67378,40.3528],[-3.67374,40.3525],[-3.67369,40.35216],[-3.67363,40.3519],[-3.67344,40.35139],[-3.67327,40.35093],[-3.67316,40.35069],[-3.67313,40.35064],[-3.67306,40.35058],[-3.67293,40.35046],[-3.67273,40.35033],[-3.67253,40.35023],[-3.67208,40.35005],[-3.67132,40.34979],[-3.67056,40.34961],[-3.67017,40.34947],[-3.66997,40.34936],[-3.66975,40.34922],[-3.6696,40.34901],[-3.66944,40.34866],[-3.66913,40.34774],[-3.66905,40.34745],[-3.66903,40.34718],[-3.66904,40.34682],[-3.66915,40.34622],[-3.66927,40.34584],[-3.6694,40.34569],[-3.66947,40.34554],[-3.66947,40.3454],[-3.6694,40.34527],[-3.66928,40.34517],[-3.66917,40.34508],[-3.66897,40.34496],[-3.66856,40.34483],[-3.66801,40.3447],[-3.66741,40.34455],[-3.66662,40.34435],[-3.66554,40.34418],[-3.66528,40.34413],[-3.66498,40.344],[-3.66462,40.34378],[-3.66438,40.3435],[-3.66426,40.34322],[-3.66415,40.34286],[-3.66406,40.34265],[-3.66405,40.34263],[-3.66387,40.34238],[-3.6637,40.34215],[-3.66359,40.34192],[-3.66332,40.34138],[-3.66313,40.34086],[-3.66307,40.34061],[-3.66307,40.33992],[-3.66306,40.33952],[-3.663,40.33922],[-3.66288,40.33902],[-3.6627,40.33889],[-3.66242,40.33871],[-3.66224,40.33859],[-3.66204,40.33841],[-3.66173,40.33813],[-3.66157,40.3379],[-3.66147,40.33764],[-3.66149,40.33709],[-3.66135,40.33653],[-3.66099,40.336],[-3.66057,40.33545],[-3.65997,40.33492],[-3.65923,40.33424],[-3.65889,40.33386],[-3.65868,40.33342],[-3.65863,40.33284],[-3.65856,40.33253],[-3.65845,40.33217],[-3.65842,40.33189],[-3.65834,40.33163],[-3.65801,40.33107],[-3.6578,40.33059],[-3.65765,40.32987],[-3.65756,40.32932],[-3.65755,40.32896],[-3.65755,40.32896],[-3.65752,40.32893],[-3.65992,40.32787],[-3.6599,40.32776],[-3.66035,40.32775],[-3.66055,40.32774],[-3.66072,40.32771],[-3.66087,40.3277],[-3.66102,40.32771],[-3.66114,40.32771],[-3.66126,40.32774],[-3.6614,40.32779],[-3.66151,40.32784],[-3.6616,40.32793],[-3.6617,40.328],[-3.66184,40.32809],[-3.66199,40.3282],[-3.66222,40.32837],[-3.6623,40.32844],[-3.66235,40.32846],[-3.66247,40.32849],[-3.66251,40.32853],[-3.66257,40.32855],[-3.66267,40.32855],[-3.66273,40.32858],[-3.66277,40.32862],[-3.66292,40.32874],[-3.66305,40.32882],[-3.66319,40.3289],[-3.66331,40.32892],[-3.66344,40.32894],[-3.66356,40.32893],[-3.66368,40.32893],[-3.66376,40.32894],[-3.6638,40.32898],[-3.66385,40.32904],[-3.66415,40.32887],[-3.66506,40.32846],[-3.66496,40.3284],[-3.66511,40.32824],[-3.66523,40.32813],[-3.66534,40.32804],[-3.66549,40.32794],[-3.6656,40.32786],[-3.66577,40.32777],[-3.66603,40.32762],[-3.66621,40.3275],[-3.66646,40.32732],[-3.66666,40.32719],[-3.66672,40.32714],[-3.66673,40.32712],[-3.66675,40.32709],[-3.66678,40.32704],[-3.66681,40.32699],[-3.66684,40.32693],[-3.66686,40.32687],[-3.66691,40.32675],[-3.66701,40.3266],[-3.66706,40.32654],[-3.66713,40.32644],[-3.66723,40.32631],[-3.66727,40.32628],[-3.66731,40.32625],[-3.66737,40.32621],[-3.6675,40.32613],[-3.66772,40.32602],[-3.66785,40.32596],[-3.66794,40.32592],[-3.66803,40.32586],[-3.66814,40.32577],[-3.6683,40.32565],[-3.66837,40.32561],[-3.66851,40.32553],[-3.66875,40.32539],[-3.66886,40.32533],[-3.66902,40.32525],[-3.66919,40.32517],[-3.66938,40.32511],[-3.66953,40.32506],[-3.66966,40.32503],[-3.66987,40.32501],[-3.67016,40.32498],[-3.67046,40.32501],[-3.67116,40.32525],[-3.67145,40.32532],[-3.67216,40.32554],[-3.67286,40.3257],[-3.67363,40.32593],[-3.67429,40.32608],[-3.67489,40.32607],[-3.67542,40.32609],[-3.67592,40.32609],[-3.67631,40.32618],[-3.67687,40.32634],[-3.67714,40.32641],[-3.67773,40.32645],[-3.678,40.32647],[-3.67826,40.32645],[-3.67856,40.32637],[-3.67892,40.32633],[-3.67922,40.32633],[-3.6795,40.32622],[-3.67994,40.32605],[-3.68024,40.32585],[-3.68052,40.32562],[-3.68068,40.32536],[-3.68077,40.32517],[-3.68085,40.32493],[-3.68093,40.32474],[-3.68097,40.3246],[-3.68106,40.32451],[-3.68128,40.32436],[-3.68162,40.32411],[-3.68183,40.32394],[-3.68212,40.32374],[-3.68245,40.32357],[-3.68274,40.32348],[-3.683,40.32343],[-3.68323,40.32337],[-3.68337,40.32331],[-3.6836,40.32319],[-3.68388,40.32302],[-3.68426,40.32273],[-3.68444,40.32259],[-3.68471,40.32244],[-3.68493,40.32234],[-3.68508,40.32225],[-3.68525,40.32219],[-3.68575,40.32209],[-3.68626,40.32202],[-3.68662,40.32198],[-3.68696,40.32192],[-3.68752,40.32193],[-3.68785,40.3219],[-3.68881,40.32164],[-3.68989,40.32135],[-3.69103,40.32101],[-3.6913,40.32092],[-3.69191,40.3206],[-3.69217,40.3205],[-3.69233,40.32048],[-3.69236,40.32048],[-3.69257,40.32035],[-3.69277,40.32019],[-3.69289,40.3201],[-3.69302,40.32003],[-3.69304,40.3201],[-3.69618,40.32221],[-3.69964,40.32234],[-3.70314,40.32211],[-3.70806,40.323],[-3.7101,40.32339],[-3.71256,40.32348],[-3.71293,40.32561],[-3.71447,40.32804],[-3.72019,40.33079],[-3.72271,40.33277],[-3.72369,40.33354],[-3.72495,40.33497],[-3.72444,40.33873],[-3.72401,40.34187],[-3.72352,40.34553],[-3.72243,40.35432],[-3.7218,40.35892],[-3.72119,40.36331],[-3.72101,40.36477],[-3.72101,40.36477],[-3.72101,40.36477]]]}},{"type":"Feature","properties":{"cod_dis":"18","nombre":"Villa de Vallecas","distrito_key":"villa de vallecas"},"geometry":{"type":"Polygon","coordinates":[[[-3.62189,40.39084],[-3.61939,40.39029],[-3.61857,40.39011],[-3.61574,40.38949],[-3.61209,40.3887],[-3.61146,40.38856],[-3.6109,40.38841],[-3.61031,40.38823],[-3.60988,40.38809],[-3.60918,40.3878],[-3.60866,40.38757],[-3.60866,40.38757],[-3.60859,40.38753],[-3.60811,40.38729],[-3.60761,40.38701],[-3.60705,40.38665],[-3.60648,40.38624],[-3.60636,40.38633],[-3.60616,40.38643],[-3.60599,40.38649],[-3.60587,40.38651],[-3.60576,40.38649],[-3.60565,40.38643],[-3.60555,40.38625],[-3.60525,40.38598],[-3.60413,40.38663],[-3.6039,40.38667],[-3.60373,40.38667],[-3.60347,40.38666],[-3.60302,40.38653],[-3.60286,40.38645],[-3.60233,40.38619],[-3.6017,40.38557],[-3.60136,40.38511],[-3.60105,40.38464],[-3.60085,40.38415],[-3.60081,40.38392],[-3.60111,40.3834],[-3.60114,40.38312],[-3.60103,40.38287],[-3.60082,40.38266],[-3.60054,40.38252],[-3.60013,40.38239],[-3.59957,40.38235],[-3.59949,40.38232],[-3.5978,40.37965],[-3.59859,40.37916],[-3.59875,40.37905],[-3.59891,40.37893],[-3.599,40.37884],[-3.59908,40.37875],[-3.59916,40.37864],[-3.59924,40.3785],[-3.59931,40.37836],[-3.5994,40.37817],[-3.5995,40.37792],[-3.59966,40.37761],[-3.59996,40.37723],[-3.60014,40.37705],[-3.6003,40.37693],[-3.60049,40.37681],[-3.60068,40.37671],[-3.60019,40.37582],[-3.59999,40.37552],[-3.59976,40.37523],[-3.5995,40.37495],[-3.59922,40.37471],[-3.599,40.37455],[-3.59881,40.37442],[-3.59865,40.37432],[-3.59839,40.37416],[-3.59741,40.37367],[-3.59565,40.37282],[-3.59224,40.37118],[-3.59074,40.37046],[-3.58938,40.36983],[-3.58771,40.36899],[-3.58593,40.36805],[-3.58558,40.36788],[-3.58524,40.36774],[-3.58488,40.3676],[-3.58431,40.36745],[-3.58379,40.36735],[-3.58331,40.3673],[-3.5825,40.36726],[-3.58158,40.36723],[-3.58009,40.36717],[-3.57963,40.36714],[-3.57927,40.36709],[-3.5789,40.36702],[-3.57853,40.36693],[-3.57825,40.36684],[-3.57793,40.36672],[-3.57766,40.36661],[-3.57739,40.36648],[-3.57699,40.36626],[-3.57672,40.3661],[-3.5762,40.36575],[-3.57411,40.36435],[-3.57039,40.36185],[-3.57014,40.3617],[-3.56977,40.36152],[-3.56931,40.36132],[-3.56879,40.36113],[-3.56806,40.36086],[-3.56738,40.36063],[-3.56667,40.36043],[-3.5661,40.3603],[-3.5652,40.36011],[-3.56522,40.36008],[-3.56465,40.35996],[-3.56408,40.35984],[-3.56351,40.35972],[-3.56295,40.35959],[-3.56239,40.35946],[-3.56183,40.35932],[-3.56127,40.35918],[-3.56071,40.35904],[-3.56015,40.35889],[-3.5596,40.35874],[-3.55905,40.35858],[-3.5585,40.35842],[-3.55795,40.35826],[-3.5574,40.3581],[-3.55685,40.35794],[-3.55631,40.35777],[-3.55578,40.35758],[-3.55528,40.35735],[-3.55481,40.35708],[-3.55438,40.35677],[-3.55426,40.35667],[-3.555,40.35627],[-3.55508,40.35622],[-3.5552,40.35615],[-3.55521,40.35614],[-3.55691,40.35516],[-3.55697,40.35513],[-3.55702,40.3551],[-3.55694,40.35504],[-3.55686,40.35498],[-3.55676,40.35491],[-3.55667,40.35484],[-3.55657,40.35477],[-3.55651,40.35472],[-3.55642,40.35465],[-3.55626,40.35455],[-3.55617,40.3545],[-3.55607,40.35445],[-3.55587,40.35435],[-3.55577,40.3543],[-3.55565,40.35425],[-3.55556,40.35422],[-3.55542,40.35418],[-3.55525,40.35412],[-3.55512,40.35407],[-3.55663,40.35311],[-3.55768,40.35268],[-3.5589,40.35028],[-3.56073,40.34919],[-3.56215,40.34711],[-3.56535,40.34439],[-3.56621,40.34332],[-3.56824,40.34092],[-3.56994,40.33765],[-3.57188,40.33463],[-3.57274,40.33368],[-3.57528,40.33188],[-3.57676,40.33027],[-3.57953,40.32797],[-3.5825,40.32628],[-3.58326,40.32483],[-3.58438,40.32258],[-3.58509,40.32043],[-3.58509,40.31836],[-3.58383,40.31582],[-3.58242,40.31615],[-3.5819,40.31589],[-3.5805,40.31598],[-3.5793,40.31588],[-3.57781,40.31466],[-3.57613,40.3149],[-3.57798,40.31391],[-3.57877,40.31388],[-3.5797,40.3139],[-3.58066,40.31381],[-3.58165,40.31361],[-3.58253,40.31355],[-3.58347,40.31333],[-3.5845,40.31322],[-3.58558,40.31309],[-3.58744,40.31281],[-3.58941,40.31272],[-3.59334,40.31245],[-3.59434,40.31241],[-3.59535,40.31238],[-3.59827,40.3121],[-3.59925,40.3122],[-3.60021,40.31236],[-3.60214,40.31269],[-3.60639,40.31349],[-3.60813,40.31369],[-3.61116,40.31434],[-3.61389,40.31562],[-3.61598,40.31779],[-3.61746,40.31822],[-3.62002,40.31915],[-3.62355,40.31988],[-3.62471,40.32047],[-3.626,40.31927],[-3.62601,40.31926],[-3.62617,40.31931],[-3.62627,40.31934],[-3.62637,40.31937],[-3.62648,40.3194],[-3.62665,40.31944],[-3.62676,40.31947],[-3.62709,40.31954],[-3.62741,40.31962],[-3.62808,40.31985],[-3.62818,40.31988],[-3.62826,40.31991],[-3.62841,40.31997],[-3.6285,40.32],[-3.62867,40.32007],[-3.62871,40.3201],[-3.62876,40.32012],[-3.62881,40.32014],[-3.62886,40.32016],[-3.62896,40.3202],[-3.629,40.32022],[-3.62905,40.32023],[-3.62913,40.32026],[-3.62917,40.32027],[-3.62924,40.32029],[-3.62929,40.32031],[-3.6297,40.32048],[-3.62982,40.32053],[-3.62995,40.32058],[-3.6301,40.32063],[-3.63023,40.32068],[-3.63031,40.32071],[-3.63039,40.32074],[-3.63045,40.32077],[-3.63053,40.32082],[-3.6306,40.32086],[-3.63068,40.32092],[-3.63077,40.32098],[-3.63087,40.32105],[-3.63098,40.32111],[-3.63108,40.32117],[-3.63125,40.32127],[-3.63148,40.3214],[-3.63163,40.32149],[-3.63172,40.32154],[-3.63197,40.32168],[-3.63204,40.32172],[-3.63214,40.32178],[-3.63223,40.32184],[-3.6323,40.3219],[-3.63238,40.32196],[-3.63246,40.322],[-3.63252,40.32204],[-3.63257,40.32209],[-3.63262,40.32213],[-3.63269,40.32217],[-3.63277,40.3222],[-3.63286,40.32224],[-3.63293,40.32228],[-3.63299,40.32232],[-3.63308,40.32239],[-3.63316,40.32245],[-3.63324,40.32251],[-3.63333,40.32258],[-3.63343,40.32266],[-3.63352,40.32273],[-3.63364,40.32283],[-3.63377,40.32295],[-3.63386,40.32304],[-3.63417,40.32327],[-3.63453,40.32353],[-3.6352,40.324],[-3.63504,40.32412],[-3.63501,40.32414],[-3.63549,40.32453],[-3.63604,40.32504],[-3.63624,40.32517],[-3.63666,40.32542],[-3.63697,40.32564],[-3.63729,40.32585],[-3.6375,40.32596],[-3.63781,40.3262],[-3.63814,40.32641],[-3.63845,40.32664],[-3.6387,40.32681],[-3.6392,40.32708],[-3.63939,40.3272],[-3.63972,40.3274],[-3.64001,40.32761],[-3.64025,40.32777],[-3.64041,40.32787],[-3.64056,40.32793],[-3.64072,40.32799],[-3.64084,40.32803],[-3.64103,40.32811],[-3.64126,40.3282],[-3.6414,40.32824],[-3.64147,40.32828],[-3.64161,40.32839],[-3.64173,40.32847],[-3.64189,40.32859],[-3.64196,40.32866],[-3.64208,40.32874],[-3.64222,40.32882],[-3.64235,40.32888],[-3.64244,40.3289],[-3.6426,40.32895],[-3.64277,40.32903],[-3.64293,40.32913],[-3.64307,40.32923],[-3.64322,40.32939],[-3.64344,40.32963],[-3.64355,40.32978],[-3.64367,40.32996],[-3.6438,40.33014],[-3.64399,40.33034],[-3.6442,40.33054],[-3.64439,40.33068],[-3.64458,40.33082],[-3.64476,40.33092],[-3.64501,40.33103],[-3.64534,40.33121],[-3.64578,40.33143],[-3.64614,40.33161],[-3.64655,40.3318],[-3.64694,40.332],[-3.64725,40.33217],[-3.64751,40.33232],[-3.64773,40.33247],[-3.64796,40.33264],[-3.64813,40.33275],[-3.64837,40.33291],[-3.64858,40.33305],[-3.64877,40.33315],[-3.64908,40.3333],[-3.64919,40.33337],[-3.64926,40.3333],[-3.64925,40.33326],[-3.64925,40.33322],[-3.64926,40.33319],[-3.64927,40.33315],[-3.64929,40.33309],[-3.64933,40.33298],[-3.64937,40.3329],[-3.64942,40.33283],[-3.64946,40.33276],[-3.6495,40.3327],[-3.64953,40.33266],[-3.64956,40.33262],[-3.64959,40.33258],[-3.64962,40.33255],[-3.64965,40.33253],[-3.64968,40.33251],[-3.64971,40.3325],[-3.64976,40.33248],[-3.64982,40.33245],[-3.64987,40.33242],[-3.64993,40.33237],[-3.64999,40.3323],[-3.65002,40.33227],[-3.65006,40.33224],[-3.65012,40.33226],[-3.65015,40.33227],[-3.65018,40.33228],[-3.65021,40.3323],[-3.65025,40.33233],[-3.65032,40.33238],[-3.65036,40.33235],[-3.65509,40.32999],[-3.65756,40.32889],[-3.65755,40.32896],[-3.65755,40.32896],[-3.65756,40.32932],[-3.65765,40.32987],[-3.6578,40.33059],[-3.65801,40.33107],[-3.65834,40.33163],[-3.65842,40.33189],[-3.65845,40.33217],[-3.65856,40.33253],[-3.65863,40.33284],[-3.65868,40.33342],[-3.65889,40.33386],[-3.65923,40.33424],[-3.65997,40.33492],[-3.66057,40.33545],[-3.66099,40.336],[-3.66135,40.33653],[-3.66149,40.33709],[-3.66147,40.33764],[-3.66157,40.3379],[-3.66173,40.33813],[-3.66204,40.33841],[-3.66224,40.33859],[-3.66242,40.33871],[-3.6627,40.33889],[-3.66288,40.33902],[-3.663,40.33922],[-3.66306,40.33952],[-3.66307,40.33992],[-3.66307,40.34061],[-3.66313,40.34086],[-3.66332,40.34138],[-3.66359,40.34192],[-3.6637,40.34215],[-3.66387,40.34238],[-3.66405,40.34263],[-3.66406,40.34265],[-3.66415,40.34286],[-3.66426,40.34322],[-3.66438,40.3435],[-3.66462,40.34378],[-3.66498,40.344],[-3.66528,40.34413],[-3.66554,40.34418],[-3.66662,40.34435],[-3.66741,40.34455],[-3.66801,40.3447],[-3.66856,40.34483],[-3.66897,40.34496],[-3.66917,40.34508],[-3.66928,40.34517],[-3.6694,40.34527],[-3.66947,40.3454],[-3.66947,40.34554],[-3.6694,40.34569],[-3.66927,40.34584],[-3.66915,40.34622],[-3.66904,40.34682],[-3.66903,40.34718],[-3.66905,40.34745],[-3.66913,40.34774],[-3.66944,40.34866],[-3.6696,40.34901],[-3.66975,40.34922],[-3.66997,40.34936],[-3.67017,40.34947],[-3.67056,40.34961],[-3.67132,40.34979],[-3.67208,40.35005],[-3.67253,40.35023],[-3.67273,40.35033],[-3.67293,40.35046],[-3.67306,40.35058],[-3.67313,40.35064],[-3.67316,40.35069],[-3.67327,40.35093],[-3.67344,40.35139],[-3.67363,40.3519],[-3.67369,40.35216],[-3.67374,40.3525],[-3.67378,40.3528],[-3.67387,40.35304],[-3.67417,40.35333],[-3.67426,40.35336],[-3.67463,40.3535],[-3.67506,40.35363],[-3.67506,40.35363],[-3.67513,40.35364],[-3.67551,40.35369],[-3.67572,40.35375],[-3.67595,40.35382],[-3.67619,40.354],[-3.67635,40.35422],[-3.67653,40.3546],[-3.67668,40.35496],[-3.67684,40.35549],[-3.6771,40.35637],[-3.67722,40.35683],[-3.67741,40.35712],[-3.67743,40.35715],[-3.67768,40.35742],[-3.6778,40.35749],[-3.67807,40.35764],[-3.67843,40.35778],[-3.67879,40.35792],[-3.6792,40.35812],[-3.67936,40.35823],[-3.6796,40.35842],[-3.68,40.35881],[-3.68069,40.35954],[-3.68096,40.35975],[-3.68133,40.35992],[-3.68148,40.36009],[-3.68152,40.36019],[-3.68153,40.36022],[-3.68193,40.3613],[-3.68121,40.36105],[-3.68078,40.36093],[-3.68033,40.36083],[-3.6798,40.36076],[-3.67935,40.36071],[-3.67875,40.36069],[-3.67807,40.3607],[-3.67757,40.36072],[-3.67702,40.36074],[-3.67667,40.36076],[-3.67593,40.36081],[-3.67516,40.36088],[-3.67446,40.36095],[-3.6737,40.36103],[-3.67302,40.36113],[-3.67215,40.36127],[-3.67151,40.36138],[-3.67117,40.36145],[-3.67081,40.36152],[-3.67012,40.36167],[-3.66954,40.36183],[-3.66944,40.36186],[-3.66887,40.36203],[-3.66824,40.36225],[-3.66788,40.36239],[-3.66755,40.36252],[-3.66723,40.36266],[-3.66716,40.36269],[-3.66668,40.36292],[-3.66649,40.36302],[-3.66601,40.36327],[-3.66443,40.36413],[-3.65705,40.36876],[-3.65598,40.36936],[-3.65559,40.36958],[-3.6547,40.37035],[-3.65439,40.37088],[-3.65357,40.37362],[-3.65329,40.37432],[-3.65275,40.37564],[-3.65235,40.37604],[-3.65149,40.37609],[-3.64989,40.3763],[-3.64856,40.37651],[-3.64505,40.37722],[-3.64149,40.37794],[-3.63436,40.37976],[-3.63301,40.38009],[-3.63257,40.3802],[-3.63018,40.38077],[-3.62715,40.3815],[-3.62589,40.38179],[-3.62457,40.38209],[-3.62531,40.38323],[-3.62475,40.38416],[-3.62431,40.38501],[-3.62368,40.38643],[-3.62187,40.39084]]]}},{"type":"Feature","properties":{"cod_dis":"11","nombre":"Carabanchel","distrito_key":"carabanchel"},"geometry":{"type":"Polygon","coordinates":[[[-3.72272,40.40455],[-3.72266,40.40419],[-3.72258,40.40379],[-3.7224,40.40257],[-3.72225,40.40208],[-3.72222,40.40197],[-3.72195,40.40134],[-3.72184,40.40116],[-3.72171,40.40096],[-3.72113,40.40053],[-3.72035,40.4001],[-3.71999,40.39996],[-3.71974,40.39991],[-3.71932,40.39985],[-3.71901,40.39984],[-3.71897,40.39984],[-3.71732,40.39997],[-3.71708,40.39999],[-3.71678,40.40001],[-3.71643,40.4],[-3.71591,40.39993],[-3.71491,40.39968],[-3.71406,40.39936],[-3.71345,40.39897],[-3.71319,40.39875],[-3.71274,40.39836],[-3.71217,40.39789],[-3.71139,40.39733],[-3.71081,40.39701],[-3.7103,40.3968],[-3.7097,40.39655],[-3.70879,40.39628],[-3.70823,40.39611],[-3.70735,40.3959],[-3.70465,40.39524],[-3.70464,40.39524],[-3.7063,40.39327],[-3.70678,40.39276],[-3.70723,40.3923],[-3.70754,40.39203],[-3.70794,40.39172],[-3.70814,40.39159],[-3.70829,40.3915],[-3.70846,40.39141],[-3.7087,40.39129],[-3.70879,40.39125],[-3.70881,40.39124],[-3.70902,40.39115],[-3.70912,40.39111],[-3.7095,40.39096],[-3.7095,40.39096],[-3.71026,40.39066],[-3.71189,40.39001],[-3.71202,40.38996],[-3.71289,40.38954],[-3.71302,40.38944],[-3.71336,40.38919],[-3.71369,40.38892],[-3.71369,40.38892],[-3.7139,40.38872],[-3.71423,40.38841],[-3.71459,40.38805],[-3.71502,40.38765],[-3.71543,40.38727],[-3.71639,40.38637],[-3.71687,40.38592],[-3.71755,40.38528],[-3.71821,40.38331],[-3.71835,40.38289],[-3.71873,40.38154],[-3.71896,40.38039],[-3.71904,40.37965],[-3.71937,40.37639],[-3.71972,40.37414],[-3.71972,40.37414],[-3.71977,40.3738],[-3.7202,40.37068],[-3.72044,40.36786],[-3.72072,40.36643],[-3.72089,40.36554],[-3.72089,40.36555],[-3.72089,40.36555],[-3.72089,40.36555],[-3.72346,40.36537],[-3.72711,40.36454],[-3.73055,40.36334],[-3.73412,40.36255],[-3.73855,40.36155],[-3.74338,40.36047],[-3.74667,40.35978],[-3.75036,40.35896],[-3.75441,40.35799],[-3.75442,40.35799],[-3.7577,40.35727],[-3.76151,40.35795],[-3.76624,40.35878],[-3.77114,40.35988],[-3.77162,40.35984],[-3.77074,40.36056],[-3.77074,40.36055],[-3.77052,40.36062],[-3.76896,40.36205],[-3.76672,40.36409],[-3.76368,40.36577],[-3.7618,40.36689],[-3.76215,40.36748],[-3.7629,40.36878],[-3.76293,40.36902],[-3.76257,40.37086],[-3.76223,40.37262],[-3.76183,40.37443],[-3.76,40.37488],[-3.75887,40.37523],[-3.75786,40.37554],[-3.75791,40.37583],[-3.75789,40.37592],[-3.75784,40.37614],[-3.75779,40.37631],[-3.75773,40.37654],[-3.75756,40.37691],[-3.7574,40.37718],[-3.75722,40.37748],[-3.75675,40.378],[-3.75593,40.37856],[-3.75638,40.3796],[-3.75681,40.38046],[-3.75741,40.38147],[-3.75785,40.38221],[-3.75834,40.38282],[-3.75883,40.38323],[-3.75928,40.38363],[-3.75862,40.38411],[-3.7556,40.38365],[-3.75475,40.38359],[-3.75356,40.38353],[-3.75301,40.38355],[-3.75168,40.38411],[-3.75156,40.38416],[-3.74952,40.38533],[-3.74949,40.38535],[-3.74684,40.38695],[-3.74616,40.38736],[-3.74533,40.38786],[-3.74511,40.38791],[-3.74488,40.38797],[-3.74472,40.38801],[-3.74442,40.38865],[-3.7438,40.38996],[-3.74356,40.39041],[-3.74326,40.39075],[-3.74283,40.39135],[-3.74223,40.39189],[-3.74086,40.39299],[-3.74082,40.39302],[-3.73974,40.39385],[-3.73914,40.39429],[-3.73913,40.3943],[-3.73896,40.39443],[-3.73869,40.39472],[-3.73861,40.3948],[-3.73854,40.3949],[-3.73841,40.3951],[-3.7383,40.39527],[-3.73784,40.39596],[-3.73757,40.39624],[-3.73748,40.39633],[-3.73708,40.39674],[-3.73473,40.39855],[-3.73408,40.39904],[-3.73347,40.3995],[-3.73209,40.40054],[-3.73087,40.40146],[-3.73028,40.40191],[-3.73027,40.40191],[-3.72955,40.40245],[-3.72858,40.40291],[-3.72829,40.40321],[-3.72829,40.40321],[-3.72812,40.40339],[-3.72775,40.40371],[-3.72755,40.40389],[-3.72704,40.40415],[-3.72678,40.40436],[-3.72659,40.40451],[-3.7263,40.40484],[-3.72615,40.40496],[-3.72596,40.40511],[-3.72562,40.40532],[-3.72548,40.40541],[-3.72514,40.4055],[-3.72503,40.40553],[-3.72461,40.4055],[-3.72473,40.40505],[-3.72472,40.40456],[-3.72356,40.40457],[-3.72268,40.40456]]]}},{"type":"Feature","properties":{"cod_dis":"12","nombre":"Usera","distrito_key":"usera"},"geometry":{"type":"Polygon","coordinates":[[[-3.68975,40.38233],[-3.68955,40.38207],[-3.68944,40.38187],[-3.68933,40.38165],[-3.68919,40.38136],[-3.68902,40.38074],[-3.68896,40.38045],[-3.68891,40.3802],[-3.6889,40.38003],[-3.68888,40.37983],[-3.68884,40.3797],[-3.68877,40.37959],[-3.68866,40.37941],[-3.68855,40.3792],[-3.68838,40.37899],[-3.68821,40.37886],[-3.68798,40.3787],[-3.68789,40.37858],[-3.68786,40.37841],[-3.68788,40.37823],[-3.68784,40.37807],[-3.68736,40.37702],[-3.68728,40.37679],[-3.68725,40.37663],[-3.68727,40.37644],[-3.68732,40.37615],[-3.68761,40.3753],[-3.68773,40.37485],[-3.68776,40.37461],[-3.68774,40.3744],[-3.68768,40.37417],[-3.68761,40.37409],[-3.6876,40.37408],[-3.6876,40.37408],[-3.68735,40.37389],[-3.68714,40.37368],[-3.68706,40.37361],[-3.68699,40.37353],[-3.6869,40.37335],[-3.68681,40.37303],[-3.68664,40.37258],[-3.68652,40.37234],[-3.68643,40.37218],[-3.68634,40.37207],[-3.68624,40.37196],[-3.68617,40.3719],[-3.68606,40.37182],[-3.68589,40.37175],[-3.68575,40.3717],[-3.68556,40.37165],[-3.68532,40.3716],[-3.68491,40.37149],[-3.68427,40.3713],[-3.68352,40.37103],[-3.68304,40.3708],[-3.68277,40.3706],[-3.68258,40.37043],[-3.68246,40.37028],[-3.68234,40.37004],[-3.68228,40.36985],[-3.68227,40.36968],[-3.68229,40.36951],[-3.68234,40.36935],[-3.68235,40.36917],[-3.68234,40.369],[-3.68226,40.36866],[-3.68185,40.36753],[-3.68178,40.36737],[-3.68174,40.36708],[-3.68172,40.36682],[-3.68174,40.36664],[-3.6818,40.36642],[-3.68199,40.36618],[-3.68225,40.366],[-3.68253,40.36584],[-3.68269,40.36569],[-3.68278,40.36557],[-3.68287,40.36546],[-3.68301,40.36518],[-3.68311,40.36493],[-3.68315,40.36475],[-3.68315,40.3645],[-3.68309,40.36419],[-3.68276,40.36337],[-3.68193,40.36131],[-3.68194,40.36128],[-3.68316,40.36171],[-3.68542,40.36252],[-3.68726,40.36318],[-3.68905,40.36377],[-3.68947,40.36389],[-3.69007,40.36404],[-3.69064,40.36415],[-3.69127,40.36425],[-3.69167,40.3643],[-3.69225,40.36437],[-3.69327,40.36445],[-3.6939,40.3645],[-3.69403,40.36451],[-3.69555,40.3645],[-3.69625,40.36448],[-3.69662,40.36446],[-3.69678,40.36445],[-3.69692,40.36444],[-3.69715,40.36442],[-3.69746,40.3644],[-3.69817,40.36431],[-3.69876,40.36422],[-3.69913,40.36415],[-3.69935,40.36411],[-3.70006,40.36395],[-3.70071,40.36381],[-3.7008,40.36379],[-3.70108,40.36374],[-3.70113,40.36373],[-3.70166,40.36365],[-3.70211,40.3636],[-3.70262,40.36356],[-3.70324,40.36354],[-3.70366,40.36355],[-3.70402,40.36357],[-3.70402,40.36357],[-3.70409,40.36357],[-3.70429,40.36359],[-3.70451,40.36361],[-3.70491,40.36365],[-3.70515,40.36368],[-3.70637,40.36382],[-3.7071,40.36388],[-3.7071,40.36388],[-3.70799,40.36394],[-3.7081,40.36394],[-3.70977,40.36402],[-3.71416,40.36436],[-3.72099,40.36479],[-3.72099,40.36479],[-3.7209,40.36555],[-3.72089,40.36555],[-3.72089,40.36555],[-3.72089,40.36555],[-3.72089,40.36554],[-3.72072,40.36643],[-3.72044,40.36786],[-3.7202,40.37068],[-3.71977,40.3738],[-3.71972,40.37414],[-3.71972,40.37414],[-3.71937,40.37639],[-3.71904,40.37965],[-3.71896,40.38039],[-3.71873,40.38154],[-3.71835,40.38289],[-3.71821,40.38331],[-3.71755,40.38528],[-3.71687,40.38592],[-3.71639,40.38637],[-3.71543,40.38727],[-3.71502,40.38765],[-3.71459,40.38805],[-3.71423,40.38841],[-3.7139,40.38872],[-3.71369,40.38892],[-3.71369,40.38892],[-3.71336,40.38919],[-3.71302,40.38944],[-3.71289,40.38954],[-3.71202,40.38996],[-3.71189,40.39001],[-3.71026,40.39066],[-3.7095,40.39096],[-3.7095,40.39096],[-3.70912,40.39111],[-3.70902,40.39115],[-3.70881,40.39124],[-3.70879,40.39125],[-3.7087,40.39129],[-3.70846,40.39141],[-3.70829,40.3915],[-3.70814,40.39159],[-3.70794,40.39172],[-3.70754,40.39203],[-3.70723,40.3923],[-3.70678,40.39276],[-3.7063,40.39327],[-3.70464,40.39524],[-3.7044,40.39509],[-3.70338,40.39446],[-3.7024,40.39365],[-3.69956,40.39065],[-3.69809,40.3891],[-3.69562,40.38699],[-3.69464,40.38618],[-3.69215,40.38412],[-3.68974,40.38235]]]}},{"type":"Feature","properties":{"cod_dis":"13","nombre":"Puente de Vallecas","distrito_key":"puente de vallecas"},"geometry":{"type":"Polygon","coordinates":[[[-3.62187,40.39084],[-3.62368,40.38643],[-3.62431,40.38501],[-3.62475,40.38416],[-3.62531,40.38323],[-3.62457,40.38209],[-3.62589,40.38179],[-3.62715,40.3815],[-3.63018,40.38077],[-3.63257,40.3802],[-3.63301,40.38009],[-3.63436,40.37976],[-3.64149,40.37794],[-3.64505,40.37722],[-3.64856,40.37651],[-3.64989,40.3763],[-3.65149,40.37609],[-3.65235,40.37604],[-3.65275,40.37564],[-3.65329,40.37432],[-3.65357,40.37362],[-3.65439,40.37088],[-3.6547,40.37035],[-3.65559,40.36958],[-3.65598,40.36936],[-3.65705,40.36876],[-3.66443,40.36413],[-3.66601,40.36327],[-3.66649,40.36302],[-3.66668,40.36292],[-3.66716,40.36269],[-3.66723,40.36266],[-3.66755,40.36252],[-3.66788,40.36239],[-3.66824,40.36225],[-3.66887,40.36203],[-3.66944,40.36186],[-3.66954,40.36183],[-3.67012,40.36167],[-3.67081,40.36152],[-3.67117,40.36145],[-3.67151,40.36138],[-3.67215,40.36127],[-3.67302,40.36113],[-3.6737,40.36103],[-3.67446,40.36095],[-3.67516,40.36088],[-3.67593,40.36081],[-3.67667,40.36076],[-3.67702,40.36074],[-3.67757,40.36072],[-3.67807,40.3607],[-3.67875,40.36069],[-3.67935,40.36071],[-3.6798,40.36076],[-3.68033,40.36083],[-3.68078,40.36093],[-3.68121,40.36105],[-3.68193,40.3613],[-3.68193,40.36131],[-3.68276,40.36337],[-3.68309,40.36419],[-3.68315,40.3645],[-3.68315,40.36475],[-3.68311,40.36493],[-3.68301,40.36518],[-3.68287,40.36546],[-3.68278,40.36557],[-3.68269,40.36569],[-3.68253,40.36584],[-3.68225,40.366],[-3.68199,40.36618],[-3.6818,40.36642],[-3.68174,40.36664],[-3.68172,40.36682],[-3.68174,40.36708],[-3.68178,40.36737],[-3.68185,40.36753],[-3.68226,40.36866],[-3.68234,40.369],[-3.68235,40.36917],[-3.68234,40.36935],[-3.68229,40.36951],[-3.68227,40.36968],[-3.68228,40.36985],[-3.68234,40.37004],[-3.68246,40.37028],[-3.68258,40.37043],[-3.68277,40.3706],[-3.68304,40.3708],[-3.68352,40.37103],[-3.68427,40.3713],[-3.68491,40.37149],[-3.68532,40.3716],[-3.68556,40.37165],[-3.68575,40.3717],[-3.68589,40.37175],[-3.68606,40.37182],[-3.68617,40.3719],[-3.68624,40.37196],[-3.68634,40.37207],[-3.68643,40.37218],[-3.68652,40.37234],[-3.68664,40.37258],[-3.68681,40.37303],[-3.6869,40.37335],[-3.68699,40.37353],[-3.68706,40.37361],[-3.68714,40.37368],[-3.68735,40.37389],[-3.6876,40.37408],[-3.6876,40.37408],[-3.68761,40.37409],[-3.68768,40.37417],[-3.68774,40.3744],[-3.68776,40.37461],[-3.68773,40.37485],[-3.68761,40.3753],[-3.68732,40.37615],[-3.68727,40.37644],[-3.68725,40.37663],[-3.68728,40.37679],[-3.68736,40.37702],[-3.68784,40.37807],[-3.68788,40.37823],[-3.68786,40.37841],[-3.68789,40.37858],[-3.68798,40.3787],[-3.68821,40.37886],[-3.68838,40.37899],[-3.68855,40.3792],[-3.68866,40.37941],[-3.68877,40.37959],[-3.68884,40.3797],[-3.68888,40.37983],[-3.6889,40.38003],[-3.68891,40.3802],[-3.68896,40.38045],[-3.68902,40.38074],[-3.68919,40.38136],[-3.68933,40.38165],[-3.68944,40.38187],[-3.68955,40.38207],[-3.68975,40.38233],[-3.68948,40.38249],[-3.68911,40.38266],[-3.68875,40.3828],[-3.68822,40.38298],[-3.68745,40.38317],[-3.68697,40.38328],[-3.68486,40.38368],[-3.68431,40.38379],[-3.68397,40.38388],[-3.6836,40.384],[-3.68335,40.38414],[-3.68315,40.38428],[-3.68294,40.38444],[-3.68272,40.38465],[-3.68234,40.38512],[-3.67914,40.38999],[-3.67871,40.3905],[-3.67828,40.39091],[-3.67756,40.39148],[-3.67644,40.39233],[-3.67525,40.39326],[-3.67453,40.39375],[-3.67351,40.39431],[-3.67352,40.39432],[-3.67292,40.39468],[-3.67204,40.39532],[-3.67108,40.39645],[-3.67096,40.39659],[-3.67039,40.39709],[-3.67005,40.39741],[-3.66962,40.39785],[-3.66925,40.39834],[-3.66827,40.39965],[-3.66678,40.40264],[-3.66669,40.40291],[-3.66633,40.40388],[-3.66556,40.40557],[-3.66521,40.40635],[-3.66521,40.40634],[-3.65888,40.4059],[-3.65867,40.40589],[-3.65855,40.40588],[-3.65777,40.40581],[-3.65737,40.40578],[-3.65671,40.4057],[-3.65642,40.40564],[-3.65611,40.40555],[-3.65596,40.40549],[-3.65581,40.40543],[-3.65532,40.40523],[-3.65485,40.40504],[-3.65442,40.4048],[-3.65401,40.40456],[-3.65296,40.40372],[-3.65296,40.40372],[-3.65132,40.4024],[-3.64891,40.40032],[-3.64705,40.39856],[-3.64543,40.3971],[-3.64543,40.3971],[-3.6449,40.39665],[-3.6449,40.39665],[-3.64428,40.39623],[-3.64375,40.39596],[-3.6434,40.39579],[-3.64309,40.39565],[-3.64262,40.39547],[-3.64227,40.39537],[-3.63997,40.39482],[-3.63946,40.39472],[-3.63901,40.39463],[-3.63261,40.39328],[-3.62979,40.39259],[-3.6298,40.39257],[-3.62747,40.39206],[-3.62512,40.39155],[-3.62302,40.39109],[-3.62189,40.39084]]]}},{"type":"Feature","properties":{"cod_dis":"10","nombre":"Latina","distrito_key":"latina"},"geometry":{"type":"Polygon","coordinates":[[[-3.72295,40.41399],[-3.72292,40.41238],[-3.72292,40.41237],[-3.72291,40.41202],[-3.72289,40.41198],[-3.72286,40.41191],[-3.72275,40.41172],[-3.7226,40.41139],[-3.72181,40.40852],[-3.72221,40.40719],[-3.72225,40.40707],[-3.72236,40.40676],[-3.72264,40.40584],[-3.72273,40.40523],[-3.72271,40.40456],[-3.72268,40.40456],[-3.72356,40.40457],[-3.72472,40.40456],[-3.72473,40.40505],[-3.72461,40.4055],[-3.72503,40.40553],[-3.72514,40.4055],[-3.72548,40.40541],[-3.72562,40.40532],[-3.72596,40.40511],[-3.72615,40.40496],[-3.7263,40.40484],[-3.72659,40.40451],[-3.72678,40.40436],[-3.72704,40.40415],[-3.72755,40.40389],[-3.72775,40.40371],[-3.72812,40.40339],[-3.72829,40.40321],[-3.72829,40.40321],[-3.72858,40.40291],[-3.72955,40.40245],[-3.73027,40.40191],[-3.73028,40.40191],[-3.73087,40.40146],[-3.73209,40.40054],[-3.73347,40.3995],[-3.73408,40.39904],[-3.73473,40.39855],[-3.73708,40.39674],[-3.73748,40.39633],[-3.73757,40.39624],[-3.73784,40.39596],[-3.7383,40.39527],[-3.73841,40.3951],[-3.73854,40.3949],[-3.73861,40.3948],[-3.73869,40.39472],[-3.73896,40.39443],[-3.73913,40.3943],[-3.73914,40.39429],[-3.73974,40.39385],[-3.74082,40.39302],[-3.74086,40.39299],[-3.74223,40.39189],[-3.74283,40.39135],[-3.74326,40.39075],[-3.74356,40.39041],[-3.7438,40.38996],[-3.74442,40.38865],[-3.74472,40.38801],[-3.74488,40.38797],[-3.74511,40.38791],[-3.74533,40.38786],[-3.74616,40.38736],[-3.74684,40.38695],[-3.74949,40.38535],[-3.74952,40.38533],[-3.75156,40.38416],[-3.75168,40.38411],[-3.75301,40.38355],[-3.75356,40.38353],[-3.75475,40.38359],[-3.7556,40.38365],[-3.75862,40.38411],[-3.75928,40.38363],[-3.75883,40.38323],[-3.75834,40.38282],[-3.75785,40.38221],[-3.75741,40.38147],[-3.75681,40.38046],[-3.75638,40.3796],[-3.75593,40.37856],[-3.75675,40.378],[-3.75722,40.37748],[-3.7574,40.37718],[-3.75756,40.37691],[-3.75773,40.37654],[-3.75779,40.37631],[-3.75784,40.37614],[-3.75789,40.37592],[-3.75791,40.37583],[-3.75786,40.37554],[-3.75887,40.37523],[-3.76,40.37488],[-3.76183,40.37443],[-3.76223,40.37262],[-3.76257,40.37086],[-3.76293,40.36902],[-3.7629,40.36878],[-3.76215,40.36748],[-3.7618,40.36689],[-3.76368,40.36577],[-3.76672,40.36409],[-3.76896,40.36205],[-3.77052,40.36062],[-3.77074,40.36055],[-3.77162,40.35983],[-3.77235,40.35977],[-3.77343,40.36055],[-3.77675,40.36128],[-3.78032,40.36187],[-3.78077,40.36169],[-3.78094,40.36163],[-3.78102,40.36161],[-3.78113,40.36159],[-3.78124,40.36158],[-3.78135,40.36156],[-3.78145,40.36153],[-3.78155,40.36149],[-3.78163,40.36145],[-3.7817,40.36141],[-3.78185,40.36134],[-3.78199,40.36127],[-3.78249,40.36104],[-3.78293,40.36082],[-3.78339,40.36059],[-3.78381,40.36039],[-3.78407,40.36026],[-3.78445,40.36007],[-3.7847,40.35993],[-3.78486,40.35987],[-3.78513,40.35976],[-3.78558,40.35957],[-3.786,40.35939],[-3.78666,40.35909],[-3.78686,40.359],[-3.78707,40.3589],[-3.78721,40.35884],[-3.78738,40.35877],[-3.78749,40.35873],[-3.78775,40.35867],[-3.78783,40.35868],[-3.7879,40.3587],[-3.78804,40.35874],[-3.78841,40.35888],[-3.7889,40.35905],[-3.78954,40.3593],[-3.78996,40.35946],[-3.79034,40.35962],[-3.79083,40.35983],[-3.79115,40.35997],[-3.79146,40.3601],[-3.7916,40.36017],[-3.79183,40.36027],[-3.79197,40.36034],[-3.79213,40.36042],[-3.7923,40.3605],[-3.7924,40.36055],[-3.79251,40.36061],[-3.79264,40.36068],[-3.79278,40.36075],[-3.793,40.36087],[-3.79321,40.36098],[-3.7934,40.36108],[-3.79356,40.36116],[-3.79374,40.36124],[-3.79401,40.36136],[-3.79426,40.36146],[-3.79468,40.36162],[-3.79501,40.36174],[-3.79514,40.36178],[-3.7954,40.36185],[-3.79565,40.36191],[-3.79581,40.36194],[-3.79603,40.36197],[-3.79648,40.36209],[-3.79671,40.36214],[-3.79685,40.36217],[-3.79695,40.36219],[-3.79712,40.36222],[-3.7973,40.36225],[-3.7975,40.36229],[-3.79783,40.36234],[-3.79817,40.3624],[-3.7985,40.36245],[-3.79874,40.36248],[-3.79899,40.3625],[-3.79925,40.36254],[-3.7996,40.3626],[-3.79987,40.36265],[-3.80019,40.36272],[-3.80047,40.36279],[-3.80081,40.36287],[-3.80111,40.36293],[-3.80135,40.36298],[-3.80153,40.36302],[-3.80183,40.36308],[-3.80204,40.36313],[-3.80252,40.36323],[-3.80266,40.36326],[-3.80284,40.36331],[-3.80288,40.36333],[-3.80299,40.36341],[-3.80307,40.36347],[-3.80314,40.36353],[-3.80323,40.3636],[-3.80331,40.36366],[-3.80338,40.36372],[-3.80345,40.36378],[-3.80354,40.36386],[-3.80362,40.36393],[-3.80373,40.36402],[-3.80384,40.36411],[-3.80393,40.3642],[-3.80408,40.36434],[-3.8042,40.36443],[-3.80692,40.36642],[-3.80979,40.36423],[-3.8105,40.36369],[-3.81088,40.36457],[-3.81141,40.3656],[-3.81181,40.36635],[-3.81207,40.36695],[-3.81219,40.36731],[-3.8128,40.36871],[-3.8132,40.36958],[-3.81328,40.36981],[-3.81345,40.37002],[-3.8142,40.37099],[-3.81494,40.37189],[-3.81536,40.37247],[-3.81664,40.37398],[-3.81706,40.37445],[-3.8172,40.37459],[-3.81753,40.37497],[-3.81769,40.37513],[-3.8177,40.37515],[-3.81773,40.37516],[-3.81781,40.37525],[-3.81786,40.37531],[-3.81798,40.37543],[-3.81805,40.37554],[-3.81863,40.37618],[-3.81913,40.37675],[-3.81937,40.37703],[-3.81948,40.37713],[-3.8201,40.37779],[-3.82074,40.37848],[-3.82116,40.37891],[-3.82134,40.37913],[-3.82142,40.37919],[-3.82158,40.37933],[-3.82193,40.37964],[-3.82211,40.37977],[-3.82249,40.38017],[-3.82273,40.38045],[-3.8229,40.38067],[-3.82317,40.38102],[-3.82331,40.38125],[-3.82336,40.38131],[-3.82356,40.38168],[-3.82363,40.38181],[-3.82363,40.38188],[-3.82369,40.38209],[-3.82882,40.38828],[-3.82892,40.3884],[-3.82905,40.38856],[-3.82916,40.38871],[-3.82933,40.38893],[-3.82934,40.38894],[-3.82946,40.3891],[-3.82946,40.38911],[-3.82957,40.38925],[-3.82958,40.38926],[-3.82969,40.38941],[-3.82981,40.38956],[-3.82982,40.38957],[-3.82992,40.3897],[-3.83004,40.38985],[-3.83005,40.38986],[-3.83014,40.38997],[-3.83015,40.38998],[-3.8302,40.39005],[-3.83021,40.39006],[-3.83021,40.39007],[-3.83021,40.39008],[-3.83018,40.3901],[-3.83016,40.39012],[-3.83016,40.39013],[-3.83016,40.39014],[-3.83016,40.39014],[-3.83021,40.3902],[-3.83022,40.39022],[-3.83028,40.3903],[-3.8303,40.39032],[-3.8305,40.39058],[-3.83059,40.39069],[-3.83065,40.39077],[-3.83074,40.39089],[-3.83079,40.39095],[-3.83081,40.39098],[-3.83083,40.391],[-3.83087,40.39098],[-3.83087,40.39098],[-3.83087,40.39098],[-3.83087,40.39098],[-3.83161,40.39199],[-3.83164,40.39202],[-3.83174,40.39216],[-3.8318,40.39224],[-3.83189,40.39236],[-3.83197,40.39248],[-3.83205,40.3926],[-3.83208,40.39265],[-3.83215,40.39276],[-3.83225,40.39292],[-3.83233,40.39304],[-3.83236,40.39309],[-3.83246,40.39327],[-3.8326,40.39353],[-3.83261,40.39353],[-3.83266,40.39359],[-3.83271,40.39369],[-3.83277,40.39381],[-3.83277,40.39382],[-3.83286,40.39402],[-3.83286,40.39403],[-3.83292,40.39419],[-3.83297,40.39431],[-3.83303,40.39445],[-3.83307,40.39455],[-3.83311,40.39465],[-3.83314,40.39474],[-3.83317,40.39482],[-3.83319,40.39489],[-3.83322,40.39498],[-3.83325,40.39505],[-3.8333,40.39518],[-3.83332,40.39523],[-3.83335,40.39529],[-3.83338,40.39536],[-3.8334,40.39541],[-3.8334,40.39542],[-3.8337,40.39567],[-3.83411,40.39601],[-3.8339,40.39609],[-3.8337,40.39611],[-3.83355,40.39611],[-3.83342,40.39609],[-3.83329,40.39607],[-3.83316,40.39605],[-3.83303,40.39603],[-3.8329,40.39601],[-3.83287,40.396],[-3.83284,40.39599],[-3.8328,40.39598],[-3.83276,40.39598],[-3.83272,40.39598],[-3.83268,40.39598],[-3.83264,40.39598],[-3.8326,40.39598],[-3.83256,40.39598],[-3.83252,40.39598],[-3.83248,40.39598],[-3.83244,40.39598],[-3.8324,40.39598],[-3.83236,40.39598],[-3.83232,40.39598],[-3.83228,40.39598],[-3.83224,40.39598],[-3.8322,40.39598],[-3.83216,40.39598],[-3.83206,40.39598],[-3.83196,40.39599],[-3.83186,40.396],[-3.83176,40.39601],[-3.83166,40.39602],[-3.83161,40.39603],[-3.83156,40.39604],[-3.83151,40.39605],[-3.83146,40.39606],[-3.83141,40.39607],[-3.83136,40.39608],[-3.83131,40.39609],[-3.83126,40.3961],[-3.83121,40.3961],[-3.83116,40.3961],[-3.83111,40.3961],[-3.83106,40.3961],[-3.83101,40.3961],[-3.83096,40.3961],[-3.83092,40.39611],[-3.83088,40.39612],[-3.83084,40.39613],[-3.8308,40.39614],[-3.83076,40.39615],[-3.83065,40.39618],[-3.83054,40.3962],[-3.83043,40.39622],[-3.83032,40.39624],[-3.8302,40.39626],[-3.83008,40.39628],[-3.82996,40.3963],[-3.82984,40.39631],[-3.82972,40.39632],[-3.82966,40.39633],[-3.8296,40.39634],[-3.82954,40.39635],[-3.82948,40.39636],[-3.82942,40.39637],[-3.82936,40.39637],[-3.8293,40.39637],[-3.82924,40.39637],[-3.82918,40.39637],[-3.82912,40.39637],[-3.82906,40.39637],[-3.829,40.39637],[-3.82894,40.39637],[-3.82888,40.39637],[-3.82882,40.39637],[-3.82869,40.39638],[-3.82856,40.39638],[-3.8284,40.39638],[-3.82824,40.39638],[-3.8281,40.39637],[-3.82798,40.39636],[-3.82785,40.39635],[-3.82771,40.39635],[-3.82757,40.39635],[-3.82744,40.39635],[-3.8273,40.39636],[-3.82716,40.39637],[-3.82701,40.39637],[-3.82686,40.39637],[-3.82671,40.39637],[-3.82656,40.39638],[-3.82641,40.39639],[-3.82626,40.3964],[-3.82611,40.39641],[-3.82596,40.39642],[-3.82581,40.39644],[-3.82566,40.39646],[-3.82551,40.39648],[-3.82536,40.3965],[-3.82528,40.39651],[-3.8252,40.39652],[-3.82512,40.39653],[-3.82504,40.39654],[-3.82496,40.39655],[-3.82488,40.39655],[-3.8248,40.39655],[-3.82472,40.39655],[-3.82464,40.39655],[-3.82456,40.39655],[-3.82448,40.39655],[-3.8244,40.39655],[-3.82432,40.39655],[-3.82424,40.39655],[-3.82416,40.39655],[-3.82408,40.39654],[-3.824,40.39653],[-3.82392,40.39652],[-3.82363,40.39651],[-3.82334,40.3965],[-3.82305,40.39648],[-3.82304,40.39648],[-3.82303,40.39648],[-3.82302,40.39648],[-3.82301,40.39648],[-3.823,40.39648],[-3.82299,40.39648],[-3.82298,40.39648],[-3.82297,40.39648],[-3.82296,40.39648],[-3.82295,40.39648],[-3.82294,40.39648],[-3.82293,40.39648],[-3.82292,40.39648],[-3.82291,40.39648],[-3.8229,40.39648],[-3.82289,40.39648],[-3.82288,40.39648],[-3.82287,40.39648],[-3.82286,40.39648],[-3.82285,40.39648],[-3.82284,40.39648],[-3.82277,40.39649],[-3.82269,40.3965],[-3.82261,40.39651],[-3.82253,40.39652],[-3.82245,40.39653],[-3.82237,40.39654],[-3.82229,40.39655],[-3.82221,40.39656],[-3.82213,40.39657],[-3.82208,40.39658],[-3.82203,40.39659],[-3.82198,40.3966],[-3.82193,40.3966],[-3.82188,40.3966],[-3.82183,40.3966],[-3.82174,40.39659],[-3.82165,40.39658],[-3.82156,40.39657],[-3.82147,40.39656],[-3.82145,40.39656],[-3.82143,40.39656],[-3.82141,40.39656],[-3.82139,40.39656],[-3.82137,40.39656],[-3.82135,40.39656],[-3.82133,40.39656],[-3.82131,40.39656],[-3.82129,40.39656],[-3.82127,40.39656],[-3.82125,40.39656],[-3.82123,40.39656],[-3.82121,40.39656],[-3.82119,40.39656],[-3.82114,40.39656],[-3.82109,40.39656],[-3.82104,40.39656],[-3.82099,40.39656],[-3.82094,40.39656],[-3.82089,40.39656],[-3.82084,40.39656],[-3.82079,40.39656],[-3.82076,40.39656],[-3.82073,40.39656],[-3.8207,40.39656],[-3.82067,40.39656],[-3.82064,40.39656],[-3.82061,40.39656],[-3.82058,40.39656],[-3.82055,40.39656],[-3.82052,40.39656],[-3.82049,40.39656],[-3.82046,40.39656],[-3.82012,40.39648],[-3.81978,40.3964],[-3.81973,40.39639],[-3.81968,40.39638],[-3.81963,40.39637],[-3.81958,40.39636],[-3.81953,40.39635],[-3.81948,40.39634],[-3.81943,40.39633],[-3.81938,40.39632],[-3.81933,40.39631],[-3.81928,40.39631],[-3.81923,40.39631],[-3.81918,40.39631],[-3.81813,40.3959],[-3.81472,40.39398],[-3.81073,40.39275],[-3.80828,40.39236],[-3.80412,40.392],[-3.80091,40.39209],[-3.79633,40.39221],[-3.79365,40.39358],[-3.78845,40.39392],[-3.78926,40.39237],[-3.78662,40.39278],[-3.78182,40.39401],[-3.78135,40.39413],[-3.78058,40.39528],[-3.78053,40.39533],[-3.77998,40.39579],[-3.77955,40.3968],[-3.77799,40.39761],[-3.77799,40.398],[-3.77753,40.39909],[-3.7775,40.39911],[-3.77573,40.40005],[-3.77448,40.40026],[-3.77447,40.40026],[-3.77444,40.40027],[-3.77444,40.40028],[-3.77444,40.40028],[-3.77456,40.40032],[-3.77456,40.40032],[-3.77385,40.40031],[-3.7737,40.40029],[-3.77065,40.39954],[-3.76928,40.39963],[-3.76701,40.39924],[-3.76562,40.39928],[-3.7655,40.39911],[-3.76474,40.39931],[-3.76435,40.39941],[-3.76273,40.4007],[-3.76239,40.40094],[-3.76227,40.401],[-3.7608,40.40289],[-3.76044,40.40337],[-3.76022,40.40365],[-3.75985,40.40397],[-3.75975,40.40407],[-3.75765,40.40529],[-3.75735,40.40546],[-3.75705,40.40563],[-3.75687,40.40569],[-3.75671,40.40572],[-3.75649,40.40575],[-3.75627,40.40576],[-3.75611,40.40578],[-3.75595,40.40582],[-3.75569,40.40591],[-3.75491,40.40632],[-3.75265,40.40747],[-3.75206,40.40775],[-3.75088,40.40832],[-3.75075,40.40834],[-3.75064,40.40836],[-3.75054,40.40837],[-3.74986,40.40846],[-3.74788,40.40873],[-3.74747,40.40878],[-3.74466,40.40915],[-3.7446,40.40923],[-3.74457,40.40926],[-3.74449,40.40929],[-3.74446,40.4093],[-3.7444,40.40932],[-3.74393,40.40943],[-3.74385,40.40945],[-3.74355,40.40952],[-3.74332,40.40957],[-3.74325,40.40958],[-3.7432,40.40958],[-3.74318,40.40958],[-3.74313,40.40958],[-3.74304,40.40957],[-3.74287,40.40954],[-3.74253,40.40945],[-3.74244,40.40942],[-3.74235,40.40939],[-3.74222,40.40935],[-3.74206,40.40929],[-3.74197,40.40926],[-3.74184,40.40921],[-3.73851,40.41106],[-3.7379,40.41147],[-3.73416,40.4128],[-3.73278,40.41329],[-3.72956,40.41444],[-3.7262,40.41567],[-3.72484,40.41617],[-3.72236,40.41718],[-3.72238,40.41718],[-3.72285,40.41534],[-3.72295,40.414]]]}},{"type":"Feature","properties":{"cod_dis":"02","nombre":"Arganzuela","distrito_key":"arganzuela"},"geometry":{"type":"Polygon","coordinates":[[[-3.72295,40.41399],[-3.72049,40.41395],[-3.71963,40.41394],[-3.71942,40.41394],[-3.71693,40.41392],[-3.71784,40.41208],[-3.71833,40.41112],[-3.71676,40.40871],[-3.71522,40.40809],[-3.71368,40.40745],[-3.71204,40.40675],[-3.71167,40.40667],[-3.71128,40.40657],[-3.70991,40.40634],[-3.70953,40.40629],[-3.7084,40.40608],[-3.70709,40.40581],[-3.7065,40.40569],[-3.70388,40.40521],[-3.70297,40.40508],[-3.70255,40.40509],[-3.701,40.40552],[-3.70098,40.40552],[-3.70008,40.40575],[-3.69938,40.40594],[-3.69795,40.40634],[-3.69788,40.40636],[-3.69542,40.40701],[-3.6953,40.40697],[-3.69412,40.40729],[-3.69398,40.40731],[-3.69392,40.4073],[-3.69387,40.40727],[-3.6937,40.40714],[-3.69325,40.407],[-3.69322,40.40721],[-3.69318,40.40736],[-3.69303,40.40758],[-3.69299,40.40763],[-3.69299,40.40763],[-3.69286,40.40779],[-3.69259,40.40802],[-3.69188,40.40845],[-3.69186,40.40844],[-3.69151,40.40815],[-3.6914,40.40811],[-3.69118,40.40799],[-3.69083,40.40776],[-3.69026,40.40733],[-3.69022,40.40736],[-3.68989,40.40712],[-3.68917,40.40672],[-3.68888,40.40654],[-3.68863,40.40638],[-3.6878,40.40562],[-3.68671,40.40463],[-3.68468,40.40322],[-3.68465,40.40321],[-3.68261,40.40238],[-3.68253,40.40235],[-3.68252,40.40235],[-3.68247,40.40234],[-3.68238,40.40234],[-3.6823,40.40236],[-3.68208,40.40226],[-3.68122,40.40186],[-3.68062,40.40158],[-3.68009,40.40133],[-3.67965,40.40105],[-3.67962,40.40103],[-3.67906,40.40079],[-3.67681,40.39895],[-3.67631,40.39866],[-3.67597,40.3984],[-3.67572,40.39821],[-3.67507,40.39753],[-3.67497,40.39738],[-3.67445,40.39657],[-3.67354,40.39431],[-3.67354,40.39431],[-3.67351,40.39431],[-3.67453,40.39375],[-3.67525,40.39326],[-3.67644,40.39233],[-3.67756,40.39148],[-3.67828,40.39091],[-3.67871,40.3905],[-3.67914,40.38999],[-3.68234,40.38512],[-3.68272,40.38465],[-3.68294,40.38444],[-3.68315,40.38428],[-3.68335,40.38414],[-3.6836,40.384],[-3.68397,40.38388],[-3.68431,40.38379],[-3.68486,40.38368],[-3.68697,40.38328],[-3.68745,40.38317],[-3.68822,40.38298],[-3.68875,40.3828],[-3.68911,40.38266],[-3.68948,40.38249],[-3.68975,40.38233],[-3.68974,40.38235],[-3.69215,40.38412],[-3.69464,40.38618],[-3.69562,40.38699],[-3.69809,40.3891],[-3.69956,40.39065],[-3.7024,40.39365],[-3.70338,40.39446],[-3.7044,40.39509],[-3.70464,40.39524],[-3.70465,40.39524],[-3.70735,40.3959],[-3.70823,40.39611],[-3.70879,40.39628],[-3.7097,40.39655],[-3.7103,40.3968],[-3.71081,40.39701],[-3.71139,40.39733],[-3.71217,40.39789],[-3.71274,40.39836],[-3.71319,40.39875],[-3.71345,40.39897],[-3.71406,40.39936],[-3.71491,40.39968],[-3.71591,40.39993],[-3.71643,40.4],[-3.71678,40.40001],[-3.71708,40.39999],[-3.71732,40.39997],[-3.71897,40.39984],[-3.71901,40.39984],[-3.71932,40.39985],[-3.71974,40.39991],[-3.71999,40.39996],[-3.72035,40.4001],[-3.72113,40.40053],[-3.72171,40.40096],[-3.72184,40.40116],[-3.72195,40.40134],[-3.72222,40.40197],[-3.72225,40.40208],[-3.7224,40.40257],[-3.72258,40.40379],[-3.72266,40.40419],[-3.72272,40.40455],[-3.72271,40.40456],[-3.72273,40.40523],[-3.72264,40.40584],[-3.72236,40.40676],[-3.72225,40.40707],[-3.72221,40.40719],[-3.72181,40.40852],[-3.7226,40.41139],[-3.72275,40.41172],[-3.72286,40.41191],[-3.72289,40.41198],[-3.72291,40.41202],[-3.72292,40.41237],[-3.72292,40.41238],[-3.72295,40.41399]]]}},{"type":"Feature","properties":{"cod_dis":"19","nombre":"Vicálvaro","distrito_key":"vicalvaro"},"geometry":{"type":"Polygon","coordinates":[[[-3.57749,40.42601],[-3.57525,40.42557],[-3.57579,40.42471],[-3.576,40.42437],[-3.57613,40.42415],[-3.57626,40.4239],[-3.57635,40.4237],[-3.57643,40.42351],[-3.57659,40.423],[-3.5767,40.42261],[-3.57677,40.42229],[-3.57683,40.42199],[-3.57697,40.42163],[-3.57717,40.42122],[-3.57731,40.421],[-3.57765,40.42026],[-3.57831,40.41926],[-3.57843,40.41903],[-3.57863,40.41864],[-3.5788,40.41831],[-3.57915,40.41786],[-3.57954,40.41734],[-3.57806,40.41499],[-3.57819,40.41484],[-3.57764,40.41366],[-3.57628,40.41312],[-3.57289,40.41177],[-3.57289,40.41177],[-3.57261,40.41188],[-3.5723,40.41192],[-3.57199,40.41194],[-3.57166,40.41195],[-3.57131,40.41199],[-3.57107,40.41198],[-3.5709,40.41197],[-3.57055,40.41207],[-3.57024,40.41218],[-3.56981,40.41235],[-3.56952,40.41249],[-3.56913,40.41266],[-3.56884,40.4128],[-3.56863,40.41287],[-3.56839,40.41296],[-3.56795,40.41304],[-3.56478,40.41354],[-3.56454,40.41355],[-3.56412,40.41355],[-3.56369,40.41353],[-3.56359,40.41347],[-3.56304,40.41347],[-3.56249,40.4134],[-3.56205,40.41335],[-3.56168,40.41332],[-3.56126,40.41328],[-3.56086,40.41327],[-3.56047,40.41325],[-3.56018,40.41325],[-3.55959,40.41319],[-3.55915,40.41316],[-3.55871,40.41309],[-3.55837,40.413],[-3.55784,40.41287],[-3.55752,40.41274],[-3.55719,40.41257],[-3.55691,40.41245],[-3.55647,40.41231],[-3.5559,40.41214],[-3.5555,40.41203],[-3.55508,40.41197],[-3.55464,40.41197],[-3.55417,40.4119],[-3.5534,40.4117],[-3.55311,40.41173],[-3.55275,40.41177],[-3.55245,40.41181],[-3.55217,40.41185],[-3.55179,40.41188],[-3.5514,40.41193],[-3.55124,40.41192],[-3.55103,40.41192],[-3.55048,40.41195],[-3.55009,40.41202],[-3.54959,40.41216],[-3.54928,40.41234],[-3.54512,40.41149],[-3.54497,40.41144],[-3.54495,40.41145],[-3.54495,40.41145],[-3.54486,40.41147],[-3.54483,40.41147],[-3.54455,40.4114],[-3.54449,40.41139],[-3.5444,40.41137],[-3.54436,40.41137],[-3.54421,40.41137],[-3.54413,40.41137],[-3.54401,40.41137],[-3.54399,40.41137],[-3.54383,40.41136],[-3.54376,40.41136],[-3.54368,40.41136],[-3.54365,40.41136],[-3.54351,40.41134],[-3.54348,40.41134],[-3.54345,40.41133],[-3.54333,40.41129],[-3.54329,40.41129],[-3.54318,40.41128],[-3.5427,40.41114],[-3.54247,40.41108],[-3.54228,40.41106],[-3.5422,40.41104],[-3.54206,40.411],[-3.54195,40.41097],[-3.54165,40.41088],[-3.54154,40.41083],[-3.54148,40.41081],[-3.54142,40.41079],[-3.54137,40.41078],[-3.54131,40.41076],[-3.54126,40.41075],[-3.54108,40.41073],[-3.54098,40.41072],[-3.54094,40.41071],[-3.54091,40.41071],[-3.54077,40.4107],[-3.54059,40.41069],[-3.54054,40.41069],[-3.54047,40.41069],[-3.54042,40.41069],[-3.54027,40.41067],[-3.54026,40.41067],[-3.54026,40.41067],[-3.54019,40.41066],[-3.54015,40.41065],[-3.54001,40.41062],[-3.54,40.41062],[-3.53992,40.41059],[-3.53977,40.41053],[-3.53973,40.41071],[-3.53973,40.41093],[-3.53973,40.41114],[-3.53974,40.4112],[-3.53977,40.41142],[-3.53976,40.41145],[-3.53973,40.4115],[-3.53971,40.41155],[-3.53968,40.41159],[-3.53966,40.41162],[-3.53962,40.41164],[-3.53951,40.41166],[-3.53935,40.41164],[-3.53908,40.41157],[-3.53901,40.41156],[-3.5387,40.41147],[-3.5385,40.41145],[-3.53829,40.41145],[-3.53798,40.41167],[-3.5379,40.41177],[-3.53787,40.41185],[-3.53786,40.4119],[-3.53789,40.41219],[-3.53787,40.41226],[-3.53784,40.4123],[-3.53777,40.41238],[-3.53756,40.41249],[-3.53741,40.41255],[-3.53727,40.41259],[-3.53718,40.4126],[-3.53687,40.41262],[-3.53679,40.41262],[-3.53664,40.41261],[-3.53646,40.41259],[-3.53631,40.41256],[-3.5362,40.41254],[-3.53621,40.41267],[-3.5362,40.41276],[-3.53615,40.41288],[-3.53612,40.41293],[-3.53601,40.41303],[-3.53593,40.41309],[-3.53578,40.41314],[-3.53563,40.41317],[-3.53563,40.41317],[-3.53517,40.41443],[-3.53485,40.41435],[-3.53459,40.4143],[-3.5343,40.41425],[-3.534,40.4142],[-3.53372,40.41417],[-3.53342,40.41414],[-3.53329,40.41413],[-3.53301,40.41413],[-3.53281,40.41414],[-3.53256,40.41416],[-3.53236,40.41418],[-3.53205,40.41423],[-3.53188,40.41427],[-3.53167,40.41432],[-3.53159,40.41434],[-3.53151,40.41436],[-3.53135,40.41442],[-3.53114,40.4145],[-3.53093,40.41459],[-3.53074,40.41465],[-3.53052,40.4147],[-3.53042,40.41472],[-3.53024,40.41473],[-3.5312,40.4201],[-3.53043,40.41957],[-3.52991,40.41921],[-3.5293,40.4188],[-3.52872,40.4184],[-3.52805,40.41795],[-3.52762,40.41767],[-3.52703,40.41733],[-3.52656,40.41708],[-3.52636,40.41696],[-3.52606,40.41681],[-3.52584,40.4167],[-3.52565,40.41659],[-3.52552,40.41653],[-3.52545,40.4165],[-3.5254,40.41647],[-3.52536,40.41645],[-3.5253,40.41642],[-3.52526,40.4164],[-3.52519,40.41636],[-3.52514,40.41632],[-3.52506,40.41625],[-3.52502,40.4162],[-3.52498,40.41614],[-3.52494,40.41606],[-3.5249,40.41599],[-3.52483,40.41585],[-3.52469,40.4156],[-3.52463,40.41551],[-3.52458,40.41545],[-3.52455,40.41541],[-3.5245,40.41536],[-3.52445,40.41531],[-3.52438,40.41526],[-3.52422,40.41515],[-3.52403,40.41503],[-3.52387,40.41493],[-3.52361,40.41478],[-3.52318,40.41451],[-3.52283,40.41429],[-3.52263,40.41416],[-3.52256,40.41411],[-3.52249,40.41406],[-3.52244,40.41402],[-3.52238,40.41396],[-3.52224,40.41384],[-3.5221,40.41367],[-3.52196,40.41348],[-3.52186,40.41335],[-3.52169,40.41313],[-3.52149,40.41284],[-3.5211,40.41231],[-3.52089,40.41201],[-3.52082,40.41191],[-3.52078,40.41185],[-3.52075,40.4118],[-3.5207,40.4117],[-3.52064,40.41157],[-3.52058,40.41143],[-3.52037,40.41085],[-3.5203,40.41071],[-3.52021,40.41056],[-3.51978,40.41],[-3.51991,40.40995],[-3.51983,40.40984],[-3.51971,40.40967],[-3.51952,40.40942],[-3.51944,40.40932],[-3.51939,40.40925],[-3.51932,40.40916],[-3.51927,40.40909],[-3.51922,40.409],[-3.5192,40.40896],[-3.51918,40.40891],[-3.51917,40.40886],[-3.51916,40.4088],[-3.51915,40.40874],[-3.51916,40.40863],[-3.51918,40.40851],[-3.5192,40.40837],[-3.51922,40.40822],[-3.51925,40.40803],[-3.51927,40.40781],[-3.5193,40.4075],[-3.5193,40.40727],[-3.5193,40.40715],[-3.51931,40.40702],[-3.51931,40.4069],[-3.51931,40.40678],[-3.5193,40.40666],[-3.5193,40.40654],[-3.51929,40.40639],[-3.51927,40.40618],[-3.51924,40.406],[-3.51922,40.4058],[-3.51918,40.40557],[-3.51916,40.40541],[-3.51913,40.40524],[-3.51907,40.40498],[-3.51904,40.40484],[-3.519,40.40471],[-3.51895,40.40458],[-3.51891,40.40449],[-3.51885,40.40437],[-3.51878,40.40424],[-3.5187,40.40411],[-3.5186,40.40397],[-3.51849,40.40379],[-3.51842,40.40369],[-3.51835,40.40356],[-3.51829,40.40344],[-3.51824,40.40331],[-3.51819,40.40316],[-3.51817,40.40306],[-3.51816,40.40296],[-3.51814,40.40285],[-3.51813,40.40274],[-3.51812,40.40262],[-3.51812,40.40252],[-3.51812,40.40241],[-3.51811,40.40226],[-3.51811,40.40215],[-3.51811,40.40206],[-3.51812,40.40197],[-3.51814,40.40186],[-3.51815,40.40176],[-3.51817,40.40163],[-3.51819,40.40149],[-3.51822,40.40134],[-3.51827,40.40114],[-3.51833,40.40093],[-3.51837,40.40076],[-3.51841,40.4006],[-3.51845,40.40044],[-3.51849,40.4003],[-3.51854,40.40012],[-3.51859,40.39998],[-3.51863,40.39989],[-3.51865,40.39983],[-3.51869,40.39972],[-3.51874,40.3996],[-3.5188,40.39948],[-3.5189,40.39927],[-3.519,40.39906],[-3.51903,40.39898],[-3.5191,40.39883],[-3.51916,40.3987],[-3.5192,40.39862],[-3.51924,40.39854],[-3.51928,40.39845],[-3.51931,40.39837],[-3.51935,40.39828],[-3.51937,40.39822],[-3.51939,40.39816],[-3.51941,40.3981],[-3.51943,40.39805],[-3.51944,40.39799],[-3.51945,40.39795],[-3.51946,40.39791],[-3.51946,40.39788],[-3.51946,40.39786],[-3.51956,40.39787],[-3.51958,40.39775],[-3.52028,40.39379],[-3.52037,40.39211],[-3.52255,40.39187],[-3.5243,40.39085],[-3.52685,40.3898],[-3.52911,40.38939],[-3.53204,40.39143],[-3.53282,40.3917],[-3.53359,40.39164],[-3.53403,40.39134],[-3.53448,40.39105],[-3.53494,40.39077],[-3.5354,40.39049],[-3.53586,40.39021],[-3.53632,40.38993],[-3.53677,40.38964],[-3.53722,40.38935],[-3.53766,40.38905],[-3.5381,40.38875],[-3.53853,40.38844],[-3.53895,40.38813],[-3.53936,40.38781],[-3.53976,40.38748],[-3.54016,40.38715],[-3.54055,40.38681],[-3.54093,40.38646],[-3.54131,40.38611],[-3.54168,40.38576],[-3.54205,40.38541],[-3.54242,40.38506],[-3.54279,40.38471],[-3.54316,40.38436],[-3.54353,40.38401],[-3.5439,40.38366],[-3.54427,40.38331],[-3.54464,40.38296],[-3.54501,40.38261],[-3.54538,40.38226],[-3.54575,40.38191],[-3.54612,40.38156],[-3.54649,40.38121],[-3.54686,40.38086],[-3.54723,40.38051],[-3.5476,40.38016],[-3.54797,40.37981],[-3.54811,40.37967],[-3.54958,40.37825],[-3.54993,40.37789],[-3.55027,40.37752],[-3.55061,40.37715],[-3.55094,40.37678],[-3.55126,40.3764],[-3.55157,40.37602],[-3.55187,40.37563],[-3.55217,40.37524],[-3.55245,40.37485],[-3.55273,40.37445],[-3.553,40.37405],[-3.55326,40.37365],[-3.55352,40.37325],[-3.55378,40.37284],[-3.55403,40.37243],[-3.55428,40.37202],[-3.55453,40.37161],[-3.55478,40.3712],[-3.55503,40.37079],[-3.55528,40.37038],[-3.55554,40.36998],[-3.5558,40.36958],[-3.55607,40.36918],[-3.55634,40.36878],[-3.55662,40.36838],[-3.55691,40.36799],[-3.5572,40.3676],[-3.5575,40.36721],[-3.55781,40.36683],[-3.55812,40.36645],[-3.55844,40.36607],[-3.55877,40.3657],[-3.55911,40.36533],[-3.55945,40.36496],[-3.5598,40.3646],[-3.56016,40.36424],[-3.56052,40.36389],[-3.56089,40.36354],[-3.56127,40.36319],[-3.56165,40.36285],[-3.56204,40.36251],[-3.56244,40.36218],[-3.56284,40.36185],[-3.56324,40.36152],[-3.56365,40.3612],[-3.56406,40.36088],[-3.56447,40.36056],[-3.56488,40.36024],[-3.5651,40.36007],[-3.5652,40.36011],[-3.5661,40.3603],[-3.56667,40.36043],[-3.56738,40.36063],[-3.56806,40.36086],[-3.56879,40.36113],[-3.56931,40.36132],[-3.56977,40.36152],[-3.57014,40.3617],[-3.57039,40.36185],[-3.57411,40.36435],[-3.5762,40.36575],[-3.57672,40.3661],[-3.57699,40.36626],[-3.57739,40.36648],[-3.57766,40.36661],[-3.57793,40.36672],[-3.57825,40.36684],[-3.57853,40.36693],[-3.5789,40.36702],[-3.57927,40.36709],[-3.57963,40.36714],[-3.58009,40.36717],[-3.58158,40.36723],[-3.5825,40.36726],[-3.58331,40.3673],[-3.58379,40.36735],[-3.58431,40.36745],[-3.58488,40.3676],[-3.58524,40.36774],[-3.58558,40.36788],[-3.58593,40.36805],[-3.58771,40.36899],[-3.58938,40.36983],[-3.59074,40.37046],[-3.59224,40.37118],[-3.59565,40.37282],[-3.59741,40.37367],[-3.59839,40.37416],[-3.59865,40.37432],[-3.59881,40.37442],[-3.599,40.37455],[-3.59922,40.37471],[-3.5995,40.37495],[-3.59976,40.37523],[-3.59999,40.37552],[-3.60019,40.37582],[-3.60068,40.37671],[-3.60049,40.37681],[-3.6003,40.37693],[-3.60014,40.37705],[-3.59996,40.37723],[-3.59966,40.37761],[-3.5995,40.37792],[-3.5994,40.37817],[-3.59931,40.37836],[-3.59924,40.3785],[-3.59916,40.37864],[-3.59908,40.37875],[-3.599,40.37884],[-3.59891,40.37893],[-3.59875,40.37905],[-3.59859,40.37916],[-3.5978,40.37965],[-3.59949,40.38232],[-3.59957,40.38235],[-3.60013,40.38239],[-3.60054,40.38252],[-3.60082,40.38266],[-3.60103,40.38287],[-3.60114,40.38312],[-3.60111,40.3834],[-3.60081,40.38392],[-3.60085,40.38415],[-3.60105,40.38464],[-3.60136,40.38511],[-3.6017,40.38557],[-3.60233,40.38619],[-3.60286,40.38645],[-3.60302,40.38653],[-3.60347,40.38666],[-3.60373,40.38667],[-3.6039,40.38667],[-3.60413,40.38663],[-3.60525,40.38598],[-3.60555,40.38625],[-3.60565,40.38643],[-3.60576,40.38649],[-3.60587,40.38651],[-3.60599,40.38649],[-3.60616,40.38643],[-3.60636,40.38633],[-3.60648,40.38624],[-3.60705,40.38665],[-3.60761,40.38701],[-3.60811,40.38729],[-3.60859,40.38753],[-3.60866,40.38757],[-3.60866,40.38757],[-3.60918,40.3878],[-3.60988,40.38809],[-3.61031,40.38823],[-3.6109,40.38841],[-3.61146,40.38856],[-3.61209,40.3887],[-3.61574,40.38949],[-3.61857,40.39011],[-3.61939,40.39029],[-3.62189,40.39084],[-3.62302,40.39109],[-3.62512,40.39155],[-3.62747,40.39206],[-3.6298,40.39257],[-3.62799,40.39581],[-3.62773,40.39634],[-3.62751,40.39683],[-3.62731,40.39731],[-3.62709,40.39795],[-3.6269,40.3986],[-3.62681,40.39903],[-3.62662,40.39988],[-3.62642,40.40075],[-3.62626,40.40132],[-3.62612,40.40177],[-3.62593,40.40228],[-3.62568,40.40287],[-3.62546,40.40332],[-3.62529,40.40366],[-3.62397,40.40618],[-3.62395,40.40621],[-3.62038,40.41308],[-3.62037,40.41309],[-3.62021,40.41335],[-3.62014,40.41346],[-3.62011,40.41351],[-3.62007,40.41357],[-3.62,40.41368],[-3.61992,40.41379],[-3.61984,40.4139],[-3.61978,40.41397],[-3.61971,40.41405],[-3.61952,40.41426],[-3.61903,40.41469],[-3.61878,40.41489],[-3.61861,40.41501],[-3.61843,40.41511],[-3.61826,40.41521],[-3.61819,40.41525],[-3.61807,40.41531],[-3.61799,40.41535],[-3.61777,40.41544],[-3.61749,40.41555],[-3.61395,40.41694],[-3.61084,40.41795],[-3.61033,40.41317],[-3.60853,40.41273],[-3.60798,40.41261],[-3.60735,40.41249],[-3.60673,40.41239],[-3.60589,40.41227],[-3.60347,40.41195],[-3.60198,40.41174],[-3.59966,40.41134],[-3.59823,40.41107],[-3.59591,40.41057],[-3.59494,40.41033],[-3.59354,40.40996],[-3.59239,40.40963],[-3.59136,40.40933],[-3.58957,40.40875],[-3.58868,40.40844],[-3.58848,40.40893],[-3.58837,40.40919],[-3.58824,40.4094],[-3.58806,40.40965],[-3.58715,40.41071],[-3.58629,40.41169],[-3.58509,40.41306],[-3.58451,40.41371],[-3.58425,40.41403],[-3.58407,40.41427],[-3.58385,40.41462],[-3.58368,40.4149],[-3.58353,40.41516],[-3.58339,40.4154],[-3.58326,40.41565],[-3.58319,40.41581],[-3.58315,40.41593],[-3.58311,40.41605],[-3.58309,40.41616],[-3.58307,40.4163],[-3.58306,40.41646],[-3.58305,40.4166],[-3.58303,40.4171],[-3.58301,40.4176],[-3.583,40.41775],[-3.58298,40.41789],[-3.58296,40.41805],[-3.58294,40.41816],[-3.5829,40.41831],[-3.58285,40.41847],[-3.58279,40.41864],[-3.58271,40.41882],[-3.58261,40.419],[-3.58224,40.41968],[-3.58198,40.42014],[-3.58177,40.42051],[-3.58166,40.42069],[-3.58122,40.42133],[-3.58079,40.42196],[-3.58035,40.42259],[-3.5798,40.42337],[-3.57947,40.42382],[-3.57874,40.42466],[-3.5784,40.42504],[-3.57817,40.42531],[-3.57801,40.42552],[-3.57788,40.42574],[-3.57778,40.42594],[-3.57771,40.4261],[-3.57754,40.42607]]]}},{"type":"Feature","properties":{"cod_dis":"14","nombre":"Moratalaz","distrito_key":"moratalaz"},"geometry":{"type":"Polygon","coordinates":[[[-3.6587,40.41868],[-3.6563,40.41806],[-3.65402,40.41746],[-3.65014,40.4161],[-3.64773,40.41537],[-3.64648,40.41506],[-3.64609,40.41499],[-3.64542,40.41486],[-3.64411,40.41465],[-3.64289,40.41451],[-3.64095,40.41442],[-3.63909,40.41446],[-3.63754,40.41459],[-3.63491,40.41496],[-3.63451,40.41502],[-3.63381,40.41512],[-3.63344,40.41514],[-3.63249,40.41519],[-3.6319,40.41518],[-3.6319,40.41518],[-3.63145,40.41517],[-3.63067,40.4151],[-3.62994,40.415],[-3.62904,40.41481],[-3.62862,40.41469],[-3.62806,40.41453],[-3.6276,40.41438],[-3.62671,40.41407],[-3.62566,40.41371],[-3.62509,40.41354],[-3.62425,40.41335],[-3.62332,40.41319],[-3.62249,40.41311],[-3.62217,40.41309],[-3.62182,40.41308],[-3.62138,40.41307],[-3.62037,40.41309],[-3.62038,40.41308],[-3.62395,40.40621],[-3.62397,40.40618],[-3.62529,40.40366],[-3.62546,40.40332],[-3.62568,40.40287],[-3.62593,40.40228],[-3.62612,40.40177],[-3.62626,40.40132],[-3.62642,40.40075],[-3.62662,40.39988],[-3.62681,40.39903],[-3.6269,40.3986],[-3.62709,40.39795],[-3.62731,40.39731],[-3.62751,40.39683],[-3.62773,40.39634],[-3.62799,40.39581],[-3.6298,40.39257],[-3.62979,40.39259],[-3.63261,40.39328],[-3.63901,40.39463],[-3.63946,40.39472],[-3.63997,40.39482],[-3.64227,40.39537],[-3.64262,40.39547],[-3.64309,40.39565],[-3.6434,40.39579],[-3.64375,40.39596],[-3.64428,40.39623],[-3.6449,40.39665],[-3.6449,40.39665],[-3.64543,40.3971],[-3.64543,40.3971],[-3.64705,40.39856],[-3.64891,40.40032],[-3.65132,40.4024],[-3.65296,40.40372],[-3.65296,40.40372],[-3.65401,40.40456],[-3.65442,40.4048],[-3.65485,40.40504],[-3.65532,40.40523],[-3.65581,40.40543],[-3.65596,40.40549],[-3.65611,40.40555],[-3.65642,40.40564],[-3.65671,40.4057],[-3.65737,40.40578],[-3.65777,40.40581],[-3.65855,40.40588],[-3.65867,40.40589],[-3.65888,40.4059],[-3.66521,40.40634],[-3.66515,40.40646],[-3.66409,40.40853],[-3.66376,40.40918],[-3.66339,40.40991],[-3.66292,40.41097],[-3.66292,40.41097],[-3.66254,40.41158],[-3.66249,40.41165],[-3.66148,40.41325],[-3.66116,40.41377],[-3.66105,40.41394],[-3.66058,40.4147],[-3.65944,40.41655],[-3.65897,40.41745],[-3.65869,40.41868]]]}},{"type":"Feature","properties":{"cod_dis":"03","nombre":"Retiro","distrito_key":"retiro"},"geometry":{"type":"Polygon","coordinates":[[[-3.65869,40.41868],[-3.65897,40.41745],[-3.65944,40.41655],[-3.66058,40.4147],[-3.66105,40.41394],[-3.66116,40.41377],[-3.66148,40.41325],[-3.66249,40.41165],[-3.66254,40.41158],[-3.66292,40.41097],[-3.66292,40.41097],[-3.66339,40.40991],[-3.66376,40.40918],[-3.66409,40.40853],[-3.66515,40.40646],[-3.66521,40.40634],[-3.66521,40.40635],[-3.66556,40.40557],[-3.66633,40.40388],[-3.66669,40.40291],[-3.66678,40.40264],[-3.66827,40.39965],[-3.66925,40.39834],[-3.66962,40.39785],[-3.67005,40.39741],[-3.67039,40.39709],[-3.67096,40.39659],[-3.67108,40.39645],[-3.67204,40.39532],[-3.67292,40.39468],[-3.67352,40.39432],[-3.67354,40.39431],[-3.67354,40.39431],[-3.67445,40.39657],[-3.67497,40.39738],[-3.67507,40.39753],[-3.67572,40.39821],[-3.67597,40.3984],[-3.67631,40.39866],[-3.67681,40.39895],[-3.67906,40.40079],[-3.67962,40.40103],[-3.67965,40.40105],[-3.68009,40.40133],[-3.68062,40.40158],[-3.68122,40.40186],[-3.68208,40.40226],[-3.6823,40.40236],[-3.68238,40.40234],[-3.68247,40.40234],[-3.68252,40.40235],[-3.68253,40.40235],[-3.68261,40.40238],[-3.68465,40.40321],[-3.68468,40.40322],[-3.68671,40.40463],[-3.6878,40.40562],[-3.68863,40.40638],[-3.68888,40.40654],[-3.68917,40.40672],[-3.68989,40.40712],[-3.69022,40.40736],[-3.69026,40.40733],[-3.69083,40.40776],[-3.69118,40.40799],[-3.6914,40.40811],[-3.69151,40.40815],[-3.69186,40.40844],[-3.69203,40.4087],[-3.69194,40.40909],[-3.69222,40.40972],[-3.69237,40.41021],[-3.69265,40.41148],[-3.6929,40.41265],[-3.6932,40.41405],[-3.69344,40.41515],[-3.69364,40.4159],[-3.6936,40.41636],[-3.69348,40.41696],[-3.69317,40.4185],[-3.69298,40.4189],[-3.6931,40.41935],[-3.69309,40.41934],[-3.69219,40.41952],[-3.68871,40.42],[-3.68592,40.42058],[-3.68587,40.42059],[-3.68519,40.42071],[-3.68475,40.42079],[-3.68458,40.42082],[-3.68446,40.42084],[-3.6831,40.42106],[-3.68245,40.42117],[-3.68122,40.42143],[-3.67997,40.42167],[-3.67944,40.42169],[-3.67898,40.42168],[-3.67894,40.42168],[-3.67753,40.42162],[-3.67601,40.42155],[-3.6744,40.42147],[-3.67285,40.4214],[-3.66901,40.4212],[-3.66504,40.42022],[-3.66293,40.41967],[-3.65871,40.41868]]]}},{"type":"Feature","properties":{"cod_dis":"01","nombre":"Centro","distrito_key":"centro"},"geometry":{"type":"Polygon","coordinates":[[[-3.69188,40.40845],[-3.69259,40.40802],[-3.69286,40.40779],[-3.69299,40.40763],[-3.69299,40.40763],[-3.69303,40.40758],[-3.69318,40.40736],[-3.69322,40.40721],[-3.69325,40.407],[-3.6937,40.40714],[-3.69387,40.40727],[-3.69392,40.4073],[-3.69398,40.40731],[-3.69412,40.40729],[-3.6953,40.40697],[-3.69542,40.40701],[-3.69788,40.40636],[-3.69795,40.40634],[-3.69938,40.40594],[-3.70008,40.40575],[-3.70098,40.40552],[-3.701,40.40552],[-3.70255,40.40509],[-3.70297,40.40508],[-3.70388,40.40521],[-3.7065,40.40569],[-3.70709,40.40581],[-3.7084,40.40608],[-3.70953,40.40629],[-3.70991,40.40634],[-3.71128,40.40657],[-3.71167,40.40667],[-3.71204,40.40675],[-3.71368,40.40745],[-3.71522,40.40809],[-3.71676,40.40871],[-3.71833,40.41112],[-3.71784,40.41208],[-3.71693,40.41392],[-3.71942,40.41394],[-3.71963,40.41394],[-3.72049,40.41395],[-3.72295,40.41399],[-3.72295,40.414],[-3.72285,40.41534],[-3.72238,40.41718],[-3.72216,40.41804],[-3.72205,40.41846],[-3.72184,40.41858],[-3.72151,40.41877],[-3.72107,40.41912],[-3.7207,40.41947],[-3.7204,40.4199],[-3.7203,40.42007],[-3.7202,40.42025],[-3.72019,40.42026],[-3.71806,40.42029],[-3.7168,40.42035],[-3.71598,40.42036],[-3.71551,40.42041],[-3.71551,40.42041],[-3.7139,40.42148],[-3.71339,40.42182],[-3.71334,40.4219],[-3.71318,40.42205],[-3.71305,40.42218],[-3.71173,40.42296],[-3.71117,40.42329],[-3.71092,40.42342],[-3.7109,40.42343],[-3.71171,40.4243],[-3.71246,40.42536],[-3.71318,40.42641],[-3.7139,40.42747],[-3.71414,40.42779],[-3.71454,40.42833],[-3.71561,40.42978],[-3.71621,40.43061],[-3.71624,40.43066],[-3.71623,40.43065],[-3.71463,40.43048],[-3.71352,40.43036],[-3.71186,40.43019],[-3.7105,40.43005],[-3.70882,40.42988],[-3.70771,40.42978],[-3.70741,40.42975],[-3.7058,40.4296],[-3.70364,40.42924],[-3.7024,40.42906],[-3.70194,40.42898],[-3.6994,40.42843],[-3.69712,40.42795],[-3.69575,40.42765],[-3.69511,40.42735],[-3.69384,40.42671],[-3.69138,40.42549],[-3.69044,40.42527],[-3.69046,40.42526],[-3.69073,40.42446],[-3.69132,40.42314],[-3.6931,40.41933],[-3.6931,40.41935],[-3.69298,40.4189],[-3.69317,40.4185],[-3.69348,40.41696],[-3.6936,40.41636],[-3.69364,40.4159],[-3.69344,40.41515],[-3.6932,40.41405],[-3.6929,40.41265],[-3.69265,40.41148],[-3.69237,40.41021],[-3.69222,40.40972],[-3.69194,40.40909],[-3.69203,40.4087],[-3.69186,40.40844]]]}},{"type":"Feature","properties":{"cod_dis":"15","nombre":"Ciudad Lineal","distrito_key":"ciudad lineal"},"geometry":{"type":"Polygon","coordinates":[[[-3.64812,40.44945],[-3.64745,40.44857],[-3.64648,40.44769],[-3.64491,40.44691],[-3.64313,40.44607],[-3.64048,40.44478],[-3.64023,40.44462],[-3.64002,40.44445],[-3.63973,40.4442],[-3.63946,40.44393],[-3.63918,40.44366],[-3.639,40.44342],[-3.63837,40.44257],[-3.63753,40.4414],[-3.63732,40.44111],[-3.63659,40.44011],[-3.63547,40.43856],[-3.63803,40.43787],[-3.63657,40.43585],[-3.63569,40.43463],[-3.63517,40.43394],[-3.63486,40.4335],[-3.63445,40.43292],[-3.63393,40.4322],[-3.63385,40.43209],[-3.63372,40.4319],[-3.63309,40.43101],[-3.63238,40.43004],[-3.63212,40.42969],[-3.63204,40.42958],[-3.63166,40.42906],[-3.63129,40.42854],[-3.63072,40.42774],[-3.63008,40.42685],[-3.62954,40.42614],[-3.62942,40.42596],[-3.62843,40.42445],[-3.62744,40.42322],[-3.62662,40.42209],[-3.62619,40.42149],[-3.62543,40.42043],[-3.6246,40.4193],[-3.62449,40.41914],[-3.62433,40.41893],[-3.6242,40.41874],[-3.62414,40.41865],[-3.62388,40.41821],[-3.62286,40.41685],[-3.62236,40.41613],[-3.62214,40.41583],[-3.62193,40.41551],[-3.62166,40.41514],[-3.6214,40.41477],[-3.6204,40.41307],[-3.62037,40.41309],[-3.62138,40.41307],[-3.62182,40.41308],[-3.62217,40.41309],[-3.62249,40.41311],[-3.62332,40.41319],[-3.62425,40.41335],[-3.62509,40.41354],[-3.62566,40.41371],[-3.62671,40.41407],[-3.6276,40.41438],[-3.62806,40.41453],[-3.62862,40.41469],[-3.62904,40.41481],[-3.62994,40.415],[-3.63067,40.4151],[-3.63145,40.41517],[-3.6319,40.41518],[-3.6319,40.41518],[-3.63249,40.41519],[-3.63344,40.41514],[-3.63381,40.41512],[-3.63451,40.41502],[-3.63491,40.41496],[-3.63754,40.41459],[-3.63909,40.41446],[-3.64095,40.41442],[-3.64289,40.41451],[-3.64411,40.41465],[-3.64542,40.41486],[-3.64609,40.41499],[-3.64648,40.41506],[-3.64773,40.41537],[-3.65014,40.4161],[-3.65402,40.41746],[-3.6563,40.41806],[-3.6587,40.41868],[-3.65916,40.42147],[-3.65955,40.42384],[-3.65966,40.42452],[-3.66012,40.42695],[-3.6606,40.42947],[-3.66082,40.43143],[-3.6602,40.43395],[-3.66003,40.43467],[-3.65992,40.43513],[-3.65984,40.4356],[-3.65973,40.43626],[-3.65971,40.43641],[-3.65962,40.43694],[-3.65961,40.437],[-3.65942,40.43829],[-3.65932,40.43895],[-3.65931,40.43926],[-3.65925,40.44052],[-3.65926,40.4407],[-3.65927,40.44085],[-3.65934,40.44176],[-3.65938,40.44216],[-3.65951,40.44265],[-3.65978,40.44331],[-3.66015,40.44397],[-3.66063,40.44463],[-3.6606,40.44461],[-3.66119,40.44567],[-3.66147,40.44638],[-3.66168,40.44698],[-3.66188,40.44767],[-3.66215,40.44846],[-3.66229,40.44894],[-3.66233,40.44909],[-3.66257,40.45013],[-3.66283,40.45136],[-3.66289,40.45172],[-3.66312,40.45316],[-3.66329,40.4543],[-3.66341,40.45508],[-3.6638,40.45681],[-3.66435,40.45853],[-3.66485,40.45982],[-3.66494,40.46003],[-3.66772,40.46538],[-3.66823,40.46636],[-3.66841,40.4667],[-3.67111,40.47024],[-3.672,40.47141],[-3.67325,40.47305],[-3.67357,40.47373],[-3.67375,40.47412],[-3.67409,40.47513],[-3.67419,40.47543],[-3.67423,40.47556],[-3.67434,40.47609],[-3.67437,40.47639],[-3.67437,40.47639],[-3.67439,40.47658],[-3.67443,40.47718],[-3.67444,40.47776],[-3.67441,40.47816],[-3.6744,40.47833],[-3.67437,40.47871],[-3.67424,40.47935],[-3.67421,40.47954],[-3.67418,40.47973],[-3.67409,40.48021],[-3.67405,40.4804],[-3.67389,40.48117],[-3.67372,40.48202],[-3.67369,40.48216],[-3.67366,40.48242],[-3.67363,40.48267],[-3.67354,40.48338],[-3.67348,40.48402],[-3.67346,40.48406],[-3.67134,40.48414],[-3.67108,40.48415],[-3.67026,40.48419],[-3.66904,40.48419],[-3.66721,40.48411],[-3.66627,40.484],[-3.66612,40.48398],[-3.66473,40.48377],[-3.6647,40.48377],[-3.66401,40.48367],[-3.66373,40.48363],[-3.65935,40.48292],[-3.65959,40.4828],[-3.66101,40.48211],[-3.66118,40.48201],[-3.66342,40.47985],[-3.66487,40.47838],[-3.66522,40.47797],[-3.66552,40.47749],[-3.66552,40.47749],[-3.66563,40.47716],[-3.66566,40.47706],[-3.66574,40.4768],[-3.66571,40.47637],[-3.66553,40.47535],[-3.66541,40.47482],[-3.6654,40.4748],[-3.66539,40.47477],[-3.66512,40.47381],[-3.66461,40.47196],[-3.66342,40.46749],[-3.66291,40.46568],[-3.66246,40.46407],[-3.66201,40.46338],[-3.6604,40.46226],[-3.66031,40.4622],[-3.65626,40.45945],[-3.65623,40.45936],[-3.65585,40.45892],[-3.65543,40.45839],[-3.65512,40.45803],[-3.65418,40.45694],[-3.65284,40.45547],[-3.65128,40.45373],[-3.65005,40.4521],[-3.64996,40.45206],[-3.6499,40.45197],[-3.64963,40.45162],[-3.64963,40.45162],[-3.64929,40.45117],[-3.64808,40.44948]]]}},{"type":"Feature","properties":{"cod_dis":"20","nombre":"San Blas - Canillejas","distrito_key":"san blas canillejas"},"geometry":{"type":"Polygon","coordinates":[[[-3.60776,40.44967],[-3.60637,40.44965],[-3.60585,40.44966],[-3.60546,40.44968],[-3.60475,40.44974],[-3.6034,40.44989],[-3.60103,40.45013],[-3.5996,40.45017],[-3.5971,40.45016],[-3.5956,40.45012],[-3.5933,40.45005],[-3.59326,40.45005],[-3.59326,40.45005],[-3.58746,40.44995],[-3.58343,40.4499],[-3.58229,40.4499],[-3.58139,40.44991],[-3.5799,40.44993],[-3.57716,40.44987],[-3.57514,40.44982],[-3.57374,40.44979],[-3.57057,40.44975],[-3.5657,40.44966],[-3.56501,40.44964],[-3.56177,40.44956],[-3.55831,40.44948],[-3.55703,40.44941],[-3.55562,40.44932],[-3.55346,40.4491],[-3.55093,40.44881],[-3.54731,40.44841],[-3.54271,40.44788],[-3.53967,40.44754],[-3.53761,40.44729],[-3.53703,40.44718],[-3.53644,40.44704],[-3.53531,40.44673],[-3.53501,40.44666],[-3.53469,40.4466],[-3.5344,40.44657],[-3.53417,40.44656],[-3.53393,40.44656],[-3.53363,40.44658],[-3.53306,40.44665],[-3.53166,40.447],[-3.53165,40.447],[-3.53168,40.447],[-3.53134,40.44709],[-3.53115,40.44688],[-3.53129,40.44682],[-3.53285,40.44643],[-3.53316,40.44635],[-3.53336,40.44632],[-3.53363,40.44628],[-3.53384,40.44625],[-3.53406,40.44624],[-3.53446,40.44628],[-3.53485,40.44633],[-3.53516,40.44636],[-3.53551,40.44647],[-3.53501,40.44495],[-3.5356,40.4447],[-3.53842,40.445],[-3.53799,40.4443],[-3.54084,40.44462],[-3.54137,40.44361],[-3.54522,40.4426],[-3.54974,40.44204],[-3.55007,40.44201],[-3.55044,40.44197],[-3.55104,40.44185],[-3.55179,40.44168],[-3.55232,40.44153],[-3.55318,40.44125],[-3.55414,40.4408],[-3.55495,40.44043],[-3.55532,40.44027],[-3.55638,40.43977],[-3.55751,40.43926],[-3.55839,40.43884],[-3.55877,40.43868],[-3.55913,40.43844],[-3.55953,40.43835],[-3.56002,40.43817],[-3.56031,40.43809],[-3.56065,40.43803],[-3.5611,40.43796],[-3.5617,40.43794],[-3.56232,40.43794],[-3.5629,40.43794],[-3.56346,40.438],[-3.56402,40.43804],[-3.56416,40.43806],[-3.56481,40.4379],[-3.56527,40.43775],[-3.56554,40.43768],[-3.56584,40.4376],[-3.56624,40.43747],[-3.56637,40.43743],[-3.56683,40.43722],[-3.56722,40.43702],[-3.56767,40.43672],[-3.56859,40.43621],[-3.57384,40.43767],[-3.57598,40.43674],[-3.57573,40.43619],[-3.57557,40.43585],[-3.57547,40.43557],[-3.57539,40.43531],[-3.57529,40.43501],[-3.57521,40.43464],[-3.57514,40.43409],[-3.57916,40.43361],[-3.57917,40.43314],[-3.57789,40.4313],[-3.5773,40.4305],[-3.57714,40.43022],[-3.57701,40.42982],[-3.57635,40.42967],[-3.57652,40.42881],[-3.57655,40.4287],[-3.57679,40.42804],[-3.57696,40.42758],[-3.57723,40.42682],[-3.57732,40.42655],[-3.57751,40.42601],[-3.57754,40.42607],[-3.57771,40.4261],[-3.57778,40.42594],[-3.57788,40.42574],[-3.57801,40.42552],[-3.57817,40.42531],[-3.5784,40.42504],[-3.57874,40.42466],[-3.57947,40.42382],[-3.5798,40.42337],[-3.58035,40.42259],[-3.58079,40.42196],[-3.58122,40.42133],[-3.58166,40.42069],[-3.58177,40.42051],[-3.58198,40.42014],[-3.58224,40.41968],[-3.58261,40.419],[-3.58271,40.41882],[-3.58279,40.41864],[-3.58285,40.41847],[-3.5829,40.41831],[-3.58294,40.41816],[-3.58296,40.41805],[-3.58298,40.41789],[-3.583,40.41775],[-3.58301,40.4176],[-3.58303,40.4171],[-3.58305,40.4166],[-3.58306,40.41646],[-3.58307,40.4163],[-3.58309,40.41616],[-3.58311,40.41605],[-3.58315,40.41593],[-3.58319,40.41581],[-3.58326,40.41565],[-3.58339,40.4154],[-3.58353,40.41516],[-3.58368,40.4149],[-3.58385,40.41462],[-3.58407,40.41427],[-3.58425,40.41403],[-3.58451,40.41371],[-3.58509,40.41306],[-3.58629,40.41169],[-3.58715,40.41071],[-3.58806,40.40965],[-3.58824,40.4094],[-3.58837,40.40919],[-3.58848,40.40893],[-3.58868,40.40844],[-3.58957,40.40875],[-3.59136,40.40933],[-3.59239,40.40963],[-3.59354,40.40996],[-3.59494,40.41033],[-3.59591,40.41057],[-3.59823,40.41107],[-3.59966,40.41134],[-3.60198,40.41174],[-3.60347,40.41195],[-3.60589,40.41227],[-3.60673,40.41239],[-3.60735,40.41249],[-3.60798,40.41261],[-3.60853,40.41273],[-3.61033,40.41317],[-3.61084,40.41795],[-3.61395,40.41694],[-3.61749,40.41555],[-3.61777,40.41544],[-3.61799,40.41535],[-3.61807,40.41531],[-3.61819,40.41525],[-3.61826,40.41521],[-3.61843,40.41511],[-3.61861,40.41501],[-3.61878,40.41489],[-3.61903,40.41469],[-3.61952,40.41426],[-3.61971,40.41405],[-3.61978,40.41397],[-3.61984,40.4139],[-3.61992,40.41379],[-3.62,40.41368],[-3.62007,40.41357],[-3.62011,40.41351],[-3.62014,40.41346],[-3.62021,40.41335],[-3.62037,40.41309],[-3.6204,40.41307],[-3.6214,40.41477],[-3.62166,40.41514],[-3.62193,40.41551],[-3.62214,40.41583],[-3.62236,40.41613],[-3.62286,40.41685],[-3.62388,40.41821],[-3.62414,40.41865],[-3.6242,40.41874],[-3.62433,40.41893],[-3.62449,40.41914],[-3.6246,40.4193],[-3.62543,40.42043],[-3.62619,40.42149],[-3.62662,40.42209],[-3.62744,40.42322],[-3.62843,40.42445],[-3.62942,40.42596],[-3.62954,40.42614],[-3.63008,40.42685],[-3.63072,40.42774],[-3.63129,40.42854],[-3.63166,40.42906],[-3.63204,40.42958],[-3.63212,40.42969],[-3.63238,40.43004],[-3.63309,40.43101],[-3.63372,40.4319],[-3.63385,40.43209],[-3.63393,40.4322],[-3.63445,40.43292],[-3.63486,40.4335],[-3.63517,40.43394],[-3.63569,40.43463],[-3.63657,40.43585],[-3.63803,40.43787],[-3.63547,40.43856],[-3.63659,40.44011],[-3.63732,40.44111],[-3.63753,40.4414],[-3.63837,40.44257],[-3.639,40.44342],[-3.63918,40.44366],[-3.63946,40.44393],[-3.63973,40.4442],[-3.64002,40.44445],[-3.64023,40.44462],[-3.64048,40.44478],[-3.64313,40.44607],[-3.64491,40.44691],[-3.64648,40.44769],[-3.64745,40.44857],[-3.64812,40.44945],[-3.64783,40.44953],[-3.64783,40.44953],[-3.64728,40.44968],[-3.6467,40.44979],[-3.64606,40.44981],[-3.64508,40.4497],[-3.64384,40.4495],[-3.64276,40.44932],[-3.63984,40.44885],[-3.638,40.44859],[-3.63731,40.44856],[-3.63666,40.44856],[-3.6361,40.4486],[-3.63574,40.44864],[-3.63511,40.44873],[-3.6344,40.44885],[-3.6335,40.44899],[-3.63197,40.44923],[-3.63069,40.44937],[-3.62945,40.44941],[-3.62842,40.44945],[-3.62767,40.44947],[-3.62629,40.44951],[-3.62231,40.44966],[-3.61994,40.44967],[-3.61668,40.44968],[-3.6148,40.44969],[-3.60909,40.44967],[-3.60777,40.44965]]]}},{"type":"Feature","properties":{"cod_dis":"09","nombre":"Moncloa - Aravaca","distrito_key":"moncloa aravaca"},"geometry":{"type":"Polygon","coordinates":[[[-3.83665,40.47958],[-3.83665,40.47958],[-3.83574,40.47932],[-3.83519,40.47916],[-3.83489,40.47907],[-3.83467,40.47901],[-3.83422,40.47888],[-3.83413,40.47885],[-3.83361,40.4787],[-3.83338,40.47863],[-3.83309,40.47855],[-3.83277,40.47847],[-3.83274,40.47846],[-3.83273,40.47846],[-3.83268,40.47845],[-3.83224,40.47833],[-3.83185,40.47821],[-3.83174,40.47818],[-3.83127,40.47805],[-3.8309,40.47794],[-3.83071,40.47789],[-3.8306,40.47786],[-3.83028,40.47777],[-3.82999,40.47769],[-3.82981,40.47764],[-3.8296,40.47758],[-3.8293,40.4775],[-3.82927,40.47749],[-3.82889,40.47738],[-3.82876,40.47734],[-3.82873,40.47733],[-3.82855,40.47728],[-3.82851,40.47727],[-3.8285,40.47727],[-3.82823,40.47719],[-3.82785,40.47709],[-3.82777,40.47707],[-3.82754,40.47701],[-3.82714,40.4769],[-3.82673,40.47678],[-3.82662,40.47675],[-3.82653,40.47672],[-3.82615,40.47661],[-3.8257,40.47648],[-3.82521,40.47634],[-3.82471,40.4762],[-3.82459,40.47617],[-3.82385,40.47596],[-3.82353,40.47587],[-3.82341,40.47584],[-3.82335,40.47582],[-3.82298,40.47571],[-3.82272,40.47564],[-3.82253,40.47558],[-3.82196,40.47542],[-3.82177,40.47536],[-3.82128,40.47522],[-3.8209,40.47511],[-3.8206,40.47502],[-3.82025,40.47492],[-3.82025,40.47492],[-3.82014,40.47489],[-3.81975,40.47478],[-3.81937,40.47467],[-3.81929,40.47465],[-3.81921,40.47463],[-3.81895,40.47455],[-3.81893,40.47454],[-3.81876,40.47449],[-3.81835,40.47437],[-3.81789,40.47424],[-3.8177,40.47419],[-3.81765,40.47418],[-3.81754,40.47415],[-3.81737,40.4741],[-3.81687,40.47396],[-3.81652,40.47386],[-3.81621,40.47377],[-3.81604,40.47372],[-3.81594,40.47369],[-3.8157,40.47362],[-3.8148,40.47336],[-3.81463,40.47331],[-3.81452,40.47328],[-3.81421,40.47319],[-3.81381,40.47307],[-3.81371,40.47304],[-3.81359,40.47301],[-3.81332,40.47293],[-3.81316,40.47288],[-3.81299,40.47283],[-3.81283,40.47279],[-3.81272,40.47276],[-3.81265,40.47274],[-3.81261,40.47273],[-3.81255,40.47271],[-3.81245,40.47268],[-3.8124,40.47266],[-3.81201,40.47255],[-3.81079,40.4722],[-3.81032,40.47207],[-3.80612,40.47087],[-3.80561,40.47072],[-3.80512,40.47058],[-3.80386,40.47022],[-3.80313,40.47001],[-3.80293,40.46995],[-3.80269,40.46988],[-3.80242,40.4698],[-3.80215,40.46973],[-3.80188,40.46965],[-3.8011,40.46943],[-3.80024,40.46918],[-3.8002,40.46919],[-3.80007,40.46923],[-3.79947,40.46934],[-3.79945,40.46934],[-3.79943,40.46934],[-3.7993,40.46935],[-3.79923,40.46935],[-3.79896,40.46937],[-3.79841,40.4694],[-3.79772,40.46944],[-3.79689,40.46959],[-3.79634,40.46969],[-3.79618,40.46972],[-3.79571,40.46981],[-3.7957,40.46981],[-3.7956,40.46983],[-3.79558,40.46983],[-3.7955,40.46985],[-3.79534,40.46989],[-3.79521,40.46992],[-3.79506,40.46995],[-3.79465,40.47005],[-3.79452,40.47009],[-3.79442,40.47012],[-3.79346,40.47043],[-3.79344,40.47043],[-3.79338,40.47045],[-3.79256,40.47072],[-3.7925,40.47074],[-3.79246,40.47075],[-3.7924,40.47077],[-3.79236,40.47079],[-3.79232,40.4708],[-3.79224,40.47084],[-3.79222,40.47085],[-3.79218,40.47087],[-3.79195,40.47097],[-3.79177,40.47107],[-3.79155,40.47119],[-3.79113,40.47144],[-3.79106,40.47148],[-3.79105,40.47148],[-3.791,40.47151],[-3.78996,40.47191],[-3.78935,40.47211],[-3.78887,40.47227],[-3.78855,40.47237],[-3.7883,40.47245],[-3.78816,40.47249],[-3.78771,40.47262],[-3.78759,40.47265],[-3.78751,40.47267],[-3.7875,40.47267],[-3.78729,40.47273],[-3.7868,40.47286],[-3.78609,40.47306],[-3.78592,40.4731],[-3.78553,40.4732],[-3.78406,40.47357],[-3.78328,40.47376],[-3.78292,40.4739],[-3.78273,40.47397],[-3.782,40.47426],[-3.78102,40.47458],[-3.78032,40.47457],[-3.77996,40.47456],[-3.77917,40.47455],[-3.77901,40.47455],[-3.7789,40.47455],[-3.7788,40.47455],[-3.77846,40.47455],[-3.77828,40.47455],[-3.77819,40.47455],[-3.77794,40.47455],[-3.77781,40.47455],[-3.7774,40.47454],[-3.77706,40.47454],[-3.77693,40.47454],[-3.77685,40.47454],[-3.7768,40.47454],[-3.77575,40.47452],[-3.77281,40.47448],[-3.77254,40.47448],[-3.77242,40.47448],[-3.77232,40.47448],[-3.7721,40.47448],[-3.77179,40.47448],[-3.77163,40.47448],[-3.77155,40.47448],[-3.77114,40.47447],[-3.77093,40.47445],[-3.7704,40.4744],[-3.76965,40.47434],[-3.76951,40.47432],[-3.76941,40.47431],[-3.76912,40.4743],[-3.76899,40.47429],[-3.76881,40.47427],[-3.76863,40.47426],[-3.7684,40.47424],[-3.76818,40.47422],[-3.76817,40.47422],[-3.7677,40.47418],[-3.76694,40.47411],[-3.76655,40.47408],[-3.76654,40.47408],[-3.76653,40.47408],[-3.76651,40.47406],[-3.76599,40.47394],[-3.76594,40.47393],[-3.7637,40.4734],[-3.76362,40.47339],[-3.76367,40.47252],[-3.76355,40.47244],[-3.76349,40.47242],[-3.76344,40.47242],[-3.76329,40.47242],[-3.76321,40.47242],[-3.76311,40.47241],[-3.76285,40.47235],[-3.76267,40.47231],[-3.76259,40.4723],[-3.76249,40.47228],[-3.76235,40.47228],[-3.76205,40.47229],[-3.76164,40.4723],[-3.76114,40.47231],[-3.76088,40.47231],[-3.76055,40.47233],[-3.76046,40.47233],[-3.76032,40.47231],[-3.76031,40.47231],[-3.76028,40.47231],[-3.76016,40.4723],[-3.76003,40.47228],[-3.75997,40.47228],[-3.75994,40.47228],[-3.75991,40.47229],[-3.7598,40.47231],[-3.75974,40.47234],[-3.75968,40.47237],[-3.75958,40.47245],[-3.75957,40.47246],[-3.75955,40.47247],[-3.75951,40.47249],[-3.75941,40.4725],[-3.75931,40.47255],[-3.75925,40.47257],[-3.75917,40.4726],[-3.75912,40.47262],[-3.75908,40.47263],[-3.75896,40.47265],[-3.75893,40.47265],[-3.75887,40.47265],[-3.75884,40.47264],[-3.75878,40.47262],[-3.75868,40.47258],[-3.75849,40.47257],[-3.75846,40.47257],[-3.75836,40.47258],[-3.75833,40.47336],[-3.75836,40.47354],[-3.75844,40.47368],[-3.75852,40.47376],[-3.75866,40.47384],[-3.75917,40.47407],[-3.75925,40.47411],[-3.75923,40.47411],[-3.75904,40.47409],[-3.7589,40.47409],[-3.75874,40.47411],[-3.75862,40.47415],[-3.75861,40.47416],[-3.7585,40.47421],[-3.75844,40.47425],[-3.75841,40.47427],[-3.75835,40.47434],[-3.75832,40.47437],[-3.7583,40.4744],[-3.75825,40.4745],[-3.75823,40.47456],[-3.7582,40.47465],[-3.75785,40.47837],[-3.75781,40.47854],[-3.75781,40.47856],[-3.75778,40.47863],[-3.75774,40.47871],[-3.75764,40.47887],[-3.75755,40.47901],[-3.75754,40.47905],[-3.75751,40.47914],[-3.75749,40.47931],[-3.75761,40.47972],[-3.75746,40.47976],[-3.75739,40.47978],[-3.75738,40.47978],[-3.75722,40.4798],[-3.75717,40.47979],[-3.75715,40.47979],[-3.75711,40.47978],[-3.75709,40.47977],[-3.75709,40.47977],[-3.75707,40.47975],[-3.75698,40.47973],[-3.75691,40.47973],[-3.75688,40.47973],[-3.75681,40.47973],[-3.75679,40.47973],[-3.7567,40.47974],[-3.75661,40.47974],[-3.75656,40.47973],[-3.75642,40.47961],[-3.75629,40.4795],[-3.75628,40.47949],[-3.75625,40.47948],[-3.75619,40.47946],[-3.75616,40.47946],[-3.75611,40.47946],[-3.7561,40.47946],[-3.75602,40.47948],[-3.75596,40.47952],[-3.75596,40.47953],[-3.75596,40.47961],[-3.75596,40.47964],[-3.75593,40.47967],[-3.75591,40.47968],[-3.75589,40.47969],[-3.75583,40.4797],[-3.75582,40.4797],[-3.75572,40.47971],[-3.75567,40.47972],[-3.75566,40.47972],[-3.75565,40.47972],[-3.75561,40.47972],[-3.75559,40.47972],[-3.75558,40.47972],[-3.75555,40.47972],[-3.75553,40.47972],[-3.75547,40.4797],[-3.75541,40.47968],[-3.75537,40.47968],[-3.75522,40.47969],[-3.75517,40.47968],[-3.75513,40.47967],[-3.7551,40.47966],[-3.755,40.47962],[-3.75494,40.47959],[-3.75485,40.47955],[-3.75468,40.47951],[-3.75464,40.4795],[-3.75458,40.47948],[-3.75456,40.47947],[-3.75454,40.47946],[-3.75452,40.47944],[-3.75452,40.47943],[-3.7545,40.47942],[-3.75447,40.47941],[-3.75444,40.47941],[-3.75441,40.47941],[-3.75439,40.47941],[-3.75435,40.4794],[-3.7543,40.47938],[-3.75429,40.47937],[-3.75429,40.47925],[-3.75433,40.47908],[-3.75437,40.4789],[-3.75438,40.47885],[-3.75445,40.47865],[-3.75452,40.47851],[-3.75452,40.47831],[-3.75452,40.4783],[-3.75453,40.47818],[-3.75448,40.47805],[-3.7544,40.47806],[-3.75412,40.47809],[-3.75358,40.47814],[-3.75359,40.4782],[-3.7536,40.47823],[-3.75155,40.47845],[-3.75155,40.47841],[-3.75176,40.47685],[-3.75179,40.47659],[-3.75182,40.47616],[-3.75178,40.4756],[-3.75166,40.47453],[-3.75159,40.47413],[-3.75155,40.47392],[-3.75153,40.4738],[-3.7515,40.47365],[-3.75138,40.47313],[-3.75075,40.47107],[-3.75062,40.47064],[-3.75035,40.47011],[-3.7504,40.4703],[-3.75046,40.47057],[-3.75069,40.47154],[-3.75072,40.47183],[-3.75072,40.47206],[-3.75069,40.4723],[-3.75059,40.4726],[-3.75049,40.47282],[-3.7504,40.47298],[-3.75029,40.47313],[-3.75021,40.47324],[-3.75008,40.47339],[-3.74999,40.47348],[-3.74988,40.47358],[-3.74975,40.47368],[-3.7496,40.47379],[-3.74947,40.47387],[-3.74935,40.47394],[-3.74922,40.47401],[-3.74903,40.4741],[-3.74888,40.47416],[-3.74863,40.47425],[-3.74838,40.47431],[-3.74816,40.47435],[-3.74791,40.47439],[-3.74749,40.47445],[-3.74732,40.47446],[-3.74664,40.47446],[-3.74628,40.47445],[-3.74572,40.47444],[-3.7447,40.47443],[-3.74366,40.47441],[-3.74324,40.4744],[-3.74227,40.47438],[-3.74148,40.47434],[-3.74143,40.47434],[-3.74132,40.47433],[-3.74085,40.47427],[-3.7403,40.47416],[-3.73939,40.47395],[-3.73758,40.47353],[-3.73597,40.47315],[-3.73568,40.47308],[-3.73491,40.47292],[-3.73465,40.47287],[-3.73438,40.47283],[-3.73396,40.47276],[-3.73358,40.47271],[-3.73343,40.47269],[-3.73322,40.47267],[-3.73243,40.47262],[-3.73224,40.47261],[-3.73194,40.4726],[-3.7314,40.47259],[-3.7304,40.47262],[-3.7296,40.47269],[-3.72926,40.47274],[-3.72854,40.47284],[-3.72801,40.47292],[-3.72044,40.47107],[-3.72008,40.47098],[-3.71971,40.47089],[-3.71765,40.47037],[-3.71571,40.46988],[-3.71455,40.46959],[-3.71422,40.46944],[-3.71405,40.46928],[-3.71381,40.469],[-3.71366,40.46885],[-3.71353,40.46872],[-3.71338,40.46856],[-3.71329,40.46847],[-3.71328,40.46851],[-3.71277,40.46801],[-3.71139,40.46626],[-3.71117,40.46614],[-3.71101,40.46607],[-3.71092,40.46601],[-3.7098,40.46483],[-3.70942,40.46428],[-3.70934,40.46416],[-3.70926,40.46404],[-3.7091,40.46349],[-3.70852,40.4626],[-3.70851,40.46257],[-3.70849,40.46252],[-3.70847,40.46242],[-3.70848,40.46231],[-3.70852,40.46223],[-3.70854,40.46218],[-3.7086,40.46207],[-3.70903,40.4613],[-3.70981,40.4601],[-3.71051,40.45903],[-3.7115,40.45751],[-3.71219,40.45648],[-3.71286,40.45548],[-3.71312,40.45491],[-3.71302,40.45463],[-3.7129,40.4544],[-3.71279,40.45419],[-3.71268,40.45393],[-3.71327,40.45305],[-3.71194,40.45241],[-3.71173,40.4523],[-3.71099,40.45113],[-3.71034,40.4501],[-3.71029,40.45008],[-3.71019,40.45003],[-3.70987,40.44953],[-3.70897,40.4481],[-3.70889,40.44797],[-3.70831,40.4471],[-3.70831,40.44709],[-3.70921,40.44713],[-3.71045,40.44686],[-3.71229,40.44639],[-3.71475,40.44577],[-3.71552,40.44602],[-3.71571,40.4461],[-3.71712,40.44664],[-3.71727,40.44669],[-3.71744,40.44672],[-3.71767,40.44673],[-3.718,40.4467],[-3.71819,40.44667],[-3.71899,40.44594],[-3.71959,40.4454],[-3.71979,40.44522],[-3.71986,40.44515],[-3.71989,40.4451],[-3.71992,40.44504],[-3.71992,40.445],[-3.71993,40.44495],[-3.71979,40.44376],[-3.71959,40.44347],[-3.71917,40.44285],[-3.71816,40.44097],[-3.71788,40.44043],[-3.71765,40.43998],[-3.71764,40.43994],[-3.71762,40.43986],[-3.7176,40.43964],[-3.7176,40.4395],[-3.71761,40.43943],[-3.71764,40.43923],[-3.71808,40.43664],[-3.71813,40.43637],[-3.71828,40.43554],[-3.71842,40.43478],[-3.71725,40.4331],[-3.71729,40.4331],[-3.71763,40.43309],[-3.71798,40.433],[-3.71763,40.43252],[-3.7175,40.43234],[-3.71719,40.43192],[-3.71701,40.43168],[-3.71625,40.43065],[-3.71624,40.43066],[-3.71621,40.43061],[-3.71561,40.42978],[-3.71454,40.42833],[-3.71414,40.42779],[-3.7139,40.42747],[-3.71318,40.42641],[-3.71246,40.42536],[-3.71171,40.4243],[-3.7109,40.42343],[-3.71092,40.42342],[-3.71117,40.42329],[-3.71173,40.42296],[-3.71305,40.42218],[-3.71318,40.42205],[-3.71334,40.4219],[-3.71339,40.42182],[-3.7139,40.42148],[-3.71551,40.42041],[-3.71551,40.42041],[-3.71598,40.42036],[-3.7168,40.42035],[-3.71806,40.42029],[-3.72019,40.42026],[-3.7202,40.42025],[-3.7203,40.42007],[-3.7204,40.4199],[-3.7207,40.41947],[-3.72107,40.41912],[-3.72151,40.41877],[-3.72184,40.41858],[-3.72205,40.41846],[-3.72216,40.41804],[-3.72238,40.41718],[-3.72236,40.41718],[-3.72484,40.41617],[-3.7262,40.41567],[-3.72956,40.41444],[-3.73278,40.41329],[-3.73416,40.4128],[-3.7379,40.41147],[-3.73851,40.41106],[-3.74184,40.40921],[-3.74197,40.40926],[-3.74206,40.40929],[-3.74222,40.40935],[-3.74235,40.40939],[-3.74244,40.40942],[-3.74253,40.40945],[-3.74287,40.40954],[-3.74304,40.40957],[-3.74313,40.40958],[-3.74318,40.40958],[-3.7432,40.40958],[-3.74325,40.40958],[-3.74332,40.40957],[-3.74355,40.40952],[-3.74385,40.40945],[-3.74393,40.40943],[-3.7444,40.40932],[-3.74446,40.4093],[-3.74449,40.40929],[-3.74457,40.40926],[-3.7446,40.40923],[-3.74466,40.40915],[-3.74747,40.40878],[-3.74788,40.40873],[-3.74986,40.40846],[-3.75054,40.40837],[-3.75064,40.40836],[-3.75075,40.40834],[-3.75088,40.40832],[-3.75206,40.40775],[-3.75265,40.40747],[-3.75491,40.40632],[-3.75569,40.40591],[-3.75595,40.40582],[-3.75611,40.40578],[-3.75627,40.40576],[-3.75649,40.40575],[-3.75671,40.40572],[-3.75687,40.40569],[-3.75705,40.40563],[-3.75735,40.40546],[-3.75765,40.40529],[-3.75975,40.40407],[-3.75985,40.40397],[-3.76022,40.40365],[-3.76044,40.40337],[-3.7608,40.40289],[-3.76227,40.401],[-3.76239,40.40094],[-3.76273,40.4007],[-3.76435,40.39941],[-3.76474,40.39931],[-3.7655,40.39911],[-3.76562,40.39928],[-3.76701,40.39924],[-3.76928,40.39963],[-3.77065,40.39954],[-3.7737,40.40029],[-3.77385,40.40031],[-3.77456,40.40032],[-3.77456,40.40032],[-3.77434,40.40211],[-3.77559,40.40327],[-3.77634,40.40404],[-3.77687,40.40529],[-3.77766,40.40638],[-3.77831,40.40754],[-3.77836,40.40762],[-3.77837,40.40765],[-3.77861,40.40823],[-3.77916,40.41057],[-3.77919,40.41077],[-3.77944,40.41218],[-3.78058,40.4143],[-3.78075,40.41501],[-3.7811,40.41641],[-3.78139,40.41757],[-3.78139,40.41758],[-3.78121,40.41835],[-3.78107,40.41893],[-3.78083,40.41994],[-3.78076,40.42021],[-3.78054,40.42112],[-3.78038,40.4218],[-3.78035,40.42192],[-3.78003,40.42255],[-3.77987,40.42283],[-3.77977,40.42304],[-3.77913,40.42428],[-3.77912,40.4243],[-3.77757,40.42526],[-3.77686,40.42569],[-3.77592,40.42628],[-3.77564,40.42646],[-3.77516,40.42676],[-3.77458,40.42711],[-3.77432,40.42728],[-3.77384,40.42758],[-3.77359,40.42772],[-3.77252,40.42839],[-3.77198,40.42873],[-3.77124,40.42919],[-3.7708,40.42946],[-3.77082,40.43491],[-3.77082,40.43548],[-3.77083,40.43697],[-3.77083,40.43829],[-3.77084,40.44025],[-3.77085,40.4429],[-3.77085,40.4441],[-3.77087,40.4441],[-3.77583,40.44381],[-3.77755,40.44373],[-3.77869,40.4439],[-3.77951,40.44426],[-3.77962,40.44426],[-3.78316,40.44436],[-3.78471,40.4444],[-3.78731,40.44338],[-3.79012,40.44241],[-3.78881,40.44582],[-3.79025,40.44586],[-3.79025,40.44666],[-3.79036,40.44776],[-3.79098,40.44755],[-3.79102,40.44767],[-3.79119,40.44812],[-3.7914,40.44949],[-3.792,40.45075],[-3.79205,40.45087],[-3.79243,40.45173],[-3.79292,40.45255],[-3.7934,40.45333],[-3.79343,40.45338],[-3.79298,40.45378],[-3.79299,40.4538],[-3.793,40.45382],[-3.79301,40.45384],[-3.79302,40.45386],[-3.79303,40.45388],[-3.79304,40.4539],[-3.79305,40.45392],[-3.79306,40.45394],[-3.79307,40.45396],[-3.79308,40.45398],[-3.79309,40.454],[-3.7931,40.45402],[-3.79311,40.45404],[-3.79312,40.45406],[-3.79314,40.45408],[-3.79316,40.4541],[-3.79318,40.45412],[-3.79339,40.45435],[-3.79361,40.45457],[-3.79372,40.45467],[-3.79377,40.45475],[-3.79377,40.45475],[-3.79378,40.45477],[-3.79381,40.45481],[-3.79383,40.45482],[-3.79385,40.45483],[-3.79387,40.45484],[-3.79389,40.45485],[-3.79391,40.45486],[-3.79393,40.45487],[-3.79395,40.45488],[-3.79396,40.45489],[-3.79397,40.4549],[-3.79398,40.45491],[-3.79399,40.45492],[-3.794,40.45493],[-3.79401,40.45494],[-3.79402,40.45495],[-3.79403,40.45496],[-3.79404,40.45497],[-3.79405,40.45498],[-3.79406,40.45499],[-3.79407,40.455],[-3.79408,40.45501],[-3.79409,40.45502],[-3.7941,40.45503],[-3.79411,40.45504],[-3.79412,40.45505],[-3.79413,40.45506],[-3.79414,40.45507],[-3.79415,40.45508],[-3.79416,40.45509],[-3.79417,40.4551],[-3.79418,40.45511],[-3.79419,40.45512],[-3.7942,40.45513],[-3.79421,40.45514],[-3.79422,40.45516],[-3.79423,40.45518],[-3.79424,40.4552],[-3.79425,40.45522],[-3.79426,40.45524],[-3.79427,40.45526],[-3.79427,40.45528],[-3.79427,40.4553],[-3.79427,40.45532],[-3.79429,40.45535],[-3.79431,40.45538],[-3.79433,40.45541],[-3.79435,40.45544],[-3.79437,40.45547],[-3.79439,40.4555],[-3.79441,40.45553],[-3.79443,40.45556],[-3.79445,40.45559],[-3.79447,40.45562],[-3.79449,40.45565],[-3.79451,40.45568],[-3.79453,40.45571],[-3.79456,40.45574],[-3.79459,40.45577],[-3.79462,40.4558],[-3.79465,40.45583],[-3.79468,40.45586],[-3.79471,40.45589],[-3.79474,40.45592],[-3.79477,40.45595],[-3.7948,40.45598],[-3.79483,40.45601],[-3.79486,40.45604],[-3.79492,40.45606],[-3.79494,40.45608],[-3.79498,40.4561],[-3.79503,40.45612],[-3.79507,40.45614],[-3.79512,40.45616],[-3.79516,40.45617],[-3.79519,40.45618],[-3.79523,40.4562],[-3.79527,40.45622],[-3.7953,40.45623],[-3.79535,40.45626],[-3.79537,40.45628],[-3.7954,40.45631],[-3.79541,40.45633],[-3.79542,40.45635],[-3.79544,40.45637],[-3.79545,40.45639],[-3.79548,40.45643],[-3.79547,40.45646],[-3.79547,40.45648],[-3.79547,40.4565],[-3.79546,40.45652],[-3.79546,40.45655],[-3.79546,40.45657],[-3.79546,40.45659],[-3.79545,40.45662],[-3.79544,40.45664],[-3.79544,40.45665],[-3.79543,40.45667],[-3.79542,40.4567],[-3.79541,40.45672],[-3.7954,40.45675],[-3.79539,40.45677],[-3.79539,40.45679],[-3.79538,40.45682],[-3.79537,40.45684],[-3.79536,40.45686],[-3.79535,40.45688],[-3.79534,40.4569],[-3.79533,40.45692],[-3.79532,40.45694],[-3.79531,40.45696],[-3.7958,40.45782],[-3.79583,40.45787],[-3.7989,40.4591],[-3.79898,40.45916],[-3.80056,40.46032],[-3.80248,40.46203],[-3.80414,40.46298],[-3.80733,40.46343],[-3.81012,40.46424],[-3.8129,40.46371],[-3.81518,40.46375],[-3.81742,40.46444],[-3.81882,40.46447],[-3.81988,40.46437],[-3.82099,40.46447],[-3.82223,40.46472],[-3.82362,40.46466],[-3.82478,40.46479],[-3.82588,40.46535],[-3.82712,40.46596],[-3.82773,40.46606],[-3.82898,40.46627],[-3.83093,40.46589],[-3.83436,40.46437],[-3.83479,40.46484],[-3.83565,40.46579],[-3.83614,40.46622],[-3.83693,40.46692],[-3.83827,40.46771],[-3.83815,40.47087],[-3.83754,40.47253],[-3.83736,40.47289],[-3.8374,40.4729],[-3.83689,40.47368],[-3.83661,40.4741],[-3.83625,40.47465],[-3.83613,40.47483],[-3.83674,40.47506],[-3.83741,40.47568],[-3.8374,40.47572],[-3.83736,40.47592],[-3.83735,40.476],[-3.83733,40.47611],[-3.83732,40.47615],[-3.83732,40.47616],[-3.83731,40.47622],[-3.83726,40.47647],[-3.83724,40.47658],[-3.83723,40.47664],[-3.83721,40.47675],[-3.83718,40.47687],[-3.83715,40.47699],[-3.83707,40.47731],[-3.837,40.47768],[-3.83696,40.47793],[-3.83693,40.47812],[-3.83686,40.47845],[-3.83681,40.47869],[-3.83678,40.47886],[-3.83675,40.47902],[-3.83665,40.47951],[-3.83665,40.47951]]]}},{"type":"Feature","properties":{"cod_dis":"04","nombre":"Salamanca","distrito_key":"salamanca"},"geometry":{"type":"Polygon","coordinates":[[[-3.66063,40.44463],[-3.66015,40.44397],[-3.65978,40.44331],[-3.65951,40.44265],[-3.65938,40.44216],[-3.65934,40.44176],[-3.65927,40.44085],[-3.65926,40.4407],[-3.65925,40.44052],[-3.65931,40.43926],[-3.65932,40.43895],[-3.65942,40.43829],[-3.65961,40.437],[-3.65962,40.43694],[-3.65971,40.43641],[-3.65973,40.43626],[-3.65984,40.4356],[-3.65992,40.43513],[-3.66003,40.43467],[-3.6602,40.43395],[-3.66082,40.43143],[-3.6606,40.42947],[-3.66012,40.42695],[-3.65966,40.42452],[-3.65955,40.42384],[-3.65916,40.42147],[-3.6587,40.41868],[-3.65871,40.41868],[-3.66293,40.41967],[-3.66504,40.42022],[-3.66901,40.4212],[-3.67285,40.4214],[-3.6744,40.42147],[-3.67601,40.42155],[-3.67753,40.42162],[-3.67894,40.42168],[-3.67898,40.42168],[-3.67944,40.42169],[-3.67997,40.42167],[-3.68122,40.42143],[-3.68245,40.42117],[-3.6831,40.42106],[-3.68446,40.42084],[-3.68458,40.42082],[-3.68475,40.42079],[-3.68519,40.42071],[-3.68587,40.42059],[-3.68592,40.42058],[-3.68871,40.42],[-3.69219,40.41952],[-3.69309,40.41934],[-3.6931,40.41933],[-3.69132,40.42314],[-3.69073,40.42446],[-3.69046,40.42526],[-3.69007,40.42662],[-3.68971,40.42799],[-3.68935,40.42938],[-3.68904,40.43061],[-3.68846,40.43289],[-3.68842,40.43304],[-3.68876,40.43516],[-3.68878,40.43519],[-3.68939,40.43609],[-3.69072,40.43797],[-3.69072,40.43799],[-3.68626,40.43781],[-3.6852,40.43776],[-3.6842,40.43771],[-3.68312,40.43766],[-3.68177,40.4376],[-3.6805,40.43753],[-3.67913,40.43746],[-3.67801,40.43741],[-3.67762,40.43742],[-3.67761,40.43742],[-3.67743,40.43743],[-3.67704,40.43759],[-3.67594,40.43827],[-3.67531,40.43865],[-3.67514,40.43872],[-3.67492,40.4388],[-3.67474,40.43885],[-3.67447,40.43891],[-3.67335,40.43911],[-3.67236,40.43929],[-3.67184,40.43942],[-3.67133,40.43957],[-3.67094,40.43971],[-3.6705,40.43989],[-3.67012,40.44008],[-3.6698,40.44025],[-3.66846,40.44103],[-3.66683,40.44198],[-3.66613,40.4424],[-3.66529,40.44287],[-3.66432,40.44333],[-3.66429,40.44334],[-3.66269,40.44392],[-3.66063,40.44463]]]}},{"type":"Feature","properties":{"cod_dis":"07","nombre":"Chamberí","distrito_key":"chamberi"},"geometry":{"type":"Polygon","coordinates":[[[-3.69126,40.44622],[-3.69179,40.44126],[-3.69112,40.43921],[-3.69072,40.43798],[-3.69072,40.43797],[-3.68939,40.43609],[-3.68878,40.43519],[-3.68876,40.43516],[-3.68842,40.43304],[-3.68846,40.43289],[-3.68904,40.43061],[-3.68935,40.42938],[-3.68971,40.42799],[-3.69007,40.42662],[-3.69046,40.42526],[-3.69044,40.42527],[-3.69138,40.42549],[-3.69384,40.42671],[-3.69511,40.42735],[-3.69575,40.42765],[-3.69712,40.42795],[-3.6994,40.42843],[-3.70194,40.42898],[-3.7024,40.42906],[-3.70364,40.42924],[-3.7058,40.4296],[-3.70741,40.42975],[-3.70771,40.42978],[-3.70882,40.42988],[-3.7105,40.43005],[-3.71186,40.43019],[-3.71352,40.43036],[-3.71463,40.43048],[-3.71623,40.43065],[-3.71625,40.43065],[-3.71701,40.43168],[-3.71719,40.43192],[-3.7175,40.43234],[-3.71763,40.43252],[-3.71798,40.433],[-3.71763,40.43309],[-3.71729,40.4331],[-3.71725,40.4331],[-3.71842,40.43478],[-3.71828,40.43554],[-3.71813,40.43637],[-3.71808,40.43664],[-3.71764,40.43923],[-3.71761,40.43943],[-3.7176,40.4395],[-3.7176,40.43964],[-3.71762,40.43986],[-3.71764,40.43994],[-3.71765,40.43998],[-3.71788,40.44043],[-3.71816,40.44097],[-3.71917,40.44285],[-3.71959,40.44347],[-3.71979,40.44376],[-3.71993,40.44495],[-3.71992,40.445],[-3.71992,40.44504],[-3.71989,40.4451],[-3.71986,40.44515],[-3.71979,40.44522],[-3.71959,40.4454],[-3.71899,40.44594],[-3.71819,40.44667],[-3.718,40.4467],[-3.71767,40.44673],[-3.71744,40.44672],[-3.71727,40.44669],[-3.71712,40.44664],[-3.71571,40.4461],[-3.71552,40.44602],[-3.71475,40.44577],[-3.71229,40.44639],[-3.71045,40.44686],[-3.70921,40.44713],[-3.70831,40.44709],[-3.70678,40.44701],[-3.70608,40.44697],[-3.70395,40.44685],[-3.70094,40.44669],[-3.70034,40.44666],[-3.69934,40.44661],[-3.69867,40.44658],[-3.69714,40.4465],[-3.69558,40.44643],[-3.69502,40.4464],[-3.69127,40.4462]]]}},{"type":"Feature","properties":{"cod_dis":"05","nombre":"Chamartín","distrito_key":"chamartin"},"geometry":{"type":"Polygon","coordinates":[[[-3.67348,40.48402],[-3.67354,40.48338],[-3.67363,40.48267],[-3.67366,40.48242],[-3.67369,40.48216],[-3.67372,40.48202],[-3.67389,40.48117],[-3.67405,40.4804],[-3.67409,40.48021],[-3.67418,40.47973],[-3.67421,40.47954],[-3.67424,40.47935],[-3.67437,40.47871],[-3.6744,40.47833],[-3.67441,40.47816],[-3.67444,40.47776],[-3.67443,40.47718],[-3.67439,40.47658],[-3.67437,40.47639],[-3.67437,40.47639],[-3.67434,40.47609],[-3.67423,40.47556],[-3.67419,40.47543],[-3.67409,40.47513],[-3.67375,40.47412],[-3.67357,40.47373],[-3.67325,40.47305],[-3.672,40.47141],[-3.67111,40.47024],[-3.66841,40.4667],[-3.66823,40.46636],[-3.66772,40.46538],[-3.66494,40.46003],[-3.66485,40.45982],[-3.66435,40.45853],[-3.6638,40.45681],[-3.66341,40.45508],[-3.66329,40.4543],[-3.66312,40.45316],[-3.66289,40.45172],[-3.66283,40.45136],[-3.66257,40.45013],[-3.66233,40.44909],[-3.66229,40.44894],[-3.66215,40.44846],[-3.66188,40.44767],[-3.66168,40.44698],[-3.66147,40.44638],[-3.66119,40.44567],[-3.6606,40.44461],[-3.66063,40.44463],[-3.66269,40.44392],[-3.66429,40.44334],[-3.66432,40.44333],[-3.66529,40.44287],[-3.66613,40.4424],[-3.66683,40.44198],[-3.66846,40.44103],[-3.6698,40.44025],[-3.67012,40.44008],[-3.6705,40.43989],[-3.67094,40.43971],[-3.67133,40.43957],[-3.67184,40.43942],[-3.67236,40.43929],[-3.67335,40.43911],[-3.67447,40.43891],[-3.67474,40.43885],[-3.67492,40.4388],[-3.67514,40.43872],[-3.67531,40.43865],[-3.67594,40.43827],[-3.67704,40.43759],[-3.67743,40.43743],[-3.67761,40.43742],[-3.67762,40.43742],[-3.67801,40.43741],[-3.67913,40.43746],[-3.6805,40.43753],[-3.68177,40.4376],[-3.68312,40.43766],[-3.6842,40.43771],[-3.6852,40.43776],[-3.68626,40.43781],[-3.69072,40.43799],[-3.69072,40.43798],[-3.69112,40.43921],[-3.69179,40.44126],[-3.69126,40.44622],[-3.69114,40.44748],[-3.69069,40.45214],[-3.6903,40.45615],[-3.69002,40.45906],[-3.68988,40.46059],[-3.68974,40.462],[-3.68958,40.46343],[-3.68934,40.46605],[-3.68906,40.46715],[-3.68854,40.46904],[-3.6883,40.46992],[-3.68794,40.47125],[-3.68754,40.47267],[-3.68712,40.47416],[-3.68712,40.47415],[-3.68709,40.47425],[-3.68639,40.47669],[-3.68561,40.47959],[-3.68531,40.48052],[-3.68525,40.48076],[-3.68513,40.48124],[-3.6851,40.48143],[-3.68507,40.4817],[-3.68509,40.48195],[-3.6851,40.48199],[-3.68514,40.48215],[-3.68522,40.48229],[-3.68509,40.48228],[-3.68486,40.48227],[-3.68482,40.48227],[-3.68471,40.48228],[-3.68452,40.48229],[-3.68425,40.48233],[-3.68394,40.4824],[-3.68362,40.48249],[-3.68333,40.48258],[-3.68216,40.48298],[-3.68191,40.48305],[-3.68143,40.48319],[-3.68116,40.48327],[-3.68095,40.48333],[-3.68081,40.48337],[-3.68049,40.48346],[-3.68024,40.48352],[-3.68008,40.48356],[-3.67937,40.48372],[-3.67901,40.48379],[-3.6787,40.48384],[-3.67854,40.48386],[-3.67837,40.48388],[-3.67831,40.48389],[-3.67819,40.4839],[-3.67804,40.48391],[-3.67801,40.48391],[-3.67779,40.48393],[-3.67741,40.48395],[-3.67736,40.48395],[-3.6773,40.48395],[-3.67665,40.48398],[-3.67637,40.48399],[-3.67592,40.48401],[-3.67495,40.48403],[-3.67447,40.48404],[-3.67346,40.48407]]]}},{"type":"Feature","properties":{"cod_dis":"06","nombre":"Tetuán","distrito_key":"tetuan"},"geometry":{"type":"Polygon","coordinates":[[[-3.71328,40.46851],[-3.71321,40.4686],[-3.71317,40.46866],[-3.71306,40.46883],[-3.71304,40.46886],[-3.71296,40.46898],[-3.71288,40.46916],[-3.71281,40.46932],[-3.71279,40.46936],[-3.71274,40.46946],[-3.71272,40.46955],[-3.71272,40.46955],[-3.7127,40.46962],[-3.71267,40.46972],[-3.71263,40.46987],[-3.71259,40.46999],[-3.71249,40.4702],[-3.7124,40.47033],[-3.71235,40.47041],[-3.71215,40.47064],[-3.71207,40.47071],[-3.71193,40.47082],[-3.71165,40.471],[-3.71161,40.47102],[-3.71138,40.47112],[-3.71112,40.4712],[-3.7107,40.47129],[-3.70853,40.47148],[-3.70741,40.47158],[-3.70731,40.47159],[-3.7052,40.47179],[-3.70486,40.47182],[-3.70464,40.47185],[-3.70459,40.47186],[-3.70437,40.47192],[-3.70398,40.47208],[-3.70374,40.47223],[-3.70346,40.47246],[-3.70343,40.47249],[-3.70319,40.47272],[-3.70318,40.47273],[-3.70209,40.47375],[-3.70182,40.47399],[-3.70182,40.47399],[-3.70163,40.47416],[-3.70148,40.4743],[-3.70139,40.47437],[-3.70134,40.47442],[-3.70125,40.47448],[-3.70115,40.47455],[-3.70106,40.47461],[-3.7009,40.47471],[-3.70071,40.47479],[-3.70066,40.47481],[-3.7005,40.47487],[-3.70027,40.47493],[-3.69998,40.47496],[-3.6997,40.47496],[-3.69953,40.47495],[-3.69953,40.47495],[-3.69943,40.47495],[-3.69922,40.47492],[-3.69903,40.47489],[-3.69898,40.47487],[-3.69887,40.47483],[-3.69871,40.47476],[-3.6985,40.47467],[-3.69836,40.47463],[-3.69816,40.47457],[-3.69799,40.47454],[-3.69787,40.47453],[-3.69781,40.47452],[-3.69763,40.47452],[-3.69749,40.47452],[-3.69725,40.47453],[-3.69703,40.47456],[-3.69684,40.4746],[-3.69669,40.47464],[-3.69653,40.47469],[-3.69637,40.47473],[-3.69619,40.47476],[-3.69599,40.47477],[-3.69569,40.47476],[-3.69536,40.4747],[-3.69502,40.47462],[-3.69467,40.47456],[-3.69434,40.47454],[-3.69402,40.47453],[-3.69373,40.47455],[-3.69346,40.47459],[-3.69314,40.47465],[-3.69283,40.4747],[-3.69258,40.47471],[-3.69233,40.4747],[-3.69202,40.47464],[-3.69176,40.47457],[-3.69152,40.47451],[-3.69127,40.47445],[-3.69099,40.47442],[-3.69072,40.47445],[-3.69024,40.47453],[-3.6898,40.47461],[-3.68945,40.47466],[-3.68924,40.47466],[-3.68909,40.47458],[-3.68896,40.47447],[-3.68887,40.4744],[-3.68713,40.47412],[-3.68712,40.47416],[-3.68754,40.47267],[-3.68794,40.47125],[-3.6883,40.46992],[-3.68854,40.46904],[-3.68906,40.46715],[-3.68934,40.46605],[-3.68958,40.46343],[-3.68974,40.462],[-3.68988,40.46059],[-3.69002,40.45906],[-3.6903,40.45615],[-3.69069,40.45214],[-3.69114,40.44748],[-3.69126,40.44622],[-3.69127,40.4462],[-3.69502,40.4464],[-3.69558,40.44643],[-3.69714,40.4465],[-3.69867,40.44658],[-3.69934,40.44661],[-3.70034,40.44666],[-3.70094,40.44669],[-3.70395,40.44685],[-3.70608,40.44697],[-3.70678,40.44701],[-3.70831,40.44709],[-3.70831,40.4471],[-3.70889,40.44797],[-3.70897,40.4481],[-3.70987,40.44953],[-3.71019,40.45003],[-3.71029,40.45008],[-3.71034,40.4501],[-3.71099,40.45113],[-3.71173,40.4523],[-3.71194,40.45241],[-3.71327,40.45305],[-3.71268,40.45393],[-3.71279,40.45419],[-3.7129,40.4544],[-3.71302,40.45463],[-3.71312,40.45491],[-3.71286,40.45548],[-3.71219,40.45648],[-3.7115,40.45751],[-3.71051,40.45903],[-3.70981,40.4601],[-3.70903,40.4613],[-3.7086,40.46207],[-3.70854,40.46218],[-3.70852,40.46223],[-3.70848,40.46231],[-3.70847,40.46242],[-3.70849,40.46252],[-3.70851,40.46257],[-3.70852,40.4626],[-3.7091,40.46349],[-3.70926,40.46404],[-3.70934,40.46416],[-3.70942,40.46428],[-3.7098,40.46483],[-3.71092,40.46601],[-3.71101,40.46607],[-3.71117,40.46614],[-3.71139,40.46626],[-3.71277,40.46801],[-3.71328,40.46851]]]}},{"type":"Feature","properties":{"cod_dis":"21","nombre":"Barajas","distrito_key":"barajas"},"geometry":{"type":"Polygon","coordinates":[[[-3.60191,40.50146],[-3.60189,40.50146],[-3.60182,40.50145],[-3.60178,40.50145],[-3.60174,40.50145],[-3.60171,40.50145],[-3.60168,40.50146],[-3.60166,40.50147],[-3.60164,40.50148],[-3.60161,40.5015],[-3.60158,40.50152],[-3.60147,40.50163],[-3.60142,40.50167],[-3.60138,40.5017],[-3.60135,40.50172],[-3.60133,40.50173],[-3.60131,40.50174],[-3.60129,40.50174],[-3.60127,40.50174],[-3.60125,40.50174],[-3.60123,40.50174],[-3.60121,40.50174],[-3.60119,40.50174],[-3.60116,40.50174],[-3.60113,40.50174],[-3.6011,40.50173],[-3.60107,40.50172],[-3.60104,40.50171],[-3.601,40.5017],[-3.60096,40.50169],[-3.60093,40.50168],[-3.6009,40.50167],[-3.60088,40.50167],[-3.60085,40.50167],[-3.60081,40.50167],[-3.60078,40.50167],[-3.60074,40.50167],[-3.60071,40.50167],[-3.60067,40.50168],[-3.60062,40.50169],[-3.6006,40.5017],[-3.60037,40.50177],[-3.60028,40.5018],[-3.60026,40.50181],[-3.60023,40.50182],[-3.60021,40.50182],[-3.60019,40.50182],[-3.60017,40.50182],[-3.60014,40.50182],[-3.60012,40.50182],[-3.6001,40.50182],[-3.60008,40.50182],[-3.60005,40.50181],[-3.60003,40.5018],[-3.60001,40.50179],[-3.59981,40.50168],[-3.59973,40.50167],[-3.59965,40.50171],[-3.59963,40.50172],[-3.59961,40.50173],[-3.59958,40.50174],[-3.59955,40.50175],[-3.59953,40.50175],[-3.59951,40.50175],[-3.59949,40.50175],[-3.59948,40.50175],[-3.59946,40.50175],[-3.59944,40.50175],[-3.59943,40.50175],[-3.59942,40.50175],[-3.59941,40.50175],[-3.5994,40.50174],[-3.59939,40.50173],[-3.59936,40.50171],[-3.59934,40.5017],[-3.59933,40.50169],[-3.59931,40.50168],[-3.59923,40.50165],[-3.59911,40.5016],[-3.59903,40.50155],[-3.59893,40.50149],[-3.59888,40.50147],[-3.59881,40.50147],[-3.59874,40.50147],[-3.5987,40.50147],[-3.59868,40.50147],[-3.59866,40.50147],[-3.59865,40.50147],[-3.59864,40.50146],[-3.59852,40.5014],[-3.5985,40.50139],[-3.59848,40.50138],[-3.59842,40.50136],[-3.59839,40.50135],[-3.59835,40.50134],[-3.5983,40.50133],[-3.59819,40.50131],[-3.5981,40.5013],[-3.59801,40.50129],[-3.59791,40.50128],[-3.59787,40.50128],[-3.59781,40.50128],[-3.59776,40.50128],[-3.59773,40.50128],[-3.59761,40.50129],[-3.59757,40.50129],[-3.59748,40.50128],[-3.59732,40.50126],[-3.59727,40.50126],[-3.59704,40.50126],[-3.59698,40.50126],[-3.59693,40.50126],[-3.59675,40.50124],[-3.59671,40.50124],[-3.59654,40.50124],[-3.59632,40.50124],[-3.59628,40.50124],[-3.59624,40.50124],[-3.59621,40.50124],[-3.59619,40.50125],[-3.59601,40.5013],[-3.5959,40.50133],[-3.59585,40.50134],[-3.5958,40.50135],[-3.59577,40.50136],[-3.59574,40.50136],[-3.59572,40.50136],[-3.59567,40.50136],[-3.59559,40.50136],[-3.59549,40.50136],[-3.59542,40.50135],[-3.59533,40.50134],[-3.59525,40.50133],[-3.5952,40.50132],[-3.59511,40.5013],[-3.59502,40.50127],[-3.59495,40.50125],[-3.5949,40.50123],[-3.59488,40.50123],[-3.59487,40.50123],[-3.59485,40.50123],[-3.59484,40.50123],[-3.59482,40.50123],[-3.59479,40.50123],[-3.59477,40.50123],[-3.5947,40.50125],[-3.59465,40.50126],[-3.5946,40.50127],[-3.59455,40.50128],[-3.59451,40.50128],[-3.59433,40.50128],[-3.59431,40.50128],[-3.59429,40.50128],[-3.59427,40.50128],[-3.59426,40.50128],[-3.59425,40.50128],[-3.59424,40.50129],[-3.59423,40.5013],[-3.59421,40.50132],[-3.59419,40.50134],[-3.59416,40.50138],[-3.59415,40.50139],[-3.59414,40.5014],[-3.59412,40.50141],[-3.5941,40.50142],[-3.59406,40.50143],[-3.59396,40.50146],[-3.59389,40.50148],[-3.59385,40.50149],[-3.59382,40.50149],[-3.59379,40.50149],[-3.59374,40.50149],[-3.59371,40.50149],[-3.59357,40.50147],[-3.59328,40.50143],[-3.59324,40.50156],[-3.58913,40.50454],[-3.58684,40.5054],[-3.58473,40.50674],[-3.58292,40.50848],[-3.57797,40.51039],[-3.57589,40.51043],[-3.57206,40.51242],[-3.5673,40.51218],[-3.56501,40.51207],[-3.56177,40.51117],[-3.56168,40.5107],[-3.5584,40.51127],[-3.55428,40.51135],[-3.55515,40.50858],[-3.55497,40.50547],[-3.55524,40.50317],[-3.55343,40.50248],[-3.55358,40.50218],[-3.5536,40.50212],[-3.55362,40.50205],[-3.55363,40.50197],[-3.55361,40.5018],[-3.55358,40.50163],[-3.55354,40.50148],[-3.5535,40.50128],[-3.55346,40.50114],[-3.55343,40.50097],[-3.5534,40.50057],[-3.55336,40.50019],[-3.55334,40.50008],[-3.55332,40.50001],[-3.55329,40.49995],[-3.55324,40.49985],[-3.55318,40.49975],[-3.55304,40.49957],[-3.55295,40.49947],[-3.55285,40.49936],[-3.55277,40.49929],[-3.55242,40.49902],[-3.55201,40.49877],[-3.5518,40.49863],[-3.5511,40.49819],[-3.55063,40.49796],[-3.55024,40.49779],[-3.54972,40.4976],[-3.54793,40.49705],[-3.54752,40.49694],[-3.54723,40.49686],[-3.54686,40.49674],[-3.5465,40.49658],[-3.54591,40.49629],[-3.54555,40.49613],[-3.54524,40.49602],[-3.54465,40.49586],[-3.5445,40.49581],[-3.54433,40.49576],[-3.54417,40.49569],[-3.54406,40.49564],[-3.54398,40.4956],[-3.54366,40.49538],[-3.54333,40.49515],[-3.543,40.49493],[-3.54273,40.49477],[-3.54249,40.49462],[-3.54226,40.49449],[-3.54212,40.49439],[-3.54198,40.4943],[-3.54187,40.49421],[-3.54179,40.49411],[-3.54173,40.494],[-3.54171,40.49392],[-3.54171,40.49382],[-3.54173,40.49371],[-3.54179,40.49333],[-3.54181,40.49312],[-3.54181,40.49293],[-3.5418,40.49279],[-3.54176,40.4926],[-3.54172,40.49247],[-3.54167,40.49232],[-3.54161,40.49219],[-3.54147,40.49198],[-3.54137,40.49184],[-3.54131,40.49173],[-3.54126,40.49162],[-3.54124,40.49153],[-3.54122,40.49136],[-3.54122,40.49107],[-3.54123,40.49057],[-3.54121,40.49017],[-3.54116,40.48968],[-3.54111,40.48933],[-3.54108,40.48908],[-3.54105,40.48881],[-3.54104,40.48874],[-3.54101,40.48867],[-3.54098,40.48861],[-3.54094,40.48855],[-3.54091,40.48851],[-3.54087,40.48847],[-3.54082,40.48844],[-3.54077,40.48842],[-3.54048,40.48834],[-3.54015,40.48824],[-3.54001,40.48819],[-3.53987,40.48812],[-3.53946,40.48791],[-3.53939,40.48787],[-3.53866,40.4875],[-3.53818,40.48727],[-3.53755,40.48694],[-3.5374,40.48685],[-3.53726,40.48676],[-3.53714,40.48666],[-3.53704,40.48657],[-3.53699,40.48651],[-3.53695,40.48646],[-3.53694,40.48641],[-3.53693,40.48636],[-3.53692,40.48629],[-3.53693,40.48621],[-3.53694,40.48615],[-3.53702,40.48595],[-3.53711,40.48571],[-3.53716,40.48554],[-3.53724,40.48519],[-3.5373,40.48484],[-3.53731,40.48469],[-3.53731,40.48455],[-3.53729,40.48442],[-3.53726,40.48433],[-3.53721,40.48422],[-3.53708,40.48395],[-3.53683,40.48357],[-3.53602,40.48252],[-3.53587,40.48234],[-3.53582,40.48226],[-3.53559,40.48179],[-3.53538,40.48131],[-3.53512,40.48069],[-3.53504,40.48042],[-3.53489,40.47995],[-3.53485,40.47976],[-3.53485,40.4797],[-3.53486,40.47961],[-3.5349,40.47946],[-3.53493,40.47936],[-3.53494,40.47931],[-3.53493,40.47925],[-3.5349,40.47918],[-3.5348,40.47898],[-3.53478,40.47891],[-3.53477,40.47885],[-3.53475,40.47875],[-3.53475,40.47866],[-3.53476,40.4786],[-3.53478,40.47851],[-3.5348,40.47842],[-3.53481,40.47831],[-3.5348,40.47813],[-3.53477,40.47791],[-3.53474,40.47777],[-3.53467,40.47749],[-3.53465,40.47736],[-3.53464,40.47732],[-3.53459,40.47695],[-3.53456,40.4765],[-3.5345,40.47563],[-3.53448,40.47502],[-3.53443,40.47432],[-3.53442,40.47378],[-3.53437,40.47319],[-3.53436,40.47297],[-3.53432,40.47281],[-3.53427,40.47262],[-3.53419,40.47241],[-3.53413,40.47228],[-3.53402,40.4721],[-3.53396,40.47201],[-3.53388,40.47192],[-3.53372,40.47179],[-3.53356,40.47169],[-3.53345,40.47163],[-3.53326,40.47155],[-3.53309,40.47149],[-3.53288,40.47144],[-3.53266,40.4714],[-3.53244,40.47138],[-3.53172,40.47133],[-3.53118,40.47131],[-3.53085,40.4713],[-3.53045,40.47117],[-3.53003,40.47106],[-3.5296,40.47095],[-3.5292,40.47086],[-3.52886,40.47078],[-3.52855,40.47071],[-3.52816,40.47064],[-3.52766,40.47056],[-3.52737,40.47052],[-3.52714,40.47048],[-3.52697,40.47044],[-3.52684,40.4704],[-3.52666,40.47032],[-3.52632,40.47016],[-3.52604,40.47],[-3.52581,40.46986],[-3.5256,40.46972],[-3.52538,40.46956],[-3.52522,40.46943],[-3.52512,40.46933],[-3.52507,40.46927],[-3.52502,40.4692],[-3.52499,40.46913],[-3.52497,40.46906],[-3.52495,40.46898],[-3.52494,40.4689],[-3.52494,40.46878],[-3.52496,40.46852],[-3.525,40.46821],[-3.52507,40.46787],[-3.52511,40.46773],[-3.52516,40.46761],[-3.52523,40.46749],[-3.52534,40.46736],[-3.52549,40.4672],[-3.52567,40.46701],[-3.52595,40.46664],[-3.52616,40.46639],[-3.52638,40.46616],[-3.5265,40.46604],[-3.52666,40.46591],[-3.52694,40.4657],[-3.5272,40.46547],[-3.52752,40.46518],[-3.52772,40.46499],[-3.52785,40.46485],[-3.5281,40.46454],[-3.52832,40.46425],[-3.52858,40.46387],[-3.52875,40.46361],[-3.52889,40.46332],[-3.52902,40.46298],[-3.52913,40.46256],[-3.52929,40.46206],[-3.5294,40.46174],[-3.52951,40.46137],[-3.52958,40.46105],[-3.52962,40.46076],[-3.52963,40.46044],[-3.52957,40.46007],[-3.52947,40.45963],[-3.52936,40.45923],[-3.52924,40.45886],[-3.52912,40.45847],[-3.52909,40.45839],[-3.52872,40.45807],[-3.52822,40.45766],[-3.52782,40.45734],[-3.52763,40.45718],[-3.52748,40.45706],[-3.52724,40.45685],[-3.5271,40.4567],[-3.527,40.45657],[-3.52681,40.4563],[-3.52672,40.45614],[-3.52665,40.45599],[-3.52658,40.45581],[-3.52656,40.45574],[-3.52655,40.45567],[-3.52654,40.45557],[-3.52654,40.4555],[-3.52655,40.45545],[-3.52657,40.45539],[-3.52663,40.45529],[-3.5267,40.45519],[-3.52677,40.45511],[-3.52682,40.45506],[-3.52687,40.45502],[-3.52696,40.45496],[-3.52718,40.45483],[-3.52728,40.45478],[-3.52742,40.45472],[-3.52756,40.45466],[-3.52771,40.45461],[-3.52787,40.45456],[-3.528,40.45452],[-3.52815,40.45448],[-3.52832,40.45445],[-3.52853,40.45442],[-3.52886,40.45439],[-3.52918,40.45436],[-3.52953,40.45435],[-3.5299,40.45435],[-3.52999,40.45435],[-3.53011,40.45436],[-3.53021,40.45437],[-3.53033,40.45439],[-3.53049,40.45443],[-3.53057,40.45445],[-3.53063,40.45447],[-3.53093,40.45462],[-3.53101,40.45466],[-3.5311,40.4547],[-3.53116,40.45472],[-3.53124,40.45474],[-3.53132,40.45475],[-3.53143,40.45475],[-3.53163,40.45475],[-3.53187,40.45475],[-3.53196,40.45475],[-3.53205,40.45473],[-3.53216,40.4547],[-3.53225,40.45467],[-3.53237,40.45462],[-3.53249,40.45457],[-3.53265,40.45449],[-3.53275,40.45443],[-3.53291,40.45432],[-3.53304,40.45422],[-3.53325,40.45403],[-3.53364,40.45362],[-3.53408,40.45315],[-3.53431,40.45286],[-3.53447,40.45266],[-3.53461,40.45248],[-3.53464,40.45239],[-3.53466,40.45226],[-3.53465,40.45214],[-3.53463,40.45203],[-3.53458,40.4519],[-3.53453,40.45179],[-3.53445,40.45168],[-3.53426,40.45144],[-3.53398,40.45109],[-3.53363,40.45069],[-3.53353,40.45056],[-3.53341,40.45036],[-3.53329,40.45011],[-3.53316,40.4498],[-3.53305,40.44954],[-3.53287,40.44919],[-3.53264,40.44882],[-3.5324,40.44838],[-3.53224,40.44811],[-3.53205,40.44781],[-3.53189,40.4476],[-3.53163,40.44731],[-3.53142,40.44709],[-3.53176,40.447],[-3.53165,40.447],[-3.53166,40.447],[-3.53306,40.44665],[-3.53363,40.44658],[-3.53393,40.44656],[-3.53417,40.44656],[-3.5344,40.44657],[-3.53469,40.4466],[-3.53501,40.44666],[-3.53531,40.44673],[-3.53644,40.44704],[-3.53703,40.44718],[-3.53761,40.44729],[-3.53967,40.44754],[-3.54271,40.44788],[-3.54731,40.44841],[-3.55093,40.44881],[-3.55346,40.4491],[-3.55562,40.44932],[-3.55703,40.44941],[-3.55831,40.44948],[-3.56177,40.44956],[-3.56501,40.44964],[-3.5657,40.44966],[-3.57057,40.44975],[-3.57374,40.44979],[-3.57514,40.44982],[-3.57716,40.44987],[-3.5799,40.44993],[-3.58139,40.44991],[-3.58229,40.4499],[-3.58343,40.4499],[-3.58746,40.44995],[-3.59326,40.45005],[-3.59326,40.45005],[-3.5933,40.45005],[-3.5956,40.45012],[-3.5971,40.45016],[-3.5996,40.45017],[-3.60103,40.45013],[-3.6034,40.44989],[-3.60475,40.44974],[-3.60546,40.44968],[-3.60585,40.44966],[-3.60637,40.44965],[-3.60776,40.44967],[-3.60703,40.45011],[-3.60698,40.45014],[-3.60686,40.45021],[-3.60623,40.45062],[-3.6053,40.45123],[-3.60449,40.45176],[-3.60453,40.45183],[-3.60459,40.45192],[-3.60467,40.45204],[-3.60477,40.45217],[-3.60488,40.45229],[-3.60497,40.45238],[-3.60508,40.45249],[-3.60518,40.45259],[-3.60526,40.45266],[-3.6054,40.45277],[-3.60541,40.45278],[-3.60543,40.45276],[-3.6057,40.45298],[-3.60618,40.45328],[-3.60662,40.4535],[-3.60771,40.45388],[-3.60897,40.45422],[-3.61233,40.45529],[-3.61389,40.45616],[-3.61738,40.45815],[-3.62024,40.45974],[-3.62092,40.46014],[-3.62151,40.46058],[-3.62217,40.46121],[-3.62275,40.46184],[-3.62342,40.46266],[-3.62768,40.46812],[-3.62797,40.46847],[-3.62442,40.46869],[-3.6245,40.46901],[-3.62455,40.46914],[-3.62459,40.46926],[-3.62463,40.46941],[-3.62465,40.46953],[-3.62467,40.46968],[-3.62468,40.4698],[-3.62468,40.46991],[-3.62468,40.47003],[-3.62467,40.47014],[-3.62466,40.47022],[-3.62464,40.47033],[-3.62461,40.47047],[-3.62457,40.47059],[-3.62453,40.47071],[-3.62448,40.47084],[-3.62441,40.47099],[-3.62435,40.47112],[-3.62426,40.47126],[-3.62419,40.47137],[-3.62411,40.47147],[-3.62405,40.47155],[-3.62383,40.47181],[-3.62397,40.47219],[-3.6241,40.47252],[-3.62425,40.47289],[-3.62434,40.47293],[-3.62442,40.47295],[-3.62449,40.473],[-3.62454,40.47307],[-3.62456,40.47315],[-3.62455,40.47323],[-3.62458,40.47328],[-3.62467,40.47335],[-3.62471,40.4734],[-3.6248,40.47361],[-3.62486,40.47378],[-3.62508,40.47452],[-3.62512,40.47455],[-3.62519,40.47457],[-3.62523,40.47459],[-3.62528,40.47464],[-3.62531,40.47469],[-3.62531,40.47473],[-3.62534,40.47483],[-3.62546,40.47491],[-3.6256,40.475],[-3.62569,40.47508],[-3.62575,40.47517],[-3.62577,40.47525],[-3.62577,40.47534],[-3.62577,40.47545],[-3.62577,40.47554],[-3.62587,40.47609],[-3.62575,40.47617],[-3.62568,40.47624],[-3.62565,40.47633],[-3.62568,40.47642],[-3.62575,40.47649],[-3.62585,40.47657],[-3.62573,40.47696],[-3.62572,40.47706],[-3.62572,40.47722],[-3.62563,40.48157],[-3.62581,40.48223],[-3.61818,40.48227],[-3.61762,40.48284],[-3.61687,40.48363],[-3.61673,40.48376],[-3.61659,40.48387],[-3.61645,40.48399],[-3.61552,40.48495],[-3.61552,40.48495],[-3.61487,40.48495],[-3.61152,40.48497],[-3.60444,40.48501],[-3.60169,40.48502],[-3.6017,40.48546],[-3.60171,40.48618],[-3.60171,40.48667],[-3.60174,40.48738],[-3.60178,40.48793],[-3.60182,40.48895],[-3.60183,40.48932],[-3.60183,40.48957],[-3.60183,40.48974],[-3.60183,40.48983],[-3.60183,40.48993],[-3.60183,40.49016],[-3.60183,40.49039],[-3.60182,40.4906],[-3.60181,40.4909],[-3.6018,40.49129],[-3.6018,40.49134],[-3.60179,40.49176],[-3.60175,40.49289],[-3.60174,40.49338],[-3.60174,40.49354],[-3.60174,40.49369],[-3.60174,40.49401],[-3.60173,40.49462],[-3.60174,40.49497],[-3.60175,40.49523],[-3.60176,40.49594],[-3.60178,40.4964],[-3.6018,40.49689],[-3.60183,40.49739],[-3.60185,40.49783],[-3.60186,40.49822],[-3.60187,40.49872],[-3.60188,40.49938],[-3.60188,40.50041],[-3.60186,40.50148]]]}},{"type":"Feature","properties":{"cod_dis":"16","nombre":"Hortaleza","distrito_key":"hortaleza"},"geometry":{"type":"Polygon","coordinates":[[[-3.65762,40.51172],[-3.65618,40.5131],[-3.65454,40.51279],[-3.65239,40.51144],[-3.65246,40.51112],[-3.65235,40.51113],[-3.65228,40.51113],[-3.65221,40.51113],[-3.65212,40.51113],[-3.652,40.51112],[-3.6518,40.51109],[-3.6517,40.51107],[-3.6516,40.51106],[-3.65087,40.51099],[-3.6504,40.51094],[-3.64988,40.51089],[-3.64959,40.51086],[-3.64923,40.51083],[-3.64912,40.51082],[-3.64905,40.51081],[-3.64899,40.5108],[-3.6489,40.51078],[-3.64879,40.51075],[-3.64865,40.5107],[-3.64848,40.51063],[-3.64823,40.51053],[-3.64812,40.51049],[-3.64803,40.51045],[-3.64796,40.51042],[-3.64791,40.51039],[-3.64784,40.51034],[-3.64779,40.5103],[-3.64775,40.51027],[-3.64751,40.51006],[-3.64717,40.50967],[-3.64685,40.50936],[-3.64665,40.50917],[-3.6464,40.50893],[-3.64627,40.50881],[-3.64605,40.50861],[-3.64596,40.50853],[-3.64587,40.50845],[-3.64579,40.50839],[-3.64572,40.50835],[-3.64563,40.50829],[-3.64555,40.50825],[-3.64502,40.50799],[-3.64486,40.50791],[-3.64483,40.50792],[-3.64439,40.50808],[-3.64436,40.50814],[-3.64416,40.50808],[-3.64389,40.50803],[-3.64364,40.50799],[-3.64347,40.50796],[-3.64338,40.50795],[-3.64327,40.50796],[-3.64307,40.50802],[-3.64271,40.50812],[-3.6425,40.50817],[-3.64241,40.50819],[-3.64234,40.5082],[-3.64226,40.50821],[-3.64219,40.50822],[-3.64211,40.50822],[-3.64203,40.50821],[-3.64192,40.5082],[-3.64176,40.50818],[-3.64162,40.50817],[-3.64147,40.50816],[-3.64136,40.50815],[-3.64129,40.50813],[-3.6412,40.5081],[-3.64109,40.50807],[-3.64111,40.50802],[-3.63956,40.5079],[-3.63365,40.50784],[-3.63328,40.50767],[-3.63327,40.50769],[-3.63321,40.50768],[-3.63317,40.50768],[-3.63315,40.50768],[-3.63308,40.50769],[-3.63294,40.50774],[-3.63275,40.50783],[-3.63253,40.50794],[-3.63241,40.50802],[-3.63231,40.50809],[-3.63218,40.50815],[-3.6321,40.50818],[-3.63196,40.50822],[-3.6316,40.50837],[-3.63131,40.5084],[-3.63111,40.50844],[-3.63094,40.50844],[-3.63078,40.50844],[-3.63037,40.50844],[-3.62994,40.50844],[-3.62981,40.50843],[-3.62967,40.50841],[-3.62942,40.50838],[-3.62925,40.50836],[-3.62913,40.50835],[-3.62902,40.50835],[-3.62885,40.50836],[-3.62874,40.50836],[-3.62861,40.50837],[-3.62845,40.50838],[-3.62837,40.50838],[-3.62827,40.50839],[-3.62815,40.50842],[-3.62803,40.50846],[-3.62791,40.5085],[-3.62779,40.50856],[-3.62757,40.50869],[-3.62749,40.50873],[-3.62736,40.50876],[-3.62716,40.50884],[-3.62699,40.50891],[-3.62669,40.50904],[-3.62653,40.50911],[-3.62637,40.50917],[-3.62624,40.50921],[-3.62596,40.50929],[-3.62584,40.50933],[-3.62567,40.50934],[-3.62554,40.50935],[-3.62538,40.50937],[-3.62523,40.5094],[-3.62511,40.50941],[-3.62506,40.50942],[-3.62495,40.50938],[-3.62488,40.50936],[-3.62477,40.50933],[-3.62463,40.50932],[-3.62453,40.50931],[-3.62443,40.5093],[-3.62429,40.50927],[-3.62418,40.50923],[-3.62401,40.50917],[-3.62395,40.50914],[-3.62382,40.50909],[-3.62367,40.50903],[-3.62355,40.509],[-3.62342,40.50898],[-3.6233,40.50897],[-3.62318,40.50897],[-3.62306,40.50898],[-3.62296,40.50899],[-3.62285,40.50902],[-3.62274,40.50906],[-3.62258,40.50911],[-3.6225,40.50914],[-3.62239,40.50919],[-3.6223,40.50923],[-3.62218,40.50931],[-3.62209,40.50938],[-3.62197,40.50951],[-3.62186,40.50961],[-3.62174,40.50971],[-3.62166,40.50979],[-3.6216,40.50984],[-3.62156,40.50986],[-3.62143,40.50995],[-3.62138,40.50998],[-3.62134,40.51],[-3.62128,40.51003],[-3.6212,40.51005],[-3.62114,40.51007],[-3.62099,40.51011],[-3.62088,40.51013],[-3.62078,40.51014],[-3.62067,40.51015],[-3.62051,40.51017],[-3.62031,40.51019],[-3.62013,40.51021],[-3.61992,40.51022],[-3.61975,40.51022],[-3.61962,40.51022],[-3.61949,40.51021],[-3.61935,40.51019],[-3.61915,40.51016],[-3.61895,40.51013],[-3.6188,40.5101],[-3.61871,40.51009],[-3.61858,40.51008],[-3.61846,40.51007],[-3.61836,40.51007],[-3.61823,40.51008],[-3.61813,40.5101],[-3.61802,40.51014],[-3.61788,40.51022],[-3.61771,40.5103],[-3.61758,40.51036],[-3.61746,40.51042],[-3.61735,40.51047],[-3.61725,40.5105],[-3.61715,40.51053],[-3.61705,40.51055],[-3.61696,40.51057],[-3.61685,40.5106],[-3.61668,40.51066],[-3.61649,40.51072],[-3.61637,40.51076],[-3.6163,40.51078],[-3.61608,40.51084],[-3.61595,40.51088],[-3.61579,40.51091],[-3.61561,40.51094],[-3.61551,40.51095],[-3.61539,40.51096],[-3.61523,40.51095],[-3.61511,40.51094],[-3.61495,40.5109],[-3.61478,40.51085],[-3.61455,40.51079],[-3.61447,40.51078],[-3.61438,40.51076],[-3.61429,40.51072],[-3.61425,40.51069],[-3.61424,40.51067],[-3.61424,40.51063],[-3.61428,40.51045],[-3.61428,40.51037],[-3.61426,40.51029],[-3.61423,40.51022],[-3.6142,40.51017],[-3.61417,40.51012],[-3.61412,40.51007],[-3.61403,40.50999],[-3.61394,40.50992],[-3.61376,40.50979],[-3.61361,40.50969],[-3.61345,40.50958],[-3.6133,40.5095],[-3.61313,40.5094],[-3.61298,40.50932],[-3.61286,40.50927],[-3.61267,40.50919],[-3.61253,40.50913],[-3.61241,40.50909],[-3.61227,40.50906],[-3.6121,40.50903],[-3.61183,40.50898],[-3.61171,40.50897],[-3.61154,40.50895],[-3.61146,40.50894],[-3.6114,40.50894],[-3.61131,40.50894],[-3.61121,40.50891],[-3.61109,40.50884],[-3.61102,40.50879],[-3.61084,40.50866],[-3.61066,40.50849],[-3.61045,40.5083],[-3.61028,40.50815],[-3.61013,40.50799],[-3.60994,40.50781],[-3.60961,40.50755],[-3.60939,40.50738],[-3.60914,40.50722],[-3.60882,40.507],[-3.60854,40.50682],[-3.60825,40.50665],[-3.60803,40.50653],[-3.60783,40.50643],[-3.60756,40.50631],[-3.60716,40.50616],[-3.60698,40.50609],[-3.60681,40.50599],[-3.60665,40.50587],[-3.60654,40.50578],[-3.60645,40.50569],[-3.60636,40.5056],[-3.6063,40.50553],[-3.60626,40.50547],[-3.60621,40.50529],[-3.60614,40.50503],[-3.6061,40.5048],[-3.60607,40.50463],[-3.60604,40.50448],[-3.60599,40.50431],[-3.60595,40.5042],[-3.60588,40.5041],[-3.60579,40.504],[-3.60569,40.50389],[-3.60567,40.50387],[-3.60557,40.50376],[-3.60543,40.50361],[-3.60527,40.50347],[-3.60497,40.50324],[-3.60481,40.50311],[-3.60466,40.50302],[-3.60467,40.50301],[-3.60336,40.50175],[-3.60281,40.50144],[-3.60284,40.50133],[-3.60242,40.50127],[-3.60235,40.50126],[-3.60231,40.50126],[-3.60229,40.50126],[-3.60228,40.50126],[-3.60227,40.50126],[-3.60226,40.50126],[-3.60225,40.50126],[-3.60224,40.50126],[-3.60223,40.50126],[-3.60222,40.50127],[-3.60221,40.50128],[-3.60221,40.50129],[-3.60219,40.50134],[-3.60218,40.50137],[-3.60217,40.5014],[-3.60215,40.50143],[-3.60214,40.50144],[-3.60212,40.50146],[-3.6021,40.50147],[-3.60208,40.50148],[-3.60206,40.50149],[-3.60204,40.50149],[-3.60201,40.50149],[-3.60195,40.50148],[-3.60191,40.50147],[-3.60186,40.50148],[-3.60188,40.50041],[-3.60188,40.49938],[-3.60187,40.49872],[-3.60186,40.49822],[-3.60185,40.49783],[-3.60183,40.49739],[-3.6018,40.49689],[-3.60178,40.4964],[-3.60176,40.49594],[-3.60175,40.49523],[-3.60174,40.49497],[-3.60173,40.49462],[-3.60174,40.49401],[-3.60174,40.49369],[-3.60174,40.49354],[-3.60174,40.49338],[-3.60175,40.49289],[-3.60179,40.49176],[-3.6018,40.49134],[-3.6018,40.49129],[-3.60181,40.4909],[-3.60182,40.4906],[-3.60183,40.49039],[-3.60183,40.49016],[-3.60183,40.48993],[-3.60183,40.48983],[-3.60183,40.48974],[-3.60183,40.48957],[-3.60183,40.48932],[-3.60182,40.48895],[-3.60178,40.48793],[-3.60174,40.48738],[-3.60171,40.48667],[-3.60171,40.48618],[-3.6017,40.48546],[-3.60169,40.48502],[-3.60444,40.48501],[-3.61152,40.48497],[-3.61487,40.48495],[-3.61552,40.48495],[-3.61552,40.48495],[-3.61645,40.48399],[-3.61659,40.48387],[-3.61673,40.48376],[-3.61687,40.48363],[-3.61762,40.48284],[-3.61818,40.48227],[-3.62581,40.48223],[-3.62563,40.48157],[-3.62572,40.47722],[-3.62572,40.47706],[-3.62573,40.47696],[-3.62585,40.47657],[-3.62575,40.47649],[-3.62568,40.47642],[-3.62565,40.47633],[-3.62568,40.47624],[-3.62575,40.47617],[-3.62587,40.47609],[-3.62577,40.47554],[-3.62577,40.47545],[-3.62577,40.47534],[-3.62577,40.47525],[-3.62575,40.47517],[-3.62569,40.47508],[-3.6256,40.475],[-3.62546,40.47491],[-3.62534,40.47483],[-3.62531,40.47473],[-3.62531,40.47469],[-3.62528,40.47464],[-3.62523,40.47459],[-3.62519,40.47457],[-3.62512,40.47455],[-3.62508,40.47452],[-3.62486,40.47378],[-3.6248,40.47361],[-3.62471,40.4734],[-3.62467,40.47335],[-3.62458,40.47328],[-3.62455,40.47323],[-3.62456,40.47315],[-3.62454,40.47307],[-3.62449,40.473],[-3.62442,40.47295],[-3.62434,40.47293],[-3.62425,40.47289],[-3.6241,40.47252],[-3.62397,40.47219],[-3.62383,40.47181],[-3.62405,40.47155],[-3.62411,40.47147],[-3.62419,40.47137],[-3.62426,40.47126],[-3.62435,40.47112],[-3.62441,40.47099],[-3.62448,40.47084],[-3.62453,40.47071],[-3.62457,40.47059],[-3.62461,40.47047],[-3.62464,40.47033],[-3.62466,40.47022],[-3.62467,40.47014],[-3.62468,40.47003],[-3.62468,40.46991],[-3.62468,40.4698],[-3.62467,40.46968],[-3.62465,40.46953],[-3.62463,40.46941],[-3.62459,40.46926],[-3.62455,40.46914],[-3.6245,40.46901],[-3.62442,40.46869],[-3.62797,40.46847],[-3.62768,40.46812],[-3.62342,40.46266],[-3.62275,40.46184],[-3.62217,40.46121],[-3.62151,40.46058],[-3.62092,40.46014],[-3.62024,40.45974],[-3.61738,40.45815],[-3.61389,40.45616],[-3.61233,40.45529],[-3.60897,40.45422],[-3.60771,40.45388],[-3.60662,40.4535],[-3.60618,40.45328],[-3.6057,40.45298],[-3.60543,40.45276],[-3.60541,40.45278],[-3.6054,40.45277],[-3.60526,40.45266],[-3.60518,40.45259],[-3.60508,40.45249],[-3.60497,40.45238],[-3.60488,40.45229],[-3.60477,40.45217],[-3.60467,40.45204],[-3.60459,40.45192],[-3.60453,40.45183],[-3.60449,40.45176],[-3.6053,40.45123],[-3.60623,40.45062],[-3.60686,40.45021],[-3.60698,40.45014],[-3.60703,40.45011],[-3.60776,40.44967],[-3.60777,40.44965],[-3.60909,40.44967],[-3.6148,40.44969],[-3.61668,40.44968],[-3.61994,40.44967],[-3.62231,40.44966],[-3.62629,40.44951],[-3.62767,40.44947],[-3.62842,40.44945],[-3.62945,40.44941],[-3.63069,40.44937],[-3.63197,40.44923],[-3.6335,40.44899],[-3.6344,40.44885],[-3.63511,40.44873],[-3.63574,40.44864],[-3.6361,40.4486],[-3.63666,40.44856],[-3.63731,40.44856],[-3.638,40.44859],[-3.63984,40.44885],[-3.64276,40.44932],[-3.64384,40.4495],[-3.64508,40.4497],[-3.64606,40.44981],[-3.6467,40.44979],[-3.64728,40.44968],[-3.64783,40.44953],[-3.64783,40.44953],[-3.64812,40.44945],[-3.64808,40.44948],[-3.64929,40.45117],[-3.64963,40.45162],[-3.64963,40.45162],[-3.6499,40.45197],[-3.64996,40.45206],[-3.65005,40.4521],[-3.65128,40.45373],[-3.65284,40.45547],[-3.65418,40.45694],[-3.65512,40.45803],[-3.65543,40.45839],[-3.65585,40.45892],[-3.65623,40.45936],[-3.65626,40.45945],[-3.66031,40.4622],[-3.6604,40.46226],[-3.66201,40.46338],[-3.66246,40.46407],[-3.66291,40.46568],[-3.66342,40.46749],[-3.66461,40.47196],[-3.66512,40.47381],[-3.66539,40.47477],[-3.6654,40.4748],[-3.66541,40.47482],[-3.66553,40.47535],[-3.66571,40.47637],[-3.66574,40.4768],[-3.66566,40.47706],[-3.66563,40.47716],[-3.66552,40.47749],[-3.66552,40.47749],[-3.66522,40.47797],[-3.66487,40.47838],[-3.66342,40.47985],[-3.66118,40.48201],[-3.66101,40.48211],[-3.65959,40.4828],[-3.65935,40.48292],[-3.66373,40.48363],[-3.66401,40.48367],[-3.6647,40.48377],[-3.66473,40.48377],[-3.66612,40.48398],[-3.66627,40.484],[-3.66721,40.48411],[-3.66904,40.48419],[-3.67026,40.48419],[-3.67108,40.48415],[-3.67134,40.48414],[-3.67346,40.48406],[-3.67342,40.48456],[-3.67336,40.48526],[-3.67333,40.48562],[-3.67322,40.48675],[-3.67317,40.48722],[-3.67314,40.48744],[-3.67306,40.48796],[-3.67298,40.48839],[-3.67289,40.48878],[-3.67283,40.48901],[-3.67279,40.48915],[-3.6727,40.48943],[-3.67259,40.48974],[-3.67245,40.49008],[-3.67233,40.49033],[-3.6722,40.49059],[-3.67209,40.4908],[-3.67194,40.49104],[-3.67179,40.49127],[-3.67162,40.4915],[-3.67143,40.49174],[-3.67117,40.49202],[-3.67097,40.49222],[-3.67063,40.49253],[-3.67045,40.49268],[-3.67017,40.49292],[-3.67,40.49305],[-3.66923,40.49367],[-3.66852,40.49422],[-3.66787,40.49473],[-3.66756,40.49498],[-3.66709,40.49535],[-3.66696,40.49545],[-3.66647,40.49584],[-3.66598,40.49623],[-3.66483,40.49716],[-3.66408,40.49778],[-3.66343,40.49832],[-3.66285,40.49882],[-3.66223,40.49941],[-3.66174,40.49994],[-3.66149,40.50022],[-3.66104,40.50073],[-3.66038,40.50151],[-3.66002,40.50195],[-3.65955,40.50253],[-3.65918,40.50301],[-3.65909,40.50314],[-3.65891,40.5034],[-3.6588,40.50357],[-3.65871,40.50373],[-3.65862,40.50391],[-3.65854,40.50408],[-3.65844,40.50428],[-3.65837,40.50446],[-3.65831,40.50467],[-3.65822,40.50502],[-3.65818,40.50528],[-3.65815,40.50556],[-3.65814,40.50589],[-3.65815,40.50625],[-3.65816,40.50665],[-3.65819,40.50706],[-3.65821,40.50747],[-3.65822,40.50764],[-3.65823,40.50783],[-3.65825,40.50806],[-3.65826,40.50825],[-3.65827,40.50845],[-3.65828,40.50865],[-3.65828,40.50883],[-3.65829,40.50905],[-3.65829,40.50919],[-3.65829,40.50938],[-3.65829,40.50944],[-3.65829,40.50952],[-3.65828,40.50966],[-3.65826,40.50982],[-3.65824,40.50998],[-3.65821,40.51016],[-3.65817,40.51037],[-3.65814,40.51051],[-3.65807,40.51074],[-3.65801,40.51093],[-3.65795,40.51108],[-3.65786,40.51129],[-3.65775,40.51153],[-3.65761,40.51178],[-3.65761,40.51178]]]}},{"type":"Feature","properties":{"cod_dis":"08","nombre":"Fuencarral - El Pardo","distrito_key":"fuencarral el pardo"},"geometry":{"type":"Polygon","coordinates":[[[-3.83665,40.47958],[-3.83665,40.47958],[-3.83656,40.48008],[-3.83649,40.48054],[-3.83647,40.48058],[-3.83649,40.48062],[-3.83653,40.48066],[-3.83668,40.48084],[-3.83668,40.48085],[-3.83655,40.48098],[-3.83647,40.48106],[-3.83635,40.48118],[-3.83634,40.48119],[-3.83634,40.48127],[-3.83633,40.48131],[-3.83632,40.48135],[-3.83626,40.4817],[-3.8362,40.48178],[-3.83602,40.48205],[-3.83588,40.48213],[-3.83566,40.48225],[-3.8355,40.48234],[-3.83531,40.48244],[-3.83511,40.48255],[-3.8351,40.48256],[-3.83503,40.4827],[-3.83479,40.48313],[-3.8346,40.48347],[-3.83445,40.48373],[-3.83443,40.48376],[-3.83426,40.48405],[-3.83423,40.48412],[-3.83403,40.48463],[-3.83397,40.48479],[-3.83391,40.48495],[-3.83386,40.48507],[-3.83382,40.48517],[-3.8338,40.48523],[-3.83364,40.4855],[-3.83346,40.4858],[-3.83334,40.48599],[-3.83337,40.48618],[-3.83331,40.48674],[-3.83327,40.48714],[-3.83323,40.48757],[-3.83321,40.48779],[-3.83321,40.48785],[-3.83345,40.48968],[-3.83347,40.48985],[-3.83355,40.49009],[-3.83362,40.49028],[-3.83368,40.49046],[-3.83377,40.49073],[-3.83382,40.49089],[-3.83387,40.49103],[-3.83394,40.49121],[-3.83406,40.49152],[-3.83423,40.49196],[-3.83424,40.49201],[-3.83431,40.49267],[-3.83442,40.49365],[-3.83447,40.49408],[-3.83457,40.49422],[-3.83475,40.49444],[-3.835,40.49466],[-3.83526,40.49489],[-3.83573,40.4953],[-3.83598,40.4956],[-3.83644,40.49613],[-3.8369,40.49666],[-3.83724,40.49706],[-3.83754,40.49742],[-3.83775,40.49767],[-3.83867,40.49861],[-3.83931,40.49926],[-3.83946,40.49941],[-3.83929,40.50018],[-3.8392,40.5006],[-3.8387,40.50285],[-3.83854,40.50309],[-3.83832,40.50342],[-3.83804,40.50383],[-3.83793,40.504],[-3.83779,40.50427],[-3.8377,40.50446],[-3.83761,40.5047],[-3.83743,40.50521],[-3.83717,40.50592],[-3.83866,40.50631],[-3.83913,40.50643],[-3.83925,40.50646],[-3.84029,40.50673],[-3.84228,40.50725],[-3.84516,40.50799],[-3.84923,40.50905],[-3.84978,40.50884],[-3.8498,40.50885],[-3.8523,40.50961],[-3.85261,40.50981],[-3.85265,40.50996],[-3.853,40.51051],[-3.85333,40.51091],[-3.85358,40.51122],[-3.85376,40.51148],[-3.85397,40.51183],[-3.85409,40.51203],[-3.85343,40.51457],[-3.8523,40.51551],[-3.85195,40.51677],[-3.85181,40.51695],[-3.85162,40.51717],[-3.85161,40.5172],[-3.85136,40.51768],[-3.85181,40.51831],[-3.8534,40.51955],[-3.85374,40.52018],[-3.85399,40.5206],[-3.85429,40.5211],[-3.85434,40.52118],[-3.85445,40.52138],[-3.85446,40.52139],[-3.85446,40.5214],[-3.85446,40.52141],[-3.85445,40.5216],[-3.85445,40.5226],[-3.85439,40.52277],[-3.85429,40.52305],[-3.85418,40.52338],[-3.85391,40.52412],[-3.85387,40.52418],[-3.85384,40.5243],[-3.85378,40.52444],[-3.85454,40.52523],[-3.85473,40.52542],[-3.85484,40.52554],[-3.85512,40.52565],[-3.8562,40.52695],[-3.85678,40.5273],[-3.85703,40.52745],[-3.85731,40.52762],[-3.85752,40.52774],[-3.85779,40.5279],[-3.85781,40.52803],[-3.85784,40.52818],[-3.85788,40.52834],[-3.85791,40.52841],[-3.85798,40.52855],[-3.85806,40.5287],[-3.85815,40.52887],[-3.85822,40.52899],[-3.85831,40.52917],[-3.85832,40.52922],[-3.85835,40.52935],[-3.85838,40.52952],[-3.8584,40.52965],[-3.85843,40.52979],[-3.85826,40.53003],[-3.8582,40.53013],[-3.85832,40.5302],[-3.85854,40.53033],[-3.85866,40.5304],[-3.85876,40.5305],[-3.85894,40.53067],[-3.85912,40.53083],[-3.85922,40.53092],[-3.85929,40.53098],[-3.85953,40.5312],[-3.85961,40.53128],[-3.85968,40.5314],[-3.85983,40.53164],[-3.86003,40.53196],[-3.86048,40.53262],[-3.86068,40.5329],[-3.86099,40.53306],[-3.86116,40.53315],[-3.86142,40.53333],[-3.86148,40.5334],[-3.86168,40.53359],[-3.86176,40.53367],[-3.86183,40.53374],[-3.86201,40.53392],[-3.86221,40.53411],[-3.86238,40.53423],[-3.86252,40.53432],[-3.86279,40.53449],[-3.86306,40.53467],[-3.86307,40.53472],[-3.86313,40.53491],[-3.86318,40.53509],[-3.86337,40.53571],[-3.86351,40.5362],[-3.86358,40.53644],[-3.8637,40.53685],[-3.86389,40.53748],[-3.86391,40.53755],[-3.86392,40.53764],[-3.86392,40.53776],[-3.86391,40.53813],[-3.86389,40.53873],[-3.8639,40.53914],[-3.86391,40.53925],[-3.86402,40.53936],[-3.86409,40.53943],[-3.86413,40.53947],[-3.8642,40.53953],[-3.86425,40.53958],[-3.8643,40.53963],[-3.86434,40.53974],[-3.86436,40.53979],[-3.86439,40.53988],[-3.86442,40.53998],[-3.86445,40.54009],[-3.86449,40.54023],[-3.86454,40.54037],[-3.86459,40.54051],[-3.86464,40.54067],[-3.86468,40.54077],[-3.86474,40.54095],[-3.8648,40.54112],[-3.86487,40.54133],[-3.8649,40.54143],[-3.86498,40.54166],[-3.86504,40.54184],[-3.86517,40.54201],[-3.86553,40.5424],[-3.86557,40.54268],[-3.86558,40.54279],[-3.86558,40.54283],[-3.86561,40.54298],[-3.86564,40.54317],[-3.86566,40.5433],[-3.86569,40.54342],[-3.86575,40.54349],[-3.86582,40.54358],[-3.86593,40.54372],[-3.86614,40.544],[-3.86625,40.54414],[-3.86639,40.54432],[-3.86645,40.5444],[-3.86669,40.5447],[-3.86681,40.54486],[-3.86689,40.54496],[-3.86691,40.54498],[-3.867,40.54509],[-3.86704,40.54513],[-3.86709,40.54519],[-3.86725,40.54539],[-3.86735,40.54551],[-3.86739,40.54555],[-3.86753,40.54568],[-3.8677,40.54582],[-3.86785,40.54595],[-3.86797,40.54605],[-3.86815,40.5462],[-3.86839,40.54641],[-3.8686,40.54659],[-3.86876,40.54672],[-3.869,40.54693],[-3.8692,40.54713],[-3.86934,40.54727],[-3.8695,40.54743],[-3.8694,40.54764],[-3.86926,40.54796],[-3.86913,40.54822],[-3.86921,40.54836],[-3.86934,40.54859],[-3.86958,40.549],[-3.8698,40.54941],[-3.86998,40.54972],[-3.8701,40.54993],[-3.87022,40.55015],[-3.87034,40.55034],[-3.87047,40.55054],[-3.87053,40.55064],[-3.8706,40.55076],[-3.87068,40.55089],[-3.87074,40.55099],[-3.87084,40.55117],[-3.87092,40.55124],[-3.87108,40.55137],[-3.87124,40.5515],[-3.87142,40.55164],[-3.87168,40.55185],[-3.87194,40.55207],[-3.87223,40.55232],[-3.8723,40.55246],[-3.87248,40.55278],[-3.87269,40.55316],[-3.87286,40.55346],[-3.87291,40.5537],[-3.873,40.55411],[-3.87307,40.55443],[-3.87313,40.55474],[-3.87308,40.55495],[-3.87302,40.55524],[-3.87302,40.55527],[-3.87302,40.55528],[-3.87302,40.55529],[-3.87306,40.55537],[-3.87312,40.55553],[-3.87314,40.55558],[-3.87318,40.55567],[-3.87324,40.55581],[-3.87325,40.55587],[-3.87326,40.5559],[-3.87328,40.556],[-3.87329,40.55603],[-3.87337,40.5562],[-3.87342,40.55631],[-3.8735,40.55649],[-3.87355,40.55659],[-3.87364,40.55678],[-3.8737,40.55694],[-3.87375,40.55708],[-3.8738,40.55723],[-3.87384,40.55734],[-3.87391,40.55755],[-3.87393,40.55761],[-3.87407,40.55772],[-3.8741,40.55777],[-3.87413,40.55779],[-3.87438,40.55787],[-3.87453,40.55792],[-3.87522,40.55815],[-3.87531,40.55834],[-3.87541,40.55855],[-3.87553,40.55884],[-3.87564,40.55886],[-3.87627,40.55899],[-3.87656,40.55905],[-3.87677,40.55909],[-3.87724,40.5592],[-3.87739,40.55925],[-3.87766,40.55934],[-3.87789,40.55942],[-3.87867,40.55956],[-3.87904,40.55963],[-3.87947,40.55963],[-3.87982,40.55964],[-3.88028,40.55965],[-3.88069,40.55966],[-3.88142,40.55968],[-3.88218,40.55969],[-3.88234,40.55976],[-3.88247,40.55981],[-3.88263,40.55987],[-3.88278,40.55993],[-3.88304,40.56003],[-3.88332,40.56014],[-3.88367,40.56027],[-3.88389,40.56036],[-3.88414,40.56046],[-3.8843,40.56052],[-3.8844,40.56059],[-3.88449,40.56064],[-3.88463,40.56073],[-3.88473,40.56079],[-3.88491,40.5609],[-3.88508,40.56109],[-3.88506,40.56139],[-3.88503,40.56181],[-3.88498,40.56189],[-3.88479,40.56216],[-3.88469,40.5623],[-3.88456,40.56248],[-3.88444,40.56263],[-3.88438,40.56271],[-3.88428,40.56285],[-3.88424,40.5629],[-3.88421,40.56294],[-3.88411,40.56307],[-3.884,40.56322],[-3.88398,40.56335],[-3.88396,40.56355],[-3.88395,40.56365],[-3.88394,40.56376],[-3.88392,40.56391],[-3.88401,40.564],[-3.88417,40.56416],[-3.88429,40.56427],[-3.88433,40.5643],[-3.88442,40.56438],[-3.88455,40.56448],[-3.88477,40.56466],[-3.88498,40.56482],[-3.88517,40.56497],[-3.88535,40.56511],[-3.88551,40.56524],[-3.88583,40.56549],[-3.88597,40.56559],[-3.88603,40.56564],[-3.88609,40.56568],[-3.88616,40.56573],[-3.88619,40.56575],[-3.88624,40.56578],[-3.88653,40.56596],[-3.88665,40.56603],[-3.88683,40.56614],[-3.88689,40.56618],[-3.887,40.56631],[-3.88717,40.56652],[-3.88729,40.56682],[-3.88738,40.56703],[-3.88746,40.56721],[-3.88764,40.5676],[-3.88767,40.56766],[-3.88778,40.56791],[-3.88788,40.56813],[-3.88798,40.56834],[-3.888,40.56855],[-3.88802,40.5687],[-3.88811,40.56906],[-3.88819,40.56918],[-3.88832,40.56938],[-3.88842,40.56957],[-3.88856,40.56986],[-3.88874,40.57023],[-3.88884,40.57045],[-3.88893,40.57066],[-3.88904,40.57091],[-3.88896,40.57114],[-3.88873,40.57179],[-3.88862,40.572],[-3.88852,40.5722],[-3.88848,40.57228],[-3.88829,40.57241],[-3.88813,40.57253],[-3.88794,40.57266],[-3.88777,40.57278],[-3.88757,40.57292],[-3.8873,40.57311],[-3.88715,40.57321],[-3.88691,40.57338],[-3.88671,40.57352],[-3.8865,40.57367],[-3.88624,40.57386],[-3.8861,40.57396],[-3.88592,40.57409],[-3.88581,40.57417],[-3.88575,40.57429],[-3.88572,40.57435],[-3.88564,40.5745],[-3.88556,40.57466],[-3.88539,40.575],[-3.88534,40.57511],[-3.88526,40.57532],[-3.88511,40.57571],[-3.88494,40.57615],[-3.88481,40.5765],[-3.88469,40.57683],[-3.88461,40.57702],[-3.8845,40.57732],[-3.88442,40.57752],[-3.88439,40.57761],[-3.88433,40.57778],[-3.88419,40.57815],[-3.884,40.57864],[-3.88391,40.57889],[-3.8838,40.57916],[-3.88381,40.57946],[-3.88381,40.57959],[-3.88382,40.57979],[-3.88383,40.58001],[-3.88384,40.58017],[-3.88385,40.58031],[-3.88385,40.58038],[-3.88404,40.58065],[-3.8842,40.58107],[-3.88422,40.58116],[-3.88423,40.58125],[-3.88425,40.58135],[-3.88417,40.58148],[-3.88415,40.58151],[-3.88406,40.58166],[-3.88399,40.58179],[-3.8839,40.58195],[-3.88378,40.58216],[-3.88367,40.58235],[-3.88356,40.58253],[-3.88352,40.58259],[-3.88357,40.58272],[-3.88362,40.58284],[-3.88369,40.58299],[-3.88381,40.58327],[-3.88389,40.58344],[-3.88388,40.58352],[-3.88387,40.5837],[-3.88385,40.58397],[-3.88383,40.58425],[-3.88382,40.58445],[-3.88381,40.58467],[-3.8838,40.58486],[-3.88378,40.58515],[-3.88378,40.58523],[-3.88377,40.58532],[-3.88357,40.58531],[-3.88326,40.58547],[-3.8829,40.58565],[-3.88254,40.58583],[-3.88218,40.58601],[-3.88195,40.58613],[-3.88169,40.58626],[-3.88151,40.58635],[-3.8813,40.58646],[-3.88103,40.58659],[-3.88073,40.58674],[-3.88043,40.58689],[-3.88017,40.58704],[-3.8801,40.58708],[-3.87991,40.58719],[-3.87978,40.58726],[-3.87954,40.5874],[-3.87935,40.58751],[-3.87927,40.58755],[-3.87914,40.58763],[-3.87902,40.5877],[-3.8787,40.58789],[-3.8784,40.58807],[-3.87822,40.58814],[-3.878,40.58823],[-3.87771,40.58834],[-3.8773,40.5885],[-3.87693,40.58864],[-3.87677,40.58878],[-3.87651,40.589],[-3.87619,40.58928],[-3.87624,40.58953],[-3.87627,40.58966],[-3.87626,40.58983],[-3.87625,40.58998],[-3.87598,40.59018],[-3.87578,40.59027],[-3.87566,40.59032],[-3.87537,40.59044],[-3.87508,40.59055],[-3.87492,40.59062],[-3.87467,40.59076],[-3.87451,40.59086],[-3.87436,40.59095],[-3.87415,40.59107],[-3.87398,40.59116],[-3.87366,40.59119],[-3.8734,40.59121],[-3.87306,40.59123],[-3.87292,40.59125],[-3.87278,40.59127],[-3.87253,40.59131],[-3.87192,40.59139],[-3.87178,40.59142],[-3.87156,40.59147],[-3.87127,40.59153],[-3.87104,40.59158],[-3.87084,40.59162],[-3.87014,40.59177],[-3.86981,40.59184],[-3.86958,40.59189],[-3.8693,40.59195],[-3.86899,40.59201],[-3.86872,40.59206],[-3.86843,40.59208],[-3.86814,40.59211],[-3.86789,40.59213],[-3.86767,40.59215],[-3.86744,40.59217],[-3.86736,40.59214],[-3.86695,40.59197],[-3.8666,40.59191],[-3.86631,40.59185],[-3.86602,40.59179],[-3.86592,40.59168],[-3.86586,40.59162],[-3.86573,40.59149],[-3.8656,40.59136],[-3.86553,40.59128],[-3.86544,40.59114],[-3.86525,40.59084],[-3.86509,40.59059],[-3.86497,40.59041],[-3.86464,40.59019],[-3.86432,40.58998],[-3.864,40.58977],[-3.86367,40.58955],[-3.8636,40.5895],[-3.86325,40.58941],[-3.86284,40.5893],[-3.86244,40.58919],[-3.86198,40.58906],[-3.86137,40.58889],[-3.86114,40.58877],[-3.86085,40.58862],[-3.86061,40.5885],[-3.86017,40.58827],[-3.85999,40.58818],[-3.85982,40.58815],[-3.85935,40.58806],[-3.85888,40.58797],[-3.85856,40.58791],[-3.85832,40.58792],[-3.85809,40.58793],[-3.85777,40.58796],[-3.85719,40.58802],[-3.85625,40.58812],[-3.85605,40.58814],[-3.85546,40.58822],[-3.85502,40.588],[-3.85489,40.58802],[-3.85483,40.58805],[-3.8546,40.5882],[-3.85428,40.58843],[-3.85421,40.58847],[-3.85412,40.58854],[-3.85374,40.58884],[-3.85349,40.58892],[-3.853,40.58908],[-3.85295,40.5891],[-3.85279,40.58918],[-3.85263,40.58926],[-3.85243,40.58936],[-3.85217,40.58949],[-3.8517,40.58973],[-3.85143,40.58987],[-3.85121,40.58997],[-3.85098,40.59009],[-3.85055,40.5903],[-3.85048,40.59034],[-3.85026,40.59045],[-3.84939,40.59076],[-3.84878,40.59096],[-3.84827,40.59096],[-3.84812,40.59098],[-3.84763,40.59105],[-3.84743,40.59108],[-3.84674,40.59119],[-3.8463,40.59126],[-3.84567,40.59136],[-3.84526,40.59159],[-3.84465,40.59193],[-3.84428,40.59206],[-3.84367,40.59228],[-3.84343,40.59237],[-3.8431,40.59243],[-3.84278,40.59249],[-3.84246,40.59254],[-3.84171,40.59267],[-3.84142,40.59261],[-3.84057,40.59241],[-3.83973,40.5921],[-3.83849,40.59164],[-3.83771,40.59135],[-3.83682,40.59154],[-3.8367,40.59157],[-3.83615,40.5918],[-3.83581,40.59194],[-3.83546,40.59209],[-3.83541,40.59211],[-3.83475,40.59256],[-3.8344,40.59279],[-3.83384,40.59317],[-3.8334,40.59347],[-3.83334,40.5935],[-3.83328,40.59352],[-3.83324,40.59353],[-3.83275,40.59365],[-3.83256,40.5937],[-3.83226,40.59377],[-3.83194,40.59385],[-3.83148,40.5939],[-3.83091,40.59396],[-3.83018,40.59403],[-3.83008,40.59406],[-3.82957,40.59419],[-3.82897,40.59435],[-3.82865,40.59444],[-3.82808,40.59459],[-3.82756,40.59468],[-3.82739,40.59469],[-3.82715,40.5947],[-3.82641,40.59473],[-3.82496,40.59459],[-3.82401,40.5945],[-3.82276,40.59438],[-3.82218,40.59453],[-3.82169,40.59465],[-3.82111,40.5948],[-3.8203,40.595],[-3.8189,40.59501],[-3.8174,40.59501],[-3.81615,40.595],[-3.81445,40.59541],[-3.81394,40.59613],[-3.81264,40.59684],[-3.81254,40.5969],[-3.81136,40.59736],[-3.80796,40.59895],[-3.80715,40.59933],[-3.80633,40.59972],[-3.80617,40.59979],[-3.80603,40.59986],[-3.80633,40.60033],[-3.80695,40.60128],[-3.80773,40.6025],[-3.80875,40.60405],[-3.80888,40.60426],[-3.80914,40.60463],[-3.80925,40.6048],[-3.80939,40.60501],[-3.80942,40.6051],[-3.80954,40.60537],[-3.80969,40.60567],[-3.80969,40.60568],[-3.80971,40.60574],[-3.80971,40.60578],[-3.80971,40.6058],[-3.80971,40.60582],[-3.80971,40.60587],[-3.80976,40.60584],[-3.80981,40.6058],[-3.80987,40.60592],[-3.80978,40.60601],[-3.80983,40.60609],[-3.81005,40.60647],[-3.81007,40.6065],[-3.81011,40.60656],[-3.81013,40.6066],[-3.81015,40.60663],[-3.81017,40.60666],[-3.81022,40.60671],[-3.81024,40.60674],[-3.81026,40.60676],[-3.81029,40.60679],[-3.81032,40.60681],[-3.81034,40.60682],[-3.81038,40.60684],[-3.81049,40.6069],[-3.81054,40.60693],[-3.81058,40.60695],[-3.81067,40.607],[-3.81073,40.60703],[-3.81079,40.60706],[-3.81085,40.60708],[-3.8109,40.6071],[-3.81096,40.60712],[-3.81106,40.60715],[-3.81115,40.60717],[-3.8113,40.60719],[-3.81137,40.60721],[-3.81147,40.60726],[-3.81177,40.60744],[-3.81231,40.60776],[-3.81252,40.60788],[-3.8128,40.60816],[-3.81283,40.60828],[-3.81277,40.60831],[-3.81262,40.60836],[-3.81247,40.60843],[-3.81241,40.60848],[-3.81236,40.6085],[-3.8123,40.60852],[-3.81211,40.60859],[-3.81202,40.60862],[-3.81196,40.60864],[-3.81192,40.60865],[-3.81181,40.60872],[-3.81165,40.6087],[-3.81157,40.60869],[-3.81147,40.60871],[-3.81139,40.60881],[-3.81132,40.60889],[-3.81121,40.60901],[-3.81108,40.60916],[-3.81097,40.60929],[-3.81084,40.60939],[-3.81082,40.60939],[-3.81074,40.60941],[-3.81052,40.60943],[-3.81039,40.60944],[-3.81031,40.60945],[-3.81031,40.60945],[-3.81027,40.60947],[-3.8102,40.60947],[-3.81017,40.60947],[-3.81011,40.60946],[-3.80998,40.60943],[-3.80997,40.60949],[-3.80996,40.60951],[-3.80987,40.60964],[-3.80982,40.60971],[-3.80976,40.6098],[-3.80971,40.60983],[-3.80963,40.60986],[-3.80944,40.60986],[-3.80941,40.60968],[-3.80937,40.60949],[-3.80929,40.60939],[-3.8092,40.6093],[-3.80913,40.60929],[-3.80904,40.60928],[-3.80877,40.60924],[-3.80868,40.60923],[-3.80844,40.60919],[-3.80825,40.60916],[-3.80813,40.60917],[-3.80801,40.60918],[-3.8078,40.60919],[-3.80741,40.6092],[-3.80729,40.60924],[-3.80699,40.60935],[-3.80697,40.60936],[-3.80673,40.60942],[-3.80653,40.60945],[-3.80623,40.6095],[-3.80622,40.6095],[-3.8061,40.60928],[-3.80609,40.60927],[-3.80609,40.60926],[-3.80609,40.60925],[-3.80618,40.60912],[-3.80621,40.60908],[-3.80644,40.60874],[-3.80647,40.60864],[-3.80629,40.60839],[-3.80628,40.60803],[-3.80615,40.60791],[-3.80596,40.60784],[-3.8059,40.60781],[-3.80577,40.60773],[-3.80561,40.60763],[-3.805,40.60724],[-3.80492,40.60719],[-3.80488,40.60718],[-3.80401,40.6069],[-3.80337,40.60669],[-3.80308,40.60659],[-3.80222,40.6063],[-3.80174,40.60634],[-3.80057,40.60589],[-3.80036,40.60483],[-3.80036,40.60482],[-3.80067,40.60429],[-3.80106,40.60362],[-3.80117,40.60343],[-3.80148,40.60288],[-3.80161,40.60266],[-3.80186,40.60224],[-3.80213,40.60175],[-3.8023,40.60146],[-3.80247,40.60114],[-3.80259,40.60091],[-3.80267,40.60075],[-3.80298,40.60017],[-3.803,40.60012],[-3.80305,40.60004],[-3.80318,40.59978],[-3.80326,40.59963],[-3.80339,40.59938],[-3.80357,40.59903],[-3.8036,40.59896],[-3.80343,40.59885],[-3.80307,40.59885],[-3.80267,40.59886],[-3.80119,40.59886],[-3.80061,40.59874],[-3.79999,40.59859],[-3.79985,40.59856],[-3.7992,40.59846],[-3.79871,40.59871],[-3.79858,40.59878],[-3.79795,40.59922],[-3.79774,40.59938],[-3.79732,40.59967],[-3.79682,40.59985],[-3.79611,40.59987],[-3.79581,40.59987],[-3.79539,40.59988],[-3.79463,40.59979],[-3.79421,40.59974],[-3.793,40.59943],[-3.79236,40.59929],[-3.79207,40.59924],[-3.79124,40.59912],[-3.79093,40.59908],[-3.79039,40.599],[-3.78999,40.59895],[-3.78913,40.59906],[-3.78816,40.59952],[-3.78732,40.59991],[-3.7864,40.60034],[-3.78573,40.60036],[-3.7851,40.60044],[-3.78454,40.60104],[-3.78407,40.60138],[-3.78356,40.60173],[-3.78288,40.60168],[-3.78234,40.60143],[-3.78171,40.60078],[-3.78109,40.60089],[-3.78056,40.60099],[-3.77986,40.60114],[-3.77901,40.60172],[-3.77834,40.60171],[-3.77725,40.60133],[-3.77661,40.60115],[-3.77585,40.60093],[-3.77551,40.60084],[-3.77547,40.60083],[-3.7751,40.60073],[-3.77479,40.60064],[-3.77439,40.60054],[-3.77387,40.60044],[-3.77332,40.60033],[-3.77286,40.60024],[-3.77255,40.60018],[-3.77198,40.60011],[-3.77148,40.60005],[-3.77108,40.6],[-3.77068,40.59995],[-3.7704,40.59992],[-3.77004,40.59987],[-3.76954,40.59981],[-3.76913,40.59976],[-3.76825,40.59966],[-3.76771,40.59945],[-3.76739,40.5993],[-3.76637,40.59879],[-3.76606,40.59864],[-3.76542,40.59843],[-3.76533,40.5984],[-3.7643,40.59832],[-3.76403,40.59825],[-3.76367,40.59815],[-3.76321,40.59802],[-3.76231,40.59777],[-3.76226,40.59775],[-3.76165,40.59751],[-3.76098,40.59725],[-3.76077,40.5972],[-3.76033,40.5971],[-3.75995,40.59701],[-3.75956,40.59679],[-3.75935,40.59667],[-3.75915,40.59653],[-3.7591,40.59649],[-3.75894,40.59637],[-3.75858,40.5961],[-3.75857,40.5961],[-3.75856,40.5961],[-3.75795,40.59606],[-3.75778,40.59606],[-3.75748,40.59607],[-3.75721,40.59597],[-3.75443,40.595],[-3.75375,40.59476],[-3.75306,40.59477],[-3.7524,40.59441],[-3.75232,40.59436],[-3.7523,40.59434],[-3.75063,40.59278],[-3.75025,40.59243],[-3.74936,40.5927],[-3.74591,40.59219],[-3.7459,40.59219],[-3.74549,40.59188],[-3.74447,40.59157],[-3.74383,40.5914],[-3.74236,40.59102],[-3.74092,40.59064],[-3.73979,40.5893],[-3.73927,40.58806],[-3.73908,40.58781],[-3.73866,40.58695],[-3.73827,40.58648],[-3.73784,40.58628],[-3.73737,40.58608],[-3.73666,40.58591],[-3.73594,40.58572],[-3.73563,40.58569],[-3.73543,40.58567],[-3.73527,40.58564],[-3.73509,40.58561],[-3.73467,40.58553],[-3.73457,40.58551],[-3.73445,40.58549],[-3.73436,40.58547],[-3.73409,40.58539],[-3.73381,40.58536],[-3.73367,40.58534],[-3.73327,40.58528],[-3.73289,40.58533],[-3.73241,40.5854],[-3.73115,40.58525],[-3.73075,40.5852],[-3.73057,40.58518],[-3.73033,40.58515],[-3.73013,40.58512],[-3.72992,40.5851],[-3.72926,40.58487],[-3.7283,40.58454],[-3.72787,40.58441],[-3.7274,40.58427],[-3.72678,40.58409],[-3.72657,40.58403],[-3.72612,40.5839],[-3.72516,40.58363],[-3.72481,40.58353],[-3.7237,40.58321],[-3.72355,40.58317],[-3.7221,40.58276],[-3.72154,40.5826],[-3.72077,40.58222],[-3.71953,40.58213],[-3.71877,40.5824],[-3.7184,40.58253],[-3.71736,40.5829],[-3.71659,40.58284],[-3.71615,40.5828],[-3.71465,40.58266],[-3.71382,40.58301],[-3.71311,40.5833],[-3.71176,40.58308],[-3.7116,40.58305],[-3.71147,40.58306],[-3.71132,40.58308],[-3.71114,40.5831],[-3.71096,40.58312],[-3.70871,40.58352],[-3.70801,40.58376],[-3.70776,40.58315],[-3.70599,40.58301],[-3.70552,40.58298],[-3.70552,40.58354],[-3.70552,40.58379],[-3.70551,40.58469],[-3.70532,40.58478],[-3.70514,40.58485],[-3.70491,40.58495],[-3.70483,40.58501],[-3.70453,40.58523],[-3.7043,40.58539],[-3.70384,40.58572],[-3.70343,40.58601],[-3.70308,40.58627],[-3.70262,40.5866],[-3.70236,40.58679],[-3.70217,40.58691],[-3.70209,40.58696],[-3.702,40.58701],[-3.70191,40.58706],[-3.7017,40.58717],[-3.70153,40.58726],[-3.70125,40.5874],[-3.70092,40.58757],[-3.70055,40.58775],[-3.70048,40.5878],[-3.69996,40.58807],[-3.69957,40.58827],[-3.69915,40.58849],[-3.69888,40.58863],[-3.69847,40.58884],[-3.69803,40.58906],[-3.69762,40.58927],[-3.69723,40.58947],[-3.69703,40.58958],[-3.69687,40.58966],[-3.6966,40.58981],[-3.69646,40.5899],[-3.69643,40.58994],[-3.69635,40.59005],[-3.69622,40.59026],[-3.69612,40.59044],[-3.69589,40.59084],[-3.69572,40.59114],[-3.69554,40.59146],[-3.69538,40.59174],[-3.69521,40.59203],[-3.69507,40.59229],[-3.69495,40.5925],[-3.69482,40.59273],[-3.69471,40.59292],[-3.69456,40.59319],[-3.69443,40.59342],[-3.69432,40.59361],[-3.69418,40.59385],[-3.69303,40.59586],[-3.69298,40.59595],[-3.69222,40.59728],[-3.69215,40.5974],[-3.69211,40.59749],[-3.69203,40.59766],[-3.692,40.59773],[-3.69192,40.59797],[-3.69183,40.59822],[-3.69094,40.60084],[-3.69083,40.60117],[-3.69081,40.60123],[-3.69078,40.6013],[-3.69071,40.60145],[-3.69061,40.60161],[-3.69051,40.60178],[-3.69043,40.60192],[-3.68967,40.60321],[-3.68941,40.60365],[-3.68917,40.60406],[-3.68898,40.60438],[-3.68855,40.6051],[-3.68848,40.60522],[-3.68843,40.6053],[-3.68832,40.60548],[-3.68818,40.60574],[-3.68802,40.60603],[-3.68789,40.60627],[-3.68772,40.60658],[-3.68753,40.60681],[-3.68736,40.60694],[-3.68716,40.6071],[-3.68659,40.60755],[-3.68619,40.60786],[-3.68569,40.60825],[-3.68544,40.60846],[-3.6852,40.60866],[-3.68489,40.60882],[-3.68472,40.60889],[-3.6842,40.6091],[-3.68383,40.60924],[-3.68344,40.60939],[-3.6828,40.60964],[-3.68255,40.60974],[-3.68251,40.60976],[-3.68235,40.60982],[-3.68201,40.60996],[-3.68143,40.61019],[-3.68115,40.6103],[-3.68076,40.61046],[-3.6804,40.61061],[-3.68015,40.61071],[-3.67992,40.6108],[-3.67979,40.61085],[-3.6796,40.61099],[-3.67945,40.61109],[-3.67935,40.61116],[-3.67927,40.61126],[-3.67911,40.61145],[-3.67892,40.61167],[-3.67875,40.61186],[-3.67852,40.61213],[-3.6783,40.61238],[-3.67792,40.61283],[-3.67744,40.61338],[-3.67697,40.61393],[-3.67682,40.61411],[-3.67664,40.61433],[-3.67645,40.61454],[-3.67643,40.61457],[-3.67641,40.61464],[-3.67638,40.61468],[-3.6763,40.61478],[-3.67606,40.61505],[-3.67597,40.61507],[-3.67574,40.61532],[-3.67548,40.6156],[-3.67546,40.61562],[-3.67545,40.61563],[-3.67544,40.61564],[-3.67544,40.61565],[-3.67544,40.61566],[-3.67545,40.61569],[-3.67545,40.6157],[-3.67545,40.61571],[-3.67545,40.61571],[-3.67512,40.61607],[-3.67491,40.61629],[-3.67479,40.61638],[-3.67473,40.61641],[-3.67466,40.61644],[-3.67449,40.61651],[-3.67383,40.61675],[-3.67371,40.6168],[-3.67326,40.61692],[-3.67235,40.61717],[-3.67203,40.61726],[-3.67172,40.61734],[-3.67162,40.61737],[-3.67152,40.6174],[-3.6714,40.61743],[-3.67135,40.61745],[-3.67128,40.61748],[-3.67107,40.61758],[-3.66872,40.61871],[-3.66698,40.61955],[-3.66698,40.61955],[-3.66686,40.61971],[-3.66679,40.6198],[-3.6667,40.62003],[-3.66676,40.6204],[-3.6668,40.62063],[-3.66691,40.62123],[-3.66696,40.62153],[-3.667,40.62178],[-3.66702,40.62189],[-3.66709,40.6223],[-3.66713,40.62251],[-3.6672,40.62273],[-3.66722,40.62279],[-3.66727,40.62289],[-3.66752,40.62342],[-3.66758,40.62355],[-3.66786,40.62414],[-3.66839,40.62528],[-3.66855,40.62562],[-3.66868,40.6259],[-3.66868,40.62613],[-3.66868,40.62701],[-3.66872,40.62735],[-3.66871,40.62744],[-3.66859,40.62831],[-3.66854,40.62864],[-3.66851,40.62889],[-3.66818,40.6296],[-3.66816,40.62966],[-3.66772,40.63062],[-3.66756,40.63098],[-3.66747,40.63116],[-3.66739,40.6313],[-3.66593,40.63376],[-3.66566,40.63417],[-3.66462,40.63551],[-3.66448,40.6357],[-3.66427,40.63594],[-3.66345,40.63687],[-3.66328,40.63706],[-3.66321,40.63714],[-3.66301,40.63737],[-3.66263,40.6378],[-3.66263,40.6378],[-3.66258,40.63786],[-3.66253,40.63794],[-3.66248,40.63802],[-3.66243,40.63812],[-3.6624,40.6382],[-3.66236,40.63832],[-3.66233,40.63841],[-3.66218,40.63888],[-3.66217,40.6389],[-3.66208,40.6392],[-3.66199,40.63931],[-3.66193,40.63939],[-3.66187,40.63947],[-3.66186,40.63948],[-3.66153,40.63974],[-3.66128,40.63994],[-3.66097,40.64019],[-3.66063,40.64046],[-3.66044,40.64061],[-3.65993,40.64102],[-3.65958,40.64129],[-3.6595,40.64135],[-3.65942,40.64142],[-3.65921,40.6416],[-3.65867,40.64203],[-3.65821,40.6422],[-3.65785,40.64233],[-3.65757,40.64244],[-3.65723,40.64257],[-3.65693,40.64268],[-3.65664,40.64279],[-3.65638,40.64289],[-3.65632,40.64292],[-3.65613,40.64321],[-3.65607,40.64322],[-3.65605,40.64322],[-3.65588,40.64325],[-3.6556,40.6432],[-3.65512,40.64311],[-3.65382,40.64287],[-3.65298,40.64272],[-3.65279,40.64269],[-3.65239,40.64263],[-3.65211,40.64255],[-3.65171,40.64241],[-3.6515,40.64234],[-3.65111,40.6422],[-3.65046,40.64196],[-3.64979,40.64172],[-3.6493,40.64152],[-3.64904,40.64141],[-3.64904,40.64141],[-3.64893,40.64137],[-3.6489,40.64135],[-3.64882,40.64129],[-3.64871,40.64121],[-3.64866,40.64118],[-3.64854,40.6411],[-3.64852,40.64109],[-3.6484,40.64099],[-3.64806,40.64068],[-3.64779,40.64045],[-3.6474,40.64009],[-3.64727,40.63997],[-3.6472,40.63991],[-3.64716,40.63988],[-3.6471,40.63984],[-3.64703,40.63979],[-3.6461,40.6391],[-3.6454,40.63858],[-3.6452,40.63843],[-3.64504,40.63832],[-3.64465,40.63807],[-3.64262,40.63802],[-3.64219,40.63809],[-3.64153,40.6382],[-3.64105,40.63828],[-3.6406,40.63836],[-3.64034,40.6384],[-3.64028,40.63841],[-3.64018,40.63841],[-3.64012,40.63841],[-3.639,40.63837],[-3.63873,40.63821],[-3.63857,40.63811],[-3.63799,40.63777],[-3.63788,40.6377],[-3.63782,40.63766],[-3.63777,40.63761],[-3.63775,40.63758],[-3.63746,40.63724],[-3.63722,40.63697],[-3.63709,40.63682],[-3.63703,40.63675],[-3.6369,40.63673],[-3.6368,40.63639],[-3.63675,40.63618],[-3.63666,40.63589],[-3.63657,40.63557],[-3.63652,40.63541],[-3.63642,40.63509],[-3.63638,40.63503],[-3.63617,40.63478],[-3.6361,40.63469],[-3.63597,40.63455],[-3.63573,40.63433],[-3.63547,40.63409],[-3.63531,40.63394],[-3.63522,40.63385],[-3.63508,40.63372],[-3.63488,40.63352],[-3.6348,40.63344],[-3.63477,40.63341],[-3.63476,40.63339],[-3.63474,40.63336],[-3.63464,40.63318],[-3.63408,40.63224],[-3.63347,40.63121],[-3.63327,40.63088],[-3.63312,40.63063],[-3.63297,40.63049],[-3.63257,40.63012],[-3.63219,40.62978],[-3.6321,40.6297],[-3.63183,40.62946],[-3.6313,40.62898],[-3.63089,40.62866],[-3.63033,40.62823],[-3.63008,40.62769],[-3.62989,40.6273],[-3.62986,40.62697],[-3.62984,40.62675],[-3.63005,40.62637],[-3.63024,40.62603],[-3.6304,40.62575],[-3.63024,40.62537],[-3.6298,40.62427],[-3.62959,40.62373],[-3.62904,40.62228],[-3.62915,40.62196],[-3.62935,40.62141],[-3.62968,40.62051],[-3.62958,40.62036],[-3.62925,40.6199],[-3.62897,40.61951],[-3.62885,40.61935],[-3.62883,40.61884],[-3.6288,40.6183],[-3.6288,40.61809],[-3.6288,40.61808],[-3.6288,40.61806],[-3.62874,40.61797],[-3.62857,40.61771],[-3.62849,40.61759],[-3.62844,40.61757],[-3.62803,40.61735],[-3.62761,40.61712],[-3.62714,40.61686],[-3.62701,40.61684],[-3.62633,40.61675],[-3.62613,40.61672],[-3.62603,40.61671],[-3.62601,40.61671],[-3.62536,40.61662],[-3.625,40.61657],[-3.62436,40.61648],[-3.62422,40.61646],[-3.62412,40.61644],[-3.6241,40.61643],[-3.62388,40.61633],[-3.62379,40.61629],[-3.62373,40.61626],[-3.62338,40.6161],[-3.6228,40.61584],[-3.62221,40.61513],[-3.62198,40.61486],[-3.62194,40.6148],[-3.62168,40.61429],[-3.6216,40.61415],[-3.62157,40.61408],[-3.62147,40.61389],[-3.62082,40.6127],[-3.62076,40.61259],[-3.62069,40.61249],[-3.62052,40.6123],[-3.62042,40.6122],[-3.62035,40.61211],[-3.62023,40.61199],[-3.62008,40.61183],[-3.61992,40.61178],[-3.61946,40.61162],[-3.61883,40.6114],[-3.61849,40.61128],[-3.61822,40.61119],[-3.6182,40.61094],[-3.61816,40.61069],[-3.61803,40.6101],[-3.61805,40.61007],[-3.61818,40.6098],[-3.61837,40.60938],[-3.61861,40.60889],[-3.61752,40.60754],[-3.61701,40.6069],[-3.61737,40.60597],[-3.61732,40.60509],[-3.61708,40.60456],[-3.61666,40.6038],[-3.61661,40.6037],[-3.61631,40.60299],[-3.6167,40.60201],[-3.61658,40.60146],[-3.61552,40.60065],[-3.61449,40.60052],[-3.61317,40.59984],[-3.61185,40.5994],[-3.6108,40.5987],[-3.60897,40.59839],[-3.60844,40.59784],[-3.60837,40.59777],[-3.60829,40.59768],[-3.60823,40.59761],[-3.60814,40.59752],[-3.60794,40.59736],[-3.60791,40.59734],[-3.6078,40.59726],[-3.60738,40.59694],[-3.60731,40.59689],[-3.6072,40.59681],[-3.60715,40.59677],[-3.60706,40.59675],[-3.60656,40.59664],[-3.6056,40.59643],[-3.60556,40.59642],[-3.60543,40.59639],[-3.60542,40.59637],[-3.60539,40.59633],[-3.60534,40.59626],[-3.60529,40.59619],[-3.60524,40.59612],[-3.60521,40.59608],[-3.60495,40.59572],[-3.60505,40.5951],[-3.60505,40.59505],[-3.60505,40.59497],[-3.60505,40.59494],[-3.60505,40.59489],[-3.60505,40.59485],[-3.60505,40.59479],[-3.60502,40.59448],[-3.60502,40.59444],[-3.60502,40.59438],[-3.60501,40.59428],[-3.60501,40.59423],[-3.60501,40.59422],[-3.60498,40.59419],[-3.60484,40.59404],[-3.60482,40.59402],[-3.60468,40.59388],[-3.60455,40.59375],[-3.60451,40.5937],[-3.60444,40.59362],[-3.6044,40.59358],[-3.60435,40.59353],[-3.60432,40.5935],[-3.6043,40.59349],[-3.60424,40.59344],[-3.60418,40.5934],[-3.6041,40.59333],[-3.60405,40.59329],[-3.60399,40.59324],[-3.60386,40.59314],[-3.60377,40.59308],[-3.60365,40.59297],[-3.60362,40.59295],[-3.60355,40.59291],[-3.60334,40.59283],[-3.60302,40.5927],[-3.60223,40.59237],[-3.60215,40.59234],[-3.60209,40.59231],[-3.60205,40.59212],[-3.60202,40.59201],[-3.60205,40.59179],[-3.60206,40.59171],[-3.60208,40.59157],[-3.6021,40.59139],[-3.60212,40.59125],[-3.60213,40.59117],[-3.60216,40.59091],[-3.60221,40.59076],[-3.60231,40.59048],[-3.60235,40.59036],[-3.60239,40.59025],[-3.60247,40.59004],[-3.60279,40.58956],[-3.60299,40.58927],[-3.60323,40.58891],[-3.60361,40.58866],[-3.60363,40.58865],[-3.60365,40.58863],[-3.60405,40.58847],[-3.60411,40.58845],[-3.60432,40.58836],[-3.60447,40.5883],[-3.60449,40.58829],[-3.6046,40.5882],[-3.60465,40.58816],[-3.60469,40.58813],[-3.60492,40.58795],[-3.605,40.58788],[-3.60506,40.58783],[-3.60514,40.58776],[-3.60517,40.58773],[-3.60525,40.58766],[-3.60526,40.58765],[-3.60532,40.58752],[-3.60536,40.58743],[-3.60546,40.58722],[-3.60561,40.58693],[-3.60566,40.58684],[-3.60593,40.58629],[-3.60612,40.58592],[-3.60624,40.58569],[-3.6063,40.58556],[-3.60639,40.58539],[-3.60643,40.58531],[-3.60644,40.58528],[-3.60647,40.58523],[-3.60661,40.58505],[-3.60664,40.58501],[-3.60666,40.58499],[-3.60669,40.58497],[-3.60866,40.58379],[-3.60869,40.58378],[-3.60873,40.58378],[-3.60877,40.58378],[-3.60903,40.58381],[-3.60917,40.58362],[-3.60929,40.58344],[-3.60961,40.5833],[-3.60984,40.58315],[-3.60991,40.58315],[-3.60995,40.58308],[-3.61001,40.58305],[-3.61009,40.58301],[-3.61107,40.58241],[-3.61216,40.58179],[-3.61332,40.58144],[-3.6136,40.58135],[-3.61459,40.58105],[-3.61519,40.58087],[-3.61661,40.58038],[-3.61845,40.5789],[-3.61891,40.57852],[-3.61942,40.57812],[-3.61992,40.57772],[-3.62076,40.57706],[-3.62163,40.57637],[-3.62174,40.57626],[-3.62194,40.57607],[-3.62247,40.57557],[-3.6229,40.57526],[-3.62324,40.57502],[-3.62372,40.57467],[-3.62385,40.57457],[-3.62405,40.57442],[-3.62417,40.57433],[-3.62447,40.57411],[-3.62522,40.57352],[-3.62524,40.5735],[-3.62528,40.5735],[-3.62652,40.57341],[-3.62822,40.57349],[-3.62896,40.57365],[-3.62931,40.57383],[-3.63001,40.57419],[-3.63045,40.57435],[-3.63081,40.57448],[-3.63136,40.57476],[-3.63168,40.57467],[-3.63207,40.57457],[-3.63269,40.5744],[-3.63289,40.5744],[-3.63315,40.57439],[-3.6336,40.57437],[-3.63379,40.57436],[-3.63399,40.57436],[-3.63426,40.57436],[-3.63442,40.57436],[-3.6349,40.57436],[-3.63537,40.57441],[-3.63561,40.57444],[-3.63661,40.57453],[-3.63706,40.5746],[-3.63744,40.57465],[-3.6387,40.57482],[-3.63997,40.575],[-3.64087,40.57534],[-3.64133,40.57552],[-3.6418,40.5757],[-3.64239,40.57603],[-3.64252,40.57611],[-3.64288,40.57631],[-3.64401,40.57655],[-3.64494,40.57674],[-3.64502,40.57676],[-3.64514,40.57676],[-3.64572,40.57678],[-3.64621,40.5768],[-3.64672,40.57682],[-3.64726,40.57684],[-3.64778,40.57686],[-3.64809,40.57689],[-3.64841,40.57693],[-3.6489,40.57698],[-3.6497,40.57707],[-3.64982,40.57708],[-3.65009,40.57717],[-3.65052,40.57731],[-3.65055,40.57732],[-3.65076,40.57752],[-3.65102,40.57776],[-3.65115,40.57787],[-3.65118,40.57791],[-3.65122,40.57798],[-3.65136,40.57823],[-3.65146,40.5784],[-3.6516,40.57864],[-3.6517,40.57882],[-3.65186,40.5791],[-3.65202,40.57937],[-3.65209,40.57949],[-3.65217,40.57962],[-3.65226,40.5798],[-3.65238,40.58001],[-3.65247,40.58016],[-3.65259,40.58035],[-3.6527,40.58054],[-3.65277,40.58066],[-3.65284,40.58078],[-3.65296,40.58098],[-3.65302,40.58115],[-3.65311,40.58139],[-3.65317,40.58156],[-3.65329,40.58188],[-3.65341,40.5822],[-3.65344,40.5823],[-3.6535,40.58246],[-3.65353,40.58253],[-3.65361,40.58276],[-3.65366,40.5829],[-3.65386,40.58344],[-3.6539,40.58355],[-3.65395,40.58369],[-3.65413,40.58416],[-3.6542,40.58435],[-3.65427,40.58453],[-3.65436,40.58476],[-3.6544,40.58487],[-3.65446,40.58507],[-3.65451,40.58523],[-3.65454,40.58533],[-3.65457,40.58543],[-3.65462,40.58559],[-3.65465,40.58568],[-3.65467,40.58576],[-3.65469,40.58584],[-3.65474,40.58599],[-3.6548,40.5861],[-3.65489,40.58627],[-3.65494,40.58637],[-3.65504,40.58658],[-3.65515,40.5868],[-3.65521,40.58694],[-3.65526,40.58705],[-3.65533,40.58719],[-3.65542,40.58739],[-3.65551,40.58758],[-3.65569,40.5878],[-3.65583,40.58798],[-3.65602,40.58822],[-3.6562,40.58847],[-3.65632,40.58863],[-3.65643,40.58877],[-3.65652,40.58889],[-3.65736,40.58933],[-3.65771,40.58951],[-3.65784,40.58958],[-3.65795,40.58965],[-3.65816,40.58978],[-3.6585,40.58998],[-3.65877,40.59014],[-3.65902,40.59029],[-3.65919,40.59039],[-3.65959,40.5907],[-3.6599,40.59095],[-3.66032,40.59134],[-3.66055,40.59155],[-3.66108,40.59169],[-3.66128,40.59174],[-3.66161,40.59183],[-3.662,40.59193],[-3.66236,40.59201],[-3.66258,40.59206],[-3.66397,40.5922],[-3.66412,40.5922],[-3.66438,40.5922],[-3.66474,40.59219],[-3.66502,40.5922],[-3.66526,40.5922],[-3.66536,40.5922],[-3.66549,40.59219],[-3.66558,40.59218],[-3.66568,40.59217],[-3.66584,40.59215],[-3.66608,40.59213],[-3.66633,40.59211],[-3.66685,40.59206],[-3.66705,40.59204],[-3.66714,40.59203],[-3.66723,40.59202],[-3.66742,40.592],[-3.66764,40.5919],[-3.66813,40.59168],[-3.66912,40.59122],[-3.66929,40.59114],[-3.67436,40.58875],[-3.67437,40.58875],[-3.6744,40.58873],[-3.67476,40.58856],[-3.6755,40.5882],[-3.67622,40.58784],[-3.67655,40.58767],[-3.67708,40.5874],[-3.67747,40.5872],[-3.67784,40.58702],[-3.67833,40.58677],[-3.67854,40.58666],[-3.67879,40.58654],[-3.67903,40.58643],[-3.6795,40.58621],[-3.68001,40.58597],[-3.68045,40.58576],[-3.6811,40.58546],[-3.68156,40.58524],[-3.6824,40.58484],[-3.68242,40.58482],[-3.68254,40.58475],[-3.68288,40.58454],[-3.68318,40.58436],[-3.6834,40.58422],[-3.68362,40.58408],[-3.68383,40.58395],[-3.68413,40.58376],[-3.68437,40.58361],[-3.68448,40.58354],[-3.6851,40.58325],[-3.68606,40.5828],[-3.68745,40.58247],[-3.68765,40.58248],[-3.68781,40.58248],[-3.68803,40.58248],[-3.68848,40.58249],[-3.68865,40.5825],[-3.68879,40.5825],[-3.6888,40.5825],[-3.6888,40.5825],[-3.68899,40.58237],[-3.6895,40.58203],[-3.68994,40.58166],[-3.69078,40.58094],[-3.69089,40.58086],[-3.69136,40.58065],[-3.69192,40.5804],[-3.69204,40.58035],[-3.69261,40.58019],[-3.69359,40.57992],[-3.6937,40.5799],[-3.69398,40.57985],[-3.69461,40.57974],[-3.69512,40.57967],[-3.69591,40.57956],[-3.69603,40.57954],[-3.69657,40.57939],[-3.69711,40.57923],[-3.69762,40.57909],[-3.69825,40.57891],[-3.69897,40.57871],[-3.69962,40.57853],[-3.70059,40.57853],[-3.70122,40.57853],[-3.70176,40.57853],[-3.70178,40.57853],[-3.70178,40.57847],[-3.70178,40.57843],[-3.70178,40.57821],[-3.70172,40.57821],[-3.70161,40.57821],[-3.70124,40.57821],[-3.70107,40.57821],[-3.7008,40.57821],[-3.70056,40.57821],[-3.70048,40.57821],[-3.70046,40.5782],[-3.70036,40.57816],[-3.70032,40.57814],[-3.70024,40.57811],[-3.70015,40.57805],[-3.70008,40.57801],[-3.69995,40.57793],[-3.69969,40.57775],[-3.69957,40.57766],[-3.69949,40.5776],[-3.69948,40.57759],[-3.69945,40.57757],[-3.69934,40.57748],[-3.69929,40.57743],[-3.69921,40.57735],[-3.69907,40.5772],[-3.69903,40.57716],[-3.69896,40.57711],[-3.69888,40.57706],[-3.69874,40.57698],[-3.69865,40.57693],[-3.69853,40.57686],[-3.69848,40.57683],[-3.69842,40.57679],[-3.69836,40.57672],[-3.69829,40.57663],[-3.69815,40.57645],[-3.69808,40.57636],[-3.69801,40.5763],[-3.69795,40.57626],[-3.69783,40.57616],[-3.69772,40.57607],[-3.69765,40.57602],[-3.69755,40.57594],[-3.69752,40.57591],[-3.69752,40.57582],[-3.69752,40.57568],[-3.69752,40.57564],[-3.69752,40.57558],[-3.69752,40.57556],[-3.69752,40.57553],[-3.6975,40.5754],[-3.69748,40.57529],[-3.69748,40.57527],[-3.69747,40.57524],[-3.69746,40.57521],[-3.69744,40.57515],[-3.69741,40.57509],[-3.69736,40.57497],[-3.69731,40.57485],[-3.69728,40.57478],[-3.69724,40.57473],[-3.69721,40.5747],[-3.69716,40.57466],[-3.69709,40.5746],[-3.69673,40.57433],[-3.69663,40.57425],[-3.69655,40.5742],[-3.69651,40.57417],[-3.69637,40.5741],[-3.69574,40.57382],[-3.69528,40.57363],[-3.69523,40.57361],[-3.6952,40.57359],[-3.69518,40.57358],[-3.69514,40.57354],[-3.69495,40.57333],[-3.69478,40.57313],[-3.69443,40.57272],[-3.69428,40.57255],[-3.69417,40.57242],[-3.69393,40.57215],[-3.69376,40.57197],[-3.69368,40.5719],[-3.69357,40.57181],[-3.69348,40.57174],[-3.6934,40.57169],[-3.69336,40.57166],[-3.69333,40.57165],[-3.6933,40.57164],[-3.6933,40.57164],[-3.6933,40.57164],[-3.69328,40.57163],[-3.69327,40.57162],[-3.69325,40.57161],[-3.69302,40.57148],[-3.69297,40.57144],[-3.69291,40.57148],[-3.69288,40.57148],[-3.69288,40.57147],[-3.69284,40.57131],[-3.69282,40.57112],[-3.69281,40.57104],[-3.69279,40.57097],[-3.69276,40.57087],[-3.69274,40.57079],[-3.69271,40.57072],[-3.69267,40.57065],[-3.69264,40.5706],[-3.69258,40.57053],[-3.69243,40.57036],[-3.69232,40.57023],[-3.69213,40.56997],[-3.69202,40.56981],[-3.69198,40.56977],[-3.69194,40.56974],[-3.6919,40.56972],[-3.69184,40.5697],[-3.69176,40.56968],[-3.69161,40.56963],[-3.69156,40.56961],[-3.6915,40.56959],[-3.69144,40.56956],[-3.69139,40.56952],[-3.69133,40.56946],[-3.69125,40.56936],[-3.69111,40.56919],[-3.691,40.56908],[-3.691,40.56908],[-3.69098,40.56909],[-3.69094,40.56909],[-3.69093,40.56914],[-3.69093,40.56915],[-3.69093,40.56918],[-3.69091,40.56931],[-3.69088,40.56943],[-3.69083,40.56954],[-3.69075,40.56967],[-3.69067,40.56975],[-3.69058,40.56983],[-3.6905,40.56988],[-3.69028,40.57003],[-3.69014,40.57011],[-3.69001,40.57017],[-3.68982,40.57024],[-3.68972,40.57027],[-3.68967,40.57028],[-3.68976,40.57011],[-3.6898,40.57003],[-3.68984,40.56991],[-3.68986,40.56979],[-3.68987,40.56969],[-3.68986,40.56958],[-3.68985,40.56941],[-3.68983,40.56902],[-3.68983,40.56892],[-3.68983,40.56875],[-3.68983,40.56862],[-3.6898,40.56855],[-3.68975,40.56849],[-3.68969,40.56843],[-3.68964,40.56834],[-3.68958,40.5682],[-3.68949,40.56796],[-3.68941,40.56779],[-3.68932,40.56756],[-3.68926,40.56741],[-3.68924,40.56735],[-3.68923,40.56729],[-3.68922,40.56722],[-3.68922,40.56718],[-3.68923,40.56714],[-3.68924,40.56711],[-3.68919,40.56709],[-3.68821,40.5649],[-3.68726,40.5631],[-3.68695,40.56235],[-3.68604,40.5596],[-3.68522,40.55805],[-3.6827,40.55379],[-3.68244,40.55287],[-3.68241,40.55287],[-3.68243,40.55278],[-3.68247,40.55262],[-3.6825,40.55251],[-3.68258,40.55215],[-3.68259,40.55205],[-3.68264,40.55193],[-3.6828,40.55152],[-3.68278,40.55128],[-3.68273,40.55116],[-3.68265,40.55098],[-3.68253,40.55077],[-3.6824,40.55064],[-3.68231,40.55043],[-3.68227,40.55032],[-3.68224,40.5502],[-3.6822,40.54995],[-3.68216,40.54988],[-3.68204,40.54974],[-3.68191,40.54961],[-3.68178,40.54947],[-3.68174,40.54942],[-3.68162,40.54931],[-3.68144,40.54917],[-3.68111,40.54896],[-3.68091,40.54887],[-3.68068,40.54877],[-3.68061,40.54874],[-3.68054,40.5487],[-3.68048,40.54863],[-3.68043,40.54855],[-3.68037,40.54845],[-3.68026,40.54828],[-3.68013,40.54809],[-3.67999,40.54788],[-3.67993,40.5478],[-3.67986,40.54772],[-3.67973,40.54756],[-3.67968,40.5475],[-3.6796,40.54743],[-3.67946,40.54732],[-3.67936,40.54723],[-3.67932,40.5472],[-3.67928,40.54714],[-3.67923,40.54707],[-3.67909,40.54685],[-3.67906,40.54679],[-3.67902,40.5467],[-3.67891,40.5465],[-3.6789,40.54647],[-3.67892,40.54647],[-3.67904,40.54535],[-3.67846,40.54342],[-3.67848,40.54342],[-3.67847,40.54337],[-3.67845,40.54334],[-3.67832,40.54309],[-3.67827,40.54297],[-3.67824,40.54293],[-3.67811,40.5428],[-3.67799,40.54266],[-3.67792,40.54258],[-3.67774,40.54232],[-3.67755,40.54211],[-3.6773,40.54184],[-3.67723,40.54176],[-3.67699,40.54156],[-3.67689,40.54148],[-3.67677,40.5414],[-3.67658,40.5413],[-3.67639,40.5412],[-3.67626,40.54111],[-3.67623,40.54109],[-3.67617,40.54103],[-3.67607,40.54093],[-3.676,40.54087],[-3.67591,40.54076],[-3.67584,40.54067],[-3.67559,40.54029],[-3.67547,40.54012],[-3.67536,40.53997],[-3.67528,40.53987],[-3.67516,40.53969],[-3.67509,40.53958],[-3.67503,40.53945],[-3.67499,40.53937],[-3.67489,40.53919],[-3.67482,40.53908],[-3.67477,40.53898],[-3.67474,40.53889],[-3.67468,40.53872],[-3.67464,40.5386],[-3.67463,40.53851],[-3.67456,40.53841],[-3.67451,40.53833],[-3.67442,40.53821],[-3.67438,40.53817],[-3.67421,40.53805],[-3.67409,40.53796],[-3.67397,40.53789],[-3.67373,40.53776],[-3.67359,40.53768],[-3.67348,40.53764],[-3.67339,40.53762],[-3.67324,40.53759],[-3.67293,40.53753],[-3.6727,40.53748],[-3.67255,40.53744],[-3.67247,40.53742],[-3.67235,40.53736],[-3.67226,40.53728],[-3.67214,40.53717],[-3.67203,40.53705],[-3.67195,40.53694],[-3.67184,40.53678],[-3.67171,40.53663],[-3.67156,40.53647],[-3.67141,40.53629],[-3.67131,40.53615],[-3.67124,40.53604],[-3.67114,40.53587],[-3.6711,40.5358],[-3.67106,40.53569],[-3.67101,40.53558],[-3.67095,40.53548],[-3.67078,40.53528],[-3.67064,40.53514],[-3.67053,40.53501],[-3.67044,40.53492],[-3.67036,40.53485],[-3.67023,40.53476],[-3.6701,40.53468],[-3.66983,40.5345],[-3.66963,40.53437],[-3.66966,40.53433],[-3.67133,40.53205],[-3.67265,40.53086],[-3.67604,40.52837],[-3.67684,40.52723],[-3.67752,40.52698],[-3.6759,40.52611],[-3.67538,40.52557],[-3.67234,40.52436],[-3.67036,40.52471],[-3.66796,40.525],[-3.66629,40.52447],[-3.66626,40.52447],[-3.66628,40.52425],[-3.66628,40.52406],[-3.66628,40.52398],[-3.66627,40.52392],[-3.66626,40.52388],[-3.66617,40.52368],[-3.6661,40.52356],[-3.66603,40.5234],[-3.666,40.52333],[-3.66597,40.52323],[-3.66595,40.52313],[-3.66594,40.52307],[-3.66593,40.52303],[-3.66592,40.52299],[-3.66592,40.52295],[-3.66592,40.52293],[-3.66593,40.5229],[-3.66596,40.52275],[-3.66601,40.52255],[-3.66614,40.52216],[-3.66619,40.52201],[-3.66623,40.52179],[-3.66626,40.52163],[-3.66629,40.52155],[-3.66636,40.52139],[-3.66647,40.52121],[-3.66653,40.52111],[-3.66649,40.5211],[-3.66316,40.52002],[-3.66176,40.51725],[-3.65945,40.51358],[-3.65942,40.51347],[-3.65889,40.51165],[-3.65818,40.51144],[-3.65791,40.5117],[-3.65791,40.5117],[-3.65761,40.51178],[-3.65761,40.51178],[-3.65775,40.51153],[-3.65786,40.51129],[-3.65795,40.51108],[-3.65801,40.51093],[-3.65807,40.51074],[-3.65814,40.51051],[-3.65817,40.51037],[-3.65821,40.51016],[-3.65824,40.50998],[-3.65826,40.50982],[-3.65828,40.50966],[-3.65829,40.50952],[-3.65829,40.50944],[-3.65829,40.50938],[-3.65829,40.50919],[-3.65829,40.50905],[-3.65828,40.50883],[-3.65828,40.50865],[-3.65827,40.50845],[-3.65826,40.50825],[-3.65825,40.50806],[-3.65823,40.50783],[-3.65822,40.50764],[-3.65821,40.50747],[-3.65819,40.50706],[-3.65816,40.50665],[-3.65815,40.50625],[-3.65814,40.50589],[-3.65815,40.50556],[-3.65818,40.50528],[-3.65822,40.50502],[-3.65831,40.50467],[-3.65837,40.50446],[-3.65844,40.50428],[-3.65854,40.50408],[-3.65862,40.50391],[-3.65871,40.50373],[-3.6588,40.50357],[-3.65891,40.5034],[-3.65909,40.50314],[-3.65918,40.50301],[-3.65955,40.50253],[-3.66002,40.50195],[-3.66038,40.50151],[-3.66104,40.50073],[-3.66149,40.50022],[-3.66174,40.49994],[-3.66223,40.49941],[-3.66285,40.49882],[-3.66343,40.49832],[-3.66408,40.49778],[-3.66483,40.49716],[-3.66598,40.49623],[-3.66647,40.49584],[-3.66696,40.49545],[-3.66709,40.49535],[-3.66756,40.49498],[-3.66787,40.49473],[-3.66852,40.49422],[-3.66923,40.49367],[-3.67,40.49305],[-3.67017,40.49292],[-3.67045,40.49268],[-3.67063,40.49253],[-3.67097,40.49222],[-3.67117,40.49202],[-3.67143,40.49174],[-3.67162,40.4915],[-3.67179,40.49127],[-3.67194,40.49104],[-3.67209,40.4908],[-3.6722,40.49059],[-3.67233,40.49033],[-3.67245,40.49008],[-3.67259,40.48974],[-3.6727,40.48943],[-3.67279,40.48915],[-3.67283,40.48901],[-3.67289,40.48878],[-3.67298,40.48839],[-3.67306,40.48796],[-3.67314,40.48744],[-3.67317,40.48722],[-3.67322,40.48675],[-3.67333,40.48562],[-3.67336,40.48526],[-3.67342,40.48456],[-3.67346,40.48406],[-3.67346,40.48407],[-3.67447,40.48404],[-3.67495,40.48403],[-3.67592,40.48401],[-3.67637,40.48399],[-3.67665,40.48398],[-3.6773,40.48395],[-3.67736,40.48395],[-3.67741,40.48395],[-3.67779,40.48393],[-3.67801,40.48391],[-3.67804,40.48391],[-3.67819,40.4839],[-3.67831,40.48389],[-3.67837,40.48388],[-3.67854,40.48386],[-3.6787,40.48384],[-3.67901,40.48379],[-3.67937,40.48372],[-3.68008,40.48356],[-3.68024,40.48352],[-3.68049,40.48346],[-3.68081,40.48337],[-3.68095,40.48333],[-3.68116,40.48327],[-3.68143,40.48319],[-3.68191,40.48305],[-3.68216,40.48298],[-3.68333,40.48258],[-3.68362,40.48249],[-3.68394,40.4824],[-3.68425,40.48233],[-3.68452,40.48229],[-3.68471,40.48228],[-3.68482,40.48227],[-3.68486,40.48227],[-3.68509,40.48228],[-3.68522,40.48229],[-3.68514,40.48215],[-3.6851,40.48199],[-3.68509,40.48195],[-3.68507,40.4817],[-3.6851,40.48143],[-3.68513,40.48124],[-3.68525,40.48076],[-3.68531,40.48052],[-3.68561,40.47959],[-3.68639,40.47669],[-3.68709,40.47425],[-3.68712,40.47415],[-3.68713,40.47412],[-3.68887,40.4744],[-3.68896,40.47447],[-3.68909,40.47458],[-3.68924,40.47466],[-3.68945,40.47466],[-3.6898,40.47461],[-3.69024,40.47453],[-3.69072,40.47445],[-3.69099,40.47442],[-3.69127,40.47445],[-3.69152,40.47451],[-3.69176,40.47457],[-3.69202,40.47464],[-3.69233,40.4747],[-3.69258,40.47471],[-3.69283,40.4747],[-3.69314,40.47465],[-3.69346,40.47459],[-3.69373,40.47455],[-3.69402,40.47453],[-3.69434,40.47454],[-3.69467,40.47456],[-3.69502,40.47462],[-3.69536,40.4747],[-3.69569,40.47476],[-3.69599,40.47477],[-3.69619,40.47476],[-3.69637,40.47473],[-3.69653,40.47469],[-3.69669,40.47464],[-3.69684,40.4746],[-3.69703,40.47456],[-3.69725,40.47453],[-3.69749,40.47452],[-3.69763,40.47452],[-3.69781,40.47452],[-3.69787,40.47453],[-3.69799,40.47454],[-3.69816,40.47457],[-3.69836,40.47463],[-3.6985,40.47467],[-3.69871,40.47476],[-3.69887,40.47483],[-3.69898,40.47487],[-3.69903,40.47489],[-3.69922,40.47492],[-3.69943,40.47495],[-3.69953,40.47495],[-3.69953,40.47495],[-3.6997,40.47496],[-3.69998,40.47496],[-3.70027,40.47493],[-3.7005,40.47487],[-3.70066,40.47481],[-3.70071,40.47479],[-3.7009,40.47471],[-3.70106,40.47461],[-3.70115,40.47455],[-3.70125,40.47448],[-3.70134,40.47442],[-3.70139,40.47437],[-3.70148,40.4743],[-3.70163,40.47416],[-3.70182,40.47399],[-3.70182,40.47399],[-3.70209,40.47375],[-3.70318,40.47273],[-3.70319,40.47272],[-3.70343,40.47249],[-3.70346,40.47246],[-3.70374,40.47223],[-3.70398,40.47208],[-3.70437,40.47192],[-3.70459,40.47186],[-3.70464,40.47185],[-3.70486,40.47182],[-3.7052,40.47179],[-3.70731,40.47159],[-3.70741,40.47158],[-3.70853,40.47148],[-3.7107,40.47129],[-3.71112,40.4712],[-3.71138,40.47112],[-3.71161,40.47102],[-3.71165,40.471],[-3.71193,40.47082],[-3.71207,40.47071],[-3.71215,40.47064],[-3.71235,40.47041],[-3.7124,40.47033],[-3.71249,40.4702],[-3.71259,40.46999],[-3.71263,40.46987],[-3.71267,40.46972],[-3.7127,40.46962],[-3.71272,40.46955],[-3.71272,40.46955],[-3.71274,40.46946],[-3.71279,40.46936],[-3.71281,40.46932],[-3.71288,40.46916],[-3.71296,40.46898],[-3.71304,40.46886],[-3.71306,40.46883],[-3.71317,40.46866],[-3.71321,40.4686],[-3.71328,40.46851],[-3.71329,40.46847],[-3.71338,40.46856],[-3.71353,40.46872],[-3.71366,40.46885],[-3.71381,40.469],[-3.71405,40.46928],[-3.71422,40.46944],[-3.71455,40.46959],[-3.71571,40.46988],[-3.71765,40.47037],[-3.71971,40.47089],[-3.72008,40.47098],[-3.72044,40.47107],[-3.72801,40.47292],[-3.72854,40.47284],[-3.72926,40.47274],[-3.7296,40.47269],[-3.7304,40.47262],[-3.7314,40.47259],[-3.73194,40.4726],[-3.73224,40.47261],[-3.73243,40.47262],[-3.73322,40.47267],[-3.73343,40.47269],[-3.73358,40.47271],[-3.73396,40.47276],[-3.73438,40.47283],[-3.73465,40.47287],[-3.73491,40.47292],[-3.73568,40.47308],[-3.73597,40.47315],[-3.73758,40.47353],[-3.73939,40.47395],[-3.7403,40.47416],[-3.74085,40.47427],[-3.74132,40.47433],[-3.74143,40.47434],[-3.74148,40.47434],[-3.74227,40.47438],[-3.74324,40.4744],[-3.74366,40.47441],[-3.7447,40.47443],[-3.74572,40.47444],[-3.74628,40.47445],[-3.74664,40.47446],[-3.74732,40.47446],[-3.74749,40.47445],[-3.74791,40.47439],[-3.74816,40.47435],[-3.74838,40.47431],[-3.74863,40.47425],[-3.74888,40.47416],[-3.74903,40.4741],[-3.74922,40.47401],[-3.74935,40.47394],[-3.74947,40.47387],[-3.7496,40.47379],[-3.74975,40.47368],[-3.74988,40.47358],[-3.74999,40.47348],[-3.75008,40.47339],[-3.75021,40.47324],[-3.75029,40.47313],[-3.7504,40.47298],[-3.75049,40.47282],[-3.75059,40.4726],[-3.75069,40.4723],[-3.75072,40.47206],[-3.75072,40.47183],[-3.75069,40.47154],[-3.75046,40.47057],[-3.7504,40.4703],[-3.75035,40.47011],[-3.75062,40.47064],[-3.75075,40.47107],[-3.75138,40.47313],[-3.7515,40.47365],[-3.75153,40.4738],[-3.75155,40.47392],[-3.75159,40.47413],[-3.75166,40.47453],[-3.75178,40.4756],[-3.75182,40.47616],[-3.75179,40.47659],[-3.75176,40.47685],[-3.75155,40.47841],[-3.75155,40.47845],[-3.7536,40.47823],[-3.75359,40.4782],[-3.75358,40.47814],[-3.75412,40.47809],[-3.7544,40.47806],[-3.75448,40.47805],[-3.75453,40.47818],[-3.75452,40.4783],[-3.75452,40.47831],[-3.75452,40.47851],[-3.75445,40.47865],[-3.75438,40.47885],[-3.75437,40.4789],[-3.75433,40.47908],[-3.75429,40.47925],[-3.75429,40.47937],[-3.7543,40.47938],[-3.75435,40.4794],[-3.75439,40.47941],[-3.75441,40.47941],[-3.75444,40.47941],[-3.75447,40.47941],[-3.7545,40.47942],[-3.75452,40.47943],[-3.75452,40.47944],[-3.75454,40.47946],[-3.75456,40.47947],[-3.75458,40.47948],[-3.75464,40.4795],[-3.75468,40.47951],[-3.75485,40.47955],[-3.75494,40.47959],[-3.755,40.47962],[-3.7551,40.47966],[-3.75513,40.47967],[-3.75517,40.47968],[-3.75522,40.47969],[-3.75537,40.47968],[-3.75541,40.47968],[-3.75547,40.4797],[-3.75553,40.47972],[-3.75555,40.47972],[-3.75558,40.47972],[-3.75559,40.47972],[-3.75561,40.47972],[-3.75565,40.47972],[-3.75566,40.47972],[-3.75567,40.47972],[-3.75572,40.47971],[-3.75582,40.4797],[-3.75583,40.4797],[-3.75589,40.47969],[-3.75591,40.47968],[-3.75593,40.47967],[-3.75596,40.47964],[-3.75596,40.47961],[-3.75596,40.47953],[-3.75596,40.47952],[-3.75602,40.47948],[-3.7561,40.47946],[-3.75611,40.47946],[-3.75616,40.47946],[-3.75619,40.47946],[-3.75625,40.47948],[-3.75628,40.47949],[-3.75629,40.4795],[-3.75642,40.47961],[-3.75656,40.47973],[-3.75661,40.47974],[-3.7567,40.47974],[-3.75679,40.47973],[-3.75681,40.47973],[-3.75688,40.47973],[-3.75691,40.47973],[-3.75698,40.47973],[-3.75707,40.47975],[-3.75709,40.47977],[-3.75709,40.47977],[-3.75711,40.47978],[-3.75715,40.47979],[-3.75717,40.47979],[-3.75722,40.4798],[-3.75738,40.47978],[-3.75739,40.47978],[-3.75746,40.47976],[-3.75761,40.47972],[-3.75749,40.47931],[-3.75751,40.47914],[-3.75754,40.47905],[-3.75755,40.47901],[-3.75764,40.47887],[-3.75774,40.47871],[-3.75778,40.47863],[-3.75781,40.47856],[-3.75781,40.47854],[-3.75785,40.47837],[-3.7582,40.47465],[-3.75823,40.47456],[-3.75825,40.4745],[-3.7583,40.4744],[-3.75832,40.47437],[-3.75835,40.47434],[-3.75841,40.47427],[-3.75844,40.47425],[-3.7585,40.47421],[-3.75861,40.47416],[-3.75862,40.47415],[-3.75874,40.47411],[-3.7589,40.47409],[-3.75904,40.47409],[-3.75923,40.47411],[-3.75925,40.47411],[-3.75917,40.47407],[-3.75866,40.47384],[-3.75852,40.47376],[-3.75844,40.47368],[-3.75836,40.47354],[-3.75833,40.47336],[-3.75836,40.47258],[-3.75846,40.47257],[-3.75849,40.47257],[-3.75868,40.47258],[-3.75878,40.47262],[-3.75884,40.47264],[-3.75887,40.47265],[-3.75893,40.47265],[-3.75896,40.47265],[-3.75908,40.47263],[-3.75912,40.47262],[-3.75917,40.4726],[-3.75925,40.47257],[-3.75931,40.47255],[-3.75941,40.4725],[-3.75951,40.47249],[-3.75955,40.47247],[-3.75957,40.47246],[-3.75958,40.47245],[-3.75968,40.47237],[-3.75974,40.47234],[-3.7598,40.47231],[-3.75991,40.47229],[-3.75994,40.47228],[-3.75997,40.47228],[-3.76003,40.47228],[-3.76016,40.4723],[-3.76028,40.47231],[-3.76031,40.47231],[-3.76032,40.47231],[-3.76046,40.47233],[-3.76055,40.47233],[-3.76088,40.47231],[-3.76114,40.47231],[-3.76164,40.4723],[-3.76205,40.47229],[-3.76235,40.47228],[-3.76249,40.47228],[-3.76259,40.4723],[-3.76267,40.47231],[-3.76285,40.47235],[-3.76311,40.47241],[-3.76321,40.47242],[-3.76329,40.47242],[-3.76344,40.47242],[-3.76349,40.47242],[-3.76355,40.47244],[-3.76367,40.47252],[-3.76362,40.47339],[-3.7637,40.4734],[-3.76594,40.47393],[-3.76599,40.47394],[-3.76651,40.47406],[-3.76653,40.47408],[-3.76654,40.47408],[-3.76655,40.47408],[-3.76694,40.47411],[-3.7677,40.47418],[-3.76817,40.47422],[-3.76818,40.47422],[-3.7684,40.47424],[-3.76863,40.47426],[-3.76881,40.47427],[-3.76899,40.47429],[-3.76912,40.4743],[-3.76941,40.47431],[-3.76951,40.47432],[-3.76965,40.47434],[-3.7704,40.4744],[-3.77093,40.47445],[-3.77114,40.47447],[-3.77155,40.47448],[-3.77163,40.47448],[-3.77179,40.47448],[-3.7721,40.47448],[-3.77232,40.47448],[-3.77242,40.47448],[-3.77254,40.47448],[-3.77281,40.47448],[-3.77575,40.47452],[-3.7768,40.47454],[-3.77685,40.47454],[-3.77693,40.47454],[-3.77706,40.47454],[-3.7774,40.47454],[-3.77781,40.47455],[-3.77794,40.47455],[-3.77819,40.47455],[-3.77828,40.47455],[-3.77846,40.47455],[-3.7788,40.47455],[-3.7789,40.47455],[-3.77901,40.47455],[-3.77917,40.47455],[-3.77996,40.47456],[-3.78032,40.47457],[-3.78102,40.47458],[-3.782,40.47426],[-3.78273,40.47397],[-3.78292,40.4739],[-3.78328,40.47376],[-3.78406,40.47357],[-3.78553,40.4732],[-3.78592,40.4731],[-3.78609,40.47306],[-3.7868,40.47286],[-3.78729,40.47273],[-3.7875,40.47267],[-3.78751,40.47267],[-3.78759,40.47265],[-3.78771,40.47262],[-3.78816,40.47249],[-3.7883,40.47245],[-3.78855,40.47237],[-3.78887,40.47227],[-3.78935,40.47211],[-3.78996,40.47191],[-3.791,40.47151],[-3.79105,40.47148],[-3.79106,40.47148],[-3.79113,40.47144],[-3.79155,40.47119],[-3.79177,40.47107],[-3.79195,40.47097],[-3.79218,40.47087],[-3.79222,40.47085],[-3.79224,40.47084],[-3.79232,40.4708],[-3.79236,40.47079],[-3.7924,40.47077],[-3.79246,40.47075],[-3.7925,40.47074],[-3.79256,40.47072],[-3.79338,40.47045],[-3.79344,40.47043],[-3.79346,40.47043],[-3.79442,40.47012],[-3.79452,40.47009],[-3.79465,40.47005],[-3.79506,40.46995],[-3.79521,40.46992],[-3.79534,40.46989],[-3.7955,40.46985],[-3.79558,40.46983],[-3.7956,40.46983],[-3.7957,40.46981],[-3.79571,40.46981],[-3.79618,40.46972],[-3.79634,40.46969],[-3.79689,40.46959],[-3.79772,40.46944],[-3.79841,40.4694],[-3.79896,40.46937],[-3.79923,40.46935],[-3.7993,40.46935],[-3.79943,40.46934],[-3.79945,40.46934],[-3.79947,40.46934],[-3.80007,40.46923],[-3.8002,40.46919],[-3.80024,40.46918],[-3.8011,40.46943],[-3.80188,40.46965],[-3.80215,40.46973],[-3.80242,40.4698],[-3.80269,40.46988],[-3.80293,40.46995],[-3.80313,40.47001],[-3.80386,40.47022],[-3.80512,40.47058],[-3.80561,40.47072],[-3.80612,40.47087],[-3.81032,40.47207],[-3.81079,40.4722],[-3.81201,40.47255],[-3.8124,40.47266],[-3.81245,40.47268],[-3.81255,40.47271],[-3.81261,40.47273],[-3.81265,40.47274],[-3.81272,40.47276],[-3.81283,40.47279],[-3.81299,40.47283],[-3.81316,40.47288],[-3.81332,40.47293],[-3.81359,40.47301],[-3.81371,40.47304],[-3.81381,40.47307],[-3.81421,40.47319],[-3.81452,40.47328],[-3.81463,40.47331],[-3.8148,40.47336],[-3.8157,40.47362],[-3.81594,40.47369],[-3.81604,40.47372],[-3.81621,40.47377],[-3.81652,40.47386],[-3.81687,40.47396],[-3.81737,40.4741],[-3.81754,40.47415],[-3.81765,40.47418],[-3.8177,40.47419],[-3.81789,40.47424],[-3.81835,40.47437],[-3.81876,40.47449],[-3.81893,40.47454],[-3.81895,40.47455],[-3.81921,40.47463],[-3.81929,40.47465],[-3.81937,40.47467],[-3.81975,40.47478],[-3.82014,40.47489],[-3.82025,40.47492],[-3.82025,40.47492],[-3.8206,40.47502],[-3.8209,40.47511],[-3.82128,40.47522],[-3.82177,40.47536],[-3.82196,40.47542],[-3.82253,40.47558],[-3.82272,40.47564],[-3.82298,40.47571],[-3.82335,40.47582],[-3.82341,40.47584],[-3.82353,40.47587],[-3.82385,40.47596],[-3.82459,40.47617],[-3.82471,40.4762],[-3.82521,40.47634],[-3.8257,40.47648],[-3.82615,40.47661],[-3.82653,40.47672],[-3.82662,40.47675],[-3.82673,40.47678],[-3.82714,40.4769],[-3.82754,40.47701],[-3.82777,40.47707],[-3.82785,40.47709],[-3.82823,40.47719],[-3.8285,40.47727],[-3.82851,40.47727],[-3.82855,40.47728],[-3.82873,40.47733],[-3.82876,40.47734],[-3.82889,40.47738],[-3.82927,40.47749],[-3.8293,40.4775],[-3.8296,40.47758],[-3.82981,40.47764],[-3.82999,40.47769],[-3.83028,40.47777],[-3.8306,40.47786],[-3.83071,40.47789],[-3.8309,40.47794],[-3.83127,40.47805],[-3.83174,40.47818],[-3.83185,40.47821],[-3.83224,40.47833],[-3.83268,40.47845],[-3.83273,40.47846],[-3.83274,40.47846],[-3.83277,40.47847],[-3.83309,40.47855],[-3.83338,40.47863],[-3.83361,40.4787],[-3.83413,40.47885],[-3.83422,40.47888],[-3.83467,40.47901],[-3.83489,40.47907],[-3.83519,40.47916],[-3.83574,40.47932],[-3.83665,40.47958],[-3.83665,40.47958]]]}}]}